store,category,product_id,product_name,canonical_product_name,price,old_price,currency,unit_price,price_per_kg,price_per_piece,loyalty_required,loyalty_program,loyalty_price,discount_label,date_range,url,image_url,scraped_at
Albert,Ovoce a zelenina,2,Banány 1 kg,banany,26.9,44.83,Kč,"26,90 Kč / 1 kg",26.9,,False,,,-40% st 7. 10. – út 13. 10.,2026-10-07 - 2026-10-13,https://www.kupi.cz/letak/albert-hypermarket-letak-652?page=14&map=216230478,https://img.kupi.cz/kupi/thumbs/banany_170_340.jpg,2026-10-06T17:42:44+02:00
Albert,Ovoce a zelenina,646,Okurka salátová - hadovka 1 ks,okurka,12.9,24.81,Kč,"12,90 Kč / 1 ks",,12.9,False,,,-48% st 7. 10. – út 13. 10.,2026-10-07 - 2026-10-13,https://www.kupi.cz/letak/albert-supermarket-letak-702?page=13&map=216234573,https://img.kupi.cz/kupi/thumbs/okurka-hadovka_170_340.jpg,2026-10-06T17:42:44+02:00
Albert,Ovoce a zelenina,646,Okurka salátová - hadovka 1 ks,okurka,12.9,24.81,Kč,"12,90 Kč / 1 ks",,12.9,False,,,-48% dnes končí,2026-10-06,https://www.kupi.cz/letak/albert-supermarket-letak-701?page=15&map=215340066,https://img.kupi.cz/kupi/thumbs/okurka-hadovka_170_340.jpg,2026-10-06T17:42:44+02:00
Albert,Ovoce a zelenina,4414,Avokádo 1 ks,avokado,29.9,39.87,Kč,"29,90 Kč / 1 ks",,29.9,False,,,-25% st 7. 10. – út 13. 10.,2026-10-07 - 2026-10-13,https://www.kupi.cz/letak/albert-hypermarket-letak-652?page=15&map=216230538,https://img.kupi.cz/kupi/thumbs/avokado_170_340.jpg,2026-10-06T17:42:44+02:00
Albert,Ovoce a zelenina,4414,Avokádo 1 ks,avokado,29.9,39.87,Kč,"29,90 Kč / 1 ks",,29.9,False,,,-25% dnes končí,2026-10-06,https://www.kupi.cz/letak/albert-hypermarket-letak-651?page=10&map=215325330,https://img.kupi.cz/kupi/thumbs/avokado_170_340.jpg,2026-10-06T17:42:44+02:00
Albert,Ovoce a zelenina,705,Mandarinky 1 kg,mandarinky,26.9,68.97,Kč,"26,90 Kč / 1 kg",26.9,,True,Můj Albert,26.9,-61% Můj Albert st 7. 10. – út 13. 10.,2026-10-07 - 2026-10-13,https://www.kupi.cz/letak/albert-hypermarket-letak-652?map=216226536,https://img.kupi.cz/kupi/thumbs/mandarinky_170_340.jpg,2026-10-06T17:42:44+02:00
Albert,Ovoce a zelenina,705,Mandarinky 1 kg,mandarinky,29.9,69.53,Kč,"29,90 Kč / 1 kg",29.9,,False,,,-57% st 7. 10. – út 13. 10.,2026-10-07 - 2026-10-13,https://www.kupi.cz/letak/albert-hypermarket-letak-652?map=216226539,https://img.kupi.cz/kupi/thumbs/mandarinky_170_340.jpg,2026-10-06T17:42:44+02:00
Albert,Ovoce a zelenina,705,Mandarinky 1 kg,mandarinky,39.9,68.79,Kč,"39,90 Kč / 1 kg",39.9,,False,,,-42% dnes končí,2026-10-06,https://www.kupi.cz/letak/albert-hypermarket-letak-651?page=10&map=215325315,https://img.kupi.cz/kupi/thumbs/mandarinky_170_340.jpg,2026-10-06T17:42:44+02:00
Albert,Ovoce a zelenina,1048,Paprika červená 1 kg,paprika_cervena,49.9,79.21,Kč,"49,90 Kč / 1 kg",49.9,,False,,,-37% dnes končí,2026-10-06,https://www.kupi.cz/letak/albert-supermarket-letak-701?page=15&map=215340063,https://img.kupi.cz/kupi/thumbs/paprika-cervena-1_170_340.png,2026-10-06T17:42:44+02:00
Albert,Ovoce a zelenina,312,Rajčata keříková 1 kg,rajcata_cherry,49.9,79.21,Kč,"49,90 Kč / 1 kg",49.9,,False,,,-37% st 7. 10. – út 13. 10.,2026-10-07 - 2026-10-13,https://www.kupi.cz/letak/albert-supermarket-letak-702?page=13&map=216234579,https://img.kupi.cz/kupi/thumbs/rajcata-kerikova_170_340.jpg,2026-10-06T17:42:44+02:00
Albert,Ovoce a zelenina,2388,Citrony 1 kg,citrony,26.9,68.97,Kč,"26,90 Kč / 1 kg",26.9,,False,,,-61% pá 9. 10. – ne 11. 10.,2026-10-09 - 2026-10-11,https://www.kupi.cz/letak/albert-hypermarket-letak-652?page=8&map=216263913,https://img.kupi.cz/kupi/thumbs/citrony_170_340.jpg,2026-10-06T17:42:44+02:00
Albert,Ovoce a zelenina,1052,Hrozny bílé bezsemenné 0.4 kg,hrozny,39.9,59.55,Kč,"99,75 Kč / 1 kg",99.75,,False,,,-33% st 7. 10. – út 13. 10.,2026-10-07 - 2026-10-13,https://www.kupi.cz/letak/albert-hypermarket-letak-652?page=14&map=216230466,https://img.kupi.cz/kupi/thumbs/hrozny-bile-bezsemenne-1_170_340.jpg,2026-10-06T17:42:44+02:00
Albert,Ovoce a zelenina,1169,Jablka Golden Delicious 1 kg,jablka,29.9,39.87,Kč,"29,90 Kč / 1 kg",29.9,,False,,,-25% dnes končí,2026-10-06,https://www.kupi.cz/letak/albert-supermarket-letak-701?page=14&map=215339979,https://img.kupi.cz/kupi/thumbs/jablka-golden-delicious_170_340.png,2026-10-06T17:42:44+02:00
Albert,Ovoce a zelenina,99,Ananas 1 ks,ananas,39.9,68.79,Kč,"39,90 Kč / 1 ks",,39.9,False,,,-42% st 7. 10. – út 13. 10.,2026-10-07 - 2026-10-13,https://www.kupi.cz/letak/albert-supermarket-letak-702?page=12&map=216234531,https://img.kupi.cz/kupi/thumbs/ananas-2_170_340.jpg,2026-10-06T17:42:44+02:00
Albert,Ovoce a zelenina,99,Ananas 1 ks,ananas,39.9,68.79,Kč,"39,90 Kč / 1 ks",,39.9,False,,,-42% dnes končí,2026-10-06,https://www.kupi.cz/letak/albert-supermarket-letak-701?page=14&map=215339991,https://img.kupi.cz/kupi/thumbs/ananas-2_170_340.jpg,2026-10-06T17:42:44+02:00
Albert,Ovoce a zelenina,311,Ředkvičky svazek 1 ks,redkvicky,7.9,12.74,Kč,"7,90 Kč / 1 ks",,7.9,False,,,-38% pá 9. 10. – ne 11. 10.,2026-10-09 - 2026-10-11,https://www.kupi.cz/letak/albert-hypermarket-letak-652?page=8&map=216263904,https://img.kupi.cz/kupi/thumbs/redkvicky-svazek_170_340.png,2026-10-06T17:42:44+02:00
Albert,Ovoce a zelenina,311,Ředkvičky svazek 1 ks,redkvicky,8.9,12.9,Kč,"8,90 Kč / 1 ks",,8.9,False,,,-31% dnes končí,2026-10-06,https://www.kupi.cz/letak/albert-hypermarket-letak-651?page=11&map=215325366,https://img.kupi.cz/kupi/thumbs/redkvicky-svazek_170_340.png,2026-10-06T17:42:44+02:00
Albert,Ovoce a zelenina,5977,Cuketa 1 kg,cuketa,39.9,68.79,Kč,"39,90 Kč / 1 kg",39.9,,False,,,-42% st 7. 10. – út 13. 10.,2026-10-07 - 2026-10-13,https://www.kupi.cz/letak/albert-supermarket-letak-702?page=13&map=216234576,https://img.kupi.cz/kupi/thumbs/cuketa_170_340.jpg,2026-10-06T17:42:44+02:00
Albert,Ovoce a zelenina,3464,Zázvor čerstvý 1 kg,zazvor_cerstvy,99.0,128.57,Kč,"99,00 Kč / 1 kg",99.0,,False,,,-23% dnes končí,2026-10-06,https://www.kupi.cz/letak/albert-hypermarket-letak-651?page=11&map=215325372,https://img.kupi.cz/kupi/thumbs/zazvor-cerstvy_170_340.png,2026-10-06T17:42:44+02:00
Albert,Ovoce a zelenina,310,Pórek 1 ks,porek,19.9,24.87,Kč,"19,90 Kč / 1 ks",,19.9,False,,,-20% dnes končí,2026-10-06,https://www.kupi.cz/letak/albert-supermarket-letak-701?page=15&map=215340072,https://img.kupi.cz/kupi/thumbs/porek_170_340.png,2026-10-06T17:42:44+02:00
Albert,Ovoce a zelenina,998,Jarní cibule svazek 1 ks,jarni_cibule_svazek,12.9,17.67,Kč,"12,90 Kč / 1 ks",,12.9,False,,,-27% st 7. 10. – út 13. 10.,2026-10-07 - 2026-10-13,https://www.kupi.cz/letak/albert-hypermarket-letak-652?page=15&map=216230529,https://img.kupi.cz/kupi/thumbs/jarni-cibule-svazek-1_170_340.jpg,2026-10-06T17:42:44+02:00
Albert,Ovoce a zelenina,917,Jablka červená Gala 1 kg,jablka,19.9,32.62,Kč,"19,90 Kč / 1 kg",19.9,,False,,,-39% st 7. 10. – út 13. 10.,2026-10-07 - 2026-10-13,https://www.kupi.cz/letak/albert-supermarket-letak-702?page=12&map=216234528,https://img.kupi.cz/kupi/thumbs/jablka-gala-1_170_340.jpg,2026-10-06T17:42:44+02:00
Albert,Ovoce a zelenina,2862,Granátové jablko 1 ks,jablka,19.9,39.8,Kč,"19,90 Kč / 1 ks",,19.9,False,,,-50% st 7. 10. – út 13. 10.,2026-10-07 - 2026-10-13,https://www.kupi.cz/letak/albert-hypermarket-letak-652?page=14&map=216230472,https://img.kupi.cz/kupi/thumbs/granatove-jablko_170_340.jpg,2026-10-06T17:42:44+02:00
Albert,Ovoce a zelenina,32436,Dýně Hokkaidó 1 kg,dyne_hokkaido,19.9,49.75,Kč,"19,90 Kč / 1 kg",19.9,,False,,,-60% st 7. 10. – út 13. 10.,2026-10-07 - 2026-10-13,https://www.kupi.cz/letak/albert-hypermarket-letak-652?page=15&map=216230523,https://img.kupi.cz/kupi/thumbs/dyne-hokkaido-1_170_340.jpg,2026-10-06T17:42:44+02:00
Albert,Ovoce a zelenina,387,Švestky 1 kg,svestky,19.9,39.8,Kč,"19,90 Kč / 1 kg",19.9,,False,,,-50% dnes končí,2026-10-06,https://www.kupi.cz/letak/albert-hypermarket-letak-651?page=10&map=215325321,https://img.kupi.cz/kupi/thumbs/svestky_170_340.jpg,2026-10-06T17:42:46+02:00
Albert,Ovoce a zelenina,43384,Žampiony zahradní 1000 g,zampiony,79.9,89.78,Kč,"7,99 Kč / 100 g",79.9,,False,,,-11% dnes končí,2026-10-06,https://www.kupi.cz/letak/albert-hypermarket-letak-651?page=11&map=215325378,https://img.kupi.cz/kupi/thumbs/zampiony-zahradni_170_340.jpg,2026-10-06T17:42:46+02:00
Albert,Ovoce a zelenina,100890,Borůvky Albert 250 g,boruvky,69.9,99.86,Kč,"27,96 Kč / 100 g",279.6,,False,,,-30% st 7. 10. – út 13. 10.,2026-10-07 - 2026-10-13,https://www.kupi.cz/letak/albert-supermarket-letak-702?page=12&map=216234537,https://img.kupi.cz/kupi/thumbs/boruvky-albert-1_170_340.jpg,2026-10-06T17:42:46+02:00
Albert,Ovoce a zelenina,100890,Borůvky Albert 250 g,boruvky,79.9,89.78,Kč,"31,96 Kč / 100 g",319.6,,False,,,-11% dnes končí,2026-10-06,https://www.kupi.cz/letak/albert-hypermarket-letak-651?page=10&map=215325318,https://img.kupi.cz/kupi/thumbs/boruvky-albert-1_170_340.jpg,2026-10-06T17:42:46+02:00
Albert,Ovoce a zelenina,997,Fíky čerstvé 1 ks,fiky_cerstve,7.9,14.63,Kč,"7,90 Kč / 1 ks",,7.9,False,,,-46% st 7. 10. – út 13. 10.,2026-10-07 - 2026-10-13,https://www.kupi.cz/letak/albert-supermarket-letak-702?page=12&map=216234522,https://img.kupi.cz/kupi/thumbs/fiky-cerstve_170_340.png,2026-10-06T17:42:46+02:00
Albert,Ovoce a zelenina,997,Fíky čerstvé 1 ks,fiky_cerstve,7.9,14.63,Kč,"7,90 Kč / 1 ks",,7.9,False,,,-46% dnes končí,2026-10-06,https://www.kupi.cz/letak/albert-hypermarket-letak-651?page=10&map=215325333,https://img.kupi.cz/kupi/thumbs/fiky-cerstve_170_340.png,2026-10-06T17:42:46+02:00
Albert,Ovoce a zelenina,93325,Rajčata cherry Albert,rajcata_cherry,49.9,79.21,Kč,"99,80 Kč / 1 kg",99.8,,False,,,-37% st 7. 10. – út 13. 10.,2026-10-07 - 2026-10-13,https://www.kupi.cz/letak/albert-hypermarket-letak-652?page=15&map=216230532,https://img.kupi.cz/kupi/thumbs/rajcata-cherry-albert-2_170_340.jpg,2026-10-06T17:42:46+02:00
Albert,Ovoce a zelenina,93325,Rajčata cherry Albert,rajcata_cherry,39.9,68.79,Kč,"159,60 Kč / 1 kg",159.6,,False,,,-42% dnes končí,2026-10-06,https://www.kupi.cz/letak/albert-hypermarket-letak-651?page=11&map=215325360,https://img.kupi.cz/kupi/thumbs/rajcata-cherry-albert-2_170_340.jpg,2026-10-06T17:42:46+02:00
Albert,Ovoce a zelenina,7634,Jablka Red Delicious 1 kg,jablka,34.9,49.86,Kč,"34,90 Kč / 1 kg",34.9,,False,,,-30% dnes končí,2026-10-06,https://www.kupi.cz/letak/albert-hypermarket-letak-651?page=10&map=215325327,https://img.kupi.cz/kupi/thumbs/jablka-red-delicious_170_340.jpg,2026-10-06T17:42:46+02:00
Albert,Ovoce a zelenina,313226,Brokolice Albert 1 ks,brokolice,19.9,44.22,Kč,"19,90 Kč / 1 ks",,19.9,True,Můj Albert,19.9,-55% Můj Albert dnes končí,2026-10-06,https://www.kupi.cz/letak/albert-hypermarket-letak-651?map=215325042,https://img.kupi.cz/kupi/thumbs/brokolice-albert-1_170_340.jpg,2026-10-06T17:42:46+02:00
Albert,Ovoce a zelenina,313226,Brokolice Albert 1 ks,brokolice,24.9,44.46,Kč,"24,90 Kč / 1 ks",,24.9,False,,,-44% dnes končí,2026-10-06,https://www.kupi.cz/letak/albert-hypermarket-letak-651?map=215325039,https://img.kupi.cz/kupi/thumbs/brokolice-albert-1_170_340.jpg,2026-10-06T17:42:46+02:00
Albert,Ovoce a zelenina,52650,Brambory konzumní pozdní Albert 5 kg,brambory,59.9,89.4,Kč,"11,98 Kč / 1 kg",11.98,,False,,,-33% st 7. 10. – út 13. 10.,2026-10-07 - 2026-10-13,https://www.kupi.cz/letak/albert-hypermarket-letak-652?page=15&map=216230517,https://img.kupi.cz/kupi/thumbs/brambory-konzumni-pozdni-albert_170_340.png,2026-10-06T17:42:46+02:00
Albert,Ovoce a zelenina,319775,Hrozny bílé bezsemenné Albert 0.5 kg,hrozny,24.9,49.8,Kč,"49,80 Kč / 1 kg",49.8,,False,,,-50% dnes končí,2026-10-06,https://www.kupi.cz/letak/albert-supermarket-letak-701?page=14&map=215339955,https://img.kupi.cz/kupi/thumbs/hrozny-bile-bezsemenne-albert-1_170_340.jpg,2026-10-06T17:42:46+02:00
Albert,Ovoce a zelenina,22855,Hrušky Konference 1 ks,hrusky_konference,34.9,59.15,Kč,"34,90 Kč / 1 ks",,34.9,False,,,-41% st 7. 10. – út 13. 10.,2026-10-07 - 2026-10-13,https://www.kupi.cz/letak/albert-supermarket-letak-702?page=12&map=216234525,https://img.kupi.cz/kupi/thumbs/hrusky-konference-1_170_340.jpg,2026-10-06T17:42:46+02:00
Albert,Ovoce a zelenina,108132,Banány bio Nature's Promise 1 kg,banany,39.9,49.87,Kč,"39,90 Kč / 1 kg",39.9,,False,,,-20% dnes končí,2026-10-06,https://www.kupi.cz/letak/albert-hypermarket-letak-651?page=10&map=215325345,https://img.kupi.cz/kupi/thumbs/banany-bio-natures-promise_170_340.jpg,2026-10-06T17:42:46+02:00
Albert,Ovoce a zelenina,62678,Žampiony Albert 500 g,zampiony,49.9,59.4,Kč,"9,98 Kč / 100 g",99.8,,False,,,-16% st 7. 10. – út 13. 10.,2026-10-07 - 2026-10-13,https://www.kupi.cz/letak/albert-supermarket-letak-702?page=13&map=216234588,https://img.kupi.cz/kupi/thumbs/zampiony-albert-1_170_340.jpg,2026-10-06T17:42:46+02:00
Albert,Ovoce a zelenina,164807,Citrony bio Nature's Promise 0.5 kg,citrony_bio_nature_s_promise,49.9,59.4,Kč,"99,80 Kč / 1 kg",99.8,,False,,,-16% st 7. 10. – út 13. 10.,2026-10-07 - 2026-10-13,https://www.kupi.cz/letak/albert-hypermarket-letak-652?page=14&map=216230505,https://img.kupi.cz/kupi/thumbs/citrony-bio-natures-promise_170_340.jpg,2026-10-06T17:42:46+02:00
Albert,Ovoce a zelenina,164807,Citrony bio Nature's Promise 0.5 kg,citrony_bio_nature_s_promise,49.9,59.4,Kč,"99,80 Kč / 1 kg",99.8,,False,,,-16% dnes končí,2026-10-06,https://www.kupi.cz/letak/albert-supermarket-letak-701?page=14&map=215340015,https://img.kupi.cz/kupi/thumbs/citrony-bio-natures-promise_170_340.jpg,2026-10-06T17:42:46+02:00
Albert,Ovoce a zelenina,313037,Maliny Albert 125 g,maliny,44.9,59.87,Kč,"35,92 Kč / 100 g",359.2,,False,,,-25% st 7. 10. – út 13. 10.,2026-10-07 - 2026-10-13,https://www.kupi.cz/letak/albert-hypermarket-letak-652?page=14&map=216230463,https://img.kupi.cz/kupi/thumbs/maliny-albert_170_340.jpg,2026-10-06T17:42:46+02:00
Albert,Ovoce a zelenina,313037,Maliny Albert 125 g,maliny,44.9,59.87,Kč,"35,92 Kč / 100 g",359.2,,False,,,-25% dnes končí,2026-10-06,https://www.kupi.cz/letak/albert-supermarket-letak-701?page=14&map=215339964,https://img.kupi.cz/kupi/thumbs/maliny-albert_170_340.jpg,2026-10-06T17:42:46+02:00
Albert,Ovoce a zelenina,333853,Paprika červená Albert 2 ks,paprika_cervena,29.9,44.63,Kč,"14,95 Kč / 1 ks",,14.95,False,,,-33% st 7. 10. – út 13. 10.,2026-10-07 - 2026-10-13,https://www.kupi.cz/letak/albert-hypermarket-letak-652?page=15&map=216230535,https://img.kupi.cz/kupi/thumbs/paprika-cervena-albert_170_340.jpg,2026-10-06T17:42:46+02:00
Albert,Ovoce a zelenina,333853,Paprika červená Albert 2 ks,paprika_cervena,29.9,44.63,Kč,"14,95 Kč / 1 ks",,14.95,False,,,-33% dnes končí,2026-10-06,https://www.kupi.cz/letak/albert-hypermarket-letak-651?page=11&map=215325375,https://img.kupi.cz/kupi/thumbs/paprika-cervena-albert_170_340.jpg,2026-10-06T17:42:46+02:00
Albert,Ovoce a zelenina,276080,Okurka salátová - hadovka bio Nature's Promise 1 ks,okurka,29.9,39.87,Kč,"29,90 Kč / 1 ks",,29.9,False,,,-25% dnes končí,2026-10-06,https://www.kupi.cz/letak/albert-hypermarket-letak-651?page=10&map=215325348,https://img.kupi.cz/kupi/thumbs/okurka-hadovka-bio-natures-promise_170_340.png,2026-10-06T17:42:46+02:00
Albert,Ovoce a zelenina,17966,Špenát baby Albert 125 g,spenat_baby,29.9,34.77,Kč,"23,92 Kč / 100 g",239.2,,False,,,-14% st 7. 10. – út 13. 10.,2026-10-07 - 2026-10-13,https://www.kupi.cz/letak/albert-supermarket-letak-702?page=13&map=216234585,https://img.kupi.cz/kupi/thumbs/spenat-baby-albert_170_340.png,2026-10-06T17:42:46+02:00
Albert,Ovoce a zelenina,324206,Hrozny tmavé bezsemenné Albert 0.5 kg,hrozny,29.9,59.8,Kč,"59,80 Kč / 1 kg",59.8,,False,,,-50% dnes končí,2026-10-06,https://www.kupi.cz/letak/albert-hypermarket-letak-651?page=10&map=215325324,https://img.kupi.cz/kupi/thumbs/hrozny-tmave-bezsemenne-albert_170_340.jpg,2026-10-06T17:42:46+02:00
Albert,Ovoce a zelenina,324206,Hrozny tmavé bezsemenné Albert 0.5 kg,hrozny,34.9,59.15,Kč,"69,80 Kč / 1 kg",69.8,,False,,,-41% st 7. 10. – út 13. 10.,2026-10-07 - 2026-10-13,https://www.kupi.cz/letak/albert-hypermarket-letak-652?page=14&map=216230460,https://img.kupi.cz/kupi/thumbs/hrozny-tmave-bezsemenne-albert_170_340.jpg,2026-10-06T17:42:46+02:00
Albert,Ovoce a zelenina,1012,Blumy červené 1 kg,blumy_cervene,44.9,78.77,Kč,"44,90 Kč / 1 kg",44.9,,False,,,-43% dnes končí,2026-10-06,https://www.kupi.cz/letak/albert-supermarket-letak-701?page=14&map=215339970,https://img.kupi.cz/kupi/thumbs/blumy-cervene_170_340.jpg,2026-10-06T17:42:47+02:00
Albert,Ovoce a zelenina,65573,Hlíva ústřičná Albert 300 g,hliva_ustricna,49.9,59.4,Kč,"16,63 Kč / 100 g",166.3,,False,,,-16% dnes končí,2026-10-06,https://www.kupi.cz/letak/albert-supermarket-letak-701?page=15&map=215340084,https://img.kupi.cz/kupi/thumbs/hliva-ustricna-albert_170_340.jpg,2026-10-06T17:42:47+02:00
Albert,Ovoce a zelenina,337576,Mandarinky Albert 1 kg,mandarinky,34.9,49.86,Kč,"34,90 Kč / 1 kg",34.9,,False,,,-30% dnes končí,2026-10-06,https://www.kupi.cz/letak/albert-supermarket-letak-701?page=14&map=215339985,https://img.kupi.cz/kupi/thumbs/mandarinky-albert_170_340.jpg,2026-10-06T17:42:47+02:00
Albert,Ovoce a zelenina,300278,Mrkev bio Nature's Promise 0.75 kg,mrkev,39.9,49.87,Kč,"53,20 Kč / 1 kg",53.2,,False,,,-20% st 7. 10. – út 13. 10.,2026-10-07 - 2026-10-13,https://www.kupi.cz/letak/albert-hypermarket-letak-652?page=14&map=216230499,https://img.kupi.cz/kupi/thumbs/mrkev-bio-natures-promise_170_340.jpg,2026-10-06T17:42:47+02:00
Albert,Ovoce a zelenina,300278,Mrkev bio Nature's Promise 0.75 kg,mrkev,39.9,49.87,Kč,"53,20 Kč / 1 kg",53.2,,False,,,-20% dnes končí,2026-10-06,https://www.kupi.cz/letak/albert-supermarket-letak-701?page=14&map=215340024,https://img.kupi.cz/kupi/thumbs/mrkev-bio-natures-promise_170_340.jpg,2026-10-06T17:42:47+02:00
Albert,Ovoce a zelenina,359989,Rajčata keříková Albert 0.25 kg,rajcata_cherry,39.9,68.79,Kč,"159,60 Kč / 1 kg",159.6,,False,,,-42% dnes končí,2026-10-06,https://www.kupi.cz/letak/albert-hypermarket-letak-651?page=11&map=215325354,https://img.kupi.cz/kupi/thumbs/rajcata-kerikova-albert-2_170_340.jpg,2026-10-06T17:42:47+02:00
Albert,Ovoce a zelenina,386647,Celer řapíkatý Albert 1 ks,celer_rapikaty,24.9,34.58,Kč,"24,90 Kč / 1 ks",,24.9,False,,,-28% dnes končí,2026-10-06,https://www.kupi.cz/letak/albert-supermarket-letak-701?page=15&map=215340081,https://img.kupi.cz/kupi/thumbs/celer-rapikaty-albert-1_170_340.jpg,2026-10-06T17:42:47+02:00
Albert,Ovoce a zelenina,142646,Cibule kuchyňská bio Nature's Promise 0.5 kg,cibule_kuchynska_bio_nature_s_promise,29.9,39.87,Kč,"59,80 Kč / 1 kg",59.8,,False,,,-25% dnes končí,2026-10-06,https://www.kupi.cz/letak/albert-supermarket-letak-701?page=14&map=215340030,https://img.kupi.cz/kupi/thumbs/cibule-bio-natures-promise-1_170_340.jpg,2026-10-06T17:42:47+02:00
Albert,Ovoce a zelenina,289130,Jablka bio Nature's Promise 1 kg,jablka,49.9,59.4,Kč,"49,90 Kč / 1 kg",49.9,,False,,,-16% st 7. 10. – út 13. 10.,2026-10-07 - 2026-10-13,https://www.kupi.cz/letak/albert-supermarket-letak-702?page=12&map=216234555,https://img.kupi.cz/kupi/thumbs/jablka-bio-natures-promise-1_170_340.jpg,2026-10-06T17:42:47+02:00
Albert,Ovoce a zelenina,196548,Salát polníček Albert 100 g,salat_polnicek,28.9,34.82,Kč,"28,90 Kč / 100 g",289.0,,False,,,-17% dnes končí,2026-10-06,https://www.kupi.cz/letak/albert-hypermarket-letak-651?page=11&map=215325381,https://img.kupi.cz/kupi/thumbs/salat-polnicek-albert-1_170_340.jpg,2026-10-06T17:42:47+02:00
Albert,Ovoce a zelenina,313742,Rajčata cherry bio Nature's Promise 0.25 kg,rajcata_cherry,39.9,49.87,Kč,"159,60 Kč / 1 kg",159.6,,False,,,-20% st 7. 10. – út 13. 10.,2026-10-07 - 2026-10-13,https://www.kupi.cz/letak/albert-supermarket-letak-702?page=12&map=216234549,https://img.kupi.cz/kupi/thumbs/rajcata-cherry-bio-natures-promise_170_340.jpg,2026-10-06T17:42:47+02:00
Albert,Ovoce a zelenina,462278,Petržel Albert 350 g,petrzel,24.9,29.64,Kč,"7,11 Kč / 100 g",71.1,,False,,,-16% dnes končí,2026-10-06,https://www.kupi.cz/letak/albert-hypermarket-letak-651?page=11&map=215325369,https://img.kupi.cz/kupi/thumbs/petrzel-albert_170_340.jpg,2026-10-06T17:42:47+02:00
Albert,Ovoce a zelenina,314666,Salát baby listy mix Albert 100 g,salat_baby_listy_mix,29.9,34.77,Kč,"29,90 Kč / 100 g",299.0,,False,,,-14% dnes končí,2026-10-06,https://www.kupi.cz/letak/albert-hypermarket-letak-651?page=11&map=215325384,https://img.kupi.cz/kupi/thumbs/salat-baby-listy-mix-albert_170_340.png,2026-10-06T17:42:47+02:00
Albert,Ovoce a zelenina,506652,Brambory grenaille Menu inspirace Albert 450 g,brambory,34.9,39.66,Kč,"7,76 Kč / 100 g",77.6,,False,,,-12% dnes končí,2026-10-06,https://www.kupi.cz/letak/albert-hypermarket-letak-651?page=49&map=215325855,https://img.kupi.cz/kupi/thumbs/brambory-grenaille-menu-inspirace-albert_170_340.png,2026-10-06T17:42:47+02:00
Albert,Ovoce a zelenina,441816,Hrozny bílé bezsemenné bio Nature's Promise 0.4 kg,hrozny,44.9,59.87,Kč,"112,25 Kč / 1 kg",112.25,,False,,,-25% st 7. 10. – út 13. 10.,2026-10-07 - 2026-10-13,https://www.kupi.cz/letak/albert-supermarket-letak-702?page=12&map=216234552,https://img.kupi.cz/kupi/thumbs/hrozny-bile-bio-natures-promise-1_170_340.jpg,2026-10-06T17:42:47+02:00
Albert,Ovoce a zelenina,441816,Hrozny bílé bezsemenné bio Nature's Promise 0.4 kg,hrozny,44.9,59.87,Kč,"112,25 Kč / 1 kg",112.25,,False,,,-25% dnes končí,2026-10-06,https://www.kupi.cz/letak/albert-hypermarket-letak-651?page=10&map=215325351,https://img.kupi.cz/kupi/thumbs/hrozny-bile-bio-natures-promise-1_170_340.jpg,2026-10-06T17:42:47+02:00
Albert,Ovoce a zelenina,492291,Dýně Hokkaidó Bio Nature's Promise 1 ks,dyne_hokkaido,39.9,49.87,Kč,"39,90 Kč / 1 ks",,39.9,False,,,-20% čt 8. 10. – út 13. 10.,2026-10-08 - 2026-10-13,https://www.kupi.cz/letak/albert-hypermarket-letak-652?page=14&map=216230508,https://www.kupi.cz/img/no_img/no_discounts.png,2026-10-06T17:42:47+02:00
Albert,Ovoce a zelenina,506625,Mrkev Julienne Menu inspirace Albert 300 g,mrkev,34.9,39.66,Kč,"11,63 Kč / 100 g",116.3,,False,,,-12% dnes končí,2026-10-06,https://www.kupi.cz/letak/albert-hypermarket-letak-651?page=49&map=215325840,https://img.kupi.cz/kupi/thumbs/mrkev-julienne-menu-inspirace-albert_170_340.jpg,2026-10-06T17:42:47+02:00
Albert,Ovoce a zelenina,506640,Bramborové hranolky Menu inspirace Albert 1000 g,bramborove_hranolky_menu_inspirace,54.9,69.49,Kč,"5,49 Kč / 100 g",54.9,,False,,,-21% dnes končí,2026-10-06,https://www.kupi.cz/letak/albert-supermarket-letak-701?page=38&map=215342592,https://img.kupi.cz/kupi/thumbs/bramborove-hranolky-menu-inspirace-albert_170_340.png,2026-10-06T17:42:47+02:00
Albert,Ovoce a zelenina,506637,Mix zeleninový Menu inspirace Albert 400 g,mix_zeleninovy_menu_inspirace,54.9,69.49,Kč,"13,72 Kč / 100 g",137.2,,False,,,-21% dnes končí,2026-10-06,https://www.kupi.cz/letak/albert-supermarket-letak-701?page=38&map=215342589,https://img.kupi.cz/kupi/thumbs/mix-zeleninovy-menu-inspirace-albert_170_340.png,2026-10-06T17:42:47+02:00
Albert,Ovoce a zelenina,506637,Mix zeleninový Menu inspirace Albert 400 g,mix_zeleninovy_menu_inspirace,59.9,69.65,Kč,"14,97 Kč / 100 g",149.7,,False,,,-14% dnes končí,2026-10-06,https://www.kupi.cz/letak/albert-hypermarket-letak-651?page=49&map=215325843,https://img.kupi.cz/kupi/thumbs/mix-zeleninovy-menu-inspirace-albert_170_340.png,2026-10-06T17:42:47+02:00
Albert,Ovoce a zelenina,510831,Cukrový hrášek Menu inspirace Albert 250 g,cukrovy_hrasek_menu_inspirace,59.9,69.65,Kč,"23,96 Kč / 100 g",239.6,,False,,,-14% dnes končí,2026-10-06,https://www.kupi.cz/letak/albert-hypermarket-letak-651?page=49&map=215325846,https://img.kupi.cz/kupi/thumbs/cukrovy-hrasek-menu-inspirace-albert_170_340.jpg,2026-10-06T17:42:47+02:00
Albert,Ovoce a zelenina,565440,Brambory mini s kořením Menu inspirace Albert 425 g,brambory,34.9,39.66,Kč,"8,21 Kč / 100 g",82.1,,False,,,-12% dnes končí,2026-10-06,https://www.kupi.cz/letak/albert-supermarket-letak-701?page=38&map=215342595,https://www.kupi.cz/img/no_img/no_discounts.png,2026-10-06T17:42:47+02:00
Albert,Ovoce a zelenina,579030,Brokolice Menu inspirace Albert 300 g,brokolice_menu_inspirace,49.9,59.4,Kč,"16,63 Kč / 100 g",166.3,,False,,,-16% dnes končí,2026-10-06,https://www.kupi.cz/letak/albert-supermarket-letak-701?page=38&map=215342583,https://www.kupi.cz/img/no_img/no_discounts.png,2026-10-06T17:42:47+02:00
Albert,Pečivo,42371,Croissant 7 Days 80 g,croissant_days,12.9,24.81,Kč,"16,12 Kč / 100 g",161.2,,False,,,-48% st 7. 10. – út 13. 10.,2026-10-07 - 2026-10-13,https://www.kupi.cz/letak/albert-hypermarket-letak-652?page=20&map=216230922,https://img.kupi.cz/kupi/thumbs/croissant-7-days_170_340.png,2026-10-06T17:42:49+02:00
Albert,Pečivo,876,Kaiserka 55 g,kaiserka,3.9,4.88,Kč,"7,09 Kč / 100 g",70.9,,False,,,-20% dnes končí,2026-10-06,https://www.kupi.cz/letak/albert-hypermarket-letak-651?page=14&map=215325573,https://img.kupi.cz/kupi/thumbs/kaiserka_170_340.png,2026-10-06T17:42:49+02:00
Albert,Pečivo,2062,Kobliha s ovocnou náplní 80 g,kobliha_s_ovocnou_naplni,9.9,11.79,Kč,"12,38 Kč / 100 g",123.8,,False,,,-16% st 7. 10. – út 13. 10.,2026-10-07 - 2026-10-13,https://www.kupi.cz/letak/albert-supermarket-letak-702?page=18&map=216234759,https://img.kupi.cz/kupi/thumbs/kobliha-s-ovocnou-naplni_170_340.jpg,2026-10-06T17:42:49+02:00
Albert,Pečivo,40297,Kaiserka cereální 55 g,kaiserka_cerealni,3.9,4.88,Kč,"7,09 Kč / 100 g",70.9,,False,,,-20% dnes končí,2026-10-06,https://www.kupi.cz/letak/albert-hypermarket-letak-651?page=14&map=215325576,https://img.kupi.cz/kupi/thumbs/kaiserka-cerealni_170_340.png,2026-10-06T17:42:49+02:00
Albert,Pečivo,2960,Donut,donut,11.9,14.88,Kč,"11,90 Kč / 100 g",119.0,,False,,,-20% dnes končí,2026-10-06,https://www.kupi.cz/letak/albert-hypermarket-letak-651?page=14&map=215325582,https://img.kupi.cz/kupi/thumbs/donut_170_340.jpg,2026-10-06T17:42:49+02:00
Albert,Pečivo,2960,Donut,donut,11.9,14.88,Kč,"20,88 Kč / 100 g",208.8,,False,,,-20% dnes končí,2026-10-06,https://www.kupi.cz/letak/albert-supermarket-letak-701?page=20&map=215340381,https://img.kupi.cz/kupi/thumbs/donut_170_340.jpg,2026-10-06T17:42:49+02:00
Albert,Pečivo,7841,Rohlík 60 g,rohlik,4.9,,Kč,"8,17 Kč / 100 g",81.7,,False,,,dnes končí,2026-10-06,https://www.kupi.cz/letak/albert-hypermarket-letak-651?page=14&map=215325570,https://img.kupi.cz/kupi/thumbs/rohlik-2_170_340.jpg,2026-10-06T17:42:49+02:00
Albert,Pečivo,192,Bageta francouzská 110 g,bageta_francouzska,9.9,11.79,Kč,"9,00 Kč / 100 g",90.0,,False,,,-16% dnes končí,2026-10-06,https://www.kupi.cz/letak/albert-hypermarket-letak-651?page=14&map=215325579,https://img.kupi.cz/kupi/thumbs/bageta-francouzska_170_340.png,2026-10-06T17:42:49+02:00
Albert,Pečivo,75620,Toustový chléb Sandwich Soft Ölz 750 g,toustovy_chleb_sandwich_soft_olz,49.9,64.81,Kč,"6,65 Kč / 100 g",66.5,,False,,,-23% st 7. 10. – út 13. 10.,2026-10-07 - 2026-10-13,https://www.kupi.cz/letak/albert-supermarket-letak-702?page=18&map=216234765,https://img.kupi.cz/kupi/thumbs/toustovy-chleb-sandwich-soft-olz_170_340.png,2026-10-06T17:42:49+02:00
Albert,Pečivo,38771,Croissant 52 g,croissant,8.9,11.87,Kč,"17,12 Kč / 100 g",171.2,,False,,,-25% dnes končí,2026-10-06,https://www.kupi.cz/letak/albert-hypermarket-letak-651?page=14&map=215325588,https://img.kupi.cz/kupi/thumbs/croissant-2_170_340.jpg,2026-10-06T17:42:49+02:00
Albert,Pečivo,1854,Pletenec plněný 78 g,pletenec_plneny,11.9,14.88,Kč,"15,26 Kč / 100 g",152.6,,False,,,-20% dnes končí,2026-10-06,https://www.kupi.cz/letak/albert-supermarket-letak-701?page=20&map=215340372,https://img.kupi.cz/kupi/thumbs/pletenec-plneny_170_340.jpg,2026-10-06T17:42:49+02:00
Albert,Pečivo,34998,Tortilla Santa Maria 371 g,tortilla_santa_maria,59.9,99.83,Kč,"16,15 Kč / 100 g",161.5,,False,,,-40% st 7. 10. – út 13. 10.,2026-10-07 - 2026-10-13,https://www.kupi.cz/letak/albert-hypermarket-letak-652?page=34&map=216231963,https://img.kupi.cz/kupi/thumbs/tortilla-santa-maria-1_170_340.jpg,2026-10-06T17:42:49+02:00
Albert,Pečivo,1076,Kornbageta 115 g,kornbageta,11.9,14.88,Kč,"10,35 Kč / 100 g",103.5,,False,,,-20% st 7. 10. – út 13. 10.,2026-10-07 - 2026-10-13,https://www.kupi.cz/letak/albert-hypermarket-letak-652?page=20&map=216230904,https://img.kupi.cz/kupi/thumbs/kornbageta_170_340.jpg,2026-10-06T17:42:49+02:00
Albert,Pečivo,4390,Rolka čokoládová 65 g,rolka_cokoladova,13.9,16.75,Kč,"21,38 Kč / 100 g",213.8,,False,,,-17% st 7. 10. – út 13. 10.,2026-10-07 - 2026-10-13,https://www.kupi.cz/letak/albert-hypermarket-letak-652?page=20&map=216230919,https://img.kupi.cz/kupi/thumbs/rolka-cokoladova_170_340.png,2026-10-06T17:42:49+02:00
Albert,Pečivo,75621,Toustový celozrnný Sandwich Soft chléb ÖLZ 750 g,toustovy_celozrnny_sandwich_soft_chleb_olz,49.9,64.81,Kč,"6,65 Kč / 100 g",66.5,,False,,,-23% st 7. 10. – út 13. 10.,2026-10-07 - 2026-10-13,https://www.kupi.cz/letak/albert-supermarket-letak-702?page=18&map=216234780,https://img.kupi.cz/kupi/thumbs/toustovy-celozrnny-sandwich-soft-chleb-olz_170_340.jpg,2026-10-06T17:42:49+02:00
Albert,Pečivo,122003,Toustový chléb Albert 500 g,toustovy_chleb,26.9,31.65,Kč,"5,38 Kč / 100 g",53.8,,False,,,-15% st 7. 10. – út 13. 10.,2026-10-07 - 2026-10-13,https://www.kupi.cz/letak/albert-hypermarket-letak-652?page=20&map=216230931,https://img.kupi.cz/kupi/thumbs/toustovy-chleb-albert_170_340.jpg,2026-10-06T17:42:49+02:00
Albert,Pečivo,40296,Šnek s náplní 80 g,snek_s_naplni,13.9,17.82,Kč,"17,38 Kč / 100 g",173.8,,False,,,-22% st 7. 10. – út 13. 10.,2026-10-07 - 2026-10-13,https://www.kupi.cz/letak/albert-supermarket-letak-702?page=18&map=216234756,https://img.kupi.cz/kupi/thumbs/snek-s-naplni_170_340.png,2026-10-06T17:42:49+02:00
Albert,Pečivo,1506,Šáteček s náplní 85 g,satecek_s_naplni,16.9,19.88,Kč,"19,88 Kč / 100 g",198.8,,False,,,-15% dnes končí,2026-10-06,https://www.kupi.cz/letak/albert-hypermarket-letak-651?page=14&map=215325585,https://img.kupi.cz/kupi/thumbs/satecek-s-naplni_170_340.jpg,2026-10-06T17:42:49+02:00
Albert,Pečivo,942,Croissant s párkem 78 g,croissant_s_parkem,15.9,19.88,Kč,"20,38 Kč / 100 g",203.8,,False,,,-20% dnes končí,2026-10-06,https://www.kupi.cz/letak/albert-supermarket-letak-701?page=20&map=215340360,https://img.kupi.cz/kupi/thumbs/croissant-s-parkem_170_340.jpg,2026-10-06T17:42:49+02:00
Albert,Pečivo,297821,Chléb Mlynářský žitný Albert 500 g,chleb_mlynarsky_zitny,33.9,39.88,Kč,"6,78 Kč / 100 g",67.8,,True,Můj Albert,33.9,-15% Můj Albert st 7. 10. – út 13. 10.,2026-10-07 - 2026-10-13,https://www.kupi.cz/letak/albert-hypermarket-letak-652?page=20&map=216230892,https://img.kupi.cz/kupi/thumbs/chleb-mlynarsky-zitny-albert_170_340.png,2026-10-06T17:42:50+02:00
Albert,Pečivo,297821,Chléb Mlynářský žitný Albert 500 g,chleb_mlynarsky_zitny,33.9,39.88,Kč,"6,78 Kč / 100 g",67.8,,True,Můj Albert,33.9,-15% Můj Albert dnes končí,2026-10-06,https://www.kupi.cz/letak/albert-hypermarket-letak-651?page=14&map=215325564,https://img.kupi.cz/kupi/thumbs/chleb-mlynarsky-zitny-albert_170_340.png,2026-10-06T17:42:50+02:00
Albert,Pečivo,79031,Houstičky Ölz 350 g,housticky_olz,49.9,67.43,Kč,"14,26 Kč / 100 g",142.6,,False,,,-26% st 7. 10. – út 13. 10.,2026-10-07 - 2026-10-13,https://www.kupi.cz/letak/albert-supermarket-letak-702?page=18&map=216234783,https://img.kupi.cz/kupi/thumbs/mlecne-housticky-olz_170_340.png,2026-10-06T17:42:50+02:00
Albert,Pečivo,21946,Burek - Börek se slanou náplní 79 g,burek_borek_se_slanou_naplni,11.9,14.88,Kč,"15,06 Kč / 100 g",150.6,,False,,,-20% st 7. 10. – út 13. 10.,2026-10-07 - 2026-10-13,https://www.kupi.cz/letak/albert-hypermarket-letak-652?page=20&map=216230916,https://img.kupi.cz/kupi/thumbs/burek-se-slanou-naplni_170_340.png,2026-10-06T17:42:50+02:00
Albert,Pečivo,342316,Rohlík Mlynářský žitný Albert 60 g,rohlik_mlynarsky_zitny,7.9,9.88,Kč,"13,17 Kč / 100 g",131.7,,True,Můj Albert,7.9,-20% Můj Albert st 7. 10. – út 13. 10.,2026-10-07 - 2026-10-13,https://www.kupi.cz/letak/albert-hypermarket-letak-652?page=20&map=216230895,https://img.kupi.cz/kupi/thumbs/rohlik-mlynarsky-zitny-albert_170_340.jpg,2026-10-06T17:42:50+02:00
Albert,Pečivo,342316,Rohlík Mlynářský žitný Albert 60 g,rohlik_mlynarsky_zitny,7.9,9.88,Kč,"13,17 Kč / 100 g",131.7,,True,Můj Albert,7.9,-20% Můj Albert dnes končí,2026-10-06,https://www.kupi.cz/letak/albert-hypermarket-letak-651?page=14&map=215325567,https://img.kupi.cz/kupi/thumbs/rohlik-mlynarsky-zitny-albert_170_340.jpg,2026-10-06T17:42:50+02:00
Albert,Pečivo,30020,Taštička hot dog 99 g,tasticka_hot_dog,16.9,19.88,Kč,"17,07 Kč / 100 g",170.7,,False,,,-15% st 7. 10. – út 13. 10.,2026-10-07 - 2026-10-13,https://www.kupi.cz/letak/albert-supermarket-letak-702?page=18&map=216234753,https://img.kupi.cz/kupi/thumbs/tasticka-hot-dog_170_340.png,2026-10-06T17:42:50+02:00
Albert,Pečivo,32272,Pizza trojhránky 75 g,pizza_trojhranky,16.9,21.67,Kč,"22,53 Kč / 100 g",225.3,,False,,,-22% dnes končí,2026-10-06,https://www.kupi.cz/letak/albert-supermarket-letak-701?page=20&map=215340363,https://img.kupi.cz/kupi/thumbs/pizza-trojhranky_170_340.png,2026-10-06T17:42:50+02:00
Albert,Pečivo,327410,Toustový chléb celozrnný Albert 500 g,toustovy_chleb_celozrnny,26.9,31.65,Kč,"5,38 Kč / 100 g",53.8,,False,,,-15% st 7. 10. – út 13. 10.,2026-10-07 - 2026-10-13,https://www.kupi.cz/letak/albert-hypermarket-letak-652?page=20&map=216231417,https://img.kupi.cz/kupi/thumbs/toustovy-chleb-celozrnny-albert_170_340.jpg,2026-10-06T17:42:50+02:00
Albert,Pečivo,39322,Raženka Albert 80 g,razenka,5.9,,Kč,"7,38 Kč / 100 g",73.8,,False,,,st 7. 10. – út 13. 10.,2026-10-07 - 2026-10-13,https://www.kupi.cz/letak/albert-hypermarket-letak-652?page=20&map=216230913,https://img.kupi.cz/kupi/thumbs/razenka-albert_170_340.jpg,2026-10-06T17:42:50+02:00
Albert,Pečivo,82290,Buchty české Albert 360 g,buchty_ceske,34.9,44.74,Kč,"9,69 Kč / 100 g",96.9,,False,,,-22% dnes končí,2026-10-06,https://www.kupi.cz/letak/albert-hypermarket-letak-651?page=14&map=215325600,https://img.kupi.cz/kupi/thumbs/buchty-ceske-albert_170_340.png,2026-10-06T17:42:50+02:00
Albert,Pečivo,388924,Veka Mlynářská žitná Albert 400 g,veka_mlynarska_zitna,29.5,34.71,Kč,"7,38 Kč / 100 g",73.8,,True,Můj Albert,29.5,-15% Můj Albert st 7. 10. – út 13. 10.,2026-10-07 - 2026-10-13,https://www.kupi.cz/letak/albert-hypermarket-letak-652?page=20&map=216230886,https://img.kupi.cz/kupi/thumbs/veka-mlynarska-zitna-albert_170_340.jpg,2026-10-06T17:42:50+02:00
Albert,Pečivo,388924,Veka Mlynářská žitná Albert 400 g,veka_mlynarska_zitna,29.5,34.71,Kč,"7,38 Kč / 100 g",73.8,,True,Můj Albert,29.5,-15% Můj Albert dnes končí,2026-10-06,https://www.kupi.cz/letak/albert-hypermarket-letak-651?page=14&map=215325561,https://img.kupi.cz/kupi/thumbs/veka-mlynarska-zitna-albert_170_340.jpg,2026-10-06T17:42:50+02:00
Albert,Pečivo,428940,Brioška Mlynářská žitná Albert 400 g,brioska_mlynarska_zitna,33.9,39.88,Kč,"8,47 Kč / 100 g",84.7,,True,Můj Albert,33.9,-15% Můj Albert dnes končí,2026-10-06,https://www.kupi.cz/letak/albert-supermarket-letak-701?page=20&map=215340336,https://img.kupi.cz/kupi/thumbs/brioska-mlynarska-zitna-albert_170_340.jpg,2026-10-06T17:42:50+02:00
Albert,Pečivo,509868,Croissant Milka 50 g,croissant_milka,16.9,24.85,Kč,"33,80 Kč / 100 g",338.0,,False,,,-32% dnes končí,2026-10-06,https://www.kupi.cz/letak/albert-hypermarket-letak-651?page=14&map=215325597,https://img.kupi.cz/kupi/thumbs/croissant-milka_170_340.jpg,2026-10-06T17:42:50+02:00
Albert,Pečivo,296804,Duetky s náplní Albert 220 g,duetky_s_naplni,29.9,35.6,Kč,"13,59 Kč / 100 g",135.9,,False,,,-16% dnes končí,2026-10-06,https://www.kupi.cz/letak/albert-supermarket-letak-701?page=20&map=215340405,https://img.kupi.cz/kupi/thumbs/duetky-s-naplni-albert_170_340.png,2026-10-06T17:42:50+02:00
Albert,Pečivo,536703,Toustový chléb žitný Mlynářský Albert 450 g,toustovy_chleb_zitny_mlynarsky,33.9,39.88,Kč,"7,53 Kč / 100 g",75.3,,True,Můj Albert,33.9,-15% Můj Albert st 7. 10. – út 13. 10.,2026-10-07 - 2026-10-13,https://www.kupi.cz/letak/albert-supermarket-letak-702?page=18&map=216234747,https://www.kupi.cz/img/no_img/no_discounts.png,2026-10-06T17:42:50+02:00
Albert,Pečivo,536703,Toustový chléb žitný Mlynářský Albert 450 g,toustovy_chleb_zitny_mlynarsky,33.9,39.88,Kč,"7,53 Kč / 100 g",75.3,,True,Můj Albert,33.9,-15% Můj Albert dnes končí,2026-10-06,https://www.kupi.cz/letak/albert-supermarket-letak-701?page=20&map=215340354,https://www.kupi.cz/img/no_img/no_discounts.png,2026-10-06T17:42:50+02:00
Albert,Pečivo,513465,Koláč Mistrovský s náplní Albert 80 g,kolac_mistrovsky_s_naplni,14.9,19.87,Kč,"18,62 Kč / 100 g",186.2,,False,,,-25% st 7. 10. – út 13. 10.,2026-10-07 - 2026-10-13,https://www.kupi.cz/letak/albert-hypermarket-letak-652?page=20&map=216230925,https://img.kupi.cz/kupi/thumbs/kolac-mistrovsky-s-naplni-albert_170_340.jpg,2026-10-06T17:42:50+02:00
Albert,Pečivo,103996,Pletýnka Albert 220 g,pletynka,19.9,,Kč,"9,05 Kč / 100 g",90.5,,False,,,st 7. 10. – út 13. 10.,2026-10-07 - 2026-10-13,https://www.kupi.cz/letak/albert-hypermarket-letak-652?page=20&map=216230910,https://img.kupi.cz/kupi/thumbs/pletynka-albert_170_340.jpg,2026-10-06T17:42:50+02:00
Albert,Pečivo,533100,Rolka se sýrem 92 g,rolka_se_syrem,14.9,19.87,Kč,"16,20 Kč / 100 g",162.0,,False,,,-25% dnes končí,2026-10-06,https://www.kupi.cz/letak/albert-hypermarket-letak-651?page=14&map=215325591,https://img.kupi.cz/kupi/thumbs/rolka-se-syrem_170_340.jpg,2026-10-06T17:42:50+02:00
Albert,Pečivo,555480,Chléb česnekový 405 g,chleb_cesnekovy,33.9,39.88,Kč,"8,37 Kč / 100 g",83.7,,False,,,-15% st 7. 10. – út 13. 10.,2026-10-07 - 2026-10-13,https://www.kupi.cz/letak/albert-hypermarket-letak-652?page=20&map=216230901,https://www.kupi.cz/img/no_img/no_discounts.png,2026-10-06T17:42:50+02:00
Albert,Pečivo,579942,Makovka mistrovská Albert 70 g,makovka_mistrovska,9.9,12.86,Kč,"14,14 Kč / 100 g",141.4,,False,,,-23% st 7. 10. – út 13. 10.,2026-10-07 - 2026-10-13,https://www.kupi.cz/letak/albert-hypermarket-letak-652?page=20&map=216230928,https://www.kupi.cz/img/no_img/no_discounts.png,2026-10-06T17:42:51+02:00
Albert,Pečivo,569580,Bochník Mlynářský Albert 500 g,bochnik_mlynarsky,41.9,49.88,Kč,"8,38 Kč / 100 g",83.8,,True,Můj Albert,41.9,-16% Můj Albert st 7. 10. – út 13. 10.,2026-10-07 - 2026-10-13,https://www.kupi.cz/letak/albert-hypermarket-letak-652?page=20&map=216230883,https://www.kupi.cz/img/no_img/no_discounts.png,2026-10-06T17:42:51+02:00
Albert,Pečivo,569580,Bochník Mlynářský Albert 500 g,bochnik_mlynarsky,41.9,49.88,Kč,"8,38 Kč / 100 g",83.8,,True,Můj Albert,41.9,-16% Můj Albert dnes končí,2026-10-06,https://www.kupi.cz/letak/albert-hypermarket-letak-651?page=14&map=215325558,https://www.kupi.cz/img/no_img/no_discounts.png,2026-10-06T17:42:51+02:00
Albert,Pečivo,569577,Bulka Mlynářská Albert 70 g,bulka_mlynarska,10.9,12.82,Kč,"15,57 Kč / 100 g",155.7,,True,Můj Albert,10.9,-15% Můj Albert dnes končí,2026-10-06,https://www.kupi.cz/letak/albert-supermarket-letak-701?page=20&map=215340345,https://www.kupi.cz/img/no_img/no_discounts.png,2026-10-06T17:42:51+02:00
Albert,Mléčné výrobky a vejce,1157,Máslo Jihočeské Madeta 250 g,maslo_jihoceske_madeta,34.9,54.53,Kč,"13,96 Kč / 100 g",139.6,,True,Můj Albert,34.9,-36% Můj Albert st 7. 10. – út 13. 10.,2026-10-07 - 2026-10-13,https://www.kupi.cz/letak/albert-hypermarket-letak-652?map=216226503,https://img.kupi.cz/kupi/thumbs/maslo-jihoceske-madeta_170_340.jpg,2026-10-06T17:42:54+02:00
Albert,Mléčné výrobky a vejce,1157,Máslo Jihočeské Madeta 250 g,maslo_jihoceske_madeta,44.9,54.76,Kč,"17,96 Kč / 100 g",179.6,,False,,,-18% st 7. 10. – út 13. 10.,2026-10-07 - 2026-10-13,https://www.kupi.cz/letak/albert-hypermarket-letak-652?map=216226506,https://img.kupi.cz/kupi/thumbs/maslo-jihoceske-madeta_170_340.jpg,2026-10-06T17:42:54+02:00
Albert,Mléčné výrobky a vejce,6905,Máslo 250 g,maslo,27.9,39.86,Kč,"11,16 Kč / 100 g",111.6,,False,,,-30% dnes končí,2026-10-06,https://www.kupi.cz/letak/albert-hypermarket-letak-651?page=16&map=215332386,https://img.kupi.cz/kupi/thumbs/maslo_170_340.jpg,2026-10-06T17:42:54+02:00
Albert,Mléčné výrobky a vejce,226,"Mléko trvanlivé Jihočeské Madeta - 1,5% polotučné 1 l",mleko_trvanlive_jihoceske_madeta_polotucne,10.9,24.77,Kč,"10,90 Kč / 1 l",,,False,,,-56% st 7. 10. – út 13. 10.,2026-10-07 - 2026-10-13,https://www.kupi.cz/letak/albert-hypermarket-letak-652?page=22&map=216231183,https://img.kupi.cz/kupi/thumbs/mleko-trvanlive-jihoceske-madeta-15-polotucne_170_340.png,2026-10-06T17:42:54+02:00
Albert,Mléčné výrobky a vejce,4492,"Mléko trvanlivé Tatra - 1,5% polotučné 1 l",mleko_trvanlive_tatra_polotucne,10.9,24.77,Kč,"10,90 Kč / 1 l",,,False,,,-56% st 7. 10. – út 13. 10.,2026-10-07 - 2026-10-13,https://www.kupi.cz/letak/albert-hypermarket-letak-652?page=22&map=216231162,https://img.kupi.cz/kupi/thumbs/trvanlive-mleko-tatra-1-5-polotucne_170_340.png,2026-10-06T17:42:54+02:00
Albert,Mléčné výrobky a vejce,16128,"Mléko trvanlivé Jihočeské Madeta - 3,5% plnotučné 1 l",mleko_trvanlive_jihoceske_madeta_plnotucne,10.9,27.25,Kč,"10,90 Kč / 1 l",,,True,Můj Albert,10.9,-60% Můj Albert dnes končí,2026-10-06,https://www.kupi.cz/letak/albert-hypermarket-letak-651?map=215325057,https://img.kupi.cz/kupi/thumbs/mleko-trvanlive-jihoceske-madeta-35-plnotucne-1_170_340.png,2026-10-06T17:42:54+02:00
Albert,Mléčné výrobky a vejce,16128,"Mléko trvanlivé Jihočeské Madeta - 3,5% plnotučné 1 l",mleko_trvanlive_jihoceske_madeta_plnotucne,15.9,27.89,Kč,"15,90 Kč / 1 l",,,False,,,-43% dnes končí,2026-10-06,https://www.kupi.cz/letak/albert-hypermarket-letak-651?map=215325054,https://img.kupi.cz/kupi/thumbs/mleko-trvanlive-jihoceske-madeta-35-plnotucne-1_170_340.png,2026-10-06T17:42:54+02:00
Albert,Mléčné výrobky a vejce,4801,Bílý jogurt selský Hollandia 200 g,bily_jogurt_selsky_hollandia,9.9,21.52,Kč,"4,95 Kč / 100 g",49.5,,True,Můj Albert,9.9,-54% Můj Albert st 7. 10. – út 13. 10.,2026-10-07 - 2026-10-13,https://www.kupi.cz/letak/albert-hypermarket-letak-652?map=216226560,https://img.kupi.cz/kupi/thumbs/bily-jogurt-selsky-hollandia_170_340.png,2026-10-06T17:42:54+02:00
Albert,Mléčné výrobky a vejce,4801,Bílý jogurt selský Hollandia 200 g,bily_jogurt_selsky_hollandia,12.9,21.86,Kč,"6,45 Kč / 100 g",64.5,,False,,,-41% st 7. 10. – út 13. 10.,2026-10-07 - 2026-10-13,https://www.kupi.cz/letak/albert-hypermarket-letak-652?map=216226563,https://img.kupi.cz/kupi/thumbs/bily-jogurt-selsky-hollandia_170_340.png,2026-10-06T17:42:54+02:00
Albert,Mléčné výrobky a vejce,642,Sýr Hermelín Král sýrů 120 g,syr_hermelin_kral_syru,29.9,59.8,Kč,"24,92 Kč / 100 g",249.2,,True,Můj Albert,29.9,-50% Můj Albert st 7. 10. – út 20. 10.,2026-10-07 - 2026-10-20,https://www.kupi.cz/letak/albert-supermarket-nabidka-ve-znackove-kvalite-3?map=216205665,https://img.kupi.cz/kupi/thumbs/syr-hermelin-kral-syru_170_340.png,2026-10-06T17:42:54+02:00
Albert,Mléčné výrobky a vejce,642,Sýr Hermelín Král sýrů 120 g,syr_hermelin_kral_syru,29.9,59.8,Kč,"24,92 Kč / 100 g",249.2,,True,Můj Albert,29.9,-50% Můj Albert dnes končí,2026-10-06,https://www.kupi.cz/letak/albert-hypermarket-letak-651?page=6&map=215325141,https://img.kupi.cz/kupi/thumbs/syr-hermelin-kral-syru_170_340.png,2026-10-06T17:42:54+02:00
Albert,Mléčné výrobky a vejce,642,Sýr Hermelín Král sýrů 120 g,syr_hermelin_kral_syru,59.9,113.02,Kč,"24,96 Kč / 100 g",499.17,,True,Můj Albert,59.9,-47% Můj Albert st 7. 10. – út 13. 10.,2026-10-07 - 2026-10-13,https://www.kupi.cz/letak/albert-supermarket-letak-702?page=6&map=216234075,https://img.kupi.cz/kupi/thumbs/syr-hermelin-kral-syru_170_340.png,2026-10-06T17:42:54+02:00
Albert,Mléčné výrobky a vejce,642,Sýr Hermelín Král sýrů 120 g,syr_hermelin_kral_syru,34.9,59.15,Kč,"29,08 Kč / 100 g",290.8,,False,,,-41% st 7. 10. – út 20. 10.,2026-10-07 - 2026-10-20,https://www.kupi.cz/letak/albert-supermarket-nabidka-ve-znackove-kvalite-3?map=216205662,https://img.kupi.cz/kupi/thumbs/syr-hermelin-kral-syru_170_340.png,2026-10-06T17:42:54+02:00
Albert,Mléčné výrobky a vejce,642,Sýr Hermelín Král sýrů 120 g,syr_hermelin_kral_syru,34.9,59.15,Kč,"29,08 Kč / 100 g",290.8,,False,,,-41% dnes končí,2026-10-06,https://www.kupi.cz/letak/albert-hypermarket-letak-651?page=6&map=215325138,https://img.kupi.cz/kupi/thumbs/syr-hermelin-kral-syru_170_340.png,2026-10-06T17:42:54+02:00
Albert,Mléčné výrobky a vejce,642,Sýr Hermelín Král sýrů 120 g,syr_hermelin_kral_syru,69.9,114.59,Kč,"29,12 Kč / 100 g",582.5,,False,,,-39% st 7. 10. – út 13. 10.,2026-10-07 - 2026-10-13,https://www.kupi.cz/letak/albert-hypermarket-letak-znojmo-brnenska-2?page=12&map=216236538,https://img.kupi.cz/kupi/thumbs/syr-hermelin-kral-syru_170_340.png,2026-10-06T17:42:54+02:00
Albert,Mléčné výrobky a vejce,247,Margarín Flora 400 g,margarin_flora,54.9,79.57,Kč,"13,72 Kč / 100 g",137.2,,False,,,-31% st 7. 10. – út 13. 10.,2026-10-07 - 2026-10-13,https://www.kupi.cz/letak/albert-hypermarket-letak-652?page=23&map=216231381,https://img.kupi.cz/kupi/thumbs/margarin-flora_170_340.png,2026-10-06T17:42:54+02:00
Albert,Mléčné výrobky a vejce,641,Smetana ke šlehání Mlékárna Kunín 31% 200 g,smetana_ke_slehani_mlekarna_kunin,19.9,39.8,Kč,"9,95 Kč / 100 g",99.5,,True,Můj Albert,19.9,-50% Můj Albert st 7. 10. – út 13. 10.,2026-10-07 - 2026-10-13,https://www.kupi.cz/letak/albert-hypermarket-letak-652?map=216226521,https://img.kupi.cz/kupi/thumbs/smetana-ke-slehani-kunin-31_170_340.jpg,2026-10-06T17:42:54+02:00
Albert,Mléčné výrobky a vejce,641,Smetana ke šlehání Mlékárna Kunín 31% 200 g,smetana_ke_slehani_mlekarna_kunin,24.9,39.52,Kč,"12,45 Kč / 100 g",124.5,,False,,,-37% st 7. 10. – út 13. 10.,2026-10-07 - 2026-10-13,https://www.kupi.cz/letak/albert-hypermarket-letak-652?map=216226524,https://img.kupi.cz/kupi/thumbs/smetana-ke-slehani-kunin-31_170_340.jpg,2026-10-06T17:42:54+02:00
Albert,Mléčné výrobky a vejce,1159,Sýr Hermelín Sedlčanský 100 g,syr_hermelin_sedlcansky,29.9,47.46,Kč,"29,90 Kč / 100 g",299.0,,False,,,-37% st 7. 10. – út 13. 10.,2026-10-07 - 2026-10-13,https://www.kupi.cz/letak/albert-hypermarket-letak-652?page=21&map=216230967,https://img.kupi.cz/kupi/thumbs/syr-hermelin-sedlcansky_170_340.png,2026-10-06T17:42:54+02:00
Albert,Mléčné výrobky a vejce,1159,Sýr Hermelín Sedlčanský 100 g,syr_hermelin_sedlcansky,59.9,89.4,Kč,"29,95 Kč / 100 g",599.0,,False,,,-33% dnes končí,2026-10-06,https://www.kupi.cz/letak/albert-supermarket-letak-frenstat-pod-radhostem-roznovska-4?page=10&map=215350335,https://img.kupi.cz/kupi/thumbs/syr-hermelin-sedlcansky_170_340.png,2026-10-06T17:42:54+02:00
Albert,Mléčné výrobky a vejce,46961,Bílý jogurt řecký 0% Milko 140 g,bily_jogurt_recky_milko,14.9,22.58,Kč,"10,64 Kč / 100 g",106.4,,False,,,-34% dnes končí,2026-10-06,https://www.kupi.cz/letak/albert-supermarket-letak-701?page=10&map=215339637,https://img.kupi.cz/kupi/thumbs/jogurt-recky-neochuceny-milko_170_340.jpg,2026-10-06T17:42:54+02:00
Albert,Mléčné výrobky a vejce,886,Sýr Mozzarella Galbani 125 g,syr_mozzarella_galbani,23.9,40.51,Kč,"19,12 Kč / 100 g",191.2,,True,Můj Albert,23.9,-41% Můj Albert st 7. 10. – út 13. 10.,2026-10-07 - 2026-10-13,https://www.kupi.cz/letak/albert-hypermarket-letak-652?page=8&map=216263877,https://img.kupi.cz/kupi/thumbs/syr-mozzarella-galbani_170_340.jpg,2026-10-06T17:42:54+02:00
Albert,Mléčné výrobky a vejce,886,Sýr Mozzarella Galbani 125 g,syr_mozzarella_galbani,23.9,40.51,Kč,"19,12 Kč / 100 g",191.2,,True,Můj Albert,23.9,-41% Můj Albert dnes končí,2026-10-06,https://www.kupi.cz/letak/albert-hypermarket-letak-651?page=8&map=215325258,https://img.kupi.cz/kupi/thumbs/syr-mozzarella-galbani_170_340.jpg,2026-10-06T17:42:54+02:00
Albert,Mléčné výrobky a vejce,886,Sýr Mozzarella Galbani 125 g,syr_mozzarella_galbani,25.9,40.47,Kč,"20,72 Kč / 100 g",207.2,,False,,,-36% st 7. 10. – út 13. 10.,2026-10-07 - 2026-10-13,https://www.kupi.cz/letak/albert-hypermarket-letak-652?page=8&map=216263880,https://img.kupi.cz/kupi/thumbs/syr-mozzarella-galbani_170_340.jpg,2026-10-06T17:42:54+02:00
Albert,Mléčné výrobky a vejce,886,Sýr Mozzarella Galbani 125 g,syr_mozzarella_galbani,25.9,40.47,Kč,"20,72 Kč / 100 g",207.2,,False,,,-36% dnes končí,2026-10-06,https://www.kupi.cz/letak/albert-hypermarket-letak-651?page=8&map=215325255,https://img.kupi.cz/kupi/thumbs/syr-mozzarella-galbani_170_340.jpg,2026-10-06T17:42:54+02:00
Albert,Mléčné výrobky a vejce,834,Jogurt Jogobella Zott 150 g,jogurt_jogobella_zott,9.9,15.71,Kč,"6,60 Kč / 100 g",66.0,,False,,,-37% st 7. 10. – út 13. 10.,2026-10-07 - 2026-10-13,https://www.kupi.cz/letak/albert-hypermarket-letak-652?page=6&map=216226488,https://img.kupi.cz/kupi/thumbs/jogurt-jogobella-zott_170_340.png,2026-10-06T17:42:54+02:00
Albert,Mléčné výrobky a vejce,577,Sýr Romadur Madeta 100 g,syr_romadur_madeta,19.9,32.62,Kč,"19,90 Kč / 100 g",199.0,,True,Můj Albert,19.9,-39% Můj Albert st 7. 10. – út 13. 10.,2026-10-07 - 2026-10-13,https://www.kupi.cz/letak/albert-supermarket-letak-702?page=6&map=216234039,https://img.kupi.cz/kupi/thumbs/syr-romadur-madeta-1_170_340.jpg,2026-10-06T17:42:54+02:00
Albert,Mléčné výrobky a vejce,577,Sýr Romadur Madeta 100 g,syr_romadur_madeta,24.9,32.76,Kč,"24,90 Kč / 100 g",249.0,,False,,,-24% st 7. 10. – út 13. 10.,2026-10-07 - 2026-10-13,https://www.kupi.cz/letak/albert-supermarket-letak-702?page=6&map=216234051,https://img.kupi.cz/kupi/thumbs/syr-romadur-madeta-1_170_340.jpg,2026-10-06T17:42:54+02:00
Albert,Mléčné výrobky a vejce,197,Lučina,lucina,42.9,64.03,Kč,"23,83 Kč / 100 g",238.3,,False,,,-33% dnes končí,2026-10-06,https://www.kupi.cz/letak/albert-hypermarket-letak-651?page=15&map=215325639,https://img.kupi.cz/kupi/thumbs/lucina-4_170_340.jpg,2026-10-06T17:42:54+02:00
Albert,Mléčné výrobky a vejce,197,Lučina,lucina,44.9,64.14,Kč,"24,94 Kč / 100 g",249.4,,False,,,-30% st 7. 10. – út 13. 10.,2026-10-07 - 2026-10-13,https://www.kupi.cz/letak/albert-hypermarket-letak-znojmo-brnenska-2?page=12&map=216236532,https://img.kupi.cz/kupi/thumbs/lucina-4_170_340.jpg,2026-10-06T17:42:54+02:00
Albert,Mléčné výrobky a vejce,197,Lučina,lucina,31.9,46.23,Kč,"26,58 Kč / 100 g",265.8,,False,,,-31% dnes končí,2026-10-06,https://www.kupi.cz/letak/albert-supermarket-letak-701?page=10&map=215339646,https://img.kupi.cz/kupi/thumbs/lucina-4_170_340.jpg,2026-10-06T17:42:54+02:00
Albert,Mléčné výrobky a vejce,197,Lučina,lucina,32.9,46.34,Kč,"27,42 Kč / 100 g",274.2,,False,,,-29% st 7. 10. – út 20. 10.,2026-10-07 - 2026-10-20,https://www.kupi.cz/letak/albert-supermarket-nabidka-ve-znackove-kvalite-3?page=5&map=216205836,https://img.kupi.cz/kupi/thumbs/lucina-4_170_340.jpg,2026-10-06T17:42:54+02:00
Albert,Mléčné výrobky a vejce,1182,Dezert Pribináček,dezert_pribinacek,19.9,29.7,Kč,"15,92 Kč / 100 g",159.2,,False,,,-33% st 7. 10. – út 13. 10.,2026-10-07 - 2026-10-13,https://www.kupi.cz/letak/albert-supermarket-letak-702?page=8&map=216234330,https://img.kupi.cz/kupi/thumbs/dezert-pribinacek-1_170_340.jpg,2026-10-06T17:42:54+02:00
Albert,Mléčné výrobky a vejce,1182,Dezert Pribináček,dezert_pribinacek,13.9,19.86,Kč,"19,86 Kč / 100 g",198.6,,False,,,-30% dnes končí,2026-10-06,https://www.kupi.cz/letak/albert-hypermarket-letak-651?page=16&map=215325660,https://img.kupi.cz/kupi/thumbs/dezert-pribinacek-1_170_340.jpg,2026-10-06T17:42:54+02:00
Albert,Mléčné výrobky a vejce,2777,Dezert Lipánek Madeta 130 g,dezert_lipanek_madeta,16.9,23.8,Kč,"13,00 Kč / 100 g",130.0,,False,,,-29% dnes končí,2026-10-06,https://www.kupi.cz/letak/albert-hypermarket-letak-651?page=8&map=215325252,https://img.kupi.cz/kupi/thumbs/dezert-lipanek-madeta-2_170_340.jpg,2026-10-06T17:42:54+02:00
Albert,Mléčné výrobky a vejce,1805,Tradiční pomazánkové Choceňské 150 g,tradicni_pomazankove_chocenske,32.9,43.87,Kč,"21,93 Kč / 100 g",219.3,,False,,,-25% st 7. 10. – út 13. 10.,2026-10-07 - 2026-10-13,https://www.kupi.cz/letak/albert-supermarket-letak-702?page=22&map=216234837,https://img.kupi.cz/kupi/thumbs/tradicni-pomazankove-chocenske_170_340.png,2026-10-06T17:42:54+02:00
Albert,Mléčné výrobky a vejce,1805,Tradiční pomazánkové Choceňské 150 g,tradicni_pomazankove_chocenske,32.9,43.87,Kč,"21,93 Kč / 100 g",219.3,,False,,,-25% dnes končí,2026-10-06,https://www.kupi.cz/letak/albert-hypermarket-letak-651?page=16&map=215332377,https://img.kupi.cz/kupi/thumbs/tradicni-pomazankove-chocenske_170_340.png,2026-10-06T17:42:54+02:00
Albert,Mléčné výrobky a vejce,26,Ochucený jogurt selský Hollandia 200 g,ochuceny_jogurt_selsky_hollandia,9.9,21.52,Kč,"4,95 Kč / 100 g",49.5,,True,Můj Albert,9.9,-54% Můj Albert st 7. 10. – út 13. 10.,2026-10-07 - 2026-10-13,https://www.kupi.cz/letak/albert-hypermarket-letak-652?map=216226512,https://img.kupi.cz/kupi/thumbs/ochuceny-jogurt-selsky-hollandia-1_170_340.png,2026-10-06T17:42:57+02:00
Albert,Mléčné výrobky a vejce,26,Ochucený jogurt selský Hollandia 200 g,ochuceny_jogurt_selsky_hollandia,12.9,21.86,Kč,"6,45 Kč / 100 g",64.5,,False,,,-41% st 7. 10. – út 13. 10.,2026-10-07 - 2026-10-13,https://www.kupi.cz/letak/albert-hypermarket-letak-652?map=216226515,https://img.kupi.cz/kupi/thumbs/ochuceny-jogurt-selsky-hollandia-1_170_340.png,2026-10-06T17:42:57+02:00
Albert,Mléčné výrobky a vejce,38044,Margaríny Rama 400 g,margariny_rama,54.9,84.46,Kč,"13,72 Kč / 100 g",137.2,,False,,,-35% dnes končí,2026-10-06,https://www.kupi.cz/letak/albert-hypermarket-letak-651?page=17&map=215332416,https://img.kupi.cz/kupi/thumbs/margariny-rama-1_170_340.png,2026-10-06T17:42:57+02:00
Albert,Mléčné výrobky a vejce,243,Nápoj mléčný Müllermilch Müller 380 ml,napoj_mlecny_mullermilch_muller,21.9,31.74,Kč,"5,76 Kč / 100 ml",,,False,,,-31% st 7. 10. – út 13. 10.,2026-10-07 - 2026-10-13,https://www.kupi.cz/letak/albert-supermarket-letak-702?page=22&map=216234843,https://img.kupi.cz/kupi/thumbs/napoj-mlecny-mullermilch-muller_170_340.jpg,2026-10-06T17:42:57+02:00
Albert,Mléčné výrobky a vejce,313994,Vejce z podestýlky M Albert 30 ks,vejce_z_podestylky_m,89.9,157.72,Kč,"3,00 Kč / 1 ks",,3.0,False,,,-43% st 7. 10. – út 13. 10.,2026-10-07 - 2026-10-13,https://www.kupi.cz/letak/albert-hypermarket-letak-652?page=2&map=216213468,https://img.kupi.cz/kupi/thumbs/vejce-z-podestylky-m-albert-1_170_340.jpg,2026-10-06T17:42:57+02:00
Albert,Mléčné výrobky a vejce,928,"Mléko čerstvé Olma - 1,5% polotučné 1 l",mleko_cerstve_olma_polotucne,28.9,34.82,Kč,"28,90 Kč / 1 l",,,False,,,-17% dnes končí,2026-10-06,https://www.kupi.cz/letak/albert-hypermarket-letak-651?page=16&map=215332389,https://img.kupi.cz/kupi/thumbs/mleko-cerstve-olma-15-polotucne_170_340.jpg,2026-10-06T17:42:57+02:00
Albert,Mléčné výrobky a vejce,1093,Sýr original Gervais 80 g,syr_original_gervais,19.9,29.7,Kč,"24,88 Kč / 100 g",248.8,,True,Můj Albert,19.9,-33% Můj Albert st 7. 10. – út 13. 10.,2026-10-07 - 2026-10-13,https://www.kupi.cz/letak/albert-supermarket-letak-702?page=19&map=216234810,https://img.kupi.cz/kupi/thumbs/syr-original-gervais_170_340.png,2026-10-06T17:42:57+02:00
Albert,Mléčné výrobky a vejce,1093,Sýr original Gervais 80 g,syr_original_gervais,19.9,29.7,Kč,"24,88 Kč / 100 g",248.8,,True,Můj Albert,19.9,-33% Můj Albert dnes končí,2026-10-06,https://www.kupi.cz/letak/albert-hypermarket-letak-651?page=15&map=215325648,https://img.kupi.cz/kupi/thumbs/syr-original-gervais_170_340.png,2026-10-06T17:42:57+02:00
Albert,Mléčné výrobky a vejce,1093,Sýr original Gervais 80 g,syr_original_gervais,22.9,29.74,Kč,"28,62 Kč / 100 g",286.2,,False,,,-23% st 7. 10. – út 13. 10.,2026-10-07 - 2026-10-13,https://www.kupi.cz/letak/albert-supermarket-letak-702?page=19&map=216234813,https://img.kupi.cz/kupi/thumbs/syr-original-gervais_170_340.png,2026-10-06T17:42:57+02:00
Albert,Mléčné výrobky a vejce,1093,Sýr original Gervais 80 g,syr_original_gervais,22.9,29.74,Kč,"28,62 Kč / 100 g",286.2,,False,,,-23% dnes končí,2026-10-06,https://www.kupi.cz/letak/albert-hypermarket-letak-651?page=15&map=215325645,https://img.kupi.cz/kupi/thumbs/syr-original-gervais_170_340.png,2026-10-06T17:42:57+02:00
Albert,Mléčné výrobky a vejce,1211,Sýr tavený Smetanito Želetava,syr_taveny_smetanito_zeletava,29.9,53.39,Kč,"19,93 Kč / 100 g",199.3,,True,Můj Albert,29.9,-44% Můj Albert st 7. 10. – út 13. 10.,2026-10-07 - 2026-10-13,https://www.kupi.cz/letak/albert-hypermarket-letak-652?page=21&map=216230976,https://img.kupi.cz/kupi/thumbs/syr-taveny-smetanito-zeletava_170_340.png,2026-10-06T17:42:57+02:00
Albert,Mléčné výrobky a vejce,1211,Sýr tavený Smetanito Želetava,syr_taveny_smetanito_zeletava,44.9,69.08,Kč,"22,45 Kč / 100 g",224.5,,False,,,-35% st 7. 10. – út 13. 10.,2026-10-07 - 2026-10-13,https://www.kupi.cz/letak/albert-supermarket-letak-702?page=19&map=216234816,https://img.kupi.cz/kupi/thumbs/syr-taveny-smetanito-zeletava_170_340.png,2026-10-06T17:42:57+02:00
Albert,Mléčné výrobky a vejce,1211,Sýr tavený Smetanito Želetava,syr_taveny_smetanito_zeletava,34.9,53.69,Kč,"23,27 Kč / 100 g",232.7,,False,,,-35% st 7. 10. – út 13. 10.,2026-10-07 - 2026-10-13,https://www.kupi.cz/letak/albert-hypermarket-letak-652?page=21&map=216230979,https://img.kupi.cz/kupi/thumbs/syr-taveny-smetanito-zeletava_170_340.png,2026-10-06T17:42:57+02:00
Albert,Mléčné výrobky a vejce,14286,Sýr Eidam Jihočeský 30% Madeta 100 g,syr_eidam_jihocesky_madeta,19.9,34.31,Kč,"19,90 Kč / 100 g",199.0,,True,Můj Albert,19.9,-42% Můj Albert dnes končí,2026-10-06,https://www.kupi.cz/letaky/albert,https://img.kupi.cz/kupi/thumbs/syr-eidam-jihocesky-30-madeta-1_170_340.png,2026-10-06T17:42:57+02:00
Albert,Mléčné výrobky a vejce,14286,Sýr Eidam Jihočeský 30% Madeta 100 g,syr_eidam_jihocesky_madeta,19.9,34.31,Kč,"19,90 Kč / 100 g",199.0,,True,Můj Albert,19.9,-42% Můj Albert dnes končí,2026-10-06,https://www.kupi.cz/letak/albert-hypermarket-letak-651?page=46&map=215325906,https://img.kupi.cz/kupi/thumbs/syr-eidam-jihocesky-30-madeta-1_170_340.png,2026-10-06T17:42:57+02:00
Albert,Mléčné výrobky a vejce,14286,Sýr Eidam Jihočeský 30% Madeta 100 g,syr_eidam_jihocesky_madeta,21.9,34.76,Kč,"21,90 Kč / 100 g",219.0,,False,,,-37% dnes končí,2026-10-06,https://www.kupi.cz/letaky/albert,https://img.kupi.cz/kupi/thumbs/syr-eidam-jihocesky-30-madeta-1_170_340.png,2026-10-06T17:42:57+02:00
Albert,Mléčné výrobky a vejce,14286,Sýr Eidam Jihočeský 30% Madeta 100 g,syr_eidam_jihocesky_madeta,21.9,34.76,Kč,"21,90 Kč / 100 g",219.0,,False,,,-37% dnes končí,2026-10-06,https://www.kupi.cz/letak/albert-hypermarket-letak-651?page=46&map=215325903,https://img.kupi.cz/kupi/thumbs/syr-eidam-jihocesky-30-madeta-1_170_340.png,2026-10-06T17:42:57+02:00
Albert,Mléčné výrobky a vejce,28693,Ochucený jogurt řecký 0% Milko 140 g,ochuceny_jogurt_recky_milko,14.9,22.58,Kč,"10,64 Kč / 100 g",106.4,,False,,,-34% dnes končí,2026-10-06,https://www.kupi.cz/letak/albert-hypermarket-letak-651?page=16&map=215325663,https://img.kupi.cz/kupi/thumbs/jogurt-recky-ochuceny-milko-1_170_340.jpg,2026-10-06T17:42:57+02:00
Albert,Mléčné výrobky a vejce,25,Termix Mlékárna Kunín 90 g,termix_mlekarna_kunin,8.9,15.89,Kč,"9,89 Kč / 100 g",98.9,,False,,,-44% st 7. 10. – út 13. 10.,2026-10-07 - 2026-10-13,https://www.kupi.cz/letak/albert-hypermarket-letak-652?page=22&map=216230988,https://img.kupi.cz/kupi/thumbs/termix-mlekarna-kunin-2_170_340.jpg,2026-10-06T17:42:57+02:00
Albert,Mléčné výrobky a vejce,25,Termix Mlékárna Kunín 90 g,termix_mlekarna_kunin,8.9,15.89,Kč,"9,89 Kč / 100 g",98.9,,False,,,-44% dnes končí,2026-10-06,https://www.kupi.cz/letak/albert-supermarket-letak-701?page=24&map=215340804,https://img.kupi.cz/kupi/thumbs/termix-mlekarna-kunin-2_170_340.jpg,2026-10-06T17:42:57+02:00
Albert,Mléčné výrobky a vejce,62246,Tradiční pomazánkové Jihočeské Madeta 150 g,tradicni_pomazankove_jihoceske_madeta,28.9,38.53,Kč,"19,27 Kč / 100 g",192.7,,False,,,-25% st 7. 10. – út 13. 10.,2026-10-07 - 2026-10-13,https://www.kupi.cz/letak/albert-hypermarket-letak-652?page=22&map=216231069,https://img.kupi.cz/kupi/thumbs/tradicni-pomazankove-jihoceske-madeta_170_340.png,2026-10-06T17:42:57+02:00
Albert,Mléčné výrobky a vejce,1181,Sýr tavený Apetito 140 g,syr_taveny_apetito,34.9,49.86,Kč,"24,93 Kč / 100 g",249.3,,False,,,-30% dnes končí,2026-10-06,https://www.kupi.cz/letak/albert-supermarket-letak-701?page=10&map=215339649,https://img.kupi.cz/kupi/thumbs/syr-taveny-apetito_170_340.png,2026-10-06T17:42:57+02:00
Albert,Mléčné výrobky a vejce,1265,Margarín máslová příchuť Perla 450 g,margarin_maslova_prichut_perla,34.9,54.53,Kč,"7,76 Kč / 100 g",77.6,,False,,,-36% dnes končí,2026-10-06,https://www.kupi.cz/letak/albert-supermarket-letak-701?page=23&map=215340678,https://img.kupi.cz/kupi/thumbs/margarin-maslova-prichut-perla_170_340.png,2026-10-06T17:42:57+02:00
Albert,Mléčné výrobky a vejce,216,Bílý jogurt Activia Danone 120 g,bily_jogurt_activia_danone,9.9,19.8,Kč,"8,25 Kč / 100 g",82.5,,True,Můj Albert,9.9,-50% Můj Albert dnes končí,2026-10-06,https://www.kupi.cz/letak/albert-supermarket-letak-frenstat-pod-radhostem-roznovska-4?page=10&map=215350329,https://img.kupi.cz/kupi/thumbs/bily-jogurt-activia-danone_170_340.png,2026-10-06T17:42:57+02:00
Albert,Mléčné výrobky a vejce,216,Bílý jogurt Activia Danone 120 g,bily_jogurt_activia_danone,10.9,19.82,Kč,"9,08 Kč / 100 g",90.8,,False,,,-45% dnes končí,2026-10-06,https://www.kupi.cz/letak/albert-supermarket-letak-frenstat-pod-radhostem-roznovska-4?page=10&map=215350332,https://img.kupi.cz/kupi/thumbs/bily-jogurt-activia-danone_170_340.png,2026-10-06T17:42:57+02:00
Albert,Mléčné výrobky a vejce,30220,Smetana na vaření Mlékárna Kunín 12% 200 g,smetana_na_vareni_mlekarna_kunin,14.9,27.59,Kč,"7,45 Kč / 100 g",74.5,,False,,,-46% dnes končí,2026-10-06,https://www.kupi.cz/letak/albert-supermarket-letak-frenstat-pod-radhostem-roznovska-4?page=11&map=215350599,https://img.kupi.cz/kupi/thumbs/smetana-na-vareni-kunin-12_170_340.jpg,2026-10-06T17:42:57+02:00
Albert,Mléčné výrobky a vejce,235,Sýr tavený Veselá kráva 120 g,syr_taveny_vesela_krava,29.9,53.39,Kč,"24,92 Kč / 100 g",249.2,,False,,,-44% dnes končí,2026-10-06,https://www.kupi.cz/letak/albert-hypermarket-letak-651?page=15&map=215325651,https://img.kupi.cz/kupi/thumbs/syr-taveny-vesela-krava-1_170_340.png,2026-10-06T17:42:57+02:00
Albert,Mléčné výrobky a vejce,415,Actimel Danone 100 g,actimel_danone,79.9,133.17,Kč,"9,99 Kč / 100 g",799.0,,False,,,-40% st 7. 10. – út 13. 10.,2026-10-07 - 2026-10-13,https://www.kupi.cz/letak/albert-hypermarket-letak-652?page=55&map=216230823,https://img.kupi.cz/kupi/thumbs/actimel-danone-1_170_340.jpg,2026-10-06T17:42:57+02:00
Albert,Mléčné výrobky a vejce,415,Actimel Danone 100 g,actimel_danone,79.9,133.17,Kč,"9,99 Kč / 100 g",799.0,,False,,,-40% dnes končí,2026-10-06,https://www.kupi.cz/letak/albert-hypermarket-letak-651?page=46&map=215325900,https://img.kupi.cz/kupi/thumbs/actimel-danone-1_170_340.jpg,2026-10-06T17:42:57+02:00
Albert,Mléčné výrobky a vejce,101958,Margarín máslová příchuť Rama 400 g,margarin_maslova_prichut_rama,54.9,84.46,Kč,"13,72 Kč / 100 g",137.2,,False,,,-35% st 7. 10. – út 13. 10.,2026-10-07 - 2026-10-13,https://www.kupi.cz/letak/albert-supermarket-letak-702?page=23&map=216234891,https://img.kupi.cz/kupi/thumbs/margarin-maslova-prichut-rama_170_340.png,2026-10-06T17:42:57+02:00
Albert,Mléčné výrobky a vejce,2064,Smetana ke šlehání 33% Bohemilk Opočno 250 ml,smetana_ke_slehani_bohemilk_opocno,25.9,46.25,Kč,"10,36 Kč / 100 ml",,,False,,,-44% st 7. 10. – út 13. 10.,2026-10-07 - 2026-10-13,https://www.kupi.cz/letak/albert-supermarket-letak-702?page=22&map=216234825,https://img.kupi.cz/kupi/thumbs/smetana-ke-slehani-33-bohemilk-opocno-1_170_340.jpg,2026-10-06T17:42:58+02:00
Albert,Mléčné výrobky a vejce,2064,Smetana ke šlehání 33% Bohemilk Opočno 250 ml,smetana_ke_slehani_bohemilk_opocno,29.9,46.72,Kč,"11,96 Kč / 100 ml",,,False,,,-36% dnes končí,2026-10-06,https://www.kupi.cz/letak/albert-hypermarket-letak-651?page=16&map=215332380,https://img.kupi.cz/kupi/thumbs/smetana-ke-slehani-33-bohemilk-opocno-1_170_340.jpg,2026-10-06T17:42:58+02:00
Albert,Mléčné výrobky a vejce,47989,Tvaroh polotučný Jihočeský Madeta 250 g,tvaroh_polotucny_jihocesky_madeta,18.9,28.64,Kč,"7,56 Kč / 100 g",75.6,,False,,,-34% st 7. 10. – út 13. 10.,2026-10-07 - 2026-10-13,https://www.kupi.cz/letak/albert-supermarket-letak-702?page=8&map=216234336,https://img.kupi.cz/kupi/thumbs/tvaroh-polotucny-jihocesky-madeta-1_170_340.png,2026-10-06T17:42:58+02:00
Albert,Mléčné výrobky a vejce,1382,Sýr Madeland Madeta 100 g,syr_madeland_madeta,26.9,42.7,Kč,"26,90 Kč / 100 g",269.0,,True,Můj Albert,26.9,-37% Můj Albert st 7. 10. – út 13. 10.,2026-10-07 - 2026-10-13,https://www.kupi.cz/letak/albert-hypermarket-letak-652?page=6&map=216226482,https://img.kupi.cz/kupi/thumbs/syr-madeland-madeta_170_340.png,2026-10-06T17:42:58+02:00
Albert,Mléčné výrobky a vejce,1382,Sýr Madeland Madeta 100 g,syr_madeland_madeta,29.9,42.71,Kč,"29,90 Kč / 100 g",299.0,,False,,,-30% st 7. 10. – út 13. 10.,2026-10-07 - 2026-10-13,https://www.kupi.cz/letak/albert-hypermarket-letak-652?page=6&map=216226485,https://img.kupi.cz/kupi/thumbs/syr-madeland-madeta_170_340.png,2026-10-06T17:42:58+02:00
Albert,Mléčné výrobky a vejce,1807,Jogurt Müller Mix 130 g,jogurt_muller_mix,12.9,22.63,Kč,"9,92 Kč / 100 g",99.2,,True,Můj Albert,12.9,-43% Můj Albert st 7. 10. – út 13. 10.,2026-10-07 - 2026-10-13,https://www.kupi.cz/letak/albert-hypermarket-letak-652?page=8&map=216263790,https://img.kupi.cz/kupi/thumbs/jogurt-mueller-mix_170_340.jpg,2026-10-06T17:42:58+02:00
Albert,Mléčné výrobky a vejce,1807,Jogurt Müller Mix 130 g,jogurt_muller_mix,12.9,22.63,Kč,"9,92 Kč / 100 g",99.2,,True,Můj Albert,12.9,-43% Můj Albert dnes končí,2026-10-06,https://www.kupi.cz/letak/albert-supermarket-letak-701?page=7&map=215339301,https://img.kupi.cz/kupi/thumbs/jogurt-mueller-mix_170_340.jpg,2026-10-06T17:42:58+02:00
Albert,Mléčné výrobky a vejce,1807,Jogurt Müller Mix 130 g,jogurt_muller_mix,15.9,22.71,Kč,"12,23 Kč / 100 g",122.3,,False,,,-30% st 7. 10. – út 13. 10.,2026-10-07 - 2026-10-13,https://www.kupi.cz/letak/albert-hypermarket-letak-652?page=8&map=216263793,https://img.kupi.cz/kupi/thumbs/jogurt-mueller-mix_170_340.jpg,2026-10-06T17:42:58+02:00
Albert,Mléčné výrobky a vejce,1807,Jogurt Müller Mix 130 g,jogurt_muller_mix,15.9,22.71,Kč,"12,23 Kč / 100 g",122.3,,False,,,-30% dnes končí,2026-10-06,https://www.kupi.cz/letak/albert-supermarket-letak-701?page=7&map=215339313,https://img.kupi.cz/kupi/thumbs/jogurt-mueller-mix_170_340.jpg,2026-10-06T17:42:58+02:00
Albert,Mléčné výrobky a vejce,24268,"Mléko čerstvé Mlékárna Kunín - 1,5% polotučné 1 l",mleko_cerstve_mlekarna_kunin_polotucne,28.9,38.53,Kč,"28,90 Kč / 1 l",,,False,,,-25% st 7. 10. – út 13. 10.,2026-10-07 - 2026-10-13,https://www.kupi.cz/letak/albert-hypermarket-letak-652?page=22&map=216231186,https://img.kupi.cz/kupi/thumbs/cerstve-mleko-kunin-1-5-polotucne-3_170_340.jpg,2026-10-06T17:42:58+02:00
Albert,Mléčné výrobky a vejce,1666,Dezert Monte Zott 150 g,dezert_monte_zott,19.9,27.64,Kč,"13,27 Kč / 100 g",132.7,,False,,,-28% st 7. 10. – út 13. 10.,2026-10-07 - 2026-10-13,https://www.kupi.cz/letak/albert-hypermarket-letak-652?page=6&map=216226491,https://img.kupi.cz/kupi/thumbs/dezert-monte-zott_170_340.png,2026-10-06T17:42:58+02:00
Albert,Mléčné výrobky a vejce,241,Řez mléčný Kinder 28 g,rez_mlecny_kinder,13.9,19.86,Kč,"49,64 Kč / 100 g",496.4,,False,,,-30% st 7. 10. – út 13. 10.,2026-10-07 - 2026-10-13,https://www.kupi.cz/letak/albert-supermarket-letak-702?page=22&map=216234828,https://img.kupi.cz/kupi/thumbs/rez-mlecny-kinder-2_170_340.jpg,2026-10-06T17:42:58+02:00
Albert,Mléčné výrobky a vejce,241,Řez mléčný Kinder 28 g,rez_mlecny_kinder,13.9,19.86,Kč,"49,64 Kč / 100 g",496.4,,False,,,-30% dnes končí,2026-10-06,https://www.kupi.cz/letak/albert-hypermarket-letak-651?page=16&map=215332374,https://img.kupi.cz/kupi/thumbs/rez-mlecny-kinder-2_170_340.jpg,2026-10-06T17:42:58+02:00
Albert,Mléčné výrobky a vejce,29,Jogurt smetanový ochucený z Valašska Mlékárna Valašské Meziříčí 150 g,jogurt_smetanovy_ochuceny_z_valasska_mlekarna_valasske_mezirici,8.9,18.54,Kč,"5,93 Kč / 100 g",59.3,,True,Můj Albert,8.9,-52% Můj Albert dnes končí,2026-10-06,https://www.kupi.cz/letak/albert-hypermarket-letak-651?map=215325027,https://img.kupi.cz/kupi/thumbs/jogurt-smetanovy-ochuceny-z-valasska-mlekarna-valasske-mezirici_170_340.jpg,2026-10-06T17:42:58+02:00
Albert,Mléčné výrobky a vejce,29,Jogurt smetanový ochucený z Valašska Mlékárna Valašské Meziříčí 150 g,jogurt_smetanovy_ochuceny_z_valasska_mlekarna_valasske_mezirici,11.9,18.89,Kč,"7,93 Kč / 100 g",79.3,,False,,,-37% dnes končí,2026-10-06,https://www.kupi.cz/letak/albert-hypermarket-letak-651?map=215325024,https://img.kupi.cz/kupi/thumbs/jogurt-smetanovy-ochuceny-z-valasska-mlekarna-valasske-mezirici_170_340.jpg,2026-10-06T17:42:58+02:00
Albert,Mléčné výrobky a vejce,2294,Bílý jogurt smetanový Choceňský 150 g,bily_jogurt_smetanovy_chocensky,14.9,17.74,Kč,"9,93 Kč / 100 g",99.3,,False,,,-16% dnes končí,2026-10-06,https://www.kupi.cz/letak/albert-supermarket-letak-701?page=22&map=215340546,https://img.kupi.cz/kupi/thumbs/jogurt-smetanovy-neochuceny-chocensky_170_340.png,2026-10-06T17:42:58+02:00
Albert,Mléčné výrobky a vejce,9470,Sýr Gran Moravia 100 g,syr_gran_moravia,49.9,69.31,Kč,"49,90 Kč / 100 g",499.0,,True,Můj Albert,49.9,-28% Můj Albert st 7. 10. – út 13. 10.,2026-10-07 - 2026-10-13,https://www.kupi.cz/letak/albert-hypermarket-letak-652?page=21&map=216230952,https://img.kupi.cz/kupi/thumbs/syr-gran-moravia_170_340.jpg,2026-10-06T17:42:58+02:00
Albert,Mléčné výrobky a vejce,9470,Sýr Gran Moravia 100 g,syr_gran_moravia,54.9,69.49,Kč,"54,90 Kč / 100 g",549.0,,False,,,-21% st 7. 10. – út 13. 10.,2026-10-07 - 2026-10-13,https://www.kupi.cz/letak/albert-hypermarket-letak-652?page=21&map=216230961,https://img.kupi.cz/kupi/thumbs/syr-gran-moravia_170_340.jpg,2026-10-06T17:42:58+02:00
Albert,Mléčné výrobky a vejce,4036,Sýr Camembert Président 90 g,syr_camembert_president,29.9,47.46,Kč,"33,22 Kč / 100 g",332.2,,False,,,-37% dnes končí,2026-10-06,https://www.kupi.cz/letak/albert-supermarket-letak-701?page=21&map=215340420,https://img.kupi.cz/kupi/thumbs/syr-camembert-president-1_170_340.jpg,2026-10-06T17:42:58+02:00
Albert,Mléčné výrobky a vejce,280783,Jogurt smetanový Florian Olma 150 g,jogurt_smetanovy_florian_olma,8.9,17.8,Kč,"5,93 Kč / 100 g",59.3,,True,Můj Albert,8.9,-50% Můj Albert dnes končí,2026-10-06,https://www.kupi.cz/letak/albert-supermarket-letak-701?map=215338818,https://img.kupi.cz/kupi/thumbs/jogurt-smetanovy-florian-olma-1_170_340.png,2026-10-06T17:42:58+02:00
Albert,Mléčné výrobky a vejce,280783,Jogurt smetanový Florian Olma 150 g,jogurt_smetanovy_florian_olma,9.9,17.68,Kč,"6,60 Kč / 100 g",66.0,,False,,,-44% dnes končí,2026-10-06,https://www.kupi.cz/letak/albert-supermarket-letak-701?map=215338824,https://img.kupi.cz/kupi/thumbs/jogurt-smetanovy-florian-olma-1_170_340.png,2026-10-06T17:42:58+02:00
Albert,Mléčné výrobky a vejce,929,Kefírové mléko ochucené Mlékárna Valašské Meziříčí 450 g,kefirove_mleko_ochucene_mlekarna_valasske_mezirici,19.9,29.7,Kč,"4,42 Kč / 100 g",44.2,,False,,,-33% st 7. 10. – út 13. 10.,2026-10-07 - 2026-10-13,https://www.kupi.cz/letak/albert-supermarket-letak-702?page=22&map=216234846,https://img.kupi.cz/kupi/thumbs/kefirove-mleko-ochucene-mlekarna-valasske-mezirici_170_340.jpg,2026-10-06T17:42:58+02:00
Albert,Mléčné výrobky a vejce,7570,Sýr tavený smetanový Philadelphia 125 g,syr_taveny_smetanovy_philadelphia,34.9,63.45,Kč,"27,92 Kč / 100 g",279.2,,False,,,-45% dnes končí,2026-10-06,https://www.kupi.cz/letak/albert-supermarket-letak-701?page=21&map=215340450,https://img.kupi.cz/kupi/thumbs/syr-taveny-smetanovy-philadelphia_170_340.png,2026-10-06T17:42:58+02:00
Albert,Mléčné výrobky a vejce,1009,Dezert Bobík 130 g,dezert_bobik,17.9,27.54,Kč,"13,77 Kč / 100 g",137.7,,False,,,-35% st 7. 10. – út 13. 10.,2026-10-07 - 2026-10-13,https://www.kupi.cz/letak/albert-hypermarket-letak-652?page=22&map=216230994,https://img.kupi.cz/kupi/thumbs/dezert-bobik-1_170_340.jpg,2026-10-06T17:42:58+02:00
Albert,Mléčné výrobky a vejce,337573,"Mléko trvanlivé Albert - 3,5% plnotučné 1 l",mleko_trvanlive_plnotucne,15.9,24.84,Kč,"15,90 Kč / 1 l",,,False,,,-36% st 7. 10. – út 13. 10.,2026-10-07 - 2026-10-13,https://www.kupi.cz/letak/albert-hypermarket-letak-652?page=22&map=216231192,https://img.kupi.cz/kupi/thumbs/mleko-trvanlive-albert-35-plnotucne_170_340.png,2026-10-06T17:42:58+02:00
Albert,Mléčné výrobky a vejce,116,Sýr Balsýr Mlékárna Žirovnice 200 g,syr_balsyr_mlekarna_zirovnice,39.9,59.55,Kč,"19,95 Kč / 100 g",199.5,,False,,,-33% st 7. 10. – út 13. 10.,2026-10-07 - 2026-10-13,https://www.kupi.cz/letak/albert-supermarket-letak-702?page=19&map=216234804,https://img.kupi.cz/kupi/thumbs/syr-balsyr-mlekarna-zirovnice_170_340.png,2026-10-06T17:42:58+02:00
Albert,Mléčné výrobky a vejce,116,Sýr Balsýr Mlékárna Žirovnice 200 g,syr_balsyr_mlekarna_zirovnice,39.9,59.55,Kč,"19,95 Kč / 100 g",199.5,,False,,,-33% dnes končí,2026-10-06,https://www.kupi.cz/letak/albert-hypermarket-letak-651?page=15&map=215325630,https://img.kupi.cz/kupi/thumbs/syr-balsyr-mlekarna-zirovnice_170_340.png,2026-10-06T17:42:58+02:00
Albert,Mléčné výrobky a vejce,920,Jogurtový nápoj Activia Danone 280 g,jogurtovy_napoj_activia_danone,19.9,32.62,Kč,"7,11 Kč / 100 g",71.1,,True,Můj Albert,19.9,-39% Můj Albert st 7. 10. – út 13. 10.,2026-10-07 - 2026-10-13,https://www.kupi.cz/letak/albert-supermarket-letak-702?page=8&map=216234348,https://img.kupi.cz/kupi/thumbs/jogurtovy-napoj-activia-danone_170_340.png,2026-10-06T17:42:58+02:00
Albert,Mléčné výrobky a vejce,920,Jogurtový nápoj Activia Danone 280 g,jogurtovy_napoj_activia_danone,19.9,32.62,Kč,"7,11 Kč / 100 g",71.1,,True,Můj Albert,19.9,-39% Můj Albert dnes končí,2026-10-06,https://www.kupi.cz/letak/albert-hypermarket-letak-651?page=8&map=215325264,https://img.kupi.cz/kupi/thumbs/jogurtovy-napoj-activia-danone_170_340.png,2026-10-06T17:42:58+02:00
Albert,Mléčné výrobky a vejce,920,Jogurtový nápoj Activia Danone 280 g,jogurtovy_napoj_activia_danone,21.9,32.69,Kč,"7,82 Kč / 100 g",78.2,,False,,,-33% st 7. 10. – út 13. 10.,2026-10-07 - 2026-10-13,https://www.kupi.cz/letak/albert-supermarket-letak-702?page=8&map=216234351,https://img.kupi.cz/kupi/thumbs/jogurtovy-napoj-activia-danone_170_340.png,2026-10-06T17:42:58+02:00
Albert,Mléčné výrobky a vejce,920,Jogurtový nápoj Activia Danone 280 g,jogurtovy_napoj_activia_danone,21.9,32.69,Kč,"7,82 Kč / 100 g",78.2,,False,,,-33% dnes končí,2026-10-06,https://www.kupi.cz/letak/albert-hypermarket-letak-651?page=8&map=215325261,https://img.kupi.cz/kupi/thumbs/jogurtovy-napoj-activia-danone_170_340.png,2026-10-06T17:42:58+02:00
Albert,Mléčné výrobky a vejce,123,Bílý jogurt z Valašska Mlékárna Valašské Meziříčí 150 g,bily_jogurt_z_valasska_mlekarna_valasske_mezirici,9.9,15.71,Kč,"6,60 Kč / 100 g",66.0,,False,,,-37% dnes končí,2026-10-06,https://www.kupi.cz/letak/albert-hypermarket-letak-651?page=16&map=215325669,https://img.kupi.cz/kupi/thumbs/bily-jogurt-z-valasska-mlekarna-valasske-mezirici_170_340.jpg,2026-10-06T17:43:03+02:00
Albert,Mléčné výrobky a vejce,50450,Sýr Krolewski 45% Milkpol 100 g,syr_krolewski_milkpol,29.9,39.87,Kč,"29,90 Kč / 100 g",299.0,,False,,,-25% dnes končí,2026-10-06,https://www.kupi.cz/letak/albert-hypermarket-letak-651?page=15&map=215325627,https://img.kupi.cz/kupi/thumbs/syr-krolewski-45-milkpol-1_170_340.jpg,2026-10-06T17:43:03+02:00
Albert,Mléčné výrobky a vejce,421,Dezert Kostíci Danone 109 g,dezert_kostici_danone,14.9,22.58,Kč,"13,67 Kč / 100 g",136.7,,False,,,-34% st 7. 10. – út 13. 10.,2026-10-07 - 2026-10-13,https://www.kupi.cz/letak/albert-hypermarket-letak-652?page=55&map=216230826,https://img.kupi.cz/kupi/thumbs/dezert-kostici-danone_170_340.jpg,2026-10-06T17:43:03+02:00
Albert,Mléčné výrobky a vejce,38674,Tvaroh polotučný Tatra 250 g,tvaroh_polotucny_tatra,20.9,29.86,Kč,"8,36 Kč / 100 g",83.6,,False,,,-30% st 7. 10. – út 13. 10.,2026-10-07 - 2026-10-13,https://www.kupi.cz/letak/albert-hypermarket-letak-652?page=22&map=216231018,https://img.kupi.cz/kupi/thumbs/tvaroh-polotucny-3-5-tatra_170_340.jpg,2026-10-06T17:43:03+02:00
Albert,Mléčné výrobky a vejce,925,Mléko kondenzované Jesenka Tatra 75 g,mleko_kondenzovane_jesenka_tatra,22.9,32.71,Kč,"30,53 Kč / 100 g",305.3,,False,,,-30% st 7. 10. – út 13. 10.,2026-10-07 - 2026-10-13,https://www.kupi.cz/letak/albert-supermarket-letak-702?page=22&map=216234834,https://img.kupi.cz/kupi/thumbs/mleko-kondenzovane-jesenka-tatra_170_340.png,2026-10-06T17:43:03+02:00
Albert,Mléčné výrobky a vejce,100899,Dezert zakysaný ochucený Můj Skyr 0% Milko 130 g,dezert_zakysany_ochuceny_muj_skyr_milko,14.9,21.59,Kč,"11,46 Kč / 100 g",114.6,,False,,,-31% st 7. 10. – út 13. 10.,2026-10-07 - 2026-10-13,https://www.kupi.cz/letak/albert-hypermarket-letak-652?page=27&map=216266199,https://img.kupi.cz/kupi/thumbs/dezert-zakysany-ochuceny-muj-skyr-0-milko_170_340.jpg,2026-10-06T17:43:03+02:00
Albert,Mléčné výrobky a vejce,8264,Sýr Syreček Jihočeský Madeta 90 g,syr_syrecek_jihocesky_madeta,19.9,32.62,Kč,"22,11 Kč / 100 g",221.1,,False,,,-39% st 7. 10. – út 13. 10.,2026-10-07 - 2026-10-13,https://www.kupi.cz/letak/albert-hypermarket-letak-652?page=21&map=216230943,https://img.kupi.cz/kupi/thumbs/syr-syrecek-jihocesky-madeta-3_170_340.jpg,2026-10-06T17:43:03+02:00
Albert,Mléčné výrobky a vejce,38052,Sýr Blaťácké zlato Madeta 120 g,syr_blatacke_zlato_madeta,31.9,39.87,Kč,"26,58 Kč / 100 g",265.8,,False,,,-20% dnes končí,2026-10-06,https://www.kupi.cz/letak/albert-hypermarket-letak-651?page=15&map=215325606,https://img.kupi.cz/kupi/thumbs/syr-blatacke-zlato-madeta_170_340.jpg,2026-10-06T17:43:03+02:00
Albert,Mléčné výrobky a vejce,38052,Sýr Blaťácké zlato Madeta 120 g,syr_blatacke_zlato_madeta,32.9,38.71,Kč,"27,42 Kč / 100 g",274.2,,False,,,-15% st 7. 10. – út 13. 10.,2026-10-07 - 2026-10-13,https://www.kupi.cz/letak/albert-supermarket-letak-702?page=19&map=216234786,https://img.kupi.cz/kupi/thumbs/syr-blatacke-zlato-madeta_170_340.jpg,2026-10-06T17:43:03+02:00
Albert,Mléčné výrobky a vejce,2705,Balkánský sýr Madeta 115 g,balkansky_syr_madeta,29.9,35.6,Kč,"26,00 Kč / 100 g",260.0,,False,,,-16% dnes končí,2026-10-06,https://www.kupi.cz/letak/albert-supermarket-letak-701?page=21&map=215340438,https://img.kupi.cz/kupi/thumbs/balkansky-syr-madeta_170_340.jpg,2026-10-06T17:43:03+02:00
Albert,Mléčné výrobky a vejce,749,Lučina Nadýchaná 140 g,lucina_nadychana,39.9,54.66,Kč,"28,50 Kč / 100 g",285.0,,False,,,-27% st 7. 10. – út 13. 10.,2026-10-07 - 2026-10-13,https://www.kupi.cz/letak/albert-hypermarket-letak-652?page=21&map=216230973,https://img.kupi.cz/kupi/thumbs/lucina-nadychana-1_170_340.jpg,2026-10-06T17:43:03+02:00
Albert,Mléčné výrobky a vejce,6662,Šlehačka de luxe Mlékárna Kunín 40% 200 g,slehacka_de_luxe_mlekarna_kunin,37.9,49.87,Kč,"18,95 Kč / 100 g",189.5,,False,,,-24% dnes končí,2026-10-06,https://www.kupi.cz/letak/albert-supermarket-letak-701?page=10&map=215339673,https://img.kupi.cz/kupi/thumbs/slehacka-de-luxe-mlekarna-kunin-40_170_340.png,2026-10-06T17:43:03+02:00
Albert,Mléčné výrobky a vejce,643,Balkánský sýr 180 g,balkansky_syr,44.9,53.45,Kč,"24,94 Kč / 100 g",249.4,,False,,,-16% st 7. 10. – út 13. 10.,2026-10-07 - 2026-10-13,https://www.kupi.cz/letak/albert-hypermarket-letak-652?page=21&map=216230934,https://img.kupi.cz/kupi/thumbs/balkansky-syr_170_340.jpg,2026-10-06T17:43:03+02:00
Albert,Mléčné výrobky a vejce,22602,Tradiční pomazánkové Olma 150 g,tradicni_pomazankove_olma,29.9,39.87,Kč,"19,93 Kč / 100 g",199.3,,False,,,-25% dnes končí,2026-10-06,https://www.kupi.cz/letak/albert-supermarket-letak-701?page=24&map=215340873,https://img.kupi.cz/kupi/thumbs/tradicni-pomazankove-olma_170_340.png,2026-10-06T17:43:03+02:00
Albert,Mléčné výrobky a vejce,40152,Jogurt ochucený Activia Danone 120 g,jogurt_ochuceny_activia_danone,9.9,19.8,Kč,"8,25 Kč / 100 g",82.5,,True,Můj Albert,9.9,-50% Můj Albert dnes končí,2026-10-06,https://www.kupi.cz/letak/albert-supermarket-letak-701?page=6&map=215339046,https://img.kupi.cz/kupi/thumbs/jogurt-ochuceny-activia-danone_170_340.jpg,2026-10-06T17:43:03+02:00
Albert,Mléčné výrobky a vejce,40152,Jogurt ochucený Activia Danone 120 g,jogurt_ochuceny_activia_danone,10.9,19.82,Kč,"9,08 Kč / 100 g",90.8,,False,,,-45% dnes končí,2026-10-06,https://www.kupi.cz/letak/albert-supermarket-letak-701?page=6&map=215339043,https://img.kupi.cz/kupi/thumbs/jogurt-ochuceny-activia-danone_170_340.jpg,2026-10-06T17:43:03+02:00
Albert,Mléčné výrobky a vejce,1579,Sýr Mini Babybel Veselá kráva 20 g,syr_mini_babybel_vesela_krava,58.9,69.29,Kč,"58,90 Kč / 100 g",2945.0,,False,,,-15% st 7. 10. – út 13. 10.,2026-10-07 - 2026-10-13,https://www.kupi.cz/letak/albert-hypermarket-letak-652?page=27&map=216266208,https://img.kupi.cz/kupi/thumbs/syr-mini-babybel-vesela-krava_170_340.jpg,2026-10-06T17:43:03+02:00
Albert,Mléčné výrobky a vejce,47946,Sýr tavený Primátor Madeta 140 g,syr_taveny_primator_madeta,39.9,48.66,Kč,"28,50 Kč / 100 g",285.0,,False,,,-18% st 7. 10. – út 13. 10.,2026-10-07 - 2026-10-13,https://www.kupi.cz/letak/albert-supermarket-letak-702?page=25&map=216234969,https://img.kupi.cz/kupi/thumbs/syr-taveny-primator-madeta_170_340.jpg,2026-10-06T17:43:03+02:00
Albert,Mléčné výrobky a vejce,4444,Tavené sýry Président 150 g,tavene_syry_president,29.9,48.23,Kč,"19,93 Kč / 100 g",199.3,,False,,,-38% dnes končí,2026-10-06,https://www.kupi.cz/letak/albert-supermarket-letak-701?page=21&map=215340495,https://img.kupi.cz/kupi/thumbs/syr-taveny-president-1_170_340.jpg,2026-10-06T17:43:03+02:00
Albert,Mléčné výrobky a vejce,4887,Kefírové mléko Mlékárna Kunín 300 g,kefirove_mleko_mlekarna_kunin,19.9,24.87,Kč,"6,63 Kč / 100 g",66.3,,False,,,-20% st 7. 10. – út 13. 10.,2026-10-07 - 2026-10-13,https://www.kupi.cz/letak/albert-hypermarket-letak-652?page=22&map=216231087,https://img.kupi.cz/kupi/thumbs/kefirove-mleko-kunin-1_170_340.jpg,2026-10-06T17:43:03+02:00
Albert,Mléčné výrobky a vejce,4887,Kefírové mléko Mlékárna Kunín 300 g,kefirove_mleko_mlekarna_kunin,19.9,24.87,Kč,"6,63 Kč / 100 g",66.3,,False,,,-20% dnes končí,2026-10-06,https://www.kupi.cz/letak/albert-supermarket-letak-701?page=22&map=215340582,https://img.kupi.cz/kupi/thumbs/kefirove-mleko-kunin-1_170_340.jpg,2026-10-06T17:43:03+02:00
Albert,Mléčné výrobky a vejce,416,Jogurt Fantasia Danone 118 g,jogurt_fantasia_danone,14.9,22.58,Kč,"12,63 Kč / 100 g",126.3,,False,,,-34% st 7. 10. – út 13. 10.,2026-10-07 - 2026-10-13,https://www.kupi.cz/letak/albert-hypermarket-letak-znojmo-brnenska-2?page=12&map=216236412,https://img.kupi.cz/kupi/thumbs/dezert-fantasia-danone-1_170_340.jpg,2026-10-06T17:43:04+02:00
Albert,Mléčné výrobky a vejce,2597,Mléčná krupice Mlékárna Kunín 150 g,mlecna_krupice_mlekarna_kunin,17.9,24.86,Kč,"11,93 Kč / 100 g",119.3,,False,,,-28% st 7. 10. – út 13. 10.,2026-10-07 - 2026-10-13,https://www.kupi.cz/letak/albert-supermarket-letak-702?page=22&map=216234819,https://img.kupi.cz/kupi/thumbs/krupice-mlecna-kunin_170_340.jpg,2026-10-06T17:43:04+02:00
Albert,Mléčné výrobky a vejce,119564,Dezert zakysaný ochucený Skyr Bohušovická mlékárna 130 g,dezert_zakysany_ochuceny_skyr_bohusovicka_mlekarna,16.9,22.84,Kč,"13,00 Kč / 100 g",130.0,,False,,,-26% st 7. 10. – út 13. 10.,2026-10-07 - 2026-10-13,https://www.kupi.cz/letak/albert-hypermarket-letak-652?page=22&map=216231006,https://img.kupi.cz/kupi/thumbs/jogurt-ochuceny-skyr-bohusovicka-mlekarna_170_340.jpg,2026-10-06T17:43:04+02:00
Albert,Mléčné výrobky a vejce,644,Sýr Mozzarella Italat 100 g,syr_mozzarella_italat,19.9,39.8,Kč,"19,90 Kč / 100 g",199.0,,False,,,-50% dnes končí,2026-10-06,https://www.kupi.cz/letak/albert-supermarket-letak-701?page=10&map=215339685,https://img.kupi.cz/kupi/thumbs/syr-mozzarella-italat-1_170_340.jpg,2026-10-06T17:43:04+02:00
Albert,Mléčné výrobky a vejce,163958,Jogurt Florian Olma 150 g,jogurt_florian_olma,7.9,15.8,Kč,"5,27 Kč / 100 g",52.7,,False,,,-50% st 7. 10. – út 13. 10.,2026-10-07 - 2026-10-13,https://www.kupi.cz/letak/albert-supermarket-letak-702?page=22&map=216234822,https://img.kupi.cz/kupi/thumbs/jogurt-florian-olma_170_340.png,2026-10-06T17:43:04+02:00
Albert,Mléčné výrobky a vejce,2034,Sýr tavený smetanový Madetka 200 g,syr_taveny_smetanovy_madetka,34.9,41.55,Kč,"17,45 Kč / 100 g",174.5,,False,,,-16% st 7. 10. – út 13. 10.,2026-10-07 - 2026-10-13,https://www.kupi.cz/letak/albert-hypermarket-letak-652?page=27&map=216266211,https://img.kupi.cz/kupi/thumbs/syr-taveny-smetanovy-madetka_170_340.jpg,2026-10-06T17:43:04+02:00
Albert,Mléčné výrobky a vejce,1011,Mléčný Pohár Mlékárna Kunín 150 g,mlecny_pohar_mlekarna_kunin,13.9,20.75,Kč,"9,27 Kč / 100 g",92.7,,False,,,-33% dnes končí,2026-10-06,https://www.kupi.cz/letak/albert-hypermarket-letak-651?page=18&map=215332458,https://img.kupi.cz/kupi/thumbs/mlecny-pohar-mlekarna-kunin_170_340.png,2026-10-06T17:43:04+02:00
Albert,Mléčné výrobky a vejce,325493,Sýr Gouda 48% Albert 500 g,syr_gouda,74.9,98.55,Kč,"14,98 Kč / 100 g",149.8,,True,Můj Albert,74.9,-24% Můj Albert st 7. 10. – út 13. 10.,2026-10-07 - 2026-10-13,https://www.kupi.cz/letak/albert-hypermarket-letak-652?page=21&map=216230937,https://img.kupi.cz/kupi/thumbs/syr-gouda-48-albert-1_170_340.jpg,2026-10-06T17:43:04+02:00
Albert,Mléčné výrobky a vejce,325493,Sýr Gouda 48% Albert 500 g,syr_gouda,79.9,98.64,Kč,"15,98 Kč / 100 g",159.8,,False,,,-19% st 7. 10. – út 13. 10.,2026-10-07 - 2026-10-13,https://www.kupi.cz/letak/albert-hypermarket-letak-652?page=21&map=216230940,https://img.kupi.cz/kupi/thumbs/syr-gouda-48-albert-1_170_340.jpg,2026-10-06T17:43:04+02:00
Albert,Mléčné výrobky a vejce,30858,Dezert mléčný Monte Snack Zott 29 g,dezert_mlecny_monte_snack_zott,10.9,15.8,Kč,"37,59 Kč / 100 g",375.9,,False,,,-31% dnes končí,2026-10-06,https://www.kupi.cz/letak/albert-supermarket-letak-701?page=10&map=215339655,https://img.kupi.cz/kupi/thumbs/dezert-mlecny-monte-snack-zott_170_340.jpg,2026-10-06T17:43:04+02:00
Albert,Mléčné výrobky a vejce,22,Sýr a křup Veselá kráva 35 g,syr_a_krup_vesela_krava,16.9,19.88,Kč,"48,29 Kč / 100 g",482.9,,False,,,-15% dnes končí,2026-10-06,https://www.kupi.cz/letak/albert-supermarket-letak-701?page=24&map=215340840,https://img.kupi.cz/kupi/thumbs/syr-a-krup-vesela-krava-1_170_340.jpg,2026-10-06T17:43:04+02:00
Albert,Mléčné výrobky a vejce,217,Dezert pudink se šlehačkou Olma 200 g,dezert_pudink_se_slehackou_olma,13.9,19.86,Kč,"6,95 Kč / 100 g",69.5,,False,,,-30% st 7. 10. – út 13. 10.,2026-10-07 - 2026-10-13,https://www.kupi.cz/letak/albert-supermarket-letak-702?page=25&map=216234966,https://img.kupi.cz/kupi/thumbs/dezert-pudink-se-slehackou-olma_170_340.jpg,2026-10-06T17:43:04+02:00
Albert,Mléčné výrobky a vejce,10275,Sýr Bryndza Liptov 100 g,syr_bryndza_liptov,44.9,54.76,Kč,"44,90 Kč / 100 g",449.0,,False,,,-18% dnes končí,2026-10-06,https://www.kupi.cz/letak/albert-supermarket-letak-701?page=24&map=215340834,https://img.kupi.cz/kupi/thumbs/bryndza-liptov_170_340.jpg,2026-10-06T17:43:04+02:00
Albert,Mléčné výrobky a vejce,2774,Smetana zakysaná Olma 16% 200 g,smetana_zakysana_olma,19.9,29.7,Kč,"9,95 Kč / 100 g",99.5,,False,,,-33% st 7. 10. – út 13. 10.,2026-10-07 - 2026-10-13,https://www.kupi.cz/letak/albert-supermarket-letak-702?page=22&map=216234840,https://img.kupi.cz/kupi/thumbs/smetana-zakysana-olma-16-1_170_340.jpg,2026-10-06T17:43:04+02:00
Albert,Mléčné výrobky a vejce,2774,Smetana zakysaná Olma 16% 200 g,smetana_zakysana_olma,19.9,29.7,Kč,"9,95 Kč / 100 g",99.5,,False,,,-33% dnes končí,2026-10-06,https://www.kupi.cz/letak/albert-hypermarket-letak-651?page=16&map=215332383,https://img.kupi.cz/kupi/thumbs/smetana-zakysana-olma-16-1_170_340.jpg,2026-10-06T17:43:04+02:00
Albert,Mléčné výrobky a vejce,46165,Smetana ke šlehání 30% bez laktózy Meggle 200 ml,smetana_ke_slehani_bez_laktozy_meggle,39.9,49.87,Kč,"19,95 Kč / 100 ml",,,False,,,-20% st 7. 10. – út 13. 10.,2026-10-07 - 2026-10-13,https://www.kupi.cz/letak/albert-hypermarket-letak-652?page=23&map=216231393,https://img.kupi.cz/kupi/thumbs/smetana-ke-slehani-30-bez-laktozy-meggle_170_340.jpg,2026-10-06T17:43:04+02:00
Albert,Mléčné výrobky a vejce,225492,Máslo bez laktózy Free From Nature's Promise 125 g,maslo_bez_laktozy_free_from_nature_s_promise,34.9,47.81,Kč,"27,92 Kč / 100 g",279.2,,False,,,-27% st 7. 10. – út 13. 10.,2026-10-07 - 2026-10-13,https://www.kupi.cz/letak/albert-supermarket-letak-702?page=24&map=216234960,https://img.kupi.cz/kupi/thumbs/maslo-bez-laktozy-free-from-natures-promise_170_340.png,2026-10-06T17:43:04+02:00
Albert,Mléčné výrobky a vejce,295994,Dezert Lipánek tvarohový Madeta 130 g,dezert_lipanek_tvarohovy_madeta,16.9,23.8,Kč,"13,00 Kč / 100 g",130.0,,False,,,-29% st 7. 10. – út 13. 10.,2026-10-07 - 2026-10-13,https://www.kupi.cz/letak/albert-hypermarket-letak-652?page=22&map=216231336,https://img.kupi.cz/kupi/thumbs/dezert-lipanek-tvarohovy-madeta-1_170_340.jpg,2026-10-06T17:43:04+02:00
Albert,Mléčné výrobky a vejce,346237,Dezert Tvarohový mls Míša Olma 130 g,dezert_tvarohovy_mls_misa_olma,15.9,24.84,Kč,"12,23 Kč / 100 g",122.3,,False,,,-36% st 7. 10. – út 20. 10.,2026-10-07 - 2026-10-20,https://www.kupi.cz/letak/albert-supermarket-nabidka-ve-znackove-kvalite-3?page=3&map=216205776,https://img.kupi.cz/kupi/thumbs/dezert-tvarohovy-mls-misa-olma_170_340.png,2026-10-06T17:43:04+02:00
Albert,Mléčné výrobky a vejce,20026,Sýry Président 100 g,syry_president,44.9,62.36,Kč,"44,90 Kč / 100 g",449.0,,False,,,-28% st 7. 10. – út 13. 10.,2026-10-07 - 2026-10-13,https://www.kupi.cz/letak/albert-hypermarket-letak-652?page=21&map=216230964,https://img.kupi.cz/kupi/thumbs/syry-president_170_340.jpg,2026-10-06T17:43:04+02:00
Albert,Mléčné výrobky a vejce,23144,Sýr Jadel 110 g,syr_jadel,35.9,44.87,Kč,"32,64 Kč / 100 g",326.4,,False,,,-20% dnes končí,2026-10-06,https://www.kupi.cz/letak/albert-supermarket-letak-701?page=21&map=215340486,https://img.kupi.cz/kupi/thumbs/syr-jadel_170_340.jpg,2026-10-06T17:43:05+02:00
Albert,Mléčné výrobky a vejce,336547,Sýr Eidam 45% Albert,syr_eidam,31.9,48.33,Kč,"12,76 Kč / 100 g",127.6,,True,Můj Albert,31.9,-34% Můj Albert dnes končí,2026-10-06,https://www.kupi.cz/letak/albert-supermarket-letak-701?map=215338755,https://img.kupi.cz/kupi/thumbs/syr-eidam-45-albert-2_170_340.jpg,2026-10-06T17:43:05+02:00
Albert,Mléčné výrobky a vejce,336547,Sýr Eidam 45% Albert,syr_eidam,25.9,39.85,Kč,"12,95 Kč / 100 g",129.5,,True,Můj Albert,25.9,-35% Můj Albert dnes končí,2026-10-06,https://www.kupi.cz/letak/albert-hypermarket-letak-651?map=215325033,https://img.kupi.cz/kupi/thumbs/syr-eidam-45-albert-2_170_340.jpg,2026-10-06T17:43:05+02:00
Albert,Mléčné výrobky a vejce,336547,Sýr Eidam 45% Albert,syr_eidam,34.9,48.47,Kč,"13,96 Kč / 100 g",139.6,,False,,,-28% dnes končí,2026-10-06,https://www.kupi.cz/letak/albert-supermarket-letak-701?map=215338761,https://img.kupi.cz/kupi/thumbs/syr-eidam-45-albert-2_170_340.jpg,2026-10-06T17:43:05+02:00
Albert,Mléčné výrobky a vejce,336547,Sýr Eidam 45% Albert,syr_eidam,29.9,39.87,Kč,"14,95 Kč / 100 g",149.5,,False,,,-25% dnes končí,2026-10-06,https://www.kupi.cz/letak/albert-hypermarket-letak-651?map=215325030,https://img.kupi.cz/kupi/thumbs/syr-eidam-45-albert-2_170_340.jpg,2026-10-06T17:43:05+02:00
Albert,Mléčné výrobky a vejce,336547,Sýr Eidam 45% Albert,syr_eidam,74.9,98.55,Kč,"14,98 Kč / 100 g",149.8,,True,Můj Albert,74.9,-24% Můj Albert st 7. 10. – út 13. 10.,2026-10-07 - 2026-10-13,https://www.kupi.cz/letak/albert-supermarket-letak-702?page=19&map=216234774,https://img.kupi.cz/kupi/thumbs/syr-eidam-45-albert-2_170_340.jpg,2026-10-06T17:43:05+02:00
Albert,Mléčné výrobky a vejce,336547,Sýr Eidam 45% Albert,syr_eidam,79.9,98.64,Kč,"15,98 Kč / 100 g",159.8,,False,,,-19% st 7. 10. – út 13. 10.,2026-10-07 - 2026-10-13,https://www.kupi.cz/letak/albert-supermarket-letak-702?page=19&map=216234777,https://img.kupi.cz/kupi/thumbs/syr-eidam-45-albert-2_170_340.jpg,2026-10-06T17:43:05+02:00
Albert,Mléčné výrobky a vejce,142640,"Mléko čerstvé bez laktózy Free From Nature's Promise - 1,5% polotučné 1 l",mleko_cerstve_bez_laktozy_free_from_nature_s_promise_polotucne,28.9,36.58,Kč,"28,90 Kč / 1 l",,,False,,,-21% st 7. 10. – út 13. 10.,2026-10-07 - 2026-10-13,https://www.kupi.cz/letak/albert-supermarket-letak-702?page=24&map=216234951,https://img.kupi.cz/kupi/thumbs/mleko-cerstve-bez-laktozy-bio-natures-promise-15-polotucne_170_340.png,2026-10-06T17:43:05+02:00
Albert,Mléčné výrobky a vejce,9302,Nápoj mléko ochucené Kravík Tatra 250 ml,napoj_mleko_ochucene_kravik_tatra,16.9,20.86,Kč,"6,76 Kč / 100 ml",,,False,,,-19% dnes končí,2026-10-06,https://www.kupi.cz/letak/albert-hypermarket-letak-651?page=18&map=215332467,https://img.kupi.cz/kupi/thumbs/napoj-mleko-ochucene-kravik-tatra_170_340.jpg,2026-10-06T17:43:05+02:00
Albert,Mléčné výrobky a vejce,324437,Tvaroh polotučný Olomoucký Olma 250 g,tvaroh_polotucny_olomoucky_olma,23.9,29.87,Kč,"9,56 Kč / 100 g",95.6,,False,,,-20% dnes končí,2026-10-06,https://www.kupi.cz/letak/albert-hypermarket-letak-651?page=16&map=215332371,https://img.kupi.cz/kupi/thumbs/tvaroh-polotucny-olomoucky-olma_170_340.png,2026-10-06T17:43:05+02:00
Albert,Mléčné výrobky a vejce,449427,Sýr Niva Jihočeská 45% Madeta 100 g,syr_niva_jihoceska_madeta,24.9,38.31,Kč,"24,90 Kč / 100 g",249.0,,False,,,-35% st 7. 10. – út 13. 10.,2026-10-07 - 2026-10-13,https://www.kupi.cz/letak/albert-hypermarket-letak-652?page=6&map=216226494,https://img.kupi.cz/kupi/thumbs/syr-niva-jihoceska-45-madeta-1_170_340.jpg,2026-10-06T17:43:05+02:00
Albert,Mléčné výrobky a vejce,449427,Sýr Niva Jihočeská 45% Madeta 100 g,syr_niva_jihoceska_madeta,25.9,32.78,Kč,"25,90 Kč / 100 g",259.0,,False,,,-21% dnes končí,2026-10-06,https://www.kupi.cz/letak/albert-supermarket-letak-701?page=21&map=215340411,https://img.kupi.cz/kupi/thumbs/syr-niva-jihoceska-45-madeta-1_170_340.jpg,2026-10-06T17:43:05+02:00
Albert,Mléčné výrobky a vejce,2113,Sýr Horácký 30% Bohemilk Opočno 100 g,syr_horacky_bohemilk_opocno,24.9,42.2,Kč,"24,90 Kč / 100 g",249.0,,False,,,-41% dnes končí,2026-10-06,https://www.kupi.cz/letak/albert-hypermarket-letak-651?page=15&map=215325609,https://img.kupi.cz/kupi/thumbs/syr-horacky-30-bohemilk-opocno_170_340.jpg,2026-10-06T17:43:05+02:00
Albert,Mléčné výrobky a vejce,176857,Bílý jogurt bez laktózy Free From Nature's Promise 180 g,bily_jogurt_bez_laktozy_free_from_nature_s_promise,10.9,16.77,Kč,"6,06 Kč / 100 g",60.6,,False,,,-35% st 7. 10. – út 13. 10.,2026-10-07 - 2026-10-13,https://www.kupi.cz/letak/albert-supermarket-letak-702?page=24&map=216234945,https://img.kupi.cz/kupi/thumbs/bily-jogurt-bez-laktozy-free-from-nature-s-promise-1_170_340.jpg,2026-10-06T17:43:05+02:00
Albert,Mléčné výrobky a vejce,79866,Kefírové mléko ochucené Mlékárna Kunín 300 g,kefirove_mleko_ochucene_mlekarna_kunin,19.9,24.87,Kč,"6,63 Kč / 100 g",66.3,,False,,,-20% st 7. 10. – út 13. 10.,2026-10-07 - 2026-10-13,https://www.kupi.cz/letak/albert-hypermarket-letak-652?page=22&map=216231093,https://img.kupi.cz/kupi/thumbs/kefirove-mleko-ochucene-kunin-1_170_340.jpg,2026-10-06T17:43:05+02:00
Albert,Mléčné výrobky a vejce,43572,Bifi Drink bio Hollandia 230 g,bifi_drink_bio_hollandia,21.9,31.74,Kč,"9,52 Kč / 100 g",95.2,,False,,,-31% st 7. 10. – út 13. 10.,2026-10-07 - 2026-10-13,https://www.kupi.cz/letak/albert-hypermarket-letak-652?page=22&map=216231072,https://img.kupi.cz/kupi/thumbs/bifi-drink-bio-hollandia-1_170_340.jpg,2026-10-06T17:43:05+02:00
Albert,Mléčné výrobky a vejce,59000,Žervé z Poděbrad Milko 80 g,zerve_z_podebrad_milko,14.9,24.83,Kč,"18,62 Kč / 100 g",186.2,,False,,,-40% dnes končí,2026-10-06,https://www.kupi.cz/letak/albert-supermarket-letak-701?page=21&map=215340477,https://img.kupi.cz/kupi/thumbs/zerve-z-podebrad-milko_170_340.png,2026-10-06T17:43:05+02:00
Albert,Mléčné výrobky a vejce,5115,Nápoj mléko ochucené Lipánek Madeta 0.25 l,napoj_mleko_ochucene_lipanek_madeta,11.9,19.83,Kč,"47,60 Kč / 1 l",,,False,,,-40% st 7. 10. – út 13. 10.,2026-10-07 - 2026-10-13,https://www.kupi.cz/letak/albert-hypermarket-letak-652?page=27&map=216266202,https://img.kupi.cz/kupi/thumbs/napoj-mleko-ochucene-lipanek-madeta-1_170_340.jpg,2026-10-06T17:43:05+02:00
Albert,Mléčné výrobky a vejce,5115,Nápoj mléko ochucené Lipánek Madeta 0.25 l,napoj_mleko_ochucene_lipanek_madeta,11.9,16.76,Kč,"47,60 Kč / 1 l",,,False,,,-29% dnes končí,2026-10-06,https://www.kupi.cz/letak/albert-supermarket-letak-701?page=24&map=215340825,https://img.kupi.cz/kupi/thumbs/napoj-mleko-ochucene-lipanek-madeta-1_170_340.jpg,2026-10-06T17:43:05+02:00
Albert,Mléčné výrobky a vejce,398011,Dezert Carte D'or 140 g,dezert_carte_d_or,15.9,24.84,Kč,"11,36 Kč / 100 g",113.6,,False,,,-36% st 7. 10. – út 20. 10.,2026-10-07 - 2026-10-20,https://www.kupi.cz/letak/albert-supermarket-nabidka-ve-znackove-kvalite-3?map=216205647,https://img.kupi.cz/kupi/thumbs/dezert-carte-dor-1_170_340.jpg,2026-10-06T17:43:05+02:00
Albert,Mléčné výrobky a vejce,10193,Sýr a křup Kiri 35 g,syr_a_krup_kiri,16.9,19.88,Kč,"48,29 Kč / 100 g",482.9,,False,,,-15% dnes končí,2026-10-06,https://www.kupi.cz/letak/albert-hypermarket-letak-651?page=18&map=215332476,https://img.kupi.cz/kupi/thumbs/kiri-krup_170_340.jpg,2026-10-06T17:43:05+02:00
Albert,Mléčné výrobky a vejce,26531,Sýr Oštěpek Liptov 90 g,syr_ostepek_liptov,34.9,44.74,Kč,"38,78 Kč / 100 g",387.8,,False,,,-22% st 7. 10. – út 20. 10.,2026-10-07 - 2026-10-20,https://www.kupi.cz/letak/albert-supermarket-nabidka-ve-znackove-kvalite-3?page=5&map=216205842,https://img.kupi.cz/kupi/thumbs/syr-ostepek-liptov_170_340.jpg,2026-10-06T17:43:05+02:00
Albert,Mléčné výrobky a vejce,26531,Sýr Oštěpek Liptov 90 g,syr_ostepek_liptov,34.9,44.74,Kč,"38,78 Kč / 100 g",387.8,,False,,,-22% st 7. 10. – út 13. 10.,2026-10-07 - 2026-10-13,https://www.kupi.cz/letak/albert-hypermarket-letak-652?page=21&map=216230949,https://img.kupi.cz/kupi/thumbs/syr-ostepek-liptov_170_340.jpg,2026-10-06T17:43:05+02:00
Albert,Mléčné výrobky a vejce,306401,Tvaroh polotučný bez laktózy Free From Nature's Promise 250 g,tvaroh_polotucny_bez_laktozy_free_from_nature_s_promise,25.9,32.78,Kč,"10,36 Kč / 100 g",103.6,,False,,,-21% st 7. 10. – út 13. 10.,2026-10-07 - 2026-10-13,https://www.kupi.cz/letak/albert-supermarket-letak-702?page=24&map=216234963,https://img.kupi.cz/kupi/thumbs/tvaroh-polotucny-free-from-natures-promise_170_340.jpg,2026-10-06T17:43:05+02:00
Albert,Mléčné výrobky a vejce,508101,Vejce z podestýlky L Albert 10 ks,vejce_z_podestylky_l,39.9,64.35,Kč,"3,99 Kč / 1 ks",,3.99,False,,,-38% dnes končí,2026-10-06,https://www.kupi.cz/letak/albert-hypermarket-letak-651?page=17&map=215332413,https://www.kupi.cz/img/no_img/no_discounts.png,2026-10-06T17:43:05+02:00
Albert,Mléčné výrobky a vejce,147212,Ochucený jogurt bez laktózy Free From Nature's Promise,ochuceny_jogurt_bez_laktozy_free_from_nature_s_promise,13.9,17.82,Kč,"7,72 Kč / 100 g",77.2,,False,,,-22% st 7. 10. – út 13. 10.,2026-10-07 - 2026-10-13,https://www.kupi.cz/letak/albert-supermarket-letak-702?page=24&map=216234948,https://img.kupi.cz/kupi/thumbs/ochuceny-jogurt-bez-laktozy-free-from-natures-promise_170_340.png,2026-10-06T17:43:05+02:00
Albert,Mléčné výrobky a vejce,147212,Ochucený jogurt bez laktózy Free From Nature's Promise,ochuceny_jogurt_bez_laktozy_free_from_nature_s_promise,14.9,18.86,Kč,"9,93 Kč / 100 g",99.3,,False,,,-21% st 7. 10. – út 13. 10.,2026-10-07 - 2026-10-13,https://www.kupi.cz/letak/albert-supermarket-letak-702?page=24&map=216234942,https://img.kupi.cz/kupi/thumbs/ochuceny-jogurt-bez-laktozy-free-from-natures-promise_170_340.png,2026-10-06T17:43:05+02:00
Albert,Mléčné výrobky a vejce,231597,Dezert zakysaný Skyr High protein Ehrmann 450 g,dezert_zakysany_skyr_high_protein_ehrmann,49.9,59.4,Kč,"11,09 Kč / 100 g",110.9,,False,,,-16% st 7. 10. – út 13. 10.,2026-10-07 - 2026-10-13,https://www.kupi.cz/letak/albert-hypermarket-letak-652?page=22&map=216231003,https://img.kupi.cz/kupi/thumbs/dezert-zakysany-skyr-high-protein-ehrmann_170_340.jpg,2026-10-06T17:43:06+02:00
Albert,Mléčné výrobky a vejce,229290,Sýr tavený Bambino 100 g,syr_taveny_bambino,26.9,36.85,Kč,"26,90 Kč / 100 g",269.0,,False,,,-27% st 7. 10. – út 13. 10.,2026-10-07 - 2026-10-13,https://www.kupi.cz/letak/albert-supermarket-letak-702?page=19&map=216234801,https://img.kupi.cz/kupi/thumbs/syr-taveny-bambino_170_340.jpg,2026-10-06T17:43:06+02:00
Albert,Mléčné výrobky a vejce,41967,Dezert Danette Danone 115 g,dezert_danette_danone,16.9,21.67,Kč,"14,70 Kč / 100 g",147.0,,False,,,-22% st 7. 10. – út 20. 10.,2026-10-07 - 2026-10-20,https://www.kupi.cz/letak/albert-supermarket-nabidka-ve-znackove-kvalite-3?page=4&map=216205809,https://img.kupi.cz/kupi/thumbs/dezert-danette-danone_170_340.jpg,2026-10-06T17:43:06+02:00
Albert,Mléčné výrobky a vejce,41967,Dezert Danette Danone 115 g,dezert_danette_danone,16.9,21.67,Kč,"14,70 Kč / 100 g",147.0,,False,,,-22% st 7. 10. – út 13. 10.,2026-10-07 - 2026-10-13,https://www.kupi.cz/letak/albert-hypermarket-letak-652?page=55&map=216230829,https://img.kupi.cz/kupi/thumbs/dezert-danette-danone_170_340.jpg,2026-10-06T17:43:06+02:00
Albert,Mléčné výrobky a vejce,100003,Sýr Niva Mlékárna Otinoves 100 g,syr_niva_mlekarna_otinoves,19.9,27.64,Kč,"19,90 Kč / 100 g",199.0,,False,,,-28% st 7. 10. – út 13. 10.,2026-10-07 - 2026-10-13,https://www.kupi.cz/letak/albert-supermarket-letak-702?page=19&map=216234771,https://img.kupi.cz/kupi/thumbs/syr-niva-mlekarna-otinoves-1_170_340.jpg,2026-10-06T17:43:06+02:00
Albert,Mléčné výrobky a vejce,353923,Bílý jogurt smetanový bez laktózy Free From Nature's Promise 150 g,bily_jogurt_smetanovy_bez_laktozy_free_from_nature_s_promise,14.9,18.86,Kč,"9,93 Kč / 100 g",99.3,,False,,,-21% st 7. 10. – út 13. 10.,2026-10-07 - 2026-10-13,https://www.kupi.cz/letak/albert-supermarket-letak-702?page=24&map=216234939,https://img.kupi.cz/kupi/thumbs/bily-jogurt-smetanovy-bez-laktozy-free-from-natures-promise_170_340.png,2026-10-06T17:43:06+02:00
Albert,Mléčné výrobky a vejce,347278,Dezert Oveska Mlékárna Kunín 150 g,dezert_oveska_mlekarna_kunin,15.9,24.84,Kč,"10,60 Kč / 100 g",106.0,,False,,,-36% st 7. 10. – út 13. 10.,2026-10-07 - 2026-10-13,https://www.kupi.cz/letak/albert-hypermarket-letak-652?page=27&map=216266196,https://img.kupi.cz/kupi/thumbs/dezert-oveska-kunin_170_340.png,2026-10-06T17:43:06+02:00
Albert,Mléčné výrobky a vejce,172087,Rýže Protein Müller Riso 180 g,ryze_protein_muller_riso,24.9,29.64,Kč,"13,83 Kč / 100 g",138.3,,False,,,-16% dnes končí,2026-10-06,https://www.kupi.cz/letak/albert-hypermarket-letak-651?page=18&map=215332464,https://img.kupi.cz/kupi/thumbs/ryze-protein-muller-riso_170_340.png,2026-10-06T17:43:06+02:00
Albert,Mléčné výrobky a vejce,26471,Jogurtový drink Florian Olma 400 g,jogurtovy_drink_florian_olma,17.9,29.83,Kč,"4,47 Kč / 100 g",44.7,,False,,,-40% st 7. 10. – út 20. 10.,2026-10-07 - 2026-10-20,https://www.kupi.cz/letak/albert-supermarket-nabidka-ve-znackove-kvalite-3?page=3&map=216205791,https://img.kupi.cz/kupi/thumbs/jogurtovy-drink-florian-olma_170_340.png,2026-10-06T17:43:06+02:00
Albert,Mléčné výrobky a vejce,446490,Proteinový pudink Yopro 200 g,proteinovy_pudink_yopro,32.9,49.85,Kč,"16,45 Kč / 100 g",164.5,,False,,,-34% st 7. 10. – út 20. 10.,2026-10-07 - 2026-10-20,https://www.kupi.cz/letak/albert-supermarket-nabidka-ve-znackove-kvalite-3?page=4&map=216205812,https://img.kupi.cz/kupi/thumbs/proteinovy-pudink-yopro_170_340.jpg,2026-10-06T17:43:06+02:00
Albert,Mléčné výrobky a vejce,268886,Ochucený jogurt Olma 105 g,ochuceny_jogurt_olma,11.9,16.76,Kč,"11,33 Kč / 100 g",113.3,,False,,,-29% st 7. 10. – út 20. 10.,2026-10-07 - 2026-10-20,https://www.kupi.cz/letak/albert-supermarket-nabidka-ve-znackove-kvalite-3?page=3&map=216205779,https://img.kupi.cz/kupi/thumbs/ochuceny-jogurt-olma_170_340.jpg,2026-10-06T17:43:06+02:00
Albert,Mléčné výrobky a vejce,268886,Ochucený jogurt Olma 105 g,ochuceny_jogurt_olma,11.9,16.76,Kč,"11,33 Kč / 100 g",113.3,,False,,,-29% dnes končí,2026-10-06,https://www.kupi.cz/letak/albert-hypermarket-letak-651?page=16&map=215325666,https://img.kupi.cz/kupi/thumbs/ochuceny-jogurt-olma_170_340.jpg,2026-10-06T17:43:06+02:00
Albert,Mléčné výrobky a vejce,405916,Sýr Smetanito neodolatelné Želetava 140 g,syr_smetanito_neodolatelne_zeletava,39.9,54.66,Kč,"28,50 Kč / 100 g",285.0,,False,,,-27% dnes končí,2026-10-06,https://www.kupi.cz/letak/albert-supermarket-letak-701?page=21&map=215340492,https://img.kupi.cz/kupi/thumbs/syr-kremovy-smetanito-neodolatelne-zeletava_170_340.png,2026-10-06T17:43:06+02:00
Albert,Mléčné výrobky a vejce,193557,Dezerty Krajanka 130 g,dezerty_krajanka,15.9,22.71,Kč,"12,23 Kč / 100 g",122.3,,False,,,-30% dnes končí,2026-10-06,https://www.kupi.cz/letak/albert-supermarket-letak-701?page=22&map=215340528,https://img.kupi.cz/kupi/thumbs/dezerty-krajanka_170_340.png,2026-10-06T17:43:06+02:00
Albert,Mléčné výrobky a vejce,243117,Sýr Parenica Albert,syr_parenica,28.9,37.53,Kč,"25,80 Kč / 100 g",258.0,,False,,,-23% dnes končí,2026-10-06,https://www.kupi.cz/letak/albert-hypermarket-letak-651?page=15&map=215325633,https://img.kupi.cz/kupi/thumbs/syr-parenica-albert_170_340.jpg,2026-10-06T17:43:06+02:00
Albert,Mléčné výrobky a vejce,243117,Sýr Parenica Albert,syr_parenica,28.9,37.53,Kč,"26,27 Kč / 100 g",262.7,,False,,,-23% dnes končí,2026-10-06,https://www.kupi.cz/letak/albert-supermarket-letak-701?page=21&map=215340501,https://img.kupi.cz/kupi/thumbs/syr-parenica-albert_170_340.jpg,2026-10-06T17:43:06+02:00
Albert,Mléčné výrobky a vejce,283589,Sýr Sýrařův výběr Madeta 100 g,syr_syraruv_vyber_madeta,29.9,,Kč,"29,90 Kč / 100 g",299.0,,False,,,dnes končí,2026-10-06,https://www.kupi.cz/letak/albert-hypermarket-letak-651?page=6&map=215325144,https://img.kupi.cz/kupi/thumbs/syr-syraruv-vyber-madeta-1_170_340.jpg,2026-10-06T17:43:06+02:00
Albert,Mléčné výrobky a vejce,574605,Bílý jogurt řecký Hight protein Olma 140 g,bily_jogurt_recky_hight_protein_olma,14.9,19.87,Kč,"10,64 Kč / 100 g",106.4,,False,,,-25% st 7. 10. – út 13. 10.,2026-10-07 - 2026-10-13,https://www.kupi.cz/letak/albert-hypermarket-letak-652?page=22&map=216231000,https://img.kupi.cz/kupi/thumbs/bily-jogurt-recky-olma_170_340.jpg,2026-10-06T17:43:06+02:00
Albert,Mléčné výrobky a vejce,574605,Bílý jogurt řecký Hight protein Olma 140 g,bily_jogurt_recky_hight_protein_olma,14.9,19.87,Kč,"10,64 Kč / 100 g",106.4,,False,,,-25% st 7. 10. – út 20. 10.,2026-10-07 - 2026-10-20,https://www.kupi.cz/letak/albert-supermarket-nabidka-ve-znackove-kvalite-3?page=3&map=216205797,https://img.kupi.cz/kupi/thumbs/bily-jogurt-recky-olma_170_340.jpg,2026-10-06T17:43:06+02:00
Albert,Mléčné výrobky a vejce,341350,Sýr Cheddar Albert 100 g,syr_cheddar,24.9,29.64,Kč,"24,90 Kč / 100 g",249.0,,False,,,-16% dnes končí,2026-10-06,https://www.kupi.cz/letak/albert-hypermarket-letak-651?page=15&map=215325621,https://img.kupi.cz/kupi/thumbs/syr-cheddar-albert-1_170_340.jpg,2026-10-06T17:43:06+02:00
Albert,Mléčné výrobky a vejce,523758,Tvaroh Olešnický Bohemilk Opočno 300 g,tvaroh_olesnicky_bohemilk_opocno,49.9,64.81,Kč,"16,63 Kč / 100 g",166.3,,False,,,-23% dnes končí,2026-10-06,https://www.kupi.cz/letak/albert-supermarket-letak-701?page=22&map=215340558,https://img.kupi.cz/kupi/thumbs/tvaroh-olesnicky-bohemilk-opocno_170_340.jpg,2026-10-06T17:43:06+02:00
Albert,Mléčné výrobky a vejce,549204,"Mléko čerstvé Jihočeské Madeta - 1,5% polotučné 1 l",mleko_cerstve_jihoceske_madeta_polotucne,24.9,29.64,Kč,"24,90 Kč / 1 l",,,False,,,-16% dnes končí,2026-10-06,https://www.kupi.cz/letak/albert-supermarket-letak-701?page=22&map=215340576,https://img.kupi.cz/kupi/thumbs/mleko-cerstve-jihoceske-madeta-15-polotucne_170_340.jpg,2026-10-06T17:43:06+02:00
Albert,Mléčné výrobky a vejce,505617,Sýr Gervais De La Créme 180 g,syr_gervais_de_la_creme,39.9,54.66,Kč,"22,17 Kč / 100 g",221.7,,False,,,-27% dnes končí,2026-10-06,https://www.kupi.cz/letak/albert-supermarket-letak-701?page=24&map=215340864,https://img.kupi.cz/kupi/thumbs/syr-gervais-de-la-creme_170_340.jpg,2026-10-06T17:43:07+02:00
Albert,Mléčné výrobky a vejce,565146,Kefír Activia 280 g,kefir_activia,21.9,32.69,Kč,"7,82 Kč / 100 g",78.2,,False,,,-33% st 7. 10. – út 20. 10.,2026-10-07 - 2026-10-20,https://www.kupi.cz/letak/albert-supermarket-nabidka-ve-znackove-kvalite-3?page=4&map=216205800,https://img.kupi.cz/kupi/thumbs/kefir-activia_170_340.png,2026-10-06T17:43:07+02:00
Albert,Mléčné výrobky a vejce,565146,Kefír Activia 280 g,kefir_activia,21.9,32.69,Kč,"7,82 Kč / 100 g",78.2,,False,,,-33% dnes končí,2026-10-06,https://www.kupi.cz/letak/albert-hypermarket-letak-651?page=18&map=215332488,https://img.kupi.cz/kupi/thumbs/kefir-activia_170_340.png,2026-10-06T17:43:07+02:00
Albert,Mléčné výrobky a vejce,454673,Sýr Niva Císařská 45 % Madeta 100 g,syr_niva_cisarska_madeta,25.9,34.53,Kč,"25,90 Kč / 100 g",259.0,,False,,,-25% dnes končí,2026-10-06,https://www.kupi.cz/letak/albert-hypermarket-letak-651?page=15&map=215325603,https://img.kupi.cz/kupi/thumbs/syr-niva-cisarska-45-madeta-1_170_340.jpg,2026-10-06T17:43:07+02:00
Albert,Mléčné výrobky a vejce,469257,Zakysaná smetana Free From 15% Nature's Promise 180 g,zakysana_smetana_free_from_nature_s_promise,24.9,32.76,Kč,"13,83 Kč / 100 g",138.3,,False,,,-24% st 7. 10. – út 13. 10.,2026-10-07 - 2026-10-13,https://www.kupi.cz/letak/albert-supermarket-letak-702?page=24&map=216234954,https://img.kupi.cz/kupi/thumbs/zakysana-smetana-free-from-15-bio-natures-promise_170_340.jpg,2026-10-06T17:43:07+02:00
Albert,Mléčné výrobky a vejce,244149,Sýr strouhaný Grana Padano Zanetti 100 g,syr_strouhany_grana_padano_zanetti,59.9,79.87,Kč,"59,90 Kč / 100 g",599.0,,False,,,-25% dnes končí,2026-10-06,https://www.kupi.cz/letak/albert-hypermarket-letak-651?page=15&map=215325636,https://img.kupi.cz/kupi/thumbs/syr-strouhany-grana-padano-zanetti_170_340.jpg,2026-10-06T17:43:07+02:00
Albert,Mléčné výrobky a vejce,249948,Sýrové nitě Albert 100 g,syrove_nite,28.9,36.58,Kč,"28,90 Kč / 100 g",289.0,,False,,,-21% st 7. 10. – út 13. 10.,2026-10-07 - 2026-10-13,https://www.kupi.cz/letak/albert-supermarket-letak-702?page=19&map=216234798,https://img.kupi.cz/kupi/thumbs/syrove-nite-albert-1_170_340.jpg,2026-10-06T17:43:07+02:00
Albert,Mléčné výrobky a vejce,558123,Smetana zakysaná Milko 15% 175 g,smetana_zakysana_milko,17.9,24.86,Kč,"10,23 Kč / 100 g",102.3,,False,,,-28% st 7. 10. – út 13. 10.,2026-10-07 - 2026-10-13,https://www.kupi.cz/letak/albert-hypermarket-letak-652?page=22&map=216231012,https://img.kupi.cz/kupi/thumbs/smetana-zakysana-milko-15_170_340.png,2026-10-06T17:43:07+02:00
Albert,Mléčné výrobky a vejce,558123,Smetana zakysaná Milko 15% 175 g,smetana_zakysana_milko,17.9,24.86,Kč,"10,23 Kč / 100 g",102.3,,False,,,-28% dnes končí,2026-10-06,https://www.kupi.cz/letak/albert-supermarket-letak-701?page=22&map=215340549,https://img.kupi.cz/kupi/thumbs/smetana-zakysana-milko-15_170_340.png,2026-10-06T17:43:07+02:00
Albert,Mléčné výrobky a vejce,566994,Kefír ochucený Activia 280 g,kefir_ochuceny_activia,21.9,32.69,Kč,"7,82 Kč / 100 g",78.2,,False,,,-33% st 7. 10. – út 20. 10.,2026-10-07 - 2026-10-20,https://www.kupi.cz/letak/albert-supermarket-nabidka-ve-znackove-kvalite-3?page=4&map=216205806,https://img.kupi.cz/kupi/thumbs/kefir-ochuceny-activia_170_340.png,2026-10-06T17:43:07+02:00
Albert,Mléčné výrobky a vejce,566994,Kefír ochucený Activia 280 g,kefir_ochuceny_activia,21.9,32.69,Kč,"7,82 Kč / 100 g",78.2,,False,,,-33% dnes končí,2026-10-06,https://www.kupi.cz/letak/albert-hypermarket-letak-651?page=18&map=215332494,https://img.kupi.cz/kupi/thumbs/kefir-ochuceny-activia_170_340.png,2026-10-06T17:43:07+02:00
Albert,Mléčné výrobky a vejce,574602,Ochucený jogurt řecký Olma 140 g,ochuceny_jogurt_recky_olma,14.9,19.87,Kč,"10,64 Kč / 100 g",106.4,,False,,,-25% st 7. 10. – út 20. 10.,2026-10-07 - 2026-10-20,https://www.kupi.cz/letak/albert-supermarket-nabidka-ve-znackove-kvalite-3?page=3&map=216205794,https://img.kupi.cz/kupi/thumbs/ochuceny-jogurt-recky-olma_170_340.png,2026-10-06T17:43:07+02:00
Albert,Mléčné výrobky a vejce,568302,Sýr tavený rozplývavé Apetito 190 g,syr_taveny_rozplyvave_apetito,44.9,72.42,Kč,"23,63 Kč / 100 g",236.3,,False,,,-38% st 7. 10. – út 20. 10.,2026-10-07 - 2026-10-20,https://www.kupi.cz/letak/albert-supermarket-nabidka-ve-znackove-kvalite-3?page=5&map=216205839,https://img.kupi.cz/kupi/thumbs/syr-taveny-rozplyvave-apetito_170_340.png,2026-10-06T17:43:07+02:00
Albert,Mléčné výrobky a vejce,568302,Sýr tavený rozplývavé Apetito 190 g,syr_taveny_rozplyvave_apetito,44.9,72.42,Kč,"23,63 Kč / 100 g",236.3,,False,,,-38% dnes končí,2026-10-06,https://www.kupi.cz/letak/albert-hypermarket-letak-651?page=15&map=215325654,https://img.kupi.cz/kupi/thumbs/syr-taveny-rozplyvave-apetito_170_340.png,2026-10-06T17:43:07+02:00
Albert,Mléčné výrobky a vejce,567858,Ochucený jogurt nízkotučný 0% tuku Hollandia 150 g,ochuceny_jogurt_nizkotucny_tuku_hollandia,7.9,9.88,Kč,"5,27 Kč / 100 g",52.7,,False,,,-20% dnes končí,2026-10-06,https://www.kupi.cz/letak/albert-hypermarket-letak-651?page=16&map=215325657,https://img.kupi.cz/kupi/thumbs/ochuceny-jogurt-nizkotucny-0-tuku-hollandia_170_340.jpg,2026-10-06T17:43:07+02:00
Albert,Mléčné výrobky a vejce,577515,Sýr Cottage Dairly 200 g,syr_cottage_dairly,29.9,39.87,Kč,"14,95 Kč / 100 g",149.5,,False,,,-25% dnes končí,2026-10-06,https://www.kupi.cz/letak/albert-supermarket-letak-701?page=21&map=215340498,https://img.kupi.cz/kupi/thumbs/syr-cottage-dairly_170_340.jpg,2026-10-06T17:43:07+02:00
Albert,Mléčné výrobky a vejce,578175,Jogurt ochucený Probio2 Kunín 140 g,jogurt_ochuceny_probio2_kunin,13.9,18.78,Kč,"9,93 Kč / 100 g",99.3,,False,,,-26% dnes končí,2026-10-06,https://www.kupi.cz/letak/albert-supermarket-letak-701?page=24&map=215340816,https://img.kupi.cz/kupi/thumbs/jogurt-ochuceny-probio2-kunin_170_340.png,2026-10-06T17:43:07+02:00
Albert,Mléčné výrobky a vejce,432087,Tapas Kozí sýr Albert Excellent 120 g,tapas_kozi_syr_excellent,89.0,,Kč,"74,17 Kč / 100 g",741.7,,False,,,dnes končí,2026-10-06,https://www.kupi.cz/letak/albert-hypermarket-letak-651?page=50&map=215325822,https://img.kupi.cz/kupi/thumbs/tapas-kozi-syr-albert-excellent_170_340.jpg,2026-10-06T17:43:07+02:00
Albert,Mléčné výrobky a vejce,535395,Tvaroh jemný Olešnický Bohemilk Opočno 300 g,tvaroh_jemny_olesnicky_bohemilk_opocno,49.9,64.81,Kč,"16,63 Kč / 100 g",166.3,,False,,,-23% st 7. 10. – út 13. 10.,2026-10-07 - 2026-10-13,https://www.kupi.cz/letak/albert-hypermarket-letak-652?page=22&map=216231078,https://img.kupi.cz/kupi/thumbs/tvaroh-jemny-olesnicky-bohemilk-opocno_170_340.jpg,2026-10-06T17:43:07+02:00
Albert,Mléčné výrobky a vejce,523932,Arašídové máslo 4Slim 500 g,arasidove_maslo_4slim,129.9,188.26,Kč,"25,98 Kč / 100 g",259.8,,False,,,-31% st 7. 10. – út 13. 10.,2026-10-07 - 2026-10-13,https://www.kupi.cz/letak/albert-hypermarket-letak-652?page=54&map=216233259,https://www.kupi.cz/img/no_img/no_discounts.png,2026-10-06T17:43:07+02:00
Albert,Mléčné výrobky a vejce,519207,Dezert mléčný dětský Gerber Natural for Baby 100 g,dezert_mlecny_detsky_gerber_natural_for_baby,72.9,88.9,Kč,"18,23 Kč / 100 g",729.0,,False,,,-18% platí do úterý 13. 10.,2026-10-06 - 2026-10-13,https://www.kupi.cz/letak/albert-hypermarket-letak-651?page=32&map=215333430,https://img.kupi.cz/kupi/thumbs/dezert-mlecny-detsky-gerber-natural-for-baby_170_340.jpg,2026-10-06T17:43:07+02:00
Albert,Mléčné výrobky a vejce,541056,Máslo la Motte s mořskou solí Président 250 g,maslo_la_motte_s_morskou_soli_president,89.9,99.89,Kč,"35,96 Kč / 100 g",359.6,,False,,,-10% dnes končí,2026-10-06,https://www.kupi.cz/letak/albert-hypermarket-letak-651?page=18&map=215332485,https://img.kupi.cz/kupi/thumbs/maslo-la-motte-s-morskou-soli-president_170_340.png,2026-10-06T17:43:07+02:00
Albert,Mléčné výrobky a vejce,586203,Sýr Cottage Laktos 200 g,syr_cottage_laktos,27.9,34.87,Kč,"13,95 Kč / 100 g",139.5,,False,,,-20% dnes končí,2026-10-06,https://www.kupi.cz/letak/albert-hypermarket-letak-651?page=15&map=215325642,https://img.kupi.cz/kupi/thumbs/syr-cottage-laktos_170_340.jpg,2026-10-06T17:43:08+02:00
Albert,Mléčné výrobky a vejce,572283,Sýr Manchego Queso Tapas Albert Excellent 105 g,syr_manchego_queso_tapas_excellent,79.0,,Kč,"75,24 Kč / 100 g",752.4,,False,,,st 7. 10. – út 13. 10.,2026-10-07 - 2026-10-13,https://www.kupi.cz/letak/albert-supermarket-letak-702?page=40&map=216235653,https://www.kupi.cz/img/no_img/no_discounts.png,2026-10-06T17:43:08+02:00
Albert,Mléčné výrobky a vejce,572283,Sýr Manchego Queso Tapas Albert Excellent 105 g,syr_manchego_queso_tapas_excellent,79.0,,Kč,"75,24 Kč / 100 g",752.4,,False,,,dnes končí,2026-10-06,https://www.kupi.cz/letak/albert-supermarket-letak-701?page=41&map=215342847,https://www.kupi.cz/img/no_img/no_discounts.png,2026-10-06T17:43:08+02:00
Albert,Mléčné výrobky a vejce,579786,Tapas syr Feta s chilli a citronem Albert Excellent 100 g,tapas_syr_feta_s_chilli_a_citronem_excellent,69.0,,Kč,"69,00 Kč / 100 g",690.0,,False,,,dnes končí,2026-10-06,https://www.kupi.cz/letak/albert-hypermarket-letak-651?page=50&map=215325825,https://www.kupi.cz/img/no_img/no_discounts.png,2026-10-06T17:43:08+02:00
Albert,Mléčné výrobky a vejce,574731,Sýr Maasdamer Zott 120 g,syr_maasdamer_zott,39.9,,Kč,"33,25 Kč / 100 g",332.5,,False,,,dnes končí,2026-10-06,https://www.kupi.cz/letak/albert-hypermarket-letak-651?page=15&map=215325618,https://img.kupi.cz/kupi/thumbs/syr-maasdamer-zott_170_340.jpg,2026-10-06T17:43:08+02:00
Albert,Mléčné výrobky a vejce,586242,Jogurt Bubble Dream Jogobella Zott 150 g,jogurt_bubble_dream_jogobella_zott,15.9,22.71,Kč,"10,60 Kč / 100 g",106.0,,False,,,-30% st 7. 10. – út 13. 10.,2026-10-07 - 2026-10-13,https://www.kupi.cz/letak/albert-hypermarket-letak-652?page=22&map=216231009,https://www.kupi.cz/img/no_img/no_discounts.png,2026-10-06T17:43:08+02:00
Albert,Mléčné výrobky a vejce,587325,Sýr kostky Zaanlanders kmínem Tapas Albert Excellent 120 g,syr_kostky_zaanlanders_kminem_tapas_excellent,79.0,,Kč,"65,83 Kč / 100 g",658.3,,False,,,st 7. 10. – út 13. 10.,2026-10-07 - 2026-10-13,https://www.kupi.cz/letak/albert-hypermarket-letak-652?page=53&map=216233223,https://www.kupi.cz/img/no_img/no_discounts.png,2026-10-06T17:43:08+02:00
Albert,"Maso, uzeniny a ryby",5497,Kuře 1 kg,kure,49.9,89.11,Kč,"49,90 Kč / 1 kg",49.9,,False,,,-44% dnes končí,2026-10-06,https://www.kupi.cz/letak/albert-hypermarket-letak-651?map=215325036,https://img.kupi.cz/kupi/thumbs/kure_170_340.jpg,2026-10-06T17:43:12+02:00
Albert,"Maso, uzeniny a ryby",793,Vepřová krkovice bez kosti 1 kg,veprova_krkovice_bez_kosti,74.9,197.11,Kč,"74,90 Kč / 1 kg",74.9,,False,,,-62% st 7. 10. – út 13. 10.,2026-10-07 - 2026-10-13,https://www.kupi.cz/letak/albert-hypermarket-letak-652?page=2&map=216213471,https://img.kupi.cz/kupi/thumbs/veprova-krkovice-bez-kosti_170_340.jpg,2026-10-06T17:43:12+02:00
Albert,"Maso, uzeniny a ryby",20389,Losos filety 100 g,losos_filety,28.9,52.55,Kč,"28,90 Kč / 100 g",289.0,,False,,,-45% st 7. 10. – út 13. 10.,2026-10-07 - 2026-10-13,https://www.kupi.cz/letak/albert-hypermarket-letak-652?map=216226569,https://img.kupi.cz/kupi/thumbs/losos-filety_170_340.png,2026-10-06T17:43:12+02:00
Albert,"Maso, uzeniny a ryby",585,Vepřová pečeně bez kosti 1 kg,veprova_pecene_bez_kosti,69.9,194.17,Kč,"69,90 Kč / 1 kg",69.9,,False,,,-64% dnes končí,2026-10-06,https://www.kupi.cz/letak/albert-hypermarket-letak-651?map=215325045,https://img.kupi.cz/kupi/thumbs/veprova-pecene-bez-kosti-1_170_340.jpg,2026-10-06T17:43:12+02:00
Albert,"Maso, uzeniny a ryby",1775,Krůtí prsní řízky 1 kg,kruti_prsni_rizky,199.0,276.39,Kč,"199,00 Kč / 1 kg",199.0,,False,,,-28% st 7. 10. – út 13. 10.,2026-10-07 - 2026-10-13,https://www.kupi.cz/letak/albert-supermarket-letak-702?page=17&map=216234705,https://img.kupi.cz/kupi/thumbs/kruti-prsni-rizky_170_340.png,2026-10-06T17:43:12+02:00
Albert,"Maso, uzeniny a ryby",1775,Krůtí prsní řízky 1 kg,kruti_prsni_rizky,199.0,276.39,Kč,"199,00 Kč / 1 kg",199.0,,False,,,-28% dnes končí,2026-10-06,https://www.kupi.cz/letak/albert-hypermarket-letak-651?page=13&map=215325540,https://img.kupi.cz/kupi/thumbs/kruti-prsni-rizky_170_340.png,2026-10-06T17:43:12+02:00
Albert,"Maso, uzeniny a ryby",80986,Kuřecí prsní řízky Albert 1 kg,kureci_prsni_rizky,129.9,227.89,Kč,"129,90 Kč / 1 kg",129.9,,False,,,-43% st 7. 10. – út 13. 10.,2026-10-07 - 2026-10-13,https://www.kupi.cz/letak/albert-hypermarket-letak-652?page=19&map=216264948,https://img.kupi.cz/kupi/thumbs/kureci-prsni-rizky-albert_170_340.jpg,2026-10-06T17:43:12+02:00
Albert,"Maso, uzeniny a ryby",80986,Kuřecí prsní řízky Albert 1 kg,kureci_prsni_rizky,129.9,227.89,Kč,"129,90 Kč / 1 kg",129.9,,False,,,-43% dnes končí,2026-10-06,https://www.kupi.cz/letak/albert-supermarket-letak-701?page=19&map=215340216,https://img.kupi.cz/kupi/thumbs/kureci-prsni-rizky-albert_170_340.jpg,2026-10-06T17:43:12+02:00
Albert,"Maso, uzeniny a ryby",21374,Hovězí přední bez kosti - kližka 1 kg,hovezi_predni_bez_kosti_klizka,249.0,296.43,Kč,"249,00 Kč / 1 kg",249.0,,False,,,-16% st 7. 10. – út 13. 10.,2026-10-07 - 2026-10-13,https://www.kupi.cz/letak/albert-hypermarket-letak-652?page=19&map=216265215,https://img.kupi.cz/kupi/thumbs/hovezi-predni-bez-kosti-klizka_170_340.jpg,2026-10-06T17:43:12+02:00
Albert,"Maso, uzeniny a ryby",21374,Hovězí přední bez kosti - kližka 1 kg,hovezi_predni_bez_kosti_klizka,249.0,296.43,Kč,"249,00 Kč / 1 kg",249.0,,False,,,-16% dnes končí,2026-10-06,https://www.kupi.cz/letak/albert-supermarket-letak-701?page=19&map=215340249,https://img.kupi.cz/kupi/thumbs/hovezi-predni-bez-kosti-klizka_170_340.jpg,2026-10-06T17:43:12+02:00
Albert,"Maso, uzeniny a ryby",2523,Kachna Vodňanská kachna 1 kg,kachna_vodnanska_kachna,99.9,163.77,Kč,"99,90 Kč / 1 kg",99.9,,False,,,-39% st 7. 10. – út 13. 10.,2026-10-07 - 2026-10-13,https://www.kupi.cz/letak/albert-hypermarket-letak-652?page=19&map=216265143,https://img.kupi.cz/kupi/thumbs/kachna-vodnanska-kachna_170_340.png,2026-10-06T17:43:12+02:00
Albert,"Maso, uzeniny a ryby",31483,Hovězí kýta zadní bez kosti 1 kg,hovezi_kyta_zadni_bez_kosti,299.0,388.31,Kč,"299,00 Kč / 1 kg",299.0,,False,,,-23% st 7. 10. – út 13. 10.,2026-10-07 - 2026-10-13,https://www.kupi.cz/letak/albert-supermarket-letak-702?page=17&map=216234708,https://img.kupi.cz/kupi/thumbs/hovezi-kyta-zadni-bez-kosti_170_340.jpg,2026-10-06T17:43:12+02:00
Albert,"Maso, uzeniny a ryby",31483,Hovězí kýta zadní bez kosti 1 kg,hovezi_kyta_zadni_bez_kosti,299.0,388.31,Kč,"299,00 Kč / 1 kg",299.0,,False,,,-23% dnes končí,2026-10-06,https://www.kupi.cz/letak/albert-hypermarket-letak-651?page=13&map=215325534,https://img.kupi.cz/kupi/thumbs/hovezi-kyta-zadni-bez-kosti_170_340.jpg,2026-10-06T17:43:12+02:00
Albert,"Maso, uzeniny a ryby",100593,Vepřová panenská svíčková 1 kg,veprova_panenska_svickova,129.9,276.38,Kč,"129,90 Kč / 1 kg",129.9,,False,,,-53% st 7. 10. – út 13. 10.,2026-10-07 - 2026-10-13,https://www.kupi.cz/letak/albert-hypermarket-letak-652?map=216226527,https://img.kupi.cz/kupi/thumbs/veprova-panenska-svickova_170_340.jpg,2026-10-06T17:43:12+02:00
Albert,"Maso, uzeniny a ryby",57484,Losos filety Albert 100 g,losos_filety,28.9,52.55,Kč,"28,90 Kč / 100 g",289.0,,False,,,-45% st 7. 10. – út 13. 10.,2026-10-07 - 2026-10-13,https://www.kupi.cz/letak/albert-hypermarket-letak-652?page=19&map=216265224,https://img.kupi.cz/kupi/thumbs/losos-filety-albert_170_340.png,2026-10-06T17:43:12+02:00
Albert,"Maso, uzeniny a ryby",57484,Losos filety Albert 100 g,losos_filety,28.9,52.55,Kč,"28,90 Kč / 100 g",289.0,,False,,,-45% st 7. 10. – út 13. 10.,2026-10-07 - 2026-10-13,https://www.kupi.cz/letak/albert-supermarket-letak-702?page=17&map=216234717,https://img.kupi.cz/kupi/thumbs/losos-filety-albert_170_340.png,2026-10-06T17:43:12+02:00
Albert,"Maso, uzeniny a ryby",1248,Králík 1 kg,kralik,199.0,228.74,Kč,"199,00 Kč / 1 kg",199.0,,False,,,-13% st 7. 10. – út 13. 10.,2026-10-07 - 2026-10-13,https://www.kupi.cz/letak/albert-hypermarket-letak-652?page=19&map=216265119,https://img.kupi.cz/kupi/thumbs/kralik_170_340.jpg,2026-10-06T17:43:12+02:00
Albert,"Maso, uzeniny a ryby",80987,Kuřecí stehna Albert 1 kg,kureci_stehna,89.9,128.43,Kč,"89,90 Kč / 1 kg",89.9,,False,,,-30% st 7. 10. – út 13. 10.,2026-10-07 - 2026-10-13,https://www.kupi.cz/letak/albert-hypermarket-letak-652?page=19&map=216264984,https://img.kupi.cz/kupi/thumbs/kureci-stehna-albert_170_340.png,2026-10-06T17:43:12+02:00
Albert,"Maso, uzeniny a ryby",80987,Kuřecí stehna Albert 1 kg,kureci_stehna,89.9,128.43,Kč,"89,90 Kč / 1 kg",89.9,,False,,,-30% dnes končí,2026-10-06,https://www.kupi.cz/letak/albert-supermarket-letak-701?page=19&map=215340240,https://img.kupi.cz/kupi/thumbs/kureci-stehna-albert_170_340.png,2026-10-06T17:43:12+02:00
Albert,"Maso, uzeniny a ryby",215,Anglická slanina 100 g,anglicka_slanina,19.9,24.87,Kč,"19,90 Kč / 100 g",199.0,,False,,,-20% st 7. 10. – út 13. 10.,2026-10-07 - 2026-10-13,https://www.kupi.cz/letak/albert-supermarket-letak-702?page=16&map=216234621,https://img.kupi.cz/kupi/thumbs/anglicka-slanina_170_340.jpg,2026-10-06T17:43:12+02:00
Albert,"Maso, uzeniny a ryby",215,Anglická slanina 100 g,anglicka_slanina,19.9,24.87,Kč,"19,90 Kč / 100 g",199.0,,False,,,-20% dnes končí,2026-10-06,https://www.kupi.cz/letak/albert-hypermarket-letak-651?page=12&map=215325423,https://img.kupi.cz/kupi/thumbs/anglicka-slanina_170_340.jpg,2026-10-06T17:43:12+02:00
Albert,"Maso, uzeniny a ryby",13036,Kuře Zlaté Vodňanské kuře 1 kg,kure_zlate_vodnanske_kure,109.9,157.0,Kč,"109,90 Kč / 1 kg",109.9,,False,,,-30% st 7. 10. – út 13. 10.,2026-10-07 - 2026-10-13,https://www.kupi.cz/letak/albert-hypermarket-letak-652?page=19&map=216265146,https://img.kupi.cz/kupi/thumbs/kure-zlate-vodnanske-kure_170_340.jpg,2026-10-06T17:43:12+02:00
Albert,"Maso, uzeniny a ryby",271382,Kuřecí prsní řízky královské Premium Albert 0.6 kg,kureci_prsni_rizky_kralovske_premium,159.0,198.75,Kč,"265,00 Kč / 1 kg",265.0,,False,,,-20% st 7. 10. – út 13. 10.,2026-10-07 - 2026-10-13,https://www.kupi.cz/letak/albert-supermarket-letak-702?page=17&map=216234675,https://img.kupi.cz/kupi/thumbs/kureci-prsni-rizky-kralovske-premium-albert_170_340.jpg,2026-10-06T17:43:12+02:00
Albert,"Maso, uzeniny a ryby",271382,Kuřecí prsní řízky královské Premium Albert 0.6 kg,kureci_prsni_rizky_kralovske_premium,159.0,198.75,Kč,"265,00 Kč / 1 kg",265.0,,False,,,-20% dnes končí,2026-10-06,https://www.kupi.cz/letak/albert-hypermarket-letak-651?page=13&map=215325471,https://img.kupi.cz/kupi/thumbs/kureci-prsni-rizky-kralovske-premium-albert_170_340.jpg,2026-10-06T17:43:12+02:00
Albert,"Maso, uzeniny a ryby",1253,Pečeně kladenská 100 g,pecene_kladenska,18.9,27.79,Kč,"18,90 Kč / 100 g",189.0,,False,,,-32% dnes končí,2026-10-06,https://www.kupi.cz/letak/albert-hypermarket-letak-651?page=12&map=215325420,https://img.kupi.cz/kupi/thumbs/pecene-kladenska_170_340.jpg,2026-10-06T17:43:12+02:00
Albert,"Maso, uzeniny a ryby",1253,Pečeně kladenská 100 g,pecene_kladenska,19.9,27.64,Kč,"19,90 Kč / 100 g",199.0,,False,,,-28% st 7. 10. – út 13. 10.,2026-10-07 - 2026-10-13,https://www.kupi.cz/letak/albert-hypermarket-letak-652?page=18&map=216230580,https://img.kupi.cz/kupi/thumbs/pecene-kladenska_170_340.jpg,2026-10-06T17:43:12+02:00
Albert,"Maso, uzeniny a ryby",54093,Krevety loupané Albert 300 g,krevety_loupane,159.0,187.06,Kč,"53,00 Kč / 100 g",530.0,,False,,,-15% dnes končí,2026-10-06,https://www.kupi.cz/letak/albert-hypermarket-letak-651?page=13&map=215325549,https://img.kupi.cz/kupi/thumbs/krevety-loupane-albert_170_340.jpg,2026-10-06T17:43:12+02:00
Albert,"Maso, uzeniny a ryby",318569,Salám Křemešník kostelecký Kostelecké uzeniny 180 g,salam_kremesnik_kostelecky_kostelecke_uzeniny,89.9,128.43,Kč,"49,94 Kč / 100 g",499.4,,False,,,-30% st 7. 10. – út 20. 10.,2026-10-07 - 2026-10-20,https://www.kupi.cz/letak/albert-supermarket-nabidka-ve-znackove-kvalite-3?page=2&map=216205758,https://img.kupi.cz/kupi/thumbs/salam-kremesnik-kostelecky-kostelecke-uzeniny-1_170_340.jpg,2026-10-06T17:43:13+02:00
Albert,"Maso, uzeniny a ryby",106685,Kuřecí řízky mix Albert 1 kg,kureci_rizky_mix,129.9,188.26,Kč,"129,90 Kč / 1 kg",129.9,,False,,,-31% st 7. 10. – út 13. 10.,2026-10-07 - 2026-10-13,https://www.kupi.cz/letak/albert-supermarket-letak-702?page=17&map=216234678,https://www.kupi.cz/img/no_img/no_discounts.png,2026-10-06T17:43:13+02:00
Albert,"Maso, uzeniny a ryby",106685,Kuřecí řízky mix Albert 1 kg,kureci_rizky_mix,129.9,188.26,Kč,"129,90 Kč / 1 kg",129.9,,False,,,-31% dnes končí,2026-10-06,https://www.kupi.cz/letak/albert-hypermarket-letak-651?page=13&map=215325522,https://www.kupi.cz/img/no_img/no_discounts.png,2026-10-06T17:43:13+02:00
Albert,"Maso, uzeniny a ryby",30814,Šunka vepřová dušená standard Idema 100 g,sunka_veprova_dusena_standard_idema,16.9,24.85,Kč,"16,90 Kč / 100 g",169.0,,False,,,-32% dnes končí,2026-10-06,https://www.kupi.cz/letak/albert-hypermarket-letak-651?page=12&map=215325405,https://img.kupi.cz/kupi/thumbs/sunka-dusena-idema_170_340.jpg,2026-10-06T17:43:13+02:00
Albert,"Maso, uzeniny a ryby",81471,Kuřecí čtvrtky Albert 1 kg,kureci_ctvrtky,79.9,109.45,Kč,"79,90 Kč / 1 kg",79.9,,False,,,-27% st 7. 10. – út 13. 10.,2026-10-07 - 2026-10-13,https://www.kupi.cz/letak/albert-supermarket-letak-702?page=17&map=216234690,https://img.kupi.cz/kupi/thumbs/kureci-ctvrtky-albert-1_170_340.jpg,2026-10-06T17:43:13+02:00
Albert,"Maso, uzeniny a ryby",81471,Kuřecí čtvrtky Albert 1 kg,kureci_ctvrtky,79.9,109.45,Kč,"79,90 Kč / 1 kg",79.9,,False,,,-27% dnes končí,2026-10-06,https://www.kupi.cz/letak/albert-hypermarket-letak-651?page=13&map=215325525,https://img.kupi.cz/kupi/thumbs/kureci-ctvrtky-albert-1_170_340.jpg,2026-10-06T17:43:13+02:00
Albert,"Maso, uzeniny a ryby",80983,Vepřová krkovice bez kosti Albert 1 kg,veprova_krkovice_bez_kosti,159.0,217.81,Kč,"159,00 Kč / 1 kg",159.0,,False,,,-27% dnes končí,2026-10-06,https://www.kupi.cz/letak/albert-hypermarket-letak-651?page=13&map=215325483,https://img.kupi.cz/kupi/thumbs/veprova-krkovice-bez-kosti-albert_170_340.jpg,2026-10-06T17:43:13+02:00
Albert,"Maso, uzeniny a ryby",1071,Debrecínka kuřecí 100 g,debrecinka_kureci,17.9,21.83,Kč,"17,90 Kč / 100 g",179.0,,False,,,-18% st 7. 10. – út 13. 10.,2026-10-07 - 2026-10-13,https://www.kupi.cz/letak/albert-hypermarket-letak-652?page=18&map=216230574,https://img.kupi.cz/kupi/thumbs/debrecinka-kureci_170_340.jpg,2026-10-06T17:43:13+02:00
Albert,"Maso, uzeniny a ryby",1071,Debrecínka kuřecí 100 g,debrecinka_kureci,17.9,21.83,Kč,"17,90 Kč / 100 g",179.0,,False,,,-18% dnes končí,2026-10-06,https://www.kupi.cz/letak/albert-hypermarket-letak-651?page=12&map=215325408,https://img.kupi.cz/kupi/thumbs/debrecinka-kureci_170_340.jpg,2026-10-06T17:43:13+02:00
Albert,"Maso, uzeniny a ryby",210,Párky debrecínské 100 g,parky_debrecinske,17.9,23.87,Kč,"17,90 Kč / 100 g",179.0,,False,,,-25% st 7. 10. – út 13. 10.,2026-10-07 - 2026-10-13,https://www.kupi.cz/letak/albert-hypermarket-letak-652?page=18&map=216230589,https://img.kupi.cz/kupi/thumbs/parky-debrecinske_170_340.jpg,2026-10-06T17:43:13+02:00
Albert,"Maso, uzeniny a ryby",2398,Ostravská klobása 100 g,ostravska_klobasa,13.9,23.17,Kč,"13,90 Kč / 100 g",139.0,,False,,,-40% st 7. 10. – út 13. 10.,2026-10-07 - 2026-10-13,https://www.kupi.cz/letak/albert-hypermarket-letak-652?page=18&map=216230595,https://img.kupi.cz/kupi/thumbs/ostravska-klobasa_170_340.jpg,2026-10-06T17:43:13+02:00
Albert,"Maso, uzeniny a ryby",1205,Salám Herkules 100 g,salam_herkules,22.9,32.71,Kč,"22,90 Kč / 100 g",229.0,,False,,,-30% dnes končí,2026-10-06,https://www.kupi.cz/letak/albert-hypermarket-letak-651?page=12&map=215325429,https://img.kupi.cz/kupi/thumbs/salam-herkules_170_340.jpg,2026-10-06T17:43:13+02:00
Albert,"Maso, uzeniny a ryby",4882,Šunka vepřová Euro standard 100 g,sunka_veprova_euro_standard,15.9,22.71,Kč,"15,90 Kč / 100 g",159.0,,False,,,-30% dnes končí,2026-10-06,https://www.kupi.cz/letak/albert-supermarket-letak-701?page=18&map=215340114,https://img.kupi.cz/kupi/thumbs/sunka-veprova-euro-standard_170_340.jpg,2026-10-06T17:43:13+02:00
Albert,"Maso, uzeniny a ryby",4882,Šunka vepřová Euro standard 100 g,sunka_veprova_euro_standard,16.9,22.84,Kč,"16,90 Kč / 100 g",169.0,,False,,,-26% st 7. 10. – út 13. 10.,2026-10-07 - 2026-10-13,https://www.kupi.cz/letak/albert-hypermarket-letak-652?page=18&map=216230565,https://img.kupi.cz/kupi/thumbs/sunka-veprova-euro-standard_170_340.jpg,2026-10-06T17:43:13+02:00
Albert,"Maso, uzeniny a ryby",1204,Salám turistický 100 g,salam_turisticky,19.9,24.87,Kč,"19,90 Kč / 100 g",199.0,,False,,,-20% dnes končí,2026-10-06,https://www.kupi.cz/letak/albert-supermarket-letak-701?page=18&map=215340129,https://img.kupi.cz/kupi/thumbs/salam-turisticky-1_170_340.jpg,2026-10-06T17:43:13+02:00
Albert,"Maso, uzeniny a ryby",37255,Šunka od kosti výběrová 100 g,sunka_od_kosti_vyberova,24.9,31.52,Kč,"24,90 Kč / 100 g",249.0,,False,,,-21% dnes končí,2026-10-06,https://www.kupi.cz/letak/albert-hypermarket-letak-651?page=12&map=215335284,https://img.kupi.cz/kupi/thumbs/sunka-od-kosti-vyberova-1_170_340.jpg,2026-10-06T17:43:13+02:00
Albert,"Maso, uzeniny a ryby",19825,Šunka od kosti poctivá nejvyšší jakosti Kostelecké uzeniny 100 g,sunka_od_kosti_poctiva_nejvyssi_jakosti_kostelecke_uzeniny,29.9,49.83,Kč,"29,90 Kč / 100 g",299.0,,False,,,-40% st 7. 10. – út 20. 10.,2026-10-07 - 2026-10-20,https://www.kupi.cz/letak/albert-supermarket-nabidka-ve-znackove-kvalite-3?page=2&map=216205770,https://img.kupi.cz/kupi/thumbs/sunka-od-kosti-poctiva-kostelecke-uzeniny_170_340.jpg,2026-10-06T17:43:13+02:00
Albert,"Maso, uzeniny a ryby",3233,Salám Uherák polický 100 g,salam_uherak_policky,26.9,34.49,Kč,"26,90 Kč / 100 g",269.0,,False,,,-22% st 7. 10. – út 13. 10.,2026-10-07 - 2026-10-13,https://www.kupi.cz/letak/albert-supermarket-letak-702?page=16&map=216234624,https://img.kupi.cz/kupi/thumbs/salam-uherak-policky_170_340.jpg,2026-10-06T17:43:13+02:00
Albert,"Maso, uzeniny a ryby",318578,Salám Uherák kostelecký Kostelecké uzeniny 100 g,salam_uherak_kostelecky_kostelecke_uzeniny,39.9,59.55,Kč,"39,90 Kč / 100 g",399.0,,False,,,-33% st 7. 10. – út 20. 10.,2026-10-07 - 2026-10-20,https://www.kupi.cz/letak/albert-supermarket-nabidka-ve-znackove-kvalite-3?page=2&map=216205761,https://img.kupi.cz/kupi/thumbs/salam-uherak-kostelecky-kostelecke-uzeniny_170_340.png,2026-10-06T17:43:13+02:00
Albert,"Maso, uzeniny a ryby",54716,Šunka vepřová nejvyšší jakosti Premium Albertovo uzenářství 100 g,sunka_veprova_nejvyssi_jakosti_premium_albertovo_uzenarstvi,23.9,31.87,Kč,"23,90 Kč / 100 g",239.0,,False,,,-25% dnes končí,2026-10-06,https://www.kupi.cz/letak/albert-supermarket-letak-701?page=42&map=215343024,https://img.kupi.cz/kupi/thumbs/sunka-veprova-nejvyssi-jakosti-albert-retro_170_340.jpg,2026-10-06T17:43:13+02:00
Albert,"Maso, uzeniny a ryby",254400,Hovězí zadní váleček 1 kg,hovezi_zadni_valecek,349.0,415.48,Kč,"349,00 Kč / 1 kg",349.0,,False,,,-16% st 7. 10. – út 13. 10.,2026-10-07 - 2026-10-13,https://www.kupi.cz/letak/albert-hypermarket-letak-652?page=19&map=216265212,https://img.kupi.cz/kupi/thumbs/hovezi-zadni-valecek_170_340.jpg,2026-10-06T17:43:13+02:00
Albert,"Maso, uzeniny a ryby",82277,Vepřová kýta bez kosti Albert 1 kg,veprova_kyta_bez_kosti,129.9,177.95,Kč,"129,90 Kč / 1 kg",129.9,,False,,,-27% dnes končí,2026-10-06,https://www.kupi.cz/letak/albert-hypermarket-letak-651?page=13&map=215325489,https://img.kupi.cz/kupi/thumbs/veprova-kyta-bez-kosti-albert_170_340.png,2026-10-06T17:43:13+02:00
Albert,"Maso, uzeniny a ryby",81365,Šunka Amálka nejvyšší jakosti Krásno 100 g,sunka_amalka_nejvyssi_jakosti_krasno,26.9,41.38,Kč,"26,90 Kč / 100 g",269.0,,False,,,-35% st 7. 10. – út 13. 10.,2026-10-07 - 2026-10-13,https://www.kupi.cz/letak/albert-hypermarket-letak-652?page=6&map=216229143,https://img.kupi.cz/kupi/thumbs/sunka-amalka-nejvyssi-jakosti-krasno-1_170_340.png,2026-10-06T17:43:14+02:00
Albert,"Maso, uzeniny a ryby",81365,Šunka Amálka nejvyšší jakosti Krásno 100 g,sunka_amalka_nejvyssi_jakosti_krasno,26.9,41.38,Kč,"26,90 Kč / 100 g",269.0,,False,,,-35% dnes končí,2026-10-06,https://www.kupi.cz/letak/albert-supermarket-letak-701?page=18&map=215340150,https://img.kupi.cz/kupi/thumbs/sunka-amalka-nejvyssi-jakosti-krasno-1_170_340.png,2026-10-06T17:43:14+02:00
Albert,"Maso, uzeniny a ryby",2400,Párky striptýzky 100 g,parky_striptyzky,7.9,11.79,Kč,"7,90 Kč / 100 g",79.0,,False,,,-33% dnes končí,2026-10-06,https://www.kupi.cz/letak/albert-supermarket-letak-701?page=18&map=215340147,https://img.kupi.cz/kupi/thumbs/parky-striptyzky-1_170_340.png,2026-10-06T17:43:14+02:00
Albert,"Maso, uzeniny a ryby",54715,Královská slanina Premium Albertovo uzenářství 100 g,kralovska_slanina_premium_albertovo_uzenarstvi,27.9,32.82,Kč,"27,90 Kč / 100 g",279.0,,False,,,-15% dnes končí,2026-10-06,https://www.kupi.cz/letak/albert-supermarket-letak-701?page=42&map=215343039,https://img.kupi.cz/kupi/thumbs/slanina-kralovska-albert-retro_170_340.jpg,2026-10-06T17:43:14+02:00
Albert,"Maso, uzeniny a ryby",1489,Klobása Maďarka Krásno 190 g,klobasa_madarka_krasno,59.9,83.19,Kč,"31,53 Kč / 100 g",315.3,,False,,,-28% dnes končí,2026-10-06,https://www.kupi.cz/letak/albert-supermarket-letak-701?page=10&map=215339667,https://img.kupi.cz/kupi/thumbs/klobasa-madarka-krasno_170_340.png,2026-10-06T17:43:14+02:00
Albert,"Maso, uzeniny a ryby",1446,Šunková klobása 100 g,sunkova_klobasa,19.9,25.84,Kč,"19,90 Kč / 100 g",199.0,,False,,,-23% st 7. 10. – út 13. 10.,2026-10-07 - 2026-10-13,https://www.kupi.cz/letak/albert-supermarket-letak-702?page=16&map=216234633,https://img.kupi.cz/kupi/thumbs/sunkova-klobasa_170_340.jpg,2026-10-06T17:43:14+02:00
Albert,"Maso, uzeniny a ryby",400723,Hovězí pupek 1 kg,hovezi_pupek,199.0,236.9,Kč,"199,00 Kč / 1 kg",199.0,,False,,,-16% dnes končí,2026-10-06,https://www.kupi.cz/letak/albert-hypermarket-letak-651?page=13&map=215325537,https://img.kupi.cz/kupi/thumbs/hovezi-pupek-1_170_340.jpg,2026-10-06T17:43:14+02:00
Albert,"Maso, uzeniny a ryby",57005,Treska tmavá filety Albert 100 g,treska_tmava_filety,32.9,39.64,Kč,"32,90 Kč / 100 g",329.0,,False,,,-17% dnes končí,2026-10-06,https://www.kupi.cz/letak/albert-hypermarket-letak-651?page=13&map=215325555,https://img.kupi.cz/kupi/thumbs/treska-tmava-filety-albert_170_340.jpg,2026-10-06T17:43:14+02:00
Albert,"Maso, uzeniny a ryby",26063,Párky vídeňské poctivé Kostelecké uzeniny 180 g,parky_videnske_poctive_kostelecke_uzeniny,53.9,79.26,Kč,"29,94 Kč / 100 g",299.4,,False,,,-32% st 7. 10. – út 20. 10.,2026-10-07 - 2026-10-20,https://www.kupi.cz/letak/albert-supermarket-nabidka-ve-znackove-kvalite-3?page=2&map=216205767,https://img.kupi.cz/kupi/thumbs/parky-videnske-poctive-kostelecke-uzeniny_170_340.jpg,2026-10-06T17:43:14+02:00
Albert,"Maso, uzeniny a ryby",26063,Párky vídeňské poctivé Kostelecké uzeniny 180 g,parky_videnske_poctive_kostelecke_uzeniny,53.9,79.26,Kč,"29,94 Kč / 100 g",299.4,,False,,,-32% st 7. 10. – út 13. 10.,2026-10-07 - 2026-10-13,https://www.kupi.cz/letak/albert-hypermarket-letak-652?page=18&map=216230610,https://img.kupi.cz/kupi/thumbs/parky-videnske-poctive-kostelecke-uzeniny_170_340.jpg,2026-10-06T17:43:14+02:00
Albert,"Maso, uzeniny a ryby",26063,Párky vídeňské poctivé Kostelecké uzeniny 180 g,parky_videnske_poctive_kostelecke_uzeniny,53.9,79.26,Kč,"29,94 Kč / 100 g",299.4,,False,,,-32% dnes končí,2026-10-06,https://www.kupi.cz/letak/albert-hypermarket-letak-651?page=12&map=215325438,https://img.kupi.cz/kupi/thumbs/parky-videnske-poctive-kostelecke-uzeniny_170_340.jpg,2026-10-06T17:43:14+02:00
Albert,"Maso, uzeniny a ryby",37857,Minipárečky vídeňské se sýrem Ponnath 200 g,miniparecky_videnske_se_syrem_ponnath,44.9,74.83,Kč,"22,45 Kč / 100 g",224.5,,False,,,-40% dnes končí,2026-10-06,https://www.kupi.cz/letak/albert-supermarket-letak-701?page=10&map=215339676,https://img.kupi.cz/kupi/thumbs/miniparecky-videnske-se-syrem-ponnath-1_170_340.jpg,2026-10-06T17:43:14+02:00
Albert,"Maso, uzeniny a ryby",271391,Kuřecí stehna královská Premium Albert 1 kg,kureci_stehna_kralovska_premium,119.9,157.76,Kč,"119,90 Kč / 1 kg",119.9,,False,,,-24% st 7. 10. – út 13. 10.,2026-10-07 - 2026-10-13,https://www.kupi.cz/letak/albert-hypermarket-letak-652?page=19&map=216264945,https://img.kupi.cz/kupi/thumbs/kureci-stehna-kralovska-albert-2_170_340.jpg,2026-10-06T17:43:14+02:00
Albert,"Maso, uzeniny a ryby",271391,Kuřecí stehna královská Premium Albert 1 kg,kureci_stehna_kralovska_premium,119.9,157.76,Kč,"119,90 Kč / 1 kg",119.9,,False,,,-24% dnes končí,2026-10-06,https://www.kupi.cz/letak/albert-supermarket-letak-701?page=19&map=215340213,https://img.kupi.cz/kupi/thumbs/kureci-stehna-kralovska-albert-2_170_340.jpg,2026-10-06T17:43:14+02:00
Albert,"Maso, uzeniny a ryby",209,Salám Princ 100 g,salam_princ,33.9,43.46,Kč,"33,90 Kč / 100 g",339.0,,False,,,-22% st 7. 10. – út 13. 10.,2026-10-07 - 2026-10-13,https://www.kupi.cz/letak/albert-hypermarket-letak-652?page=18&map=216230586,https://img.kupi.cz/kupi/thumbs/salam-princ-1_170_340.jpg,2026-10-06T17:43:14+02:00
Albert,"Maso, uzeniny a ryby",426945,Losos Kisuč filet Albert 100 g,losos_kisuc_filet,39.9,49.87,Kč,"39,90 Kč / 100 g",399.0,,False,,,-20% dnes končí,2026-10-06,https://www.kupi.cz/letak/albert-hypermarket-letak-651?page=13&map=215325552,https://img.kupi.cz/kupi/thumbs/losos-kisuc-filet-albert_170_340.jpg,2026-10-06T17:43:14+02:00
Albert,"Maso, uzeniny a ryby",20288,Šunka krůtí nejvyšší jakosti LE&CO 100 g,sunka_kruti_nejvyssi_jakosti_le_co,34.9,46.53,Kč,"34,90 Kč / 100 g",349.0,,False,,,-25% st 7. 10. – út 13. 10.,2026-10-07 - 2026-10-13,https://www.kupi.cz/letak/albert-supermarket-letak-702?page=16&map=216234660,https://img.kupi.cz/kupi/thumbs/sunka-kruti-nejvyssi-jakosti-le-co_170_340.jpg,2026-10-06T17:43:14+02:00
Albert,"Maso, uzeniny a ryby",69310,Farmářské špekáčky Premium Albertovo uzenářství 100 g,farmarske_spekacky_premium_albertovo_uzenarstvi,17.9,21.83,Kč,"17,90 Kč / 100 g",179.0,,False,,,-18% dnes končí,2026-10-06,https://www.kupi.cz/letak/albert-supermarket-letak-701?page=42&map=215343048,https://img.kupi.cz/kupi/thumbs/farmarske-spekacky-premium-albertovo-uzenarstvi_170_340.jpg,2026-10-06T17:43:14+02:00
Albert,"Maso, uzeniny a ryby",356935,Krevety Albert 300 g,krevety,119.9,,Kč,"39,97 Kč / 100 g",399.7,,False,,,st 7. 10. – út 13. 10.,2026-10-07 - 2026-10-13,https://www.kupi.cz/letak/albert-hypermarket-letak-652?page=19&map=216265251,https://img.kupi.cz/kupi/thumbs/krevety-albert-1_170_340.jpg,2026-10-06T17:43:14+02:00
Albert,"Maso, uzeniny a ryby",154964,Pražma královská kuchaná Albert 100 g,prazma_kralovska_kuchana,28.9,33.6,Kč,"28,90 Kč / 100 g",289.0,,False,,,-14% st 7. 10. – út 13. 10.,2026-10-07 - 2026-10-13,https://www.kupi.cz/letak/albert-hypermarket-letak-652?page=19&map=216265266,https://img.kupi.cz/kupi/thumbs/prazma-kralovska-kuchana-albert_170_340.jpg,2026-10-06T17:43:14+02:00
Albert,"Maso, uzeniny a ryby",44683,Salám Princ Krahulík 75 g,salam_princ_krahulik,26.9,32.8,Kč,"35,87 Kč / 100 g",358.7,,False,,,-18% st 7. 10. – út 13. 10.,2026-10-07 - 2026-10-13,https://www.kupi.cz/letak/albert-supermarket-letak-702?page=16&map=216234663,https://img.kupi.cz/kupi/thumbs/salam-princ-krahulik_170_340.jpg,2026-10-06T17:43:14+02:00
Albert,"Maso, uzeniny a ryby",361522,Kuřecí stehna bio Nature's Promise 0.45 kg,kureci_stehna_bio_nature_s_promise,109.9,139.11,Kč,"244,22 Kč / 1 kg",244.22,,False,,,-21% dnes končí,2026-10-06,https://www.kupi.cz/letak/albert-hypermarket-letak-651?page=13&map=215325546,https://img.kupi.cz/kupi/thumbs/kureci-stehna-bio-natures-promise-1_170_340.jpg,2026-10-06T17:43:14+02:00
Albert,"Maso, uzeniny a ryby",407185,Kuřecí steak mletý Albert 0.5 kg,kureci_steak_mlety,69.9,89.62,Kč,"139,80 Kč / 1 kg",139.8,,False,,,-22% dnes končí,2026-10-06,https://www.kupi.cz/letak/albert-supermarket-letak-701?page=19&map=215340228,https://img.kupi.cz/kupi/thumbs/kureci-steak-mlety-albert_170_340.jpg,2026-10-06T17:43:15+02:00
Albert,"Maso, uzeniny a ryby",2246,Slanina pikantní delikates 100 g,slanina_pikantni_delikates,24.9,31.52,Kč,"24,90 Kč / 100 g",249.0,,False,,,-21% st 7. 10. – út 13. 10.,2026-10-07 - 2026-10-13,https://www.kupi.cz/letak/albert-hypermarket-letak-652?page=18&map=216230583,https://img.kupi.cz/kupi/thumbs/slanina-pikantni-delikates_170_340.jpg,2026-10-06T17:43:15+02:00
Albert,"Maso, uzeniny a ryby",2246,Slanina pikantní delikates 100 g,slanina_pikantni_delikates,24.9,31.52,Kč,"24,90 Kč / 100 g",249.0,,False,,,-21% dnes končí,2026-10-06,https://www.kupi.cz/letak/albert-supermarket-letak-701?page=18&map=215340141,https://img.kupi.cz/kupi/thumbs/slanina-pikantni-delikates_170_340.jpg,2026-10-06T17:43:15+02:00
Albert,"Maso, uzeniny a ryby",54713,Pečeně debrecínská Premium Albertovo uzenářství 100 g,pecene_debrecinska_premium_albertovo_uzenarstvi,21.9,28.82,Kč,"21,90 Kč / 100 g",219.0,,False,,,-24% dnes končí,2026-10-06,https://www.kupi.cz/letak/albert-supermarket-letak-701?page=42&map=215343033,https://img.kupi.cz/kupi/thumbs/pecene-debrecinska-retro-steinhauser_170_340.jpg,2026-10-06T17:43:15+02:00
Albert,"Maso, uzeniny a ryby",54713,Pečeně debrecínská Premium Albertovo uzenářství 100 g,pecene_debrecinska_premium_albertovo_uzenarstvi,22.9,28.62,Kč,"22,90 Kč / 100 g",229.0,,False,,,-20% st 7. 10. – út 13. 10.,2026-10-07 - 2026-10-13,https://www.kupi.cz/letak/albert-hypermarket-letak-652?page=18&map=216230616,https://img.kupi.cz/kupi/thumbs/pecene-debrecinska-retro-steinhauser_170_340.jpg,2026-10-06T17:43:15+02:00
Albert,"Maso, uzeniny a ryby",149159,Hovězí nudličky Albert 0.3 kg,hovezi_nudlicky,109.9,139.11,Kč,"366,33 Kč / 1 kg",366.33,,False,,,-21% st 7. 10. – út 13. 10.,2026-10-07 - 2026-10-13,https://www.kupi.cz/letak/albert-hypermarket-letak-652?page=19&map=216264987,https://img.kupi.cz/kupi/thumbs/hovezi-nudlicky-albert-1_170_340.png,2026-10-06T17:43:15+02:00
Albert,"Maso, uzeniny a ryby",71107,Kapiový salám Ponnath 100 g,kapiovy_salam_ponnath,19.9,32.62,Kč,"19,90 Kč / 100 g",199.0,,False,,,-39% st 7. 10. – út 13. 10.,2026-10-07 - 2026-10-13,https://www.kupi.cz/letak/albert-hypermarket-letak-652?page=18&map=216230604,https://img.kupi.cz/kupi/thumbs/kapiovy-salam-ponnath-2_170_340.jpg,2026-10-06T17:43:15+02:00
Albert,"Maso, uzeniny a ryby",361537,Kuře + 2 čtvrtky Albert 1 kg,kure_ctvrtky,59.9,99.83,Kč,"59,90 Kč / 1 kg",59.9,,False,,,-40% st 7. 10. – út 13. 10.,2026-10-07 - 2026-10-13,https://www.kupi.cz/letak/albert-hypermarket-letak-652?page=19&map=216265008,https://www.kupi.cz/img/no_img/no_discounts.png,2026-10-06T17:43:15+02:00
Albert,"Maso, uzeniny a ryby",361537,Kuře + 2 čtvrtky Albert 1 kg,kure_ctvrtky,59.9,99.83,Kč,"59,90 Kč / 1 kg",59.9,,False,,,-40% st 7. 10. – út 13. 10.,2026-10-07 - 2026-10-13,https://www.kupi.cz/letak/albert-supermarket-letak-702?page=17&map=216234699,https://www.kupi.cz/img/no_img/no_discounts.png,2026-10-06T17:43:15+02:00
Albert,"Maso, uzeniny a ryby",65492,Salám Paprikáš Premium Albertovo uzenářství 100 g,salam_paprikas_premium_albertovo_uzenarstvi,26.9,34.49,Kč,"26,90 Kč / 100 g",269.0,,False,,,-22% dnes končí,2026-10-06,https://www.kupi.cz/letak/albert-supermarket-letak-701?page=42&map=215343030,https://www.kupi.cz/img/no_img/no_discounts.png,2026-10-06T17:43:15+02:00
Albert,"Maso, uzeniny a ryby",189901,Párky královské 100 g,parky_kralovske,21.9,26.71,Kč,"21,90 Kč / 100 g",219.0,,False,,,-18% dnes končí,2026-10-06,https://www.kupi.cz/letak/albert-hypermarket-letak-651?page=12&map=215325432,https://img.kupi.cz/kupi/thumbs/parky-kralovske_170_340.jpg,2026-10-06T17:43:15+02:00
Albert,"Maso, uzeniny a ryby",379027,Šunka výběrová dušená Albertovo uzenářství 200 g,sunka_vyberova_dusena_albertovo_uzenarstvi,36.9,56.77,Kč,"18,45 Kč / 100 g",184.5,,False,,,-35% st 7. 10. – út 13. 10.,2026-10-07 - 2026-10-13,https://www.kupi.cz/letak/albert-supermarket-letak-702?page=16&map=216234669,https://img.kupi.cz/kupi/thumbs/sunka-vyberova-dusena-albertovo-uzenarstvi_170_340.jpg,2026-10-06T17:43:15+02:00
Albert,"Maso, uzeniny a ryby",45093,Salám Junior Kostelecké uzeniny 100 g,salam_junior_kostelecke_uzeniny,15.9,21.78,Kč,"15,90 Kč / 100 g",159.0,,False,,,-27% dnes končí,2026-10-06,https://www.kupi.cz/letak/albert-hypermarket-letak-651?page=12&map=215325435,https://img.kupi.cz/kupi/thumbs/salam-junior-kostelecke-uzeniny_170_340.png,2026-10-06T17:43:15+02:00
Albert,"Maso, uzeniny a ryby",374080,Moravské uzené Albertovo uzenářství 100 g,moravske_uzene_albertovo_uzenarstvi,21.9,34.76,Kč,"21,90 Kč / 100 g",219.0,,False,,,-37% dnes končí,2026-10-06,https://www.kupi.cz/letak/albert-supermarket-letak-701?page=18&map=215340153,https://img.kupi.cz/kupi/thumbs/moravske-uzene-albertovo-uzenarstvi_170_340.jpg,2026-10-06T17:43:15+02:00
Albert,"Maso, uzeniny a ryby",105526,Salám Herkules Česká chuť 100 g,salam_herkules_ceska_chut,21.9,32.69,Kč,"21,90 Kč / 100 g",219.0,,False,,,-33% dnes končí,2026-10-06,https://www.kupi.cz/letak/albert-supermarket-letak-701?page=18&map=215340198,https://img.kupi.cz/kupi/thumbs/salam-herkules-ceska-chut_170_340.png,2026-10-06T17:43:15+02:00
Albert,"Maso, uzeniny a ryby",466337,Šunka vepřová Mistrovská nejvyšší jakosti Česká chuť 100 g,sunka_veprova_mistrovska_nejvyssi_jakosti_ceska_chut,19.9,31.59,Kč,"19,90 Kč / 100 g",199.0,,False,,,-37% st 7. 10. – út 13. 10.,2026-10-07 - 2026-10-13,https://www.kupi.cz/letak/albert-hypermarket-letak-652?page=18&map=216230562,https://img.kupi.cz/kupi/thumbs/sunka-veprova-mistrovska-nejvyssi-jakosti-ceska-chut_170_340.jpg,2026-10-06T17:43:15+02:00
Albert,"Maso, uzeniny a ryby",466337,Šunka vepřová Mistrovská nejvyšší jakosti Česká chuť 100 g,sunka_veprova_mistrovska_nejvyssi_jakosti_ceska_chut,19.9,31.59,Kč,"19,90 Kč / 100 g",199.0,,False,,,-37% dnes končí,2026-10-06,https://www.kupi.cz/letak/albert-hypermarket-letak-651?page=12&map=215325399,https://img.kupi.cz/kupi/thumbs/sunka-veprova-mistrovska-nejvyssi-jakosti-ceska-chut_170_340.jpg,2026-10-06T17:43:15+02:00
Albert,"Maso, uzeniny a ryby",414104,Salám duo Krahulík 75 g,salam_duo_krahulik,29.9,45.3,Kč,"39,87 Kč / 100 g",398.7,,False,,,-34% dnes končí,2026-10-06,https://www.kupi.cz/letak/albert-supermarket-letak-701?page=18&map=215340183,https://img.kupi.cz/kupi/thumbs/salam-duo-krahulik_170_340.png,2026-10-06T17:43:15+02:00
Albert,"Maso, uzeniny a ryby",534942,Mělněné maso mix Albert 0.4 kg,melnene_maso_mix,59.9,74.88,Kč,"149,75 Kč / 1 kg",149.75,,False,,,-20% dnes končí,2026-10-06,https://www.kupi.cz/letak/albert-supermarket-letak-701?page=19&map=215340252,https://www.kupi.cz/img/no_img/no_discounts.png,2026-10-06T17:43:15+02:00
Albert,"Maso, uzeniny a ryby",427077,Salám Sedlácký 100 g,salam_sedlacky,16.9,19.88,Kč,"16,90 Kč / 100 g",169.0,,False,,,-15% st 7. 10. – út 13. 10.,2026-10-07 - 2026-10-13,https://www.kupi.cz/letak/albert-supermarket-letak-702?page=16&map=216234615,https://img.kupi.cz/kupi/thumbs/salam-sedlacky_170_340.png,2026-10-06T17:43:15+02:00
Albert,"Maso, uzeniny a ryby",427077,Salám Sedlácký 100 g,salam_sedlacky,16.9,19.88,Kč,"16,90 Kč / 100 g",169.0,,False,,,-15% dnes končí,2026-10-06,https://www.kupi.cz/letak/albert-hypermarket-letak-651?page=12&map=215325414,https://img.kupi.cz/kupi/thumbs/salam-sedlacky_170_340.png,2026-10-06T17:43:15+02:00
Albert,"Maso, uzeniny a ryby",433545,Kuře z volného výběhu Welfare Nature's Promise 1 kg,kure_z_volneho_vybehu_welfare_nature_s_promise,139.9,177.09,Kč,"139,90 Kč / 1 kg",139.9,,False,,,-21% dnes končí,2026-10-06,https://www.kupi.cz/letak/albert-hypermarket-letak-651?page=13&map=215325531,https://img.kupi.cz/kupi/thumbs/kure-z-volneho-vybehu-natures-promise-1_170_340.jpg,2026-10-06T17:43:15+02:00
Albert,"Maso, uzeniny a ryby",372926,Šunka kuřecí nejvyšší jakosti Česká chuť 100 g,sunka_kureci_nejvyssi_jakosti_ceska_chut,24.9,34.58,Kč,"24,90 Kč / 100 g",249.0,,False,,,-28% dnes končí,2026-10-06,https://www.kupi.cz/letak/albert-supermarket-letak-701?page=18&map=215340189,https://img.kupi.cz/kupi/thumbs/sunka-kureci-nejvyssi-jakosti-ceska-chut_170_340.png,2026-10-06T17:43:15+02:00
Albert,"Maso, uzeniny a ryby",134778,Šunka nejvyšší jakosti Kostelecké uzeniny 100 g,sunka_nejvyssi_jakosti_kostelecke_uzeniny,18.9,31.5,Kč,"18,90 Kč / 100 g",189.0,,False,,,-40% dnes končí,2026-10-06,https://www.kupi.cz/letak/albert-hypermarket-letak-651?map=215325048,https://img.kupi.cz/kupi/thumbs/sunka-nejvyssi-jakosti-kostelecke-uzeniny_170_340.png,2026-10-06T17:43:16+02:00
Albert,"Maso, uzeniny a ryby",279817,Salám kostelecký Rio Ebro Kostelecké uzeniny 100 g,salam_kostelecky_rio_ebro_kostelecke_uzeniny,26.9,31.65,Kč,"26,90 Kč / 100 g",269.0,,False,,,-15% st 7. 10. – út 20. 10.,2026-10-07 - 2026-10-20,https://www.kupi.cz/letak/albert-supermarket-nabidka-ve-znackove-kvalite-3?page=2&map=216205764,https://img.kupi.cz/kupi/thumbs/salam-kostelecky-rio-ebro-kostelecke-uzeniny_170_340.png,2026-10-06T17:43:16+02:00
Albert,"Maso, uzeniny a ryby",442242,Kotleta vepřová s kostí Albert 1 kg,kotleta_veprova_s_kosti,119.9,187.34,Kč,"119,90 Kč / 1 kg",119.9,,False,,,-36% st 7. 10. – út 13. 10.,2026-10-07 - 2026-10-13,https://www.kupi.cz/letak/albert-hypermarket-letak-652?page=19&map=216264981,https://www.kupi.cz/img/no_img/no_discounts.png,2026-10-06T17:43:16+02:00
Albert,"Maso, uzeniny a ryby",241614,Salám Poličan Česká chuť 75 g,salam_polican_ceska_chut,21.9,29.59,Kč,"29,20 Kč / 100 g",292.0,,False,,,-26% dnes končí,2026-10-06,https://www.kupi.cz/letak/albert-hypermarket-letak-651?page=12&map=215325444,https://img.kupi.cz/kupi/thumbs/salam-polican-ceska-chut_170_340.jpg,2026-10-06T17:43:16+02:00
Albert,"Maso, uzeniny a ryby",205689,Šunka pečená poctivá nejvyšší jakosti Kostelecké uzeniny 100 g,sunka_pecena_poctiva_nejvyssi_jakosti_kostelecke_uzeniny,36.9,49.86,Kč,"36,90 Kč / 100 g",369.0,,False,,,-26% dnes končí,2026-10-06,https://www.kupi.cz/letak/albert-supermarket-letak-701?page=18&map=215340156,https://img.kupi.cz/kupi/thumbs/sunka-pecena-poctiva-nejvyssi-jakosti-kostelecke-uzeniny_170_340.jpg,2026-10-06T17:43:16+02:00
Albert,"Maso, uzeniny a ryby",423252,Tapas Fuet s černým lanýžem Albert Excellent 70 g,tapas_fuet_s_cernym_lanyzem_excellent,79.0,,Kč,"112,86 Kč / 100 g",1128.6,,False,,,dnes končí,2026-10-06,https://www.kupi.cz/letak/albert-supermarket-letak-701?page=41&map=215342937,https://img.kupi.cz/kupi/thumbs/tapas-fuet-s-cernym-lanyzem-albert-excellent_170_340.jpg,2026-10-06T17:43:16+02:00
Albert,"Maso, uzeniny a ryby",393322,Tapas Lanýžový salám s parmezánem Albert Excellent 60 g,tapas_lanyzovy_salam_s_parmezanem_excellent,79.0,,Kč,"131,67 Kč / 100 g",1316.7,,False,,,st 7. 10. – út 13. 10.,2026-10-07 - 2026-10-13,https://www.kupi.cz/letak/albert-hypermarket-letak-652?page=53&map=216233196,https://img.kupi.cz/kupi/thumbs/tapas-lanyzovy-salam-s-parmezanem-albert-excellent_170_340.png,2026-10-06T17:43:16+02:00
Albert,"Maso, uzeniny a ryby",393970,Šunka farmářská delikates výběrová 100 g,sunka_farmarska_delikates_vyberova,19.9,28.84,Kč,"19,90 Kč / 100 g",199.0,,False,,,-31% st 7. 10. – út 13. 10.,2026-10-07 - 2026-10-13,https://www.kupi.cz/letak/albert-supermarket-letak-702?page=16&map=216234618,https://img.kupi.cz/kupi/thumbs/sunka-farmarska-delikates-vyberova_170_340.jpg,2026-10-06T17:43:16+02:00
Albert,"Maso, uzeniny a ryby",396316,Anglická slanina Albertovo uzenářství 150 g,anglicka_slanina_albertovo_uzenarstvi,34.9,45.32,Kč,"23,27 Kč / 100 g",232.7,,False,,,-23% st 7. 10. – út 13. 10.,2026-10-07 - 2026-10-13,https://www.kupi.cz/letak/albert-supermarket-letak-702?page=16&map=216234672,https://img.kupi.cz/kupi/thumbs/anglicka-slanina-albertovo-uzenarstvi-1_170_340.jpg,2026-10-06T17:43:16+02:00
Albert,"Maso, uzeniny a ryby",468314,Tapas Duo Gouda - Fuet Albert Excellent 100 g,tapas_duo_gouda_fuet_excellent,89.0,,Kč,"89,00 Kč / 100 g",890.0,,False,,,st 7. 10. – út 13. 10.,2026-10-07 - 2026-10-13,https://www.kupi.cz/letak/albert-supermarket-letak-702?page=40&map=216235674,https://www.kupi.cz/img/no_img/no_discounts.png,2026-10-06T17:43:16+02:00
Albert,"Maso, uzeniny a ryby",158951,Šunka nejvyšší jakosti Česká chuť 80 g,sunka_nejvyssi_jakosti_ceska_chut,24.9,33.65,Kč,"31,12 Kč / 100 g",311.2,,False,,,-26% st 7. 10. – út 13. 10.,2026-10-07 - 2026-10-13,https://www.kupi.cz/letak/albert-hypermarket-letak-652?page=18&map=216230601,https://img.kupi.cz/kupi/thumbs/sunka-nejvyssi-jakosti-ceska-chut_170_340.jpg,2026-10-06T17:43:16+02:00
Albert,"Maso, uzeniny a ryby",158951,Šunka nejvyšší jakosti Česká chuť 80 g,sunka_nejvyssi_jakosti_ceska_chut,24.9,33.65,Kč,"31,12 Kč / 100 g",311.2,,False,,,-26% dnes končí,2026-10-06,https://www.kupi.cz/letak/albert-hypermarket-letak-651?page=12&map=215325447,https://img.kupi.cz/kupi/thumbs/sunka-nejvyssi-jakosti-ceska-chut_170_340.jpg,2026-10-06T17:43:16+02:00
Albert,"Maso, uzeniny a ryby",435807,Šunka poctivá řemeslná nejvyšší jakosti Kostelecké uzeniny 100 g,sunka_poctiva_remeslna_nejvyssi_jakosti_kostelecke_uzeniny,29.9,49.83,Kč,"29,90 Kč / 100 g",299.0,,False,,,-40% st 7. 10. – út 20. 10.,2026-10-07 - 2026-10-20,https://www.kupi.cz/letak/albert-supermarket-nabidka-ve-znackove-kvalite-3?page=2&map=216205773,https://img.kupi.cz/kupi/thumbs/sunka-poctiva-remeslna-nejvyssi-jakosti-kostelecke-uzeniny_170_340.png,2026-10-06T17:43:16+02:00
Albert,"Maso, uzeniny a ryby",435807,Šunka poctivá řemeslná nejvyšší jakosti Kostelecké uzeniny 100 g,sunka_poctiva_remeslna_nejvyssi_jakosti_kostelecke_uzeniny,29.9,49.83,Kč,"29,90 Kč / 100 g",299.0,,False,,,-40% dnes končí,2026-10-06,https://www.kupi.cz/letak/albert-supermarket-letak-701?page=18&map=215340165,https://img.kupi.cz/kupi/thumbs/sunka-poctiva-remeslna-nejvyssi-jakosti-kostelecke-uzeniny_170_340.png,2026-10-06T17:43:16+02:00
Albert,"Maso, uzeniny a ryby",132783,Trio klobásové Kmotr 75 g,trio_klobasove_kmotr,29.9,39.87,Kč,"39,87 Kč / 100 g",398.7,,False,,,-25% dnes končí,2026-10-06,https://www.kupi.cz/letak/albert-supermarket-letak-701?page=18&map=215340177,https://img.kupi.cz/kupi/thumbs/trio-klobasove-kmotr_170_340.png,2026-10-06T17:43:16+02:00
Albert,"Maso, uzeniny a ryby",453869,Salám lovecký Maso Příbram 450 g,salam_lovecky_maso_pribram,119.0,165.28,Kč,"26,44 Kč / 100 g",264.4,,False,,,-28% st 7. 10. – út 13. 10.,2026-10-07 - 2026-10-13,https://www.kupi.cz/letak/albert-hypermarket-letak-652?page=18&map=216230592,https://www.kupi.cz/img/no_img/no_discounts.png,2026-10-06T17:43:16+02:00
Albert,"Maso, uzeniny a ryby",463289,Debrecínské párky Premium Albertovo uzenářství 200 g,debrecinske_parky_premium_albertovo_uzenarstvi,44.9,67.01,Kč,"22,45 Kč / 100 g",224.5,,False,,,-33% st 7. 10. – út 13. 10.,2026-10-07 - 2026-10-13,https://www.kupi.cz/letak/albert-supermarket-letak-702?page=16&map=216234666,https://img.kupi.cz/kupi/thumbs/debrecinske-parky-premium-albertovo-uzenarstvi_170_340.jpg,2026-10-06T17:43:16+02:00
Albert,"Maso, uzeniny a ryby",430209,Tapas Krevety v chilli Albert Excellent 70 g,tapas_krevety_v_chilli_excellent,89.0,,Kč,"127,14 Kč / 100 g",1271.4,,False,,,st 7. 10. – út 13. 10.,2026-10-07 - 2026-10-13,https://www.kupi.cz/letak/albert-supermarket-letak-702?page=40&map=216235668,https://img.kupi.cz/kupi/thumbs/tapas-krevety-v-chilli-albert-excellent-2_170_340.png,2026-10-06T17:43:16+02:00
Albert,"Maso, uzeniny a ryby",430209,Tapas Krevety v chilli Albert Excellent 70 g,tapas_krevety_v_chilli_excellent,89.0,,Kč,"127,14 Kč / 100 g",1271.4,,False,,,dnes končí,2026-10-06,https://www.kupi.cz/letak/albert-hypermarket-letak-651?page=50&map=215325819,https://img.kupi.cz/kupi/thumbs/tapas-krevety-v-chilli-albert-excellent-2_170_340.png,2026-10-06T17:43:16+02:00
Albert,"Maso, uzeniny a ryby",489015,Mistrovská klobása Premium Albertovo uzenářství,mistrovska_klobasa_premium_albertovo_uzenarstvi,22.9,28.62,Kč,"22,90 Kč / 100 g",229.0,,False,,,-20% dnes končí,2026-10-06,https://www.kupi.cz/letak/albert-supermarket-letak-701?page=42&map=215343045,https://img.kupi.cz/kupi/thumbs/mistrovska-klobasa-premium-albertovo-uzenarstvi_170_340.jpg,2026-10-06T17:43:16+02:00
Albert,"Maso, uzeniny a ryby",489015,Mistrovská klobása Premium Albertovo uzenářství,mistrovska_klobasa_premium_albertovo_uzenarstvi,84.9,106.12,Kč,"24,26 Kč / 100 g",242.6,,False,,,-20% dnes končí,2026-10-06,https://www.kupi.cz/letak/albert-hypermarket-letak-651?page=12&map=215325441,https://img.kupi.cz/kupi/thumbs/mistrovska-klobasa-premium-albertovo-uzenarstvi_170_340.jpg,2026-10-06T17:43:16+02:00
Albert,"Maso, uzeniny a ryby",407155,Kladenská pečeně Albertovo uzenářství 100 g,kladenska_pecene_albertovo_uzenarstvi,19.9,27.64,Kč,"19,90 Kč / 100 g",199.0,,False,,,-28% dnes končí,2026-10-06,https://www.kupi.cz/letak/albert-supermarket-letak-701?page=18&map=215340111,https://img.kupi.cz/kupi/thumbs/kladenska-pecene-albertovo-uzenarstvi_170_340.jpg,2026-10-06T17:43:16+02:00
Albert,"Maso, uzeniny a ryby",420115,Tapas španělské Trio Albert Excellent 170 g,tapas_spanelske_trio_excellent,119.0,,Kč,"70,00 Kč / 100 g",700.0,,False,,,dnes končí,2026-10-06,https://www.kupi.cz/letak/albert-supermarket-letak-701?page=41&map=215342760,https://img.kupi.cz/kupi/thumbs/tapas-spanelske-trio-albert-excellent_170_340.jpg,2026-10-06T17:43:17+02:00
Albert,"Maso, uzeniny a ryby",582813,Tapas Katalánský fuet Albert Excellent 55 g,tapas_katalansky_fuet_excellent,79.0,,Kč,"143,64 Kč / 100 g",1436.4,,False,,,dnes končí,2026-10-06,https://www.kupi.cz/letak/albert-hypermarket-letak-651?page=50&map=215325810,https://www.kupi.cz/img/no_img/no_discounts.png,2026-10-06T17:43:17+02:00
Albert,"Maso, uzeniny a ryby",586377,Treska tmavá Albert 100 g,treska_tmava,32.9,39.64,Kč,"32,90 Kč / 100 g",329.0,,False,,,-17% dnes končí,2026-10-06,https://www.kupi.cz/letak/albert-supermarket-letak-701?page=19&map=215340291,https://www.kupi.cz/img/no_img/no_discounts.png,2026-10-06T17:43:17+02:00
Albert,"Maso, uzeniny a ryby",577509,Tapas salám Chorizo Albert Excellent 70 g,tapas_salam_chorizo_excellent,79.0,,Kč,"112,86 Kč / 100 g",1128.6,,False,,,dnes končí,2026-10-06,https://www.kupi.cz/letak/albert-supermarket-letak-701?page=41&map=215342850,https://www.kupi.cz/img/no_img/no_discounts.png,2026-10-06T17:43:17+02:00
Albert,"Maso, uzeniny a ryby",540903,Salám Gourmet Premium Albertovo uzenářství 100 g,salam_gourmet_premium_albertovo_uzenarstvi,27.9,34.87,Kč,"27,90 Kč / 100 g",279.0,,False,,,-20% st 7. 10. – út 13. 10.,2026-10-07 - 2026-10-13,https://www.kupi.cz/letak/albert-hypermarket-letak-652?page=18&map=216230613,https://www.kupi.cz/img/no_img/no_discounts.png,2026-10-06T17:43:17+02:00
Albert,"Maso, uzeniny a ryby",540903,Salám Gourmet Premium Albertovo uzenářství 100 g,salam_gourmet_premium_albertovo_uzenarstvi,27.9,34.87,Kč,"27,90 Kč / 100 g",279.0,,False,,,-20% dnes končí,2026-10-06,https://www.kupi.cz/letak/albert-supermarket-letak-701?page=42&map=215343036,https://www.kupi.cz/img/no_img/no_discounts.png,2026-10-06T17:43:17+02:00
Albert,"Maso, uzeniny a ryby",450671,Párky vídeňské Premium Albertovo uzenářství 100 g,parky_videnske_premium_albertovo_uzenarstvi,24.9,29.64,Kč,"24,90 Kč / 100 g",249.0,,False,,,-16% dnes končí,2026-10-06,https://www.kupi.cz/letak/albert-supermarket-letak-701?page=42&map=215343042,https://www.kupi.cz/img/no_img/no_discounts.png,2026-10-06T17:43:17+02:00
Albert,"Maso, uzeniny a ryby",545037,Šunka kuřecí prsní nejvyšší jakosti Albertovo uzenářství 100 g,sunka_kureci_prsni_nejvyssi_jakosti_albertovo_uzenarstvi,29.9,40.41,Kč,"29,90 Kč / 100 g",299.0,,False,,,-26% dnes končí,2026-10-06,https://www.kupi.cz/letak/albert-supermarket-letak-701?page=42&map=215343057,https://www.kupi.cz/img/no_img/no_discounts.png,2026-10-06T17:43:17+02:00
Albert,"Maso, uzeniny a ryby",576876,Tapas šunka Prosciutto Crudo Albert Excellent 50 g,tapas_sunka_prosciutto_crudo_excellent,79.0,,Kč,"158,00 Kč / 100 g",1580.0,,False,,,dnes končí,2026-10-06,https://www.kupi.cz/letak/albert-hypermarket-letak-651?page=50&map=215325813,https://www.kupi.cz/img/no_img/no_discounts.png,2026-10-06T17:43:17+02:00
Albert,"Maso, uzeniny a ryby",578154,Tapas Krevety s dipem Albert Excellent 80 g,tapas_krevety_s_dipem_excellent,89.0,,Kč,"111,25 Kč / 100 g",1112.5,,False,,,dnes končí,2026-10-06,https://www.kupi.cz/letak/albert-hypermarket-letak-651?page=50&map=215325828,https://www.kupi.cz/img/no_img/no_discounts.png,2026-10-06T17:43:17+02:00
Albert,"Maso, uzeniny a ryby",533103,Pečeně v pepři 100 g,pecene_v_pepri,24.9,29.64,Kč,"24,90 Kč / 100 g",249.0,,False,,,-16% dnes končí,2026-10-06,https://www.kupi.cz/letak/albert-hypermarket-letak-651?page=12&map=215325417,https://www.kupi.cz/img/no_img/no_discounts.png,2026-10-06T17:43:17+02:00
Albert,"Maso, uzeniny a ryby",556161,Salám Gourmet Premium 100 g,salam_gourmet_premium,27.9,34.87,Kč,"27,90 Kč / 100 g",279.0,,False,,,-20% dnes končí,2026-10-06,https://www.kupi.cz/letak/albert-hypermarket-letak-651?page=12&map=215325426,https://www.kupi.cz/img/no_img/no_discounts.png,2026-10-06T17:43:17+02:00
Albert,"Maso, uzeniny a ryby",552486,Burger s lanýžem Albert Excellent 0.2 kg,burger_s_lanyzem_excellent,89.9,119.87,Kč,"449,50 Kč / 1 kg",449.5,,False,,,-25% dnes končí,2026-10-06,https://www.kupi.cz/letak/albert-supermarket-letak-701?page=19&map=215340258,https://www.kupi.cz/img/no_img/no_discounts.png,2026-10-06T17:43:17+02:00
Albert,"Maso, uzeniny a ryby",587241,Krůtí mleté maso Albert 0.48 kg,kruti_mlete_maso,79.9,137.76,Kč,"166,46 Kč / 1 kg",166.46,,False,,,-42% pá 9. 10. – ne 11. 10.,2026-10-09 - 2026-10-11,https://www.kupi.cz/letak/albert-hypermarket-letak-652?page=8&map=216263922,https://www.kupi.cz/img/no_img/no_discounts.png,2026-10-06T17:43:17+02:00
Albert,Lahůdky,33090,Olivy Exclusive Franz Josef Kaiser 300 g,olivy_exclusive_franz_josef_kaiser,29.9,34.77,Kč,"9,97 Kč / 100 g",99.7,,True,Můj Albert,29.9,-14% Můj Albert dnes končí,2026-10-06,https://www.kupi.cz/letak/albert-supermarket-letak-701?page=30&map=215341452,https://img.kupi.cz/kupi/thumbs/olivy-exclusive-kaiser-franz-josef_170_340.jpg,2026-10-06T17:43:19+02:00
Albert,Lahůdky,33090,Olivy Exclusive Franz Josef Kaiser 300 g,olivy_exclusive_franz_josef_kaiser,29.9,34.77,Kč,"9,97 Kč / 100 g",99.7,,True,Můj Albert,29.9,-14% Můj Albert st 7. 10. – út 13. 10.,2026-10-07 - 2026-10-13,https://www.kupi.cz/letak/albert-hypermarket-letak-652?page=33&map=216231882,https://img.kupi.cz/kupi/thumbs/olivy-exclusive-kaiser-franz-josef_170_340.jpg,2026-10-06T17:43:19+02:00
Albert,Lahůdky,33090,Olivy Exclusive Franz Josef Kaiser 300 g,olivy_exclusive_franz_josef_kaiser,29.9,34.77,Kč,"9,97 Kč / 100 g",99.7,,True,Můj Albert,29.9,-14% Můj Albert dnes končí,2026-10-06,https://www.kupi.cz/letaky/albert,https://img.kupi.cz/kupi/thumbs/olivy-exclusive-kaiser-franz-josef_170_340.jpg,2026-10-06T17:43:19+02:00
Albert,Lahůdky,28813,Sušená rajčata v oleji Exclusive Franz Josef Kaiser 180 g,rajcata,36.9,69.62,Kč,"20,50 Kč / 100 g",205.0,,False,,,-47% st 7. 10. – út 20. 10.,2026-10-07 - 2026-10-20,https://www.kupi.cz/letak/albert-supermarket-nabidka-ve-znackove-kvalite-3?page=6&map=216205899,https://img.kupi.cz/kupi/thumbs/rajcata-susena-kaiser-franz-josef_170_340.jpg,2026-10-06T17:43:19+02:00
Albert,Lahůdky,30395,Paté Rio Mare 100 g,pate_rio_mare,54.9,99.82,Kč,"54,90 Kč / 100 g",549.0,,False,,,-45% st 7. 10. – út 13. 10.,2026-10-07 - 2026-10-13,https://www.kupi.cz/letak/albert-hypermarket-letak-652?page=33&map=216231912,https://img.kupi.cz/kupi/thumbs/pate-rio-mare-1_170_340.jpg,2026-10-06T17:43:19+02:00
Albert,Lahůdky,221604,Salát ledový Albert 1 ks,salat_ledovy,22.9,39.48,Kč,"22,90 Kč / 1 ks",,22.9,False,,,-42% st 7. 10. – út 13. 10.,2026-10-07 - 2026-10-13,https://www.kupi.cz/letak/albert-hypermarket-letak-652?page=15&map=216230526,https://img.kupi.cz/kupi/thumbs/salat-ledovy-albert_170_340.jpg,2026-10-06T17:43:19+02:00
Albert,Lahůdky,221604,Salát ledový Albert 1 ks,salat_ledovy,24.9,39.52,Kč,"24,90 Kč / 1 ks",,24.9,False,,,-37% dnes končí,2026-10-06,https://www.kupi.cz/letak/albert-hypermarket-letak-651?page=11&map=215325363,https://img.kupi.cz/kupi/thumbs/salat-ledovy-albert_170_340.jpg,2026-10-06T17:43:19+02:00
Albert,Lahůdky,1562,Zavináče 100 g,zavinace,18.9,23.62,Kč,"18,90 Kč / 100 g",189.0,,False,,,-20% st 7. 10. – út 13. 10.,2026-10-07 - 2026-10-13,https://www.kupi.cz/letak/albert-hypermarket-letak-652?page=23&map=216231405,https://img.kupi.cz/kupi/thumbs/zavinace-1_170_340.png,2026-10-06T17:43:19+02:00
Albert,Lahůdky,1562,Zavináče 100 g,zavinace,18.9,23.62,Kč,"18,90 Kč / 100 g",189.0,,False,,,-20% dnes končí,2026-10-06,https://www.kupi.cz/letak/albert-supermarket-letak-701?page=23&map=215340657,https://img.kupi.cz/kupi/thumbs/zavinace-1_170_340.png,2026-10-06T17:43:19+02:00
Albert,Lahůdky,221,Pařížský salát 100 g,parizsky_salat,12.9,15.73,Kč,"12,90 Kč / 100 g",129.0,,False,,,-18% st 7. 10. – út 13. 10.,2026-10-07 - 2026-10-13,https://www.kupi.cz/letak/albert-hypermarket-letak-652?page=23&map=216231399,https://img.kupi.cz/kupi/thumbs/parizsky-salat_170_340.png,2026-10-06T17:43:19+02:00
Albert,Lahůdky,45634,Česneková pomazánka se sýrem 100 g,cesnekova_pomazanka_se_syrem,16.9,20.86,Kč,"16,90 Kč / 100 g",169.0,,False,,,-19% st 7. 10. – út 13. 10.,2026-10-07 - 2026-10-13,https://www.kupi.cz/letak/albert-supermarket-letak-702?page=23&map=216234894,https://img.kupi.cz/kupi/thumbs/cesnekova-pomazanka-se-syrem_170_340.jpg,2026-10-06T17:43:19+02:00
Albert,Lahůdky,45634,Česneková pomazánka se sýrem 100 g,cesnekova_pomazanka_se_syrem,16.9,20.86,Kč,"16,90 Kč / 100 g",169.0,,False,,,-19% dnes končí,2026-10-06,https://www.kupi.cz/letak/albert-hypermarket-letak-651?page=17&map=215332401,https://img.kupi.cz/kupi/thumbs/cesnekova-pomazanka-se-syrem_170_340.jpg,2026-10-06T17:43:19+02:00
Albert,Lahůdky,1492,Salát vlašský 100 g,salat_vlassky,13.5,15.88,Kč,"13,50 Kč / 100 g",135.0,,False,,,-15% st 7. 10. – út 13. 10.,2026-10-07 - 2026-10-13,https://www.kupi.cz/letak/albert-hypermarket-letak-652?page=23&map=216231402,https://img.kupi.cz/kupi/thumbs/salat-vlassky_170_340.jpg,2026-10-06T17:43:19+02:00
Albert,Lahůdky,572,Pikantní sýrová pomazánka 100 g,pikantni_syrova_pomazanka,15.9,20.65,Kč,"15,90 Kč / 100 g",159.0,,False,,,-23% dnes končí,2026-10-06,https://www.kupi.cz/letak/albert-supermarket-letak-701?page=23&map=215340645,https://img.kupi.cz/kupi/thumbs/pikantni-syrova-pomazanka_170_340.png,2026-10-06T17:43:19+02:00
Albert,Lahůdky,972,Utopenci Viva 670 g,utopenci_viva,69.9,99.86,Kč,"10,43 Kč / 100 g",104.3,,False,,,-30% dnes končí,2026-10-06,https://www.kupi.cz/letak/albert-hypermarket-letak-651?page=26&map=215332881,https://img.kupi.cz/kupi/thumbs/utopenci-viva-carne_170_340.jpg,2026-10-06T17:43:19+02:00
Albert,Lahůdky,2822,Tuňáková pomazánka 100 g,tunakova_pomazanka,19.9,25.84,Kč,"19,90 Kč / 100 g",199.0,,False,,,-23% st 7. 10. – út 13. 10.,2026-10-07 - 2026-10-13,https://www.kupi.cz/letak/albert-hypermarket-letak-652?page=23&map=216231411,https://img.kupi.cz/kupi/thumbs/tunakova-pomazanka_170_340.png,2026-10-06T17:43:19+02:00
Albert,Lahůdky,2822,Tuňáková pomazánka 100 g,tunakova_pomazanka,19.9,25.84,Kč,"19,90 Kč / 100 g",199.0,,False,,,-23% dnes končí,2026-10-06,https://www.kupi.cz/letak/albert-supermarket-letak-701?page=23&map=215340633,https://img.kupi.cz/kupi/thumbs/tunakova-pomazanka_170_340.png,2026-10-06T17:43:19+02:00
Albert,Lahůdky,487302,Vývar Cibule Bistro 1 l,vyvar_cibule_bistro,84.9,99.88,Kč,"84,90 Kč / 1 l",,,False,,,-15% dnes končí,2026-10-06,https://www.kupi.cz/letak/albert-hypermarket-letak-651?page=51&map=215325765,https://img.kupi.cz/kupi/thumbs/vyvar-cibule-bistro_170_340.jpg,2026-10-06T17:43:19+02:00
Albert,Lahůdky,589,Salát a la krab 100 g,salat_a_la_krab,14.9,21.59,Kč,"14,90 Kč / 100 g",149.0,,False,,,-31% dnes končí,2026-10-06,https://www.kupi.cz/letak/albert-hypermarket-letak-651?page=17&map=215332410,https://img.kupi.cz/kupi/thumbs/salat-a-la-krab-2_170_340.png,2026-10-06T17:43:19+02:00
Albert,Lahůdky,108618,Hotová jídla chlazená Albert 400 g,hotova_jidla_chlazena,84.9,99.88,Kč,"21,23 Kč / 100 g",212.3,,False,,,-15% dnes končí,2026-10-06,https://www.kupi.cz/letak/albert-hypermarket-letak-651?page=17&map=215332434,https://img.kupi.cz/kupi/thumbs/hotova-jidla-chlazena-albert-1_170_340.jpg,2026-10-06T17:43:19+02:00
Albert,Lahůdky,362191,Lasagne Bolognese Albert 1000 g,lasagne_bolognese,99.9,129.74,Kč,"9,99 Kč / 100 g",99.9,,False,,,-23% st 7. 10. – út 13. 10.,2026-10-07 - 2026-10-13,https://www.kupi.cz/letak/albert-supermarket-letak-702?page=23&map=216234918,https://img.kupi.cz/kupi/thumbs/lasagne-bolognese-albert_170_340.jpg,2026-10-06T17:43:19+02:00
Albert,Lahůdky,11000,Tvarůžková pomazánka 100 g,tvaruzkova_pomazanka,17.9,23.87,Kč,"17,90 Kč / 100 g",179.0,,False,,,-25% dnes končí,2026-10-06,https://www.kupi.cz/letak/albert-hypermarket-letak-651?page=17&map=215332407,https://img.kupi.cz/kupi/thumbs/tvaruzkova-pomazanka_170_340.jpg,2026-10-06T17:43:19+02:00
Albert,Lahůdky,381580,Salát pochoutkový Retro 100 g,salat_pochoutkovy_retro,13.9,16.75,Kč,"13,90 Kč / 100 g",139.0,,False,,,-17% st 7. 10. – út 13. 10.,2026-10-07 - 2026-10-13,https://www.kupi.cz/letak/albert-supermarket-letak-702?page=23&map=216234885,https://img.kupi.cz/kupi/thumbs/salat-pochoutkovy-retro_170_340.jpg,2026-10-06T17:43:19+02:00
Albert,Lahůdky,418681,Bramborové lokše 400 g,bramborove_lokse,49.9,59.4,Kč,"12,47 Kč / 100 g",124.7,,False,,,-16% st 7. 10. – út 13. 10.,2026-10-07 - 2026-10-13,https://www.kupi.cz/letak/albert-supermarket-letak-702?page=23&map=216234900,https://img.kupi.cz/kupi/thumbs/bramborove-lokse-1_170_340.jpg,2026-10-06T17:43:19+02:00
Albert,Lahůdky,185893,Wrap Albert Fresh Bistro,wrap_fresh_bistro,64.9,,Kč,"34,16 Kč / 100 g",341.6,,False,,,st 7. 10. – út 13. 10.,2026-10-07 - 2026-10-13,https://www.kupi.cz/letak/albert-hypermarket-letak-652?page=24&map=216231429,https://img.kupi.cz/kupi/thumbs/wrap-albert-fresh-bistro_170_340.png,2026-10-06T17:43:21+02:00
Albert,Lahůdky,185893,Wrap Albert Fresh Bistro,wrap_fresh_bistro,64.9,,Kč,"36,06 Kč / 100 g",360.6,,False,,,st 7. 10. – út 13. 10.,2026-10-07 - 2026-10-13,https://www.kupi.cz/letak/albert-hypermarket-letak-652?page=24&map=216231423,https://img.kupi.cz/kupi/thumbs/wrap-albert-fresh-bistro_170_340.png,2026-10-06T17:43:21+02:00
Albert,Lahůdky,184540,Obložená bageta Albert Fresh Bistro,oblozena_bageta_fresh_bistro,69.9,,Kč,"25,89 Kč / 100 g",258.9,,False,,,dnes končí,2026-10-06,https://www.kupi.cz/letak/albert-hypermarket-letak-651?page=48&map=215325861,https://img.kupi.cz/kupi/thumbs/oblozena-bageta-albert-fresh-bistro-1_170_340.png,2026-10-06T17:43:21+02:00
Albert,Lahůdky,184540,Obložená bageta Albert Fresh Bistro,oblozena_bageta_fresh_bistro,69.9,,Kč,"26,28 Kč / 100 g",262.8,,False,,,st 7. 10. – út 13. 10.,2026-10-07 - 2026-10-13,https://www.kupi.cz/letak/albert-hypermarket-letak-652?page=24&map=216231444,https://img.kupi.cz/kupi/thumbs/oblozena-bageta-albert-fresh-bistro-1_170_340.png,2026-10-06T17:43:21+02:00
Albert,Lahůdky,305165,Polévka krémová z dýně a mrkviček Albert Fresh Bistro 400 g,dyne_hokkaido,56.9,,Kč,"14,22 Kč / 100 g",142.2,,False,,,dnes končí,2026-10-06,https://www.kupi.cz/letak/albert-hypermarket-letak-651?page=48&map=215325873,https://img.kupi.cz/kupi/thumbs/polevka-kremova-z-dyne-a-mrkvicek-albert-fresh-bistro_170_340.png,2026-10-06T17:43:21+02:00
Albert,Lahůdky,184537,Sendvič Albert Fresh Bistro,sendvic_fresh_bistro,64.9,,Kč,"32,45 Kč / 100 g",324.5,,False,,,dnes končí,2026-10-06,https://www.kupi.cz/letak/albert-hypermarket-letak-651?page=48&map=215325867,https://img.kupi.cz/kupi/thumbs/sendvic-albert-fresh-bistro_170_340.png,2026-10-06T17:43:21+02:00
Albert,Lahůdky,184537,Sendvič Albert Fresh Bistro,sendvic_fresh_bistro,64.9,,Kč,"38,18 Kč / 100 g",381.8,,False,,,dnes končí,2026-10-06,https://www.kupi.cz/letak/albert-supermarket-letak-701?page=39&map=215342622,https://img.kupi.cz/kupi/thumbs/sendvic-albert-fresh-bistro_170_340.png,2026-10-06T17:43:21+02:00
Albert,Lahůdky,184537,Sendvič Albert Fresh Bistro,sendvic_fresh_bistro,69.9,,Kč,"43,69 Kč / 100 g",436.9,,False,,,dnes končí,2026-10-06,https://www.kupi.cz/letak/albert-hypermarket-letak-651?page=48&map=215325864,https://img.kupi.cz/kupi/thumbs/sendvic-albert-fresh-bistro_170_340.png,2026-10-06T17:43:21+02:00
Albert,Lahůdky,168790,Pomazánka Camembert 100 g,pomazanka_camembert,16.9,22.84,Kč,"16,90 Kč / 100 g",169.0,,False,,,-26% st 7. 10. – út 13. 10.,2026-10-07 - 2026-10-13,https://www.kupi.cz/letak/albert-hypermarket-letak-652?page=23&map=216231408,https://www.kupi.cz/img/no_img/no_discounts.png,2026-10-06T17:43:21+02:00
Albert,Lahůdky,57950,Vajíčková pomazánka Retro 100 g,vajickova_pomazanka_retro,17.9,22.66,Kč,"17,90 Kč / 100 g",179.0,,False,,,-21% dnes končí,2026-10-06,https://www.kupi.cz/letak/albert-hypermarket-letak-651?page=17&map=215332404,https://img.kupi.cz/kupi/thumbs/vajickova-pomazanka-retro-albert_170_340.png,2026-10-06T17:43:21+02:00
Albert,Lahůdky,393316,Tapas plněné Coppa Albert Excellent 70 g,tapas_plnene_coppa_excellent,79.0,,Kč,"112,86 Kč / 100 g",1128.6,,False,,,st 7. 10. – út 13. 10.,2026-10-07 - 2026-10-13,https://www.kupi.cz/letak/albert-hypermarket-letak-652?page=53&map=216233202,https://img.kupi.cz/kupi/thumbs/tapas-plnene-coppa-albert-excellent_170_340.png,2026-10-06T17:43:21+02:00
Albert,Lahůdky,393316,Tapas plněné Coppa Albert Excellent 70 g,tapas_plnene_coppa_excellent,79.0,,Kč,"112,86 Kč / 100 g",1128.6,,False,,,dnes končí,2026-10-06,https://www.kupi.cz/letak/albert-supermarket-letak-701?page=41&map=215342832,https://img.kupi.cz/kupi/thumbs/tapas-plnene-coppa-albert-excellent_170_340.png,2026-10-06T17:43:21+02:00
Albert,Lahůdky,355846,Kokosové kuře s basmati rýží a zeleninou Albert Fresh Bistro 400 g,kokosove_kure_s_basmati_ryzi_a_zeleninou_fresh_bistro,99.9,,Kč,"24,98 Kč / 100 g",249.8,,False,,,st 7. 10. – út 13. 10.,2026-10-07 - 2026-10-13,https://www.kupi.cz/letak/albert-hypermarket-letak-652?page=24&map=216231447,https://img.kupi.cz/kupi/thumbs/kokosove-kure-s-basmati-ryzi-a-zeleninou-albert-fresh-bistro_170_340.png,2026-10-06T17:43:21+02:00
Albert,Lahůdky,39358,Chlebíčková pomazánka 100 g,chlebickova_pomazanka,15.9,19.88,Kč,"15,90 Kč / 100 g",159.0,,False,,,-20% st 7. 10. – út 13. 10.,2026-10-07 - 2026-10-13,https://www.kupi.cz/letak/albert-supermarket-letak-702?page=23&map=216234888,https://img.kupi.cz/kupi/thumbs/chlebickova-pomazanka_170_340.jpg,2026-10-06T17:43:21+02:00
Albert,Lahůdky,393319,Tapas Olivy se sýrem Albert Excellent 260 g,tapas_olivy_se_syrem_excellent,89.0,,Kč,"34,23 Kč / 100 g",342.3,,False,,,dnes končí,2026-10-06,https://www.kupi.cz/letak/albert-supermarket-letak-701?page=41&map=215342940,https://img.kupi.cz/kupi/thumbs/tapas-olivy-se-syrem-albert-excellent_170_340.png,2026-10-06T17:43:21+02:00
Albert,Lahůdky,460502,Tlačenka Premium Albertovo uzenářství 100 g,tlacenka_premium_albertovo_uzenarstvi,16.9,23.8,Kč,"16,90 Kč / 100 g",169.0,,False,,,-29% dnes končí,2026-10-06,https://www.kupi.cz/letak/albert-supermarket-letak-701?page=42&map=215343054,https://www.kupi.cz/img/no_img/no_discounts.png,2026-10-06T17:43:21+02:00
Albert,Lahůdky,364804,Salát Allegra mix Albert 160 g,salat_allegra_mix,29.9,36.46,Kč,"18,69 Kč / 100 g",186.9,,False,,,-18% st 7. 10. – út 13. 10.,2026-10-07 - 2026-10-13,https://www.kupi.cz/letak/albert-supermarket-letak-702?page=13&map=216234582,https://img.kupi.cz/kupi/thumbs/salat-allegra-mix-albert_170_340.jpg,2026-10-06T17:43:21+02:00
Albert,Lahůdky,468311,Tapas plněné papričky sýrem Albert Excellent 100 g,tapas_plnene_papricky_syrem_excellent,79.0,,Kč,"79,00 Kč / 100 g",790.0,,False,,,dnes končí,2026-10-06,https://www.kupi.cz/letak/albert-hypermarket-letak-651?page=50&map=215325816,https://img.kupi.cz/kupi/thumbs/tapas-plnene-papricky-syrem-albert-excellent_170_340.jpg,2026-10-06T17:43:21+02:00
Albert,Lahůdky,451403,Rizoto houbové Albert Fresh Bistro 250 g,rizoto_houbove_fresh_bistro,74.9,,Kč,"29,96 Kč / 100 g",299.6,,False,,,st 7. 10. – út 13. 10.,2026-10-07 - 2026-10-13,https://www.kupi.cz/letak/albert-hypermarket-letak-652?page=24&map=216231435,https://img.kupi.cz/kupi/thumbs/rizoto-houbove-albert-fresh-bistro_170_340.jpg,2026-10-06T17:43:21+02:00
Albert,Lahůdky,451403,Rizoto houbové Albert Fresh Bistro 250 g,rizoto_houbove_fresh_bistro,74.9,,Kč,"29,96 Kč / 100 g",299.6,,False,,,dnes končí,2026-10-06,https://www.kupi.cz/letak/albert-supermarket-letak-701?page=39&map=215342604,https://img.kupi.cz/kupi/thumbs/rizoto-houbove-albert-fresh-bistro_170_340.jpg,2026-10-06T17:43:21+02:00
Albert,Lahůdky,425583,Tapas Fuet s kousky sýru Albert Excellent 77 g,tapas_fuet_s_kousky_syru_excellent,79.0,,Kč,"102,60 Kč / 100 g",1026.0,,False,,,st 7. 10. – út 13. 10.,2026-10-07 - 2026-10-13,https://www.kupi.cz/letak/albert-supermarket-letak-702?page=40&map=216235659,https://img.kupi.cz/kupi/thumbs/tapas-fuet-s-kousky-syru-albert-excellent_170_340.jpg,2026-10-06T17:43:21+02:00
Albert,Lahůdky,510273,Salát Coleslaw mix Menu inspirace Albert 250 g,salat_coleslaw_mix_menu_inspirace,34.9,39.66,Kč,"13,96 Kč / 100 g",139.6,,False,,,-12% dnes končí,2026-10-06,https://www.kupi.cz/letak/albert-hypermarket-letak-651?page=49&map=215325858,https://img.kupi.cz/kupi/thumbs/salat-coleslaw-menu-inspirace-albert_170_340.png,2026-10-06T17:43:21+02:00
Albert,Lahůdky,412370,Tapas Spianata Romana Albert Excellent 55 g,tapas_spianata_romana_excellent,79.0,,Kč,"143,64 Kč / 100 g",1436.4,,False,,,st 7. 10. – út 13. 10.,2026-10-07 - 2026-10-13,https://www.kupi.cz/letak/albert-hypermarket-letak-652?page=53&map=216233199,https://img.kupi.cz/kupi/thumbs/tapas-spianata-romana-albert-excellent_170_340.jpg,2026-10-06T17:43:21+02:00
Albert,Lahůdky,442293,Tapas Ančovičky a olivy Albert Excellent 110 g,tapas_ancovicky_a_olivy_excellent,89.0,,Kč,"80,91 Kč / 100 g",809.1,,False,,,st 7. 10. – út 13. 10.,2026-10-07 - 2026-10-13,https://www.kupi.cz/letak/albert-hypermarket-letak-652?page=53&map=216233211,https://img.kupi.cz/kupi/thumbs/tapas-ancovicky-a-olivy-albert-excellent_170_340.jpg,2026-10-06T17:43:21+02:00
Albert,Lahůdky,393238,Tapas Hummus s grilovanou zeleninou Albert Excellent 175 g,tapas_hummus_s_grilovanou_zeleninou_excellent,69.0,,Kč,"39,43 Kč / 100 g",394.3,,False,,,st 7. 10. – út 13. 10.,2026-10-07 - 2026-10-13,https://www.kupi.cz/letak/albert-supermarket-letak-702?page=40&map=216235677,https://img.kupi.cz/kupi/thumbs/tapas-hummus-s-grilovanou-zeleninou-albert-excellent_170_340.png,2026-10-06T17:43:22+02:00
Albert,Lahůdky,393238,Tapas Hummus s grilovanou zeleninou Albert Excellent 175 g,tapas_hummus_s_grilovanou_zeleninou_excellent,69.0,,Kč,"39,43 Kč / 100 g",394.3,,False,,,dnes končí,2026-10-06,https://www.kupi.cz/letak/albert-hypermarket-letak-651?page=50&map=215325834,https://img.kupi.cz/kupi/thumbs/tapas-hummus-s-grilovanou-zeleninou-albert-excellent_170_340.png,2026-10-06T17:43:22+02:00
Albert,Lahůdky,512751,Mix salátový Menu inspirace Albert 200 g,mix_salatovy_menu_inspirace,44.9,49.89,Kč,"22,45 Kč / 100 g",224.5,,False,,,-10% dnes končí,2026-10-06,https://www.kupi.cz/letak/albert-hypermarket-letak-651?page=49&map=215325849,https://img.kupi.cz/kupi/thumbs/mix-salatovy-menu-inspirace-albert_170_340.jpg,2026-10-06T17:43:22+02:00
Albert,Lahůdky,418081,Polévka s čočkou a tuřínem Albert Fresh Bistro 400 g,polevka_s_cockou_a_turinem_fresh_bistro,56.9,,Kč,"14,22 Kč / 100 g",142.2,,False,,,st 7. 10. – út 13. 10.,2026-10-07 - 2026-10-13,https://www.kupi.cz/letak/albert-hypermarket-letak-652?page=24&map=216231450,https://img.kupi.cz/kupi/thumbs/polevka-s-cockou-a-turinem-albert-fresh-bistro_170_340.jpg,2026-10-06T17:43:22+02:00
Albert,Lahůdky,516567,Mix salátový brokolicový Menu inspirace Albert 500 g,mix_salatovy_brokolicovy_menu_inspirace,69.9,79.43,Kč,"13,98 Kč / 100 g",139.8,,False,,,-12% dnes končí,2026-10-06,https://www.kupi.cz/letak/albert-hypermarket-letak-651?page=49&map=215325852,https://img.kupi.cz/kupi/thumbs/mix-salatovy-brokolicovy-menu-inspirace-albert_170_340.jpg,2026-10-06T17:43:22+02:00
Albert,Lahůdky,470751,Tapas Hummus pikantní Albert Excellent 175 g,tapas_hummus_pikantni_excellent,69.0,,Kč,"39,43 Kč / 100 g",394.3,,False,,,st 7. 10. – út 13. 10.,2026-10-07 - 2026-10-13,https://www.kupi.cz/letak/albert-hypermarket-letak-652?page=53&map=216233208,https://www.kupi.cz/img/no_img/no_discounts.png,2026-10-06T17:43:22+02:00
Albert,Lahůdky,470751,Tapas Hummus pikantní Albert Excellent 175 g,tapas_hummus_pikantni_excellent,69.0,,Kč,"39,43 Kč / 100 g",394.3,,False,,,dnes končí,2026-10-06,https://www.kupi.cz/letak/albert-supermarket-letak-701?page=41&map=215342952,https://www.kupi.cz/img/no_img/no_discounts.png,2026-10-06T17:43:22+02:00
Albert,Lahůdky,576879,Tapas Hummus s pestem Albert Excellent 175 g,tapas_hummus_s_pestem_excellent,69.0,,Kč,"39,43 Kč / 100 g",394.3,,False,,,dnes končí,2026-10-06,https://www.kupi.cz/letak/albert-supermarket-letak-701?page=41&map=215343018,https://www.kupi.cz/img/no_img/no_discounts.png,2026-10-06T17:43:22+02:00
Albert,Lahůdky,556167,Omeleta bramborová se zeleninou Albert Fresh Bistro 250 g,omeleta_bramborova_se_zeleninou_fresh_bistro,54.9,64.59,Kč,"21,96 Kč / 100 g",219.6,,False,,,-15% st 7. 10. – út 13. 10.,2026-10-07 - 2026-10-13,https://www.kupi.cz/letak/albert-hypermarket-letak-652?page=24&map=216231438,https://img.kupi.cz/kupi/thumbs/omeleta-bramborova-se-zeleninou-albert-fresh-bistro_170_340.png,2026-10-06T17:43:22+02:00
Albert,Lahůdky,423249,Tapas kuřecí špízy Yakitori Albert Excellent 115 g,tapas_kureci_spizy_yakitori_excellent,89.0,,Kč,"77,39 Kč / 100 g",773.9,,False,,,st 7. 10. – út 13. 10.,2026-10-07 - 2026-10-13,https://www.kupi.cz/letak/albert-hypermarket-letak-652?page=53&map=216233205,https://img.kupi.cz/kupi/thumbs/tapas-spizy-yakitori-albert-excellent_170_340.jpg,2026-10-06T17:43:22+02:00
Albert,Lahůdky,393325,Tapas Olivy s bazalkou Albert Excellent 130 g,tapas_olivy_s_bazalkou_excellent,69.0,,Kč,"53,08 Kč / 100 g",530.8,,False,,,st 7. 10. – út 13. 10.,2026-10-07 - 2026-10-13,https://www.kupi.cz/letak/albert-hypermarket-letak-652?page=53&map=216233220,https://img.kupi.cz/kupi/thumbs/tapas-olivy-s-bazalkou-albert-excellent_170_340.png,2026-10-06T17:43:22+02:00
Albert,Lahůdky,576888,Tapas Batátová pomazánka Albert Excelent 175 g,tapas_batatova_pomazanka_excelent,69.0,,Kč,"39,43 Kč / 100 g",394.3,,False,,,st 7. 10. – út 13. 10.,2026-10-07 - 2026-10-13,https://www.kupi.cz/letak/albert-supermarket-letak-702?page=40&map=216235680,https://www.kupi.cz/img/no_img/no_discounts.png,2026-10-06T17:43:22+02:00
Albert,Lahůdky,576888,Tapas Batátová pomazánka Albert Excelent 175 g,tapas_batatova_pomazanka_excelent,69.0,,Kč,"39,43 Kč / 100 g",394.3,,False,,,dnes končí,2026-10-06,https://www.kupi.cz/letak/albert-hypermarket-letak-651?page=50&map=215325837,https://www.kupi.cz/img/no_img/no_discounts.png,2026-10-06T17:43:22+02:00
Albert,Lahůdky,496353,Tapas sýrové kostky s hořčičným semínkem Albert Excellent 120 g,tapas_syrove_kostky_s_horcicnym_seminkem_excellent,79.0,,Kč,"65,83 Kč / 100 g",658.3,,False,,,dnes končí,2026-10-06,https://www.kupi.cz/letak/albert-supermarket-letak-701?page=41&map=215342841,https://img.kupi.cz/kupi/thumbs/tapas-syrove-kostky-s-horcicnym-seminkem-albert-excellent_170_340.jpg,2026-10-06T17:43:22+02:00
Albert,Lahůdky,539919,Penne s kuřecím masem Albert Fresh Bistro 170 g,penne_s_kurecim_masem_fresh_bistro,59.9,,Kč,"35,24 Kč / 100 g",352.4,,False,,,st 7. 10. – út 13. 10.,2026-10-07 - 2026-10-13,https://www.kupi.cz/letak/albert-hypermarket-letak-652?page=24&map=216231432,https://www.kupi.cz/img/no_img/no_discounts.png,2026-10-06T17:43:22+02:00
Albert,Lahůdky,578160,Tapas Hummus s citronem Albert Excellent 175 g,tapas_hummus_s_citronem_excellent,69.0,,Kč,"39,43 Kč / 100 g",394.3,,False,,,st 7. 10. – út 13. 10.,2026-10-07 - 2026-10-13,https://www.kupi.cz/letak/albert-hypermarket-letak-652?page=53&map=216233214,https://www.kupi.cz/img/no_img/no_discounts.png,2026-10-06T17:43:22+02:00
Albert,Lahůdky,576891,Sýr kostky Zaanlander mladý Tapas Albert Excellent 120 g,syr_kostky_zaanlander_mlady_tapas_excellent,79.0,,Kč,"65,83 Kč / 100 g",658.3,,False,,,st 7. 10. – út 13. 10.,2026-10-07 - 2026-10-13,https://www.kupi.cz/letak/albert-supermarket-letak-702?page=40&map=216235662,https://www.kupi.cz/img/no_img/no_discounts.png,2026-10-06T17:43:22+02:00
Albert,Lahůdky,576885,Tapas Feta krém s avokádem Albert Excellent 125 g,tapas_feta_krem_s_avokadem_excellent,69.0,,Kč,"55,20 Kč / 100 g",552.0,,False,,,st 7. 10. – út 13. 10.,2026-10-07 - 2026-10-13,https://www.kupi.cz/letak/albert-supermarket-letak-702?page=40&map=216235665,https://www.kupi.cz/img/no_img/no_discounts.png,2026-10-06T17:43:22+02:00
Albert,Konzervy,6,Okurky Znojmia,okurka,34.9,39.66,Kč,"6,71 Kč / 100 g",67.1,,False,,,-12% dnes končí,2026-10-06,https://www.kupi.cz/letak/albert-hypermarket-letak-651?page=46&map=215326797,https://img.kupi.cz/kupi/thumbs/okurky-znojmia_170_340.jpg,2026-10-06T17:43:25+02:00
Albert,Konzervy,6,Okurky Znojmia,okurka,49.9,86.03,Kč,"7,34 Kč / 100 g",73.4,,False,,,-42% st 7. 10. – út 13. 10.,2026-10-07 - 2026-10-13,https://www.kupi.cz/letak/albert-hypermarket-letak-652?page=33&map=216231936,https://img.kupi.cz/kupi/thumbs/okurky-znojmia_170_340.jpg,2026-10-06T17:43:25+02:00
Albert,Konzervy,844,Kukuřice sterilovaná Gold Bonduelle,kukurice_sterilovana_gold_bonduelle,28.9,34.82,Kč,"8,50 Kč / 100 g",85.0,,True,Můj Albert,28.9,-17% Můj Albert st 7. 10. – út 13. 10.,2026-10-07 - 2026-10-13,https://www.kupi.cz/letak/albert-supermarket-letak-702?page=31&map=216235266,https://img.kupi.cz/kupi/thumbs/kukurice-sterilovana-gold-bonduelle_170_340.jpg,2026-10-06T17:43:25+02:00
Albert,Konzervy,844,Kukuřice sterilovaná Gold Bonduelle,kukurice_sterilovana_gold_bonduelle,29.9,41.53,Kč,"17,59 Kč / 100 g",175.9,,False,,,-28% st 7. 10. – út 13. 10.,2026-10-07 - 2026-10-13,https://www.kupi.cz/letak/albert-hypermarket-letak-652?page=33&map=216231900,https://img.kupi.cz/kupi/thumbs/kukurice-sterilovana-gold-bonduelle_170_340.jpg,2026-10-06T17:43:25+02:00
Albert,Konzervy,844,Kukuřice sterilovaná Gold Bonduelle,kukurice_sterilovana_gold_bonduelle,29.9,41.53,Kč,"17,59 Kč / 100 g",175.9,,False,,,-28% dnes končí,2026-10-06,https://www.kupi.cz/letak/albert-supermarket-letak-701?page=30&map=215341419,https://img.kupi.cz/kupi/thumbs/kukurice-sterilovana-gold-bonduelle_170_340.jpg,2026-10-06T17:43:25+02:00
Albert,Konzervy,496,Salát Insalatissime Rio Mare 160 g,salat_insalatissime_rio_mare,59.9,99.83,Kč,"37,44 Kč / 100 g",374.4,,False,,,-40% dnes končí,2026-10-06,https://www.kupi.cz/letak/albert-hypermarket-letak-651?page=26&map=215332851,https://img.kupi.cz/kupi/thumbs/salat-insalatissime-rio-mare_170_340.jpg,2026-10-06T17:43:25+02:00
Albert,Konzervy,9837,Salát s tuňákem Giana 185 g,salat_s_tunakem_giana,29.9,34.77,Kč,"16,16 Kč / 100 g",161.6,,True,Můj Albert,29.9,-14% Můj Albert st 7. 10. – út 20. 10.,2026-10-07 - 2026-10-20,https://www.kupi.cz/letak/albert-supermarket-letak-702?page=31&map=216235254,https://img.kupi.cz/kupi/thumbs/salat-s-tunakem-giana-1_170_340.jpg,2026-10-06T17:43:25+02:00
Albert,Konzervy,1469,Okurky delikates Efko 670 g,okurka,46.9,83.75,Kč,"7,00 Kč / 100 g",70.0,,False,,,-44% st 7. 10. – út 13. 10.,2026-10-07 - 2026-10-13,https://www.kupi.cz/letak/albert-supermarket-letak-702?page=31&map=216235272,https://img.kupi.cz/kupi/thumbs/okurky-delikates-efko_170_340.jpg,2026-10-06T17:43:25+02:00
Albert,Konzervy,4910,Sardinky Giana 125 g,sardinky_giana,21.9,39.82,Kč,"17,52 Kč / 100 g",175.2,,False,,,-45% dnes končí,2026-10-06,https://www.kupi.cz/letak/albert-hypermarket-letak-651?page=26&map=215332854,https://img.kupi.cz/kupi/thumbs/sardinky-giana_170_340.png,2026-10-06T17:43:25+02:00
Albert,Konzervy,4442,Paštiky Hamé,pastiky_hame,19.9,22.87,Kč,"16,58 Kč / 100 g",165.8,,False,,,-13% dnes končí,2026-10-06,https://www.kupi.cz/letak/albert-supermarket-letak-701?page=30&map=215341401,https://img.kupi.cz/kupi/thumbs/pastiky-hame_170_340.png,2026-10-06T17:43:25+02:00
Albert,Konzervy,4442,Paštiky Hamé,pastiky_hame,14.9,29.8,Kč,"19,87 Kč / 100 g",198.7,,False,,,-50% st 7. 10. – út 13. 10.,2026-10-07 - 2026-10-13,https://www.kupi.cz/letak/albert-hypermarket-letak-652?page=33&map=216231903,https://img.kupi.cz/kupi/thumbs/pastiky-hame_170_340.png,2026-10-06T17:43:25+02:00
Albert,Konzervy,4442,Paštiky Hamé,pastiky_hame,9.9,19.8,Kč,"20,62 Kč / 100 g",206.2,,False,,,-50% st 7. 10. – út 13. 10.,2026-10-07 - 2026-10-13,https://www.kupi.cz/letak/albert-supermarket-letak-702?page=31&map=216235248,https://img.kupi.cz/kupi/thumbs/pastiky-hame_170_340.png,2026-10-06T17:43:25+02:00
Albert,Konzervy,4442,Paštiky Hamé,pastiky_hame,9.9,19.8,Kč,"20,62 Kč / 100 g",206.2,,False,,,-50% dnes končí,2026-10-06,https://www.kupi.cz/letak/albert-hypermarket-letak-651?page=26&map=215332842,https://img.kupi.cz/kupi/thumbs/pastiky-hame_170_340.png,2026-10-06T17:43:25+02:00
Albert,Konzervy,1038,Moravanka Hamé 330 g,moravanka_hame,33.9,47.75,Kč,"10,27 Kč / 100 g",102.7,,False,,,-29% st 7. 10. – út 13. 10.,2026-10-07 - 2026-10-13,https://www.kupi.cz/letak/albert-supermarket-letak-702?page=31&map=216235257,https://img.kupi.cz/kupi/thumbs/moravanka-hame-1_170_340.jpg,2026-10-06T17:43:25+02:00
Albert,Konzervy,2465,Kompot mandarinky Giana 312 g,kompot_mandarinky_giana,29.9,45.3,Kč,"9,58 Kč / 100 g",95.8,,False,,,-34% dnes končí,2026-10-06,https://www.kupi.cz/letak/albert-hypermarket-letak-651?page=26&map=215332866,https://img.kupi.cz/kupi/thumbs/kompot-mandarinky-giana_170_340.png,2026-10-06T17:43:25+02:00
Albert,Konzervy,347071,Tuňák steak Exclusive Franz Josef Kaiser,tunak_steak_exclusive_franz_josef_kaiser,38.9,88.41,Kč,"22,88 Kč / 100 g",228.8,,True,Můj Albert,38.9,-56% Můj Albert dnes končí,2026-10-06,https://www.kupi.cz/letak/albert-hypermarket-letak-651?page=26&map=215332914,https://img.kupi.cz/kupi/thumbs/tunak-steak-exclusive-franz-josef-kaiser_170_340.jpg,2026-10-06T17:43:25+02:00
Albert,Konzervy,347071,Tuňák steak Exclusive Franz Josef Kaiser,tunak_steak_exclusive_franz_josef_kaiser,44.9,89.8,Kč,"26,41 Kč / 100 g",264.1,,False,,,-50% st 7. 10. – út 20. 10.,2026-10-07 - 2026-10-20,https://www.kupi.cz/letak/albert-supermarket-nabidka-ve-znackove-kvalite-3?page=6&map=216205884,https://img.kupi.cz/kupi/thumbs/tunak-steak-exclusive-franz-josef-kaiser_170_340.jpg,2026-10-06T17:43:25+02:00
Albert,Konzervy,347071,Tuňák steak Exclusive Franz Josef Kaiser,tunak_steak_exclusive_franz_josef_kaiser,44.9,89.8,Kč,"26,41 Kč / 100 g",264.1,,False,,,-50% dnes končí,2026-10-06,https://www.kupi.cz/letak/albert-hypermarket-letak-651?page=26&map=215332908,https://img.kupi.cz/kupi/thumbs/tunak-steak-exclusive-franz-josef-kaiser_170_340.jpg,2026-10-06T17:43:25+02:00
Albert,Konzervy,347071,Tuňák steak Exclusive Franz Josef Kaiser,tunak_steak_exclusive_franz_josef_kaiser,24.9,44.46,Kč,"31,12 Kč / 100 g",311.2,,False,,,-44% dnes končí,2026-10-06,https://www.kupi.cz/letak/albert-supermarket-letak-701?page=30&map=215341365,https://img.kupi.cz/kupi/thumbs/tunak-steak-exclusive-franz-josef-kaiser_170_340.jpg,2026-10-06T17:43:25+02:00
Albert,Konzervy,347071,Tuňák steak Exclusive Franz Josef Kaiser,tunak_steak_exclusive_franz_josef_kaiser,49.9,81.8,Kč,"31,19 Kč / 100 g",311.9,,False,,,-39% st 7. 10. – út 20. 10.,2026-10-07 - 2026-10-20,https://www.kupi.cz/letak/albert-supermarket-nabidka-ve-znackove-kvalite-3?page=6&map=216205881,https://img.kupi.cz/kupi/thumbs/tunak-steak-exclusive-franz-josef-kaiser_170_340.jpg,2026-10-06T17:43:25+02:00
Albert,Konzervy,4413,Vepřové maso ve vlastní šťávě Hamé 400 g,veprove_maso_ve_vlastni_stave_hame,59.9,89.4,Kč,"14,97 Kč / 100 g",149.7,,False,,,-33% st 7. 10. – út 13. 10.,2026-10-07 - 2026-10-13,https://www.kupi.cz/letak/albert-hypermarket-letak-652?page=33&map=216231915,https://img.kupi.cz/kupi/thumbs/veprove-maso-ve-vlastni-stave-hame-1_170_340.jpg,2026-10-06T17:43:25+02:00
Albert,Konzervy,49503,Tuňák kousky Giana,tunak_kousky_giana,29.9,34.77,Kč,"17,59 Kč / 100 g",175.9,,True,Můj Albert,29.9,-14% Můj Albert st 7. 10. – út 13. 10.,2026-10-07 - 2026-10-13,https://www.kupi.cz/letak/albert-hypermarket-letak-652?page=33&map=216231894,https://img.kupi.cz/kupi/thumbs/tunak-kousky-giana-5_170_340.jpg,2026-10-06T17:43:25+02:00
Albert,Konzervy,49503,Tuňák kousky Giana,tunak_kousky_giana,22.9,39.48,Kč,"28,62 Kč / 100 g",286.2,,False,,,-42% st 7. 10. – út 13. 10.,2026-10-07 - 2026-10-13,https://www.kupi.cz/letak/albert-supermarket-letak-702?page=31&map=216235245,https://img.kupi.cz/kupi/thumbs/tunak-kousky-giana-5_170_340.jpg,2026-10-06T17:43:25+02:00
Albert,Konzervy,5015,Rajčata Giana 400 g,rajcata,19.9,36.85,Kč,"4,97 Kč / 100 g",49.7,,False,,,-46% st 7. 10. – út 13. 10.,2026-10-07 - 2026-10-13,https://www.kupi.cz/letak/albert-supermarket-letak-702?page=31&map=216235287,https://img.kupi.cz/kupi/thumbs/rajcata-giana_170_340.jpg,2026-10-06T17:43:25+02:00
Albert,Konzervy,5015,Rajčata Giana 400 g,rajcata,19.9,36.85,Kč,"4,97 Kč / 100 g",49.7,,False,,,-46% dnes končí,2026-10-06,https://www.kupi.cz/letak/albert-hypermarket-letak-651?page=26&map=215332872,https://img.kupi.cz/kupi/thumbs/rajcata-giana_170_340.jpg,2026-10-06T17:43:25+02:00
Albert,Konzervy,39870,Fazole Giana 400 g,fazole_giana,19.9,39.8,Kč,"4,97 Kč / 100 g",49.7,,False,,,-50% dnes končí,2026-10-06,https://www.kupi.cz/letak/albert-hypermarket-letak-651?page=26&map=215332869,https://img.kupi.cz/kupi/thumbs/fazole-giana_170_340.png,2026-10-06T17:43:25+02:00
Albert,Konzervy,39870,Fazole Giana 400 g,fazole_giana,21.9,39.82,Kč,"5,47 Kč / 100 g",54.7,,False,,,-45% st 7. 10. – út 13. 10.,2026-10-07 - 2026-10-13,https://www.kupi.cz/letak/albert-hypermarket-letak-652?page=33&map=216231933,https://img.kupi.cz/kupi/thumbs/fazole-giana_170_340.png,2026-10-06T17:43:25+02:00
Albert,Konzervy,4913,Kompot jahody Giana 400 g,kompot_jahody_giana,21.9,49.77,Kč,"5,47 Kč / 100 g",54.7,,False,,,-56% st 7. 10. – út 13. 10.,2026-10-07 - 2026-10-13,https://www.kupi.cz/letak/albert-supermarket-letak-702?page=31&map=216235290,https://img.kupi.cz/kupi/thumbs/kompot-jahody-giana_170_340.jpg,2026-10-06T17:43:25+02:00
Albert,Konzervy,4913,Kompot jahody Giana 400 g,kompot_jahody_giana,21.9,49.77,Kč,"5,47 Kč / 100 g",54.7,,False,,,-56% dnes končí,2026-10-06,https://www.kupi.cz/letak/albert-supermarket-letak-701?page=30&map=215341392,https://img.kupi.cz/kupi/thumbs/kompot-jahody-giana_170_340.jpg,2026-10-06T17:43:25+02:00
Albert,Konzervy,230589,Tuňákový salát Exclusive Franz Josef Kaiser 160 g,tunakovy_salat_exclusive_franz_josef_kaiser,39.9,88.67,Kč,"24,94 Kč / 100 g",249.4,,True,Můj Albert,39.9,-55% Můj Albert st 7. 10. – út 20. 10.,2026-10-07 - 2026-10-20,https://www.kupi.cz/letak/albert-supermarket-nabidka-ve-znackove-kvalite-3?page=6&map=216205896,https://img.kupi.cz/kupi/thumbs/tunakovy-salat-exclusive-kaiser-franz-josef_170_340.jpg,2026-10-06T17:43:25+02:00
Albert,Konzervy,230589,Tuňákový salát Exclusive Franz Josef Kaiser 160 g,tunakovy_salat_exclusive_franz_josef_kaiser,39.9,88.67,Kč,"24,94 Kč / 100 g",249.4,,True,Můj Albert,39.9,-55% Můj Albert st 7. 10. – út 13. 10.,2026-10-07 - 2026-10-13,https://www.kupi.cz/letak/albert-hypermarket-letak-652?page=33&map=216231885,https://img.kupi.cz/kupi/thumbs/tunakovy-salat-exclusive-kaiser-franz-josef_170_340.jpg,2026-10-06T17:43:25+02:00
Albert,Konzervy,230589,Tuňákový salát Exclusive Franz Josef Kaiser 160 g,tunakovy_salat_exclusive_franz_josef_kaiser,39.9,88.67,Kč,"24,94 Kč / 100 g",249.4,,True,Můj Albert,39.9,-55% Můj Albert dnes končí,2026-10-06,https://www.kupi.cz/letaky/albert,https://img.kupi.cz/kupi/thumbs/tunakovy-salat-exclusive-kaiser-franz-josef_170_340.jpg,2026-10-06T17:43:25+02:00
Albert,Konzervy,230589,Tuňákový salát Exclusive Franz Josef Kaiser 160 g,tunakovy_salat_exclusive_franz_josef_kaiser,39.9,88.67,Kč,"24,94 Kč / 100 g",249.4,,True,Můj Albert,39.9,-55% Můj Albert dnes končí,2026-10-06,https://www.kupi.cz/letak/albert-supermarket-letak-frenstat-pod-radhostem-roznovska-4?page=10&map=215350341,https://img.kupi.cz/kupi/thumbs/tunakovy-salat-exclusive-kaiser-franz-josef_170_340.jpg,2026-10-06T17:43:25+02:00
Albert,Konzervy,230589,Tuňákový salát Exclusive Franz Josef Kaiser 160 g,tunakovy_salat_exclusive_franz_josef_kaiser,44.9,89.8,Kč,"28,06 Kč / 100 g",280.6,,False,,,-50% st 7. 10. – út 20. 10.,2026-10-07 - 2026-10-20,https://www.kupi.cz/letak/albert-supermarket-nabidka-ve-znackove-kvalite-3?page=6&map=216205893,https://img.kupi.cz/kupi/thumbs/tunakovy-salat-exclusive-kaiser-franz-josef_170_340.jpg,2026-10-06T17:43:25+02:00
Albert,Konzervy,230589,Tuňákový salát Exclusive Franz Josef Kaiser 160 g,tunakovy_salat_exclusive_franz_josef_kaiser,44.9,89.8,Kč,"28,06 Kč / 100 g",280.6,,False,,,-50% st 7. 10. – út 13. 10.,2026-10-07 - 2026-10-13,https://www.kupi.cz/letak/albert-hypermarket-letak-652?page=33&map=216231888,https://img.kupi.cz/kupi/thumbs/tunakovy-salat-exclusive-kaiser-franz-josef_170_340.jpg,2026-10-06T17:43:25+02:00
Albert,Konzervy,230589,Tuňákový salát Exclusive Franz Josef Kaiser 160 g,tunakovy_salat_exclusive_franz_josef_kaiser,44.9,89.8,Kč,"28,06 Kč / 100 g",280.6,,False,,,-50% dnes končí,2026-10-06,https://www.kupi.cz/letaky/albert,https://img.kupi.cz/kupi/thumbs/tunakovy-salat-exclusive-kaiser-franz-josef_170_340.jpg,2026-10-06T17:43:25+02:00
Albert,Konzervy,230589,Tuňákový salát Exclusive Franz Josef Kaiser 160 g,tunakovy_salat_exclusive_franz_josef_kaiser,44.9,89.8,Kč,"28,06 Kč / 100 g",280.6,,False,,,-50% dnes končí,2026-10-06,https://www.kupi.cz/letak/albert-supermarket-letak-frenstat-pod-radhostem-roznovska-4?page=10&map=215350344,https://img.kupi.cz/kupi/thumbs/tunakovy-salat-exclusive-kaiser-franz-josef_170_340.jpg,2026-10-06T17:43:25+02:00
Albert,Konzervy,157436,Maso vepřové Viva 400 g,maso_veprove_viva,36.9,69.62,Kč,"9,22 Kč / 100 g",92.2,,False,,,-47% dnes končí,2026-10-06,https://www.kupi.cz/letak/albert-hypermarket-letak-651?page=26&map=215332884,https://img.kupi.cz/kupi/thumbs/maso-veprove-viva_170_340.jpg,2026-10-06T17:43:25+02:00
Albert,Konzervy,31450,Sardinky Nekton 125 g,sardinky_nekton,24.9,44.46,Kč,"19,92 Kč / 100 g",199.2,,False,,,-44% st 7. 10. – út 13. 10.,2026-10-07 - 2026-10-13,https://www.kupi.cz/letak/albert-hypermarket-letak-652?page=33&map=216231897,https://img.kupi.cz/kupi/thumbs/sardinky-nekton-2_170_340.jpg,2026-10-06T17:43:25+02:00
Albert,Konzervy,7095,Feferony pálivé Efko 300 g,feferony_palive_efko,32.9,59.82,Kč,"10,97 Kč / 100 g",109.7,,False,,,-45% st 7. 10. – út 13. 10.,2026-10-07 - 2026-10-13,https://www.kupi.cz/letak/albert-hypermarket-letak-652?page=33&map=216231939,https://img.kupi.cz/kupi/thumbs/feferony-palive-efko-1_170_340.jpg,2026-10-06T17:43:26+02:00
Albert,Konzervy,38849,Sardel očka Exclusive Franz Josef Kaiser 45 g,sardel_ocka_exclusive_franz_josef_kaiser,44.9,69.08,Kč,"99,78 Kč / 100 g",997.8,,False,,,-35% st 7. 10. – út 13. 10.,2026-10-07 - 2026-10-13,https://www.kupi.cz/letak/albert-supermarket-letak-702?page=30&map=216235218,https://img.kupi.cz/kupi/thumbs/sardelova-ocka-franz-josef-kaiser_170_340.jpg,2026-10-06T17:43:26+02:00
Albert,Konzervy,38849,Sardel očka Exclusive Franz Josef Kaiser 45 g,sardel_ocka_exclusive_franz_josef_kaiser,44.9,69.08,Kč,"99,78 Kč / 100 g",997.8,,False,,,-35% dnes končí,2026-10-06,https://www.kupi.cz/letak/albert-hypermarket-letak-651?page=26&map=215332863,https://img.kupi.cz/kupi/thumbs/sardelova-ocka-franz-josef-kaiser_170_340.jpg,2026-10-06T17:43:26+02:00
Albert,Konzervy,20054,Makrela Exclusive Franz Josef Kaiser 170 g,makrela_exclusive_franz_josef_kaiser,49.9,79.21,Kč,"29,35 Kč / 100 g",293.5,,False,,,-37% st 7. 10. – út 13. 10.,2026-10-07 - 2026-10-13,https://www.kupi.cz/letak/albert-hypermarket-letak-652?page=33&map=216231891,https://img.kupi.cz/kupi/thumbs/makrela-franz-josef_170_340.jpg,2026-10-06T17:43:26+02:00
Albert,Konzervy,60858,Zelí bílé kysané Albert 500 g,zeli,14.9,18.86,Kč,"2,98 Kč / 100 g",29.8,,False,,,-21% dnes končí,2026-10-06,https://www.kupi.cz/letak/albert-supermarket-letak-701?page=15&map=215340087,https://img.kupi.cz/kupi/thumbs/zeli-bile-kysane-albert_170_340.jpg,2026-10-06T17:43:26+02:00
Albert,Konzervy,158,Favorit Hamé 120 g,favorit_hame,24.9,49.8,Kč,"20,75 Kč / 100 g",207.5,,False,,,-50% st 7. 10. – út 20. 10.,2026-10-07 - 2026-10-20,https://www.kupi.cz/letak/albert-supermarket-nabidka-ve-znackove-kvalite-3?page=6&map=216205866,https://img.kupi.cz/kupi/thumbs/favorit-hame_170_340.png,2026-10-06T17:43:26+02:00
Albert,Konzervy,2466,Maďarský guláš Viva 400 g,madarsky_gulas_viva,44.9,64.14,Kč,"11,22 Kč / 100 g",112.2,,False,,,-30% dnes končí,2026-10-06,https://www.kupi.cz/letak/albert-supermarket-letak-701?page=30&map=215341428,https://img.kupi.cz/kupi/thumbs/madarsky-gulas-viva-carne-1_170_340.jpg,2026-10-06T17:43:26+02:00
Albert,Konzervy,91747,Zelí červené kysané Albert 500 g,zeli_cervene,17.9,,Kč,"3,58 Kč / 100 g",35.8,,False,,,dnes končí,2026-10-06,https://www.kupi.cz/letak/albert-supermarket-letak-701?page=15&map=215340090,https://img.kupi.cz/kupi/thumbs/zeli-cervene-kysane-albert-1_170_340.jpg,2026-10-06T17:43:26+02:00
Albert,Konzervy,22051,Paštiky Viva 120 g,pastiky_viva,19.9,36.85,Kč,"16,58 Kč / 100 g",165.8,,False,,,-46% st 7. 10. – út 13. 10.,2026-10-07 - 2026-10-13,https://www.kupi.cz/letak/albert-hypermarket-letak-652?page=33&map=216231909,https://img.kupi.cz/kupi/thumbs/pastiky-viva-carne_170_340.jpg,2026-10-06T17:43:26+02:00
Albert,Konzervy,22051,Paštiky Viva 120 g,pastiky_viva,19.9,36.85,Kč,"16,58 Kč / 100 g",165.8,,False,,,-46% dnes končí,2026-10-06,https://www.kupi.cz/letak/albert-supermarket-letak-701?page=30&map=215341410,https://img.kupi.cz/kupi/thumbs/pastiky-viva-carne_170_340.jpg,2026-10-06T17:43:26+02:00
Albert,Konzervy,306395,Rajčata sekaná Gustona 400 g,rajcata,19.9,,Kč,"4,97 Kč / 100 g",49.7,,False,,,st 7. 10. – út 13. 10.,2026-10-07 - 2026-10-13,https://www.kupi.cz/letak/albert-hypermarket-letak-652?page=25&map=216231489,https://img.kupi.cz/kupi/thumbs/rajcata-sekana-gustona_170_340.jpg,2026-10-06T17:43:26+02:00
Albert,Konzervy,306395,Rajčata sekaná Gustona 400 g,rajcata,19.9,,Kč,"4,97 Kč / 100 g",49.7,,False,,,dnes končí,2026-10-06,https://www.kupi.cz/letak/albert-hypermarket-letak-651?page=27&map=215332980,https://img.kupi.cz/kupi/thumbs/rajcata-sekana-gustona_170_340.jpg,2026-10-06T17:43:26+02:00
Albert,Konzervy,506622,Květák Menu inspirace Albert 400 g,kvetak,49.9,59.4,Kč,"12,47 Kč / 100 g",124.7,,False,,,-16% dnes končí,2026-10-06,https://www.kupi.cz/letak/albert-supermarket-letak-701?page=38&map=215342493,https://img.kupi.cz/kupi/thumbs/kvetak-menu-inspirace-albert_170_340.jpg,2026-10-06T17:43:26+02:00
Albert,Konzervy,431997,Lečo Giana 670 g,leco_giana,44.9,65.07,Kč,"6,70 Kč / 100 g",67.0,,False,,,-31% st 7. 10. – út 13. 10.,2026-10-07 - 2026-10-13,https://www.kupi.cz/letak/albert-hypermarket-letak-652?page=33&map=216231942,https://img.kupi.cz/kupi/thumbs/leco-giana_170_340.jpg,2026-10-06T17:43:26+02:00
Albert,Konzervy,431997,Lečo Giana 670 g,leco_giana,45.9,65.57,Kč,"6,85 Kč / 100 g",68.5,,False,,,-30% dnes končí,2026-10-06,https://www.kupi.cz/letak/albert-supermarket-letak-701?page=30&map=215341446,https://img.kupi.cz/kupi/thumbs/leco-giana_170_340.jpg,2026-10-06T17:43:26+02:00
Albert,Konzervy,506619,Fazolky Menu inspirace Albert 300 g,fazolky_menu_inspirace,49.9,59.4,Kč,"16,63 Kč / 100 g",166.3,,False,,,-16% dnes končí,2026-10-06,https://www.kupi.cz/letak/albert-supermarket-letak-701?page=38&map=215342490,https://img.kupi.cz/kupi/thumbs/fazolky-menu-inspirace-albert_170_340.jpg,2026-10-06T17:43:26+02:00
Albert,Konzervy,571359,Olivy na řecký způsob mix Albert Excellent 130 g,olivy_na_recky_zpusob_mix_excellent,69.0,,Kč,"53,08 Kč / 100 g",530.8,,False,,,dnes končí,2026-10-06,https://www.kupi.cz/letak/albert-hypermarket-letak-651?page=50&map=215325831,https://www.kupi.cz/img/no_img/no_discounts.png,2026-10-06T17:43:26+02:00
Albert,Konzervy,582567,Bílé zelí krouhané Menu inspirace Albert 250 g,zeli,19.9,29.7,Kč,"7,96 Kč / 100 g",79.6,,False,,,-33% dnes končí,2026-10-06,https://www.kupi.cz/letak/albert-supermarket-letak-701?page=38&map=215342586,https://www.kupi.cz/img/no_img/no_discounts.png,2026-10-06T17:43:26+02:00
Albert,Konzervy,587256,Kysané zelí bílé Healthy life Nature's Promise 700 g,zeli,26.9,32.8,Kč,"3,84 Kč / 100 g",38.4,,False,,,-18% st 7. 10. – út 13. 10.,2026-10-07 - 2026-10-13,https://www.kupi.cz/letak/albert-hypermarket-letak-652?page=15&map=216230541,https://www.kupi.cz/img/no_img/no_discounts.png,2026-10-06T17:43:26+02:00
Albert,Mražené a instantní potraviny,1129,Pizza mražená Ristorante Dr. Oetker 355 g,pizza_mrazena_ristorante_dr_oetker,59.9,89.4,Kč,"16,87 Kč / 100 g",168.7,,False,,,-33% dnes končí,2026-10-06,https://www.kupi.cz/letak/albert-supermarket-letak-701?page=23&map=215340792,https://img.kupi.cz/kupi/thumbs/pizza-mrazena-ristorante-dr-oetker-1_170_340.jpg,2026-10-06T17:43:28+02:00
Albert,Mražené a instantní potraviny,245,Zmrzlina ve vaničce Carte D'or Algida 1000 ml,zmrzlina_ve_vanicce_carte_d_or_algida,79.9,181.59,Kč,"7,99 Kč / 100 ml",,,False,,,-56% dnes končí,2026-10-06,https://www.kupi.cz/letak/albert-hypermarket-letak-651?page=6&map=215325147,https://img.kupi.cz/kupi/thumbs/zmrzlina-ve-vanicce-carte-dor-algida_170_340.png,2026-10-06T17:43:28+02:00
Albert,Mražené a instantní potraviny,4489,Nanuk Magnum Algida,nanuk_magnum_algida,29.9,59.8,Kč,"27,18 Kč / 100 ml",,,False,,,-50% dnes končí,2026-10-06,https://www.kupi.cz/letak/albert-hypermarket-letak-651?page=18&map=215332497,https://img.kupi.cz/kupi/thumbs/nanuk-magnum-algida-1_170_340.png,2026-10-06T17:43:28+02:00
Albert,Mražené a instantní potraviny,4489,Nanuk Magnum Algida,nanuk_magnum_algida,94.9,139.56,Kč,"35,15 Kč / 100 ml",,,False,,,-32% st 7. 10. – út 13. 10.,2026-10-07 - 2026-10-13,https://www.kupi.cz/letak/albert-hypermarket-letak-652?page=27&map=216266205,https://img.kupi.cz/kupi/thumbs/nanuk-magnum-algida-1_170_340.png,2026-10-06T17:43:28+02:00
Albert,Mražené a instantní potraviny,1457,Nanuk Míša 55 ml,nanuk_misa,89.9,109.63,Kč,"27,24 Kč / 100 ml",,,False,,,-18% st 7. 10. – út 20. 10.,2026-10-07 - 2026-10-20,https://www.kupi.cz/letak/albert-supermarket-nabidka-ve-znackove-kvalite-3?page=4&map=216205827,https://img.kupi.cz/kupi/thumbs/nanuk-misa_170_340.jpg,2026-10-06T17:43:28+02:00
Albert,Mražené a instantní potraviny,15195,Zmrzlina v kelímku Ben&Jerry's 465 ml,zmrzlina_v_kelimku_ben_jerry_s,139.9,241.21,Kč,"30,09 Kč / 100 ml",,,False,,,-42% st 7. 10. – út 13. 10.,2026-10-07 - 2026-10-13,https://www.kupi.cz/letak/albert-supermarket-letak-702?page=6&map=216234084,https://img.kupi.cz/kupi/thumbs/zmrzlina-v-kelimku-ben-jerrys_170_340.png,2026-10-06T17:43:28+02:00
Albert,Mražené a instantní potraviny,15195,Zmrzlina v kelímku Ben&Jerry's 465 ml,zmrzlina_v_kelimku_ben_jerry_s,139.9,241.21,Kč,"30,09 Kč / 100 ml",,,False,,,-42% dnes končí,2026-10-06,https://www.kupi.cz/letak/albert-hypermarket-letak-651?page=17&map=215332431,https://img.kupi.cz/kupi/thumbs/zmrzlina-v-kelimku-ben-jerrys_170_340.png,2026-10-06T17:43:28+02:00
Albert,Mražené a instantní potraviny,4366,Rybí filé mražené Nowaco 400 g,rybi_file_mrazene_nowaco,79.9,128.87,Kč,"19,98 Kč / 100 g",199.8,,False,,,-38% st 7. 10. – út 13. 10.,2026-10-07 - 2026-10-13,https://www.kupi.cz/letak/albert-hypermarket-letak-652?page=23&map=216231366,https://img.kupi.cz/kupi/thumbs/rybi-file-mrazene-nowaco_170_340.png,2026-10-06T17:43:28+02:00
Albert,Mražené a instantní potraviny,34152,Zmrzlina v kelímku Magnum Algida 440 ml,zmrzlina_v_kelimku_magnum_algida,99.9,195.88,Kč,"22,70 Kč / 100 ml",,,True,Můj Albert,99.9,-49% Můj Albert st 7. 10. – út 20. 10.,2026-10-07 - 2026-10-20,https://www.kupi.cz/letak/albert-supermarket-nabidka-ve-znackove-kvalite-3?map=216205653,https://img.kupi.cz/kupi/thumbs/zmrzlina-v-kelimku-magnum-algida_170_340.png,2026-10-06T17:43:28+02:00
Albert,Mražené a instantní potraviny,34152,Zmrzlina v kelímku Magnum Algida 440 ml,zmrzlina_v_kelimku_magnum_algida,99.9,195.88,Kč,"22,70 Kč / 100 ml",,,True,Můj Albert,99.9,-49% Můj Albert st 7. 10. – út 13. 10.,2026-10-07 - 2026-10-13,https://www.kupi.cz/letak/albert-hypermarket-letak-652?page=23&map=216231348,https://img.kupi.cz/kupi/thumbs/zmrzlina-v-kelimku-magnum-algida_170_340.png,2026-10-06T17:43:28+02:00
Albert,Mražené a instantní potraviny,34152,Zmrzlina v kelímku Magnum Algida 440 ml,zmrzlina_v_kelimku_magnum_algida,99.9,195.88,Kč,"22,70 Kč / 100 ml",,,True,Můj Albert,99.9,-49% Můj Albert dnes končí,2026-10-06,https://www.kupi.cz/letak/albert-hypermarket-letak-651?page=46&map=215325912,https://img.kupi.cz/kupi/thumbs/zmrzlina-v-kelimku-magnum-algida_170_340.png,2026-10-06T17:43:28+02:00
Albert,Mražené a instantní potraviny,34152,Zmrzlina v kelímku Magnum Algida 440 ml,zmrzlina_v_kelimku_magnum_algida,109.9,196.25,Kč,"24,98 Kč / 100 ml",,,False,,,-44% st 7. 10. – út 20. 10.,2026-10-07 - 2026-10-20,https://www.kupi.cz/letak/albert-supermarket-nabidka-ve-znackove-kvalite-3?map=216205650,https://img.kupi.cz/kupi/thumbs/zmrzlina-v-kelimku-magnum-algida_170_340.png,2026-10-06T17:43:28+02:00
Albert,Mražené a instantní potraviny,34152,Zmrzlina v kelímku Magnum Algida 440 ml,zmrzlina_v_kelimku_magnum_algida,109.9,196.25,Kč,"24,98 Kč / 100 ml",,,False,,,-44% st 7. 10. – út 13. 10.,2026-10-07 - 2026-10-13,https://www.kupi.cz/letak/albert-hypermarket-letak-652?page=23&map=216231351,https://img.kupi.cz/kupi/thumbs/zmrzlina-v-kelimku-magnum-algida_170_340.png,2026-10-06T17:43:28+02:00
Albert,Mražené a instantní potraviny,34152,Zmrzlina v kelímku Magnum Algida 440 ml,zmrzlina_v_kelimku_magnum_algida,109.9,196.25,Kč,"24,98 Kč / 100 ml",,,False,,,-44% dnes končí,2026-10-06,https://www.kupi.cz/letak/albert-hypermarket-letak-651?page=46&map=215325909,https://img.kupi.cz/kupi/thumbs/zmrzlina-v-kelimku-magnum-algida_170_340.png,2026-10-06T17:43:28+02:00
Albert,Mražené a instantní potraviny,975,Instantní polévka YumYum 70 g,instantni_polevka_yumyum,12.9,19.85,Kč,"18,43 Kč / 100 g",184.3,,False,,,-35% st 7. 10. – út 13. 10.,2026-10-07 - 2026-10-13,https://www.kupi.cz/letak/albert-hypermarket-letak-652?page=34&map=216231960,https://img.kupi.cz/kupi/thumbs/instantni-polevka-yumyum_170_340.jpg,2026-10-06T17:43:28+02:00
Albert,Mražené a instantní potraviny,975,Instantní polévka YumYum 70 g,instantni_polevka_yumyum,12.9,19.85,Kč,"18,43 Kč / 100 g",184.3,,False,,,-35% dnes končí,2026-10-06,https://www.kupi.cz/letak/albert-hypermarket-letak-651?page=51&map=215325780,https://img.kupi.cz/kupi/thumbs/instantni-polevka-yumyum_170_340.jpg,2026-10-06T17:43:28+02:00
Albert,Mražené a instantní potraviny,3175,Pizza mražená Guseppe Dr. Oetker 425 g,pizza_mrazena_guseppe_dr_oetker,59.9,89.4,Kč,"14,09 Kč / 100 g",140.9,,False,,,-33% dnes končí,2026-10-06,https://www.kupi.cz/letak/albert-hypermarket-letak-651?page=17&map=215332428,https://img.kupi.cz/kupi/thumbs/pizza-mrazena-guseppe-dr-oetker_170_340.png,2026-10-06T17:43:28+02:00
Albert,Mražené a instantní potraviny,146,Směs na krtkův dort Dr. Oetker 435 g,smes_na_krtkuv_dort_dr_oetker,59.9,69.65,Kč,"13,77 Kč / 100 g",137.7,,False,,,-14% st 7. 10. – út 13. 10.,2026-10-07 - 2026-10-13,https://www.kupi.cz/letak/albert-hypermarket-letak-652?page=34&map=216231975,https://img.kupi.cz/kupi/thumbs/smes-na-krtkuv-dort-dr-oetker-1_170_340.jpg,2026-10-06T17:43:28+02:00
Albert,Mražené a instantní potraviny,181171,Pizza mražená Feliciana Dr. Oetker 360 g,pizza_mrazena_feliciana_dr_oetker,54.9,84.46,Kč,"15,25 Kč / 100 g",152.5,,False,,,-35% st 7. 10. – út 13. 10.,2026-10-07 - 2026-10-13,https://www.kupi.cz/letak/albert-supermarket-letak-702?page=23&map=216234930,https://img.kupi.cz/kupi/thumbs/pizza-mrazena-feliciana-dr-oetker_170_340.jpg,2026-10-06T17:43:28+02:00
Albert,Mražené a instantní potraviny,38047,Aljašská treska filé bez kosti mražené Premium Mylord 300 g,aljasska_treska_file_bez_kosti_mrazene_premium_mylord,84.9,99.88,Kč,"28,30 Kč / 100 g",283.0,,False,,,-15% dnes končí,2026-10-06,https://www.kupi.cz/letak/albert-hypermarket-letak-651?page=17&map=215335326,https://img.kupi.cz/kupi/thumbs/aljasska-treska-file-bez-kosti-mrazene-premium-mylord_170_340.jpg,2026-10-06T17:43:28+02:00
Albert,Mražené a instantní potraviny,21495,Pizza mražená Don Peppe 375 g,pizza_mrazena_don_peppe,58.9,84.14,Kč,"15,71 Kč / 100 g",157.1,,False,,,-30% st 7. 10. – út 13. 10.,2026-10-07 - 2026-10-13,https://www.kupi.cz/letak/albert-hypermarket-letak-652?page=6&map=216229140,https://img.kupi.cz/kupi/thumbs/pizza-mrazena-don-peppe_170_340.jpg,2026-10-06T17:43:28+02:00
Albert,Mražené a instantní potraviny,11920,Instantní polévky Vitana 95 g,instantni_polevky_vitana,19.9,26.89,Kč,"20,95 Kč / 100 g",209.5,,False,,,-26% st 7. 10. – út 20. 10.,2026-10-07 - 2026-10-20,https://www.kupi.cz/letak/albert-supermarket-nabidka-ve-znackove-kvalite-3?page=6&map=216205875,https://img.kupi.cz/kupi/thumbs/instantni-polevky-vitana_170_340.jpg,2026-10-06T17:43:28+02:00
Albert,Mražené a instantní potraviny,282,Instantní polévky Poctivá polévka Vitana 134 g,instantni_polevky_poctiva_polevka_vitana,34.9,43.62,Kč,"26,04 Kč / 100 g",260.4,,False,,,-20% dnes končí,2026-10-06,https://www.kupi.cz/letak/albert-hypermarket-letak-651?page=26&map=215332848,https://img.kupi.cz/kupi/thumbs/instantni-polevky-poctiva-polevka-vitana_170_340.jpg,2026-10-06T17:43:28+02:00
Albert,Mražené a instantní potraviny,30392,Plněné knedlíky mražené Don Peppe 600 g,plnene_knedliky_mrazene_don_peppe,69.9,97.08,Kč,"11,65 Kč / 100 g",116.5,,False,,,-28% st 7. 10. – út 13. 10.,2026-10-07 - 2026-10-13,https://www.kupi.cz/letak/albert-hypermarket-letak-652?page=23&map=216231360,https://img.kupi.cz/kupi/thumbs/plnene-knedliky-mrazene-don-peppe_170_340.png,2026-10-06T17:43:28+02:00
Albert,Mražené a instantní potraviny,4860,Hranolky vlnky mražené Nowaco 750 g,hranolky_vlnky_mrazene_nowaco,54.9,77.32,Kč,"7,32 Kč / 100 g",73.2,,False,,,-29% dnes končí,2026-10-06,https://www.kupi.cz/letak/albert-supermarket-letak-701?page=10&map=215339691,https://img.kupi.cz/kupi/thumbs/hranolky-vlnky-mrazene-nowaco_170_340.png,2026-10-06T17:43:28+02:00
Albert,Mražené a instantní potraviny,1247,Hranolky vlnky mražené Zig Zag Aviko 450 g,hranolky_vlnky_mrazene_zig_zag_aviko,39.9,48.66,Kč,"8,87 Kč / 100 g",88.7,,False,,,-18% st 7. 10. – út 13. 10.,2026-10-07 - 2026-10-13,https://www.kupi.cz/letak/albert-supermarket-letak-702?page=23&map=216234936,https://img.kupi.cz/kupi/thumbs/hranolky-vlnky-mrazene-zig-zag-aviko_170_340.png,2026-10-06T17:43:28+02:00
Albert,Mražené a instantní potraviny,19438,Nanuk kornout Cornetto Algida,nanuk_kornout_cornetto_algida,99.9,166.5,Kč,"18,50 Kč / 100 ml",,,False,,,-40% st 7. 10. – út 20. 10.,2026-10-07 - 2026-10-20,https://www.kupi.cz/letak/albert-supermarket-nabidka-ve-znackove-kvalite-3?page=4&map=216205824,https://img.kupi.cz/kupi/thumbs/nanuk-kornout-cornetto-algida_170_340.png,2026-10-06T17:43:29+02:00
Albert,Mražené a instantní potraviny,19438,Nanuk kornout Cornetto Algida,nanuk_kornout_cornetto_algida,25.9,39.85,Kč,"20,72 Kč / 100 ml",,,False,,,-35% st 7. 10. – út 13. 10.,2026-10-07 - 2026-10-13,https://www.kupi.cz/letak/albert-supermarket-letak-702?page=25&map=216234972,https://img.kupi.cz/kupi/thumbs/nanuk-kornout-cornetto-algida_170_340.png,2026-10-06T17:43:29+02:00
Albert,Mražené a instantní potraviny,26896,Hranolky mražené Super Long Aviko 600 g,hranolky_mrazene_super_long_aviko,59.9,72.17,Kč,"9,98 Kč / 100 g",99.8,,False,,,-17% st 7. 10. – út 13. 10.,2026-10-07 - 2026-10-13,https://www.kupi.cz/letak/albert-hypermarket-letak-652?page=23&map=216231357,https://img.kupi.cz/kupi/thumbs/hranolky-mrazene-super-long-aviko_170_340.png,2026-10-06T17:43:29+02:00
Albert,Mražené a instantní potraviny,27059,Špenát listový mražený Nowaco 400 g,spenat_listovy_mrazeny_nowaco,37.9,46.79,Kč,"9,47 Kč / 100 g",94.7,,False,,,-19% st 7. 10. – út 13. 10.,2026-10-07 - 2026-10-13,https://www.kupi.cz/letak/albert-supermarket-letak-702?page=23&map=216234933,https://img.kupi.cz/kupi/thumbs/spenat-listovy-mrazeny-nowaco_170_340.png,2026-10-06T17:43:29+02:00
Albert,Mražené a instantní potraviny,23733,Hranolky mražené Long&crunchy Farm Frites 600 g,hranolky_mrazene_long_crunchy_farm_frites,54.9,72.24,Kč,"9,15 Kč / 100 g",91.5,,False,,,-24% dnes končí,2026-10-06,https://www.kupi.cz/letak/albert-hypermarket-letak-651?page=17&map=215332455,https://img.kupi.cz/kupi/thumbs/hranolky-long-crunchy-farm-frites_170_340.jpg,2026-10-06T17:43:29+02:00
Albert,Mražené a instantní potraviny,345742,Nanuk Premium Pegas Prima 100 ml,nanuk_premium_pegas_prima,29.9,39.87,Kč,"29,90 Kč / 100 ml",,,False,,,-25% st 7. 10. – út 13. 10.,2026-10-07 - 2026-10-13,https://www.kupi.cz/letak/albert-hypermarket-letak-652?page=23&map=216231342,https://img.kupi.cz/kupi/thumbs/nanuk-premium-pegas-prima_170_340.jpg,2026-10-06T17:43:29+02:00
Albert,Mražené a instantní potraviny,6740,Knedlíky bramborové v prášku Bask 400 g,knedliky_bramborove_v_prasku_bask,37.9,54.14,Kč,"9,47 Kč / 100 g",94.7,,False,,,-30% st 7. 10. – út 13. 10.,2026-10-07 - 2026-10-13,https://www.kupi.cz/letak/albert-hypermarket-letak-652?page=57&map=216230796,https://img.kupi.cz/kupi/thumbs/bramborove-knedliky-bask-1_170_340.jpg,2026-10-06T17:43:29+02:00
Albert,Mražené a instantní potraviny,279,Instantní polévka nudlová Vimi 50 g,instantni_polevka_nudlova_vimi,9.9,15.71,Kč,"19,80 Kč / 100 g",198.0,,False,,,-37% dnes končí,2026-10-06,https://www.kupi.cz/letak/albert-hypermarket-letak-651?page=26&map=215332860,https://img.kupi.cz/kupi/thumbs/instantni-polevka-nudlova-vimi_170_340.jpg,2026-10-06T17:43:29+02:00
Albert,Mražené a instantní potraviny,9309,Lusky fazolové mražené Nowaco 350 g,lusky_fazolove_mrazene_nowaco,29.9,42.71,Kč,"8,54 Kč / 100 g",85.4,,False,,,-30% dnes končí,2026-10-06,https://www.kupi.cz/letak/albert-supermarket-letak-701?page=23&map=215340780,https://img.kupi.cz/kupi/thumbs/lusky-fazolove-mrazene-nowaco_170_340.png,2026-10-06T17:43:29+02:00
Albert,Mražené a instantní potraviny,95182,Nanuk Twister Mini Algida 50 ml,nanuk_twister_mini_algida,99.9,136.85,Kč,"24,98 Kč / 100 ml",,,False,,,-27% st 7. 10. – út 20. 10.,2026-10-07 - 2026-10-20,https://www.kupi.cz/letak/albert-supermarket-nabidka-ve-znackove-kvalite-3?page=4&map=216205821,https://img.kupi.cz/kupi/thumbs/nanuk-twister-mini-algida_170_340.png,2026-10-06T17:43:29+02:00
Albert,Mražené a instantní potraviny,500769,Sýr Gouda Premium obalovaná mražená Nowaco 200 g,syr_gouda_premium_obalovana_mrazena_nowaco,54.9,79.57,Kč,"27,45 Kč / 100 g",274.5,,False,,,-31% st 7. 10. – út 13. 10.,2026-10-07 - 2026-10-13,https://www.kupi.cz/letak/albert-supermarket-letak-702?page=23&map=216234924,https://img.kupi.cz/kupi/thumbs/syr-gouda-obalovana-mrazena-nowaco_170_340.png,2026-10-06T17:43:29+02:00
Albert,Mražené a instantní potraviny,500769,Sýr Gouda Premium obalovaná mražená Nowaco 200 g,syr_gouda_premium_obalovana_mrazena_nowaco,54.9,79.57,Kč,"27,45 Kč / 100 g",274.5,,False,,,-31% dnes končí,2026-10-06,https://www.kupi.cz/letak/albert-hypermarket-letak-651?page=17&map=215332437,https://img.kupi.cz/kupi/thumbs/syr-gouda-obalovana-mrazena-nowaco_170_340.png,2026-10-06T17:43:29+02:00
Albert,Mražené a instantní potraviny,405574,Krabí tyčinky Surimi mražené Mylord 125 g,krabi_tycinky_surimi_mrazene_mylord,26.9,32.8,Kč,"21,52 Kč / 100 g",215.2,,False,,,-18% dnes končí,2026-10-06,https://www.kupi.cz/letak/albert-hypermarket-letak-651?page=17&map=215332452,https://img.kupi.cz/kupi/thumbs/krabi-tycinky-mrazene-mylord_170_340.jpg,2026-10-06T17:43:29+02:00
Albert,Mražené a instantní potraviny,245661,Plněné papriky v rajské omáčce mražené Albert 600 g,paprika,66.9,78.71,Kč,"11,15 Kč / 100 g",111.5,,False,,,-15% dnes končí,2026-10-06,https://www.kupi.cz/letak/albert-supermarket-letak-701?page=23&map=215340759,https://img.kupi.cz/kupi/thumbs/plnene-papriky-v-rajske-omacce-mrazene-albert_170_340.png,2026-10-06T17:43:29+02:00
Albert,Mražené a instantní potraviny,17959,Bylinky mražené Frosta 85 g,bylinky_mrazene_frosta,26.9,36.85,Kč,"31,65 Kč / 100 g",316.5,,False,,,-27% st 7. 10. – út 13. 10.,2026-10-07 - 2026-10-13,https://www.kupi.cz/letak/albert-hypermarket-letak-652?page=23&map=216231369,https://img.kupi.cz/kupi/thumbs/bylinky-mrazene-frosta-1_170_340.jpg,2026-10-06T17:43:29+02:00
Albert,Mražené a instantní potraviny,560196,Instantní nudle Buldak Samyang 140 g,instantni_nudle_buldak_samyang,39.9,59.55,Kč,"28,50 Kč / 100 g",285.0,,False,,,-33% st 7. 10. – út 13. 10.,2026-10-07 - 2026-10-13,https://www.kupi.cz/letak/albert-supermarket-letak-702?page=41&map=216235701,https://www.kupi.cz/img/no_img/no_discounts.png,2026-10-06T17:43:29+02:00
Albert,Mražené a instantní potraviny,560196,Instantní nudle Buldak Samyang 140 g,instantni_nudle_buldak_samyang,39.9,59.55,Kč,"28,50 Kč / 100 g",285.0,,False,,,-33% dnes končí,2026-10-06,https://www.kupi.cz/letak/albert-hypermarket-letak-651?page=51&map=215325777,https://www.kupi.cz/img/no_img/no_discounts.png,2026-10-06T17:43:29+02:00
Albert,Mražené a instantní potraviny,374785,Aljašská treska filet - svíčková mražená Nowaco 400 g,aljasska_treska_filet_svickova_mrazena_nowaco,89.9,,Kč,"22,48 Kč / 100 g",224.8,,False,,,st 7. 10. – út 13. 10.,2026-10-07 - 2026-10-13,https://www.kupi.cz/letak/albert-supermarket-letak-702?page=23&map=216234927,https://img.kupi.cz/kupi/thumbs/aljasska-treska-filet-svickova-mrazena-nowaco_170_340.png,2026-10-06T17:43:29+02:00
Albert,Mražené a instantní potraviny,376906,Mořská štika filety Albert 100 g,morska_stika_filety,29.9,,Kč,"29,90 Kč / 100 g",299.0,,False,,,st 7. 10. – út 13. 10.,2026-10-07 - 2026-10-13,https://www.kupi.cz/letak/albert-hypermarket-letak-652?page=19&map=216265302,https://img.kupi.cz/kupi/thumbs/morska-stika-filety-albert_170_340.jpg,2026-10-06T17:43:29+02:00
Albert,Mražené a instantní potraviny,566187,Nanuk Solero mini Algida 50 ml,nanuk_solero_mini_algida,94.9,148.28,Kč,"31,63 Kč / 100 ml",,,False,,,-36% st 7. 10. – út 20. 10.,2026-10-07 - 2026-10-20,https://www.kupi.cz/letak/albert-supermarket-nabidka-ve-znackove-kvalite-3?page=4&map=216205818,https://img.kupi.cz/kupi/thumbs/nanuk-solero-mini-algida_170_340.jpg,2026-10-06T17:43:29+02:00
Albert,Mražené a instantní potraviny,586407,Instantní polévka nudlová Gustona 60 g,instantni_polevka_nudlova_gustona,9.9,11.79,Kč,"16,50 Kč / 100 g",165.0,,False,,,-16% dnes končí,2026-10-06,https://www.kupi.cz/letak/albert-supermarket-letak-701?page=29&map=215341302,https://www.kupi.cz/img/no_img/no_discounts.png,2026-10-06T17:43:29+02:00
Albert,Nealko nápoje,256,Instantní káva Jacobs Velvet,instantni_kava_jacobs_velvet,139.9,186.53,Kč,"77,72 Kč / 100 g",777.2,,False,,,-25% dnes končí,2026-10-06,https://www.kupi.cz/letak/albert-hypermarket-letak-651?page=25&map=215332725,https://img.kupi.cz/kupi/thumbs/instantni-kava-jacobs-velvet_170_340.jpg,2026-10-06T17:43:34+02:00
Albert,Nealko nápoje,256,Instantní káva Jacobs Velvet,instantni_kava_jacobs_velvet,239.0,,Kč,"119,50 Kč / 100 g",1195.0,,False,,,st 7. 10. – út 13. 10.,2026-10-07 - 2026-10-13,https://www.kupi.cz/letak/albert-hypermarket-letak-652?page=29&map=216231648,https://img.kupi.cz/kupi/thumbs/instantni-kava-jacobs-velvet_170_340.jpg,2026-10-06T17:43:34+02:00
Albert,Nealko nápoje,249,Limonáda Coca Cola,limonada_coca_cola,99.9,146.91,Kč,"16,65 Kč / 1 l",,,False,,,-32% dnes končí,2026-10-06,https://www.kupi.cz/letak/albert-hypermarket-letak-651?page=29&map=215333109,https://img.kupi.cz/kupi/thumbs/limonada-coca-cola_170_340.png,2026-10-06T17:43:34+02:00
Albert,Nealko nápoje,249,Limonáda Coca Cola,limonada_coca_cola,32.9,44.46,Kč,"21,93 Kč / 1 l",,,False,,,-26% st 7. 10. – út 13. 10.,2026-10-07 - 2026-10-13,https://www.kupi.cz/letak/albert-hypermarket-letak-652?page=35&map=216232011,https://img.kupi.cz/kupi/thumbs/limonada-coca-cola_170_340.png,2026-10-06T17:43:34+02:00
Albert,Nealko nápoje,249,Limonáda Coca Cola,limonada_coca_cola,32.9,44.46,Kč,"21,93 Kč / 1 l",,,False,,,-26% st 7. 10. – út 20. 10.,2026-10-07 - 2026-10-20,https://www.kupi.cz/letak/albert-supermarket-nabidka-ve-znackove-kvalite-3?page=24&map=216206640,https://img.kupi.cz/kupi/thumbs/limonada-coca-cola_170_340.png,2026-10-06T17:43:34+02:00
Albert,Nealko nápoje,249,Limonáda Coca Cola,limonada_coca_cola,59.9,79.87,Kč,"45,38 Kč / 1 l",,,False,,,-25% st 7. 10. – út 13. 10.,2026-10-07 - 2026-10-13,https://www.kupi.cz/letak/albert-hypermarket-letak-652?page=35&map=216232023,https://img.kupi.cz/kupi/thumbs/limonada-coca-cola_170_340.png,2026-10-06T17:43:34+02:00
Albert,Nealko nápoje,249,Limonáda Coca Cola,limonada_coca_cola,59.9,79.87,Kč,"45,38 Kč / 1 l",,,False,,,-25% dnes končí,2026-10-06,https://www.kupi.cz/letaky/albert,https://img.kupi.cz/kupi/thumbs/limonada-coca-cola_170_340.png,2026-10-06T17:43:34+02:00
Albert,Nealko nápoje,249,Limonáda Coca Cola,limonada_coca_cola,59.9,79.87,Kč,"45,38 Kč / 1 l",,,False,,,-25% dnes končí,2026-10-06,https://www.kupi.cz/letak/albert-supermarket-letak-701?page=31&map=215341464,https://img.kupi.cz/kupi/thumbs/limonada-coca-cola_170_340.png,2026-10-06T17:43:34+02:00
Albert,Nealko nápoje,249,Limonáda Coca Cola,limonada_coca_cola,94.9,118.62,Kč,"47,93 Kč / 1 l",,,False,,,-20% dnes končí,2026-10-06,https://www.kupi.cz/letak/albert-hypermarket-letak-651?page=29&map=215332989,https://img.kupi.cz/kupi/thumbs/limonada-coca-cola_170_340.png,2026-10-06T17:43:34+02:00
Albert,Nealko nápoje,1161,Kofola,kofola,21.9,39.82,Kč,"10,95 Kč / 1 l",,,True,Můj Albert,21.9,-45% Můj Albert st 7. 10. – út 13. 10.,2026-10-07 - 2026-10-13,https://www.kupi.cz/letak/albert-hypermarket-letak-652?page=4&map=216213498,https://img.kupi.cz/kupi/thumbs/kofola_170_340.png,2026-10-06T17:43:34+02:00
Albert,Nealko nápoje,1161,Kofola,kofola,21.9,39.82,Kč,"10,95 Kč / 1 l",,,True,Můj Albert,21.9,-45% Můj Albert dnes končí,2026-10-06,https://www.kupi.cz/letak/albert-hypermarket-letak-651?page=5&map=215325120,https://img.kupi.cz/kupi/thumbs/kofola_170_340.png,2026-10-06T17:43:34+02:00
Albert,Nealko nápoje,1161,Kofola,kofola,26.9,39.56,Kč,"13,45 Kč / 1 l",,,False,,,-32% st 7. 10. – út 13. 10.,2026-10-07 - 2026-10-13,https://www.kupi.cz/letak/albert-hypermarket-letak-652?page=4&map=216213501,https://img.kupi.cz/kupi/thumbs/kofola_170_340.png,2026-10-06T17:43:34+02:00
Albert,Nealko nápoje,1161,Kofola,kofola,26.9,39.56,Kč,"13,45 Kč / 1 l",,,False,,,-32% dnes končí,2026-10-06,https://www.kupi.cz/letak/albert-hypermarket-letak-651?page=5&map=215325117,https://img.kupi.cz/kupi/thumbs/kofola_170_340.png,2026-10-06T17:43:34+02:00
Albert,Nealko nápoje,1161,Kofola,kofola,14.9,19.87,Kč,"45,15 Kč / 1 l",,,False,,,-25% st 7. 10. – út 20. 10.,2026-10-07 - 2026-10-20,https://www.kupi.cz/letak/albert-supermarket-nabidka-ve-znackove-kvalite-3?page=10&map=216205983,https://img.kupi.cz/kupi/thumbs/kofola_170_340.png,2026-10-06T17:43:34+02:00
Albert,Nealko nápoje,587,Kapsle Dolce Gusto Nescafé,kapsle_dolce_gusto_nescafe,199.0,248.75,Kč,"6,63 Kč / 1 ks",,6.63,False,,,-20% st 7. 10. – út 13. 10.,2026-10-07 - 2026-10-13,https://www.kupi.cz/letak/albert-supermarket-letak-702?page=25&map=216234984,https://img.kupi.cz/kupi/thumbs/kapsle-dolce-gusto-nescafe-2_170_340.jpg,2026-10-06T17:43:34+02:00
Albert,Nealko nápoje,587,Kapsle Dolce Gusto Nescafé,kapsle_dolce_gusto_nescafe,119.9,149.88,Kč,"7,49 Kč / 1 ks",,7.49,False,,,-20% st 7. 10. – út 13. 10.,2026-10-07 - 2026-10-13,https://www.kupi.cz/letak/albert-hypermarket-letak-652?page=27&map=216266220,https://img.kupi.cz/kupi/thumbs/kapsle-dolce-gusto-nescafe-2_170_340.jpg,2026-10-06T17:43:34+02:00
Albert,Nealko nápoje,587,Kapsle Dolce Gusto Nescafé,kapsle_dolce_gusto_nescafe,119.9,149.88,Kč,"7,49 Kč / 1 ks",,7.49,False,,,-20% dnes končí,2026-10-06,https://www.kupi.cz/letak/albert-supermarket-letak-701?page=27&map=215341125,https://img.kupi.cz/kupi/thumbs/kapsle-dolce-gusto-nescafe-2_170_340.jpg,2026-10-06T17:43:34+02:00
Albert,Nealko nápoje,455,Instantní kakao Granko Orion,instantni_kakao_granko_orion,89.9,149.83,Kč,"19,98 Kč / 100 g",199.8,,False,,,-40% st 7. 10. – út 20. 10.,2026-10-07 - 2026-10-20,https://www.kupi.cz/letak/albert-hypermarket-letak-652?page=8&map=216263883,https://img.kupi.cz/kupi/thumbs/instantni-kakao-granko-orion_170_340.png,2026-10-06T17:43:34+02:00
Albert,Nealko nápoje,455,Instantní kakao Granko Orion,instantni_kakao_granko_orion,89.9,149.83,Kč,"22,48 Kč / 100 g",224.8,,False,,,-40% dnes končí,2026-10-06,https://www.kupi.cz/letak/albert-supermarket-letak-701?map=215338770,https://img.kupi.cz/kupi/thumbs/instantni-kakao-granko-orion_170_340.png,2026-10-06T17:43:34+02:00
Albert,Nealko nápoje,455,Instantní kakao Granko Orion,instantni_kakao_granko_orion,69.9,99.86,Kč,"34,95 Kč / 100 g",349.5,,False,,,-30% st 7. 10. – út 20. 10.,2026-10-07 - 2026-10-20,https://www.kupi.cz/letak/albert-supermarket-nabidka-ve-znackove-kvalite-3?page=9&map=216205950,https://img.kupi.cz/kupi/thumbs/instantni-kakao-granko-orion_170_340.png,2026-10-06T17:43:34+02:00
Albert,Nealko nápoje,276,Mletá káva Standard Jihlavanka,mleta_kava_standard_jihlavanka,189.0,393.75,Kč,"18,90 Kč / 100 g",189.0,,False,,,-52% st 7. 10. – út 13. 10.,2026-10-07 - 2026-10-13,https://www.kupi.cz/letak/albert-hypermarket-letak-652?page=5&map=216213504,https://img.kupi.cz/kupi/thumbs/mleta-kava-standard-jihlavanka_170_340.jpg,2026-10-06T17:43:34+02:00
Albert,Nealko nápoje,276,Mletá káva Standard Jihlavanka,mleta_kava_standard_jihlavanka,59.9,108.91,Kč,"39,93 Kč / 100 g",399.3,,False,,,-45% dnes končí,2026-10-06,https://www.kupi.cz/letak/albert-hypermarket-letak-651?page=25&map=215332746,https://img.kupi.cz/kupi/thumbs/mleta-kava-standard-jihlavanka_170_340.jpg,2026-10-06T17:43:34+02:00
Albert,Nealko nápoje,658,Přírodní voda Magnesia 1.5 l,prirodni_voda_magnesia,14.9,18.86,Kč,"9,93 Kč / 1 l",,,False,,,-21% st 7. 10. – út 13. 10.,2026-10-07 - 2026-10-13,https://www.kupi.cz/letak/albert-hypermarket-letak-652?page=56&map=216230820,https://img.kupi.cz/kupi/thumbs/prirodni-voda-magnesia-1_170_340.jpg,2026-10-06T17:43:34+02:00
Albert,Nealko nápoje,658,Přírodní voda Magnesia 1.5 l,prirodni_voda_magnesia,14.9,18.86,Kč,"9,93 Kč / 1 l",,,False,,,-21% st 7. 10. – út 20. 10.,2026-10-07 - 2026-10-20,https://www.kupi.cz/letak/albert-supermarket-nabidka-ve-znackove-kvalite-3?page=12&map=216206037,https://img.kupi.cz/kupi/thumbs/prirodni-voda-magnesia-1_170_340.jpg,2026-10-06T17:43:34+02:00
Albert,Nealko nápoje,658,Přírodní voda Magnesia 1.5 l,prirodni_voda_magnesia,14.9,18.86,Kč,"9,93 Kč / 1 l",,,False,,,-21% dnes končí,2026-10-06,https://www.kupi.cz/letak/albert-hypermarket-letak-651?page=29&map=215332998,https://img.kupi.cz/kupi/thumbs/prirodni-voda-magnesia-1_170_340.jpg,2026-10-06T17:43:34+02:00
Albert,Nealko nápoje,1003,Limonáda Pepsi,limonada_pepsi,24.9,46.98,Kč,"11,07 Kč / 1 l",,,True,Můj Albert,24.9,-47% Můj Albert st 7. 10. – út 13. 10.,2026-10-07 - 2026-10-13,https://www.kupi.cz/letak/albert-hypermarket-letak-652?page=6&map=216229596,https://img.kupi.cz/kupi/thumbs/limonada-pepsi_170_340.png,2026-10-06T17:43:34+02:00
Albert,Nealko nápoje,1003,Limonáda Pepsi,limonada_pepsi,24.9,46.98,Kč,"11,07 Kč / 1 l",,,True,Můj Albert,24.9,-47% Můj Albert st 7. 10. – út 20. 10.,2026-10-07 - 2026-10-20,https://www.kupi.cz/letak/albert-supermarket-nabidka-ve-znackove-kvalite-3?map=216205728,https://img.kupi.cz/kupi/thumbs/limonada-pepsi_170_340.png,2026-10-06T17:43:34+02:00
Albert,Nealko nápoje,1003,Limonáda Pepsi,limonada_pepsi,32.9,47.0,Kč,"14,62 Kč / 1 l",,,False,,,-30% st 7. 10. – út 20. 10.,2026-10-07 - 2026-10-20,https://www.kupi.cz/letak/albert-supermarket-nabidka-ve-znackove-kvalite-3?map=216205716,https://img.kupi.cz/kupi/thumbs/limonada-pepsi_170_340.png,2026-10-06T17:43:34+02:00
Albert,Nealko nápoje,1003,Limonáda Pepsi,limonada_pepsi,32.9,47.0,Kč,"14,62 Kč / 1 l",,,False,,,-30% st 7. 10. – út 13. 10.,2026-10-07 - 2026-10-13,https://www.kupi.cz/letak/albert-hypermarket-letak-652?page=6&map=216229599,https://img.kupi.cz/kupi/thumbs/limonada-pepsi_170_340.png,2026-10-06T17:43:34+02:00
Albert,Nealko nápoje,1003,Limonáda Pepsi,limonada_pepsi,26.9,38.43,Kč,"17,93 Kč / 1 l",,,False,,,-30% dnes končí,2026-10-06,https://www.kupi.cz/letak/albert-supermarket-letak-701?page=31&map=215341554,https://img.kupi.cz/kupi/thumbs/limonada-pepsi_170_340.png,2026-10-06T17:43:34+02:00
Albert,Nealko nápoje,4789,Sirup YO 0.7 l,sirup_yo,59.9,93.59,Kč,"85,57 Kč / 1 l",,,False,,,-36% st 7. 10. – út 13. 10.,2026-10-07 - 2026-10-13,https://www.kupi.cz/letak/albert-hypermarket-letak-652?page=35&map=216232002,https://img.kupi.cz/kupi/thumbs/sirup-yo_170_340.jpg,2026-10-06T17:43:34+02:00
Albert,Nealko nápoje,4789,Sirup YO 0.7 l,sirup_yo,59.9,93.59,Kč,"85,57 Kč / 1 l",,,False,,,-36% st 7. 10. – út 20. 10.,2026-10-07 - 2026-10-20,https://www.kupi.cz/letak/albert-supermarket-nabidka-ve-znackove-kvalite-3?page=12&map=216206073,https://img.kupi.cz/kupi/thumbs/sirup-yo_170_340.jpg,2026-10-06T17:43:34+02:00
Albert,Nealko nápoje,4789,Sirup YO 0.7 l,sirup_yo,59.9,93.59,Kč,"85,57 Kč / 1 l",,,False,,,-36% dnes končí,2026-10-06,https://www.kupi.cz/letak/albert-supermarket-letak-701?page=31&map=215341506,https://img.kupi.cz/kupi/thumbs/sirup-yo_170_340.jpg,2026-10-06T17:43:34+02:00
Albert,Nealko nápoje,287,Džus Relax 1 l,dzus_relax,26.9,59.78,Kč,"26,90 Kč / 1 l",,,False,,,-55% st 7. 10. – út 13. 10.,2026-10-07 - 2026-10-13,https://www.kupi.cz/letak/albert-supermarket-letak-702?page=33&map=216235350,https://img.kupi.cz/kupi/thumbs/dzus-relax-1_170_340.png,2026-10-06T17:43:34+02:00
Albert,Nealko nápoje,287,Džus Relax 1 l,dzus_relax,29.9,59.8,Kč,"29,90 Kč / 1 l",,,False,,,-50% st 7. 10. – út 13. 10.,2026-10-07 - 2026-10-13,https://www.kupi.cz/letak/albert-hypermarket-letak-652?page=35&map=216232005,https://img.kupi.cz/kupi/thumbs/dzus-relax-1_170_340.png,2026-10-06T17:43:34+02:00
Albert,Nealko nápoje,287,Džus Relax 1 l,dzus_relax,29.9,59.8,Kč,"29,90 Kč / 1 l",,,False,,,-50% dnes končí,2026-10-06,https://www.kupi.cz/letak/albert-supermarket-letak-701?page=31&map=215341500,https://img.kupi.cz/kupi/thumbs/dzus-relax-1_170_340.png,2026-10-06T17:43:34+02:00
Albert,Nealko nápoje,287,Džus Relax 1 l,dzus_relax,34.9,59.15,Kč,"34,90 Kč / 1 l",,,False,,,-41% dnes končí,2026-10-06,https://www.kupi.cz/letak/albert-hypermarket-letak-651?page=29&map=215333028,https://img.kupi.cz/kupi/thumbs/dzus-relax-1_170_340.png,2026-10-06T17:43:34+02:00
Albert,Nealko nápoje,661,Sirup Jupí,sirup_jupi,119.9,196.56,Kč,"39,97 Kč / 1 l",,,True,Můj Albert,119.9,-39% Můj Albert st 7. 10. – út 13. 10.,2026-10-07 - 2026-10-13,https://www.kupi.cz/letak/albert-hypermarket-letak-652?page=6&map=216229176,https://img.kupi.cz/kupi/thumbs/sirup-jupi-2_170_340.jpg,2026-10-06T17:43:34+02:00
Albert,Nealko nápoje,661,Sirup Jupí,sirup_jupi,119.9,196.56,Kč,"39,97 Kč / 1 l",,,True,Můj Albert,119.9,-39% Můj Albert dnes končí,2026-10-06,https://www.kupi.cz/letak/albert-hypermarket-letak-651?page=6&map=215325168,https://img.kupi.cz/kupi/thumbs/sirup-jupi-2_170_340.jpg,2026-10-06T17:43:34+02:00
Albert,Nealko nápoje,661,Sirup Jupí,sirup_jupi,31.9,54.07,Kč,"45,57 Kč / 1 l",,,False,,,-41% dnes končí,2026-10-06,https://www.kupi.cz/letak/albert-supermarket-letak-701?page=11&map=215339844,https://img.kupi.cz/kupi/thumbs/sirup-jupi-2_170_340.jpg,2026-10-06T17:43:34+02:00
Albert,Nealko nápoje,661,Sirup Jupí,sirup_jupi,139.9,197.04,Kč,"46,63 Kč / 1 l",,,False,,,-29% st 7. 10. – út 13. 10.,2026-10-07 - 2026-10-13,https://www.kupi.cz/letak/albert-hypermarket-letak-652?page=6&map=216229593,https://img.kupi.cz/kupi/thumbs/sirup-jupi-2_170_340.jpg,2026-10-06T17:43:34+02:00
Albert,Nealko nápoje,661,Sirup Jupí,sirup_jupi,139.9,197.04,Kč,"46,63 Kč / 1 l",,,False,,,-29% dnes končí,2026-10-06,https://www.kupi.cz/letak/albert-hypermarket-letak-651?page=6&map=215325165,https://img.kupi.cz/kupi/thumbs/sirup-jupi-2_170_340.jpg,2026-10-06T17:43:34+02:00
Albert,Nealko nápoje,4785,Instantní káva Jacobs Krönung 200 g,instantni_kava_jacobs_kronung,179.0,288.71,Kč,"89,50 Kč / 100 g",895.0,,False,,,-38% st 7. 10. – út 20. 10.,2026-10-07 - 2026-10-20,https://www.kupi.cz/letak/albert-supermarket-letak-702?page=29&map=216235170,https://img.kupi.cz/kupi/thumbs/instantni-kava-jacobs-kronung_170_340.jpg,2026-10-06T17:43:34+02:00
Albert,Nealko nápoje,678,Energetický nápoj Red Bull 0.25 l,energeticky_napoj_red_bull,189.0,295.31,Kč,"94,50 Kč / 1 l",,,False,,,-36% st 7. 10. – út 13. 10.,2026-10-07 - 2026-10-13,https://www.kupi.cz/letak/albert-hypermarket-letak-652?page=35&map=216231999,https://img.kupi.cz/kupi/thumbs/energeticky-napoj-red-bull_170_340.png,2026-10-06T17:43:34+02:00
Albert,Nealko nápoje,678,Energetický nápoj Red Bull 0.25 l,energeticky_napoj_red_bull,109.9,161.62,Kč,"109,90 Kč / 1 l",,,False,,,-32% dnes končí,2026-10-06,https://www.kupi.cz/letak/albert-supermarket-letak-701?page=31&map=215341467,https://img.kupi.cz/kupi/thumbs/energeticky-napoj-red-bull_170_340.png,2026-10-06T17:43:34+02:00
Albert,Nealko nápoje,678,Energetický nápoj Red Bull 0.25 l,energeticky_napoj_red_bull,32.9,42.73,Kč,"131,60 Kč / 1 l",,,False,,,-23% st 7. 10. – út 13. 10.,2026-10-07 - 2026-10-13,https://www.kupi.cz/letak/albert-supermarket-letak-702?page=33&map=216235329,https://img.kupi.cz/kupi/thumbs/energeticky-napoj-red-bull_170_340.png,2026-10-06T17:43:34+02:00
Albert,Nealko nápoje,678,Energetický nápoj Red Bull 0.25 l,energeticky_napoj_red_bull,32.9,42.73,Kč,"131,60 Kč / 1 l",,,False,,,-23% dnes končí,2026-10-06,https://www.kupi.cz/letak/albert-hypermarket-letak-651?page=29&map=215332992,https://img.kupi.cz/kupi/thumbs/energeticky-napoj-red-bull_170_340.png,2026-10-06T17:43:34+02:00
Albert,Nealko nápoje,265,Kapsle Tassimo Jacobs 16 ks,kapsle_tassimo_jacobs,129.9,173.2,Kč,"8,12 Kč / 1 ks",,8.12,True,Můj Albert,129.9,-25% Můj Albert st 7. 10. – út 13. 10.,2026-10-07 - 2026-10-13,https://www.kupi.cz/letak/albert-hypermarket-letak-652?page=29&map=216231681,https://img.kupi.cz/kupi/thumbs/kapsle-tassimo-jacobs-1_170_340.jpg,2026-10-06T17:43:34+02:00
Albert,Nealko nápoje,265,Kapsle Tassimo Jacobs 16 ks,kapsle_tassimo_jacobs,139.9,172.72,Kč,"8,74 Kč / 1 ks",,8.74,False,,,-19% st 7. 10. – út 13. 10.,2026-10-07 - 2026-10-13,https://www.kupi.cz/letak/albert-hypermarket-letak-652?page=29&map=216231687,https://img.kupi.cz/kupi/thumbs/kapsle-tassimo-jacobs-1_170_340.jpg,2026-10-06T17:43:34+02:00
Albert,Nealko nápoje,655,Ochucená voda Mattoni 1.5 l,ochucena_voda_mattoni,14.9,19.87,Kč,"9,93 Kč / 1 l",,,False,,,-25% st 7. 10. – út 13. 10.,2026-10-07 - 2026-10-13,https://www.kupi.cz/letak/albert-hypermarket-letak-652?page=35&map=216232032,https://img.kupi.cz/kupi/thumbs/ochucena-voda-mattoni_170_340.jpg,2026-10-06T17:43:34+02:00
Albert,Nealko nápoje,655,Ochucená voda Mattoni 1.5 l,ochucena_voda_mattoni,14.9,19.87,Kč,"9,93 Kč / 1 l",,,False,,,-25% st 7. 10. – út 20. 10.,2026-10-07 - 2026-10-20,https://www.kupi.cz/letak/albert-supermarket-nabidka-ve-znackove-kvalite-3?page=12&map=216206043,https://img.kupi.cz/kupi/thumbs/ochucena-voda-mattoni_170_340.jpg,2026-10-06T17:43:34+02:00
Albert,Nealko nápoje,655,Ochucená voda Mattoni 1.5 l,ochucena_voda_mattoni,14.9,19.87,Kč,"9,93 Kč / 1 l",,,False,,,-25% dnes končí,2026-10-06,https://www.kupi.cz/letak/albert-hypermarket-letak-651?page=29&map=215333016,https://img.kupi.cz/kupi/thumbs/ochucena-voda-mattoni_170_340.jpg,2026-10-06T17:43:34+02:00
Albert,Nealko nápoje,439,Kapsle Cafissimo Tchibo 10 ks,kapsle_cafissimo_tchibo,89.9,128.43,Kč,"8,99 Kč / 1 ks",,8.99,False,,,-30% dnes končí,2026-10-06,https://www.kupi.cz/letak/albert-hypermarket-letak-651?page=25&map=215332722,https://img.kupi.cz/kupi/thumbs/kapsle-cafissimo-tchibo_170_340.png,2026-10-06T17:43:34+02:00
Albert,Nealko nápoje,17054,Sirup Extra hustý Hello 0.7 l,sirup_extra_husty_hello,36.9,68.33,Kč,"52,71 Kč / 1 l",,,False,,,-46% dnes končí,2026-10-06,https://www.kupi.cz/letak/albert-hypermarket-letak-651?page=29&map=215333013,https://img.kupi.cz/kupi/thumbs/sirup-extra-husty-hello_170_340.jpg,2026-10-06T17:43:34+02:00
Albert,Nealko nápoje,38065,Instantní kávy Nescafé Gold 200 g,instantni_kavy_nescafe_gold,179.0,314.04,Kč,"89,50 Kč / 100 g",895.0,,False,,,-43% st 7. 10. – út 13. 10.,2026-10-07 - 2026-10-13,https://www.kupi.cz/letak/albert-hypermarket-letak-652?page=29&map=216231663,https://img.kupi.cz/kupi/thumbs/instantni-kavy-nescafe-gold_170_340.png,2026-10-06T17:43:34+02:00
Albert,Nealko nápoje,38065,Instantní kávy Nescafé Gold 200 g,instantni_kavy_nescafe_gold,179.0,314.04,Kč,"89,50 Kč / 100 g",895.0,,False,,,-43% st 7. 10. – út 20. 10.,2026-10-07 - 2026-10-20,https://www.kupi.cz/letak/albert-supermarket-nabidka-ve-znackove-kvalite-3?page=9&map=216205944,https://img.kupi.cz/kupi/thumbs/instantni-kavy-nescafe-gold_170_340.png,2026-10-06T17:43:34+02:00
Albert,Nealko nápoje,289,Ochucená voda Poděbradka Prolinie 1.5 l,ochucena_voda_podebradka_prolinie,10.9,13.8,Kč,"7,27 Kč / 1 l",,,True,Můj Albert,10.9,-21% Můj Albert st 7. 10. – út 13. 10.,2026-10-07 - 2026-10-13,https://www.kupi.cz/letak/albert-hypermarket-letak-652?page=6&map=216229173,https://img.kupi.cz/kupi/thumbs/ochucena-voda-podebradka-prolinie-3_170_340.jpg,2026-10-06T17:43:36+02:00
Albert,Nealko nápoje,289,Ochucená voda Poděbradka Prolinie 1.5 l,ochucena_voda_podebradka_prolinie,10.9,13.8,Kč,"7,27 Kč / 1 l",,,True,Můj Albert,10.9,-21% Můj Albert st 7. 10. – út 20. 10.,2026-10-07 - 2026-10-20,https://www.kupi.cz/letak/albert-supermarket-nabidka-ve-znackove-kvalite-3?page=12&map=216206055,https://img.kupi.cz/kupi/thumbs/ochucena-voda-podebradka-prolinie-3_170_340.jpg,2026-10-06T17:43:36+02:00
Albert,Nealko nápoje,289,Ochucená voda Poděbradka Prolinie 1.5 l,ochucena_voda_podebradka_prolinie,10.9,13.8,Kč,"7,27 Kč / 1 l",,,True,Můj Albert,10.9,-21% Můj Albert dnes končí,2026-10-06,https://www.kupi.cz/letak/albert-supermarket-letak-frenstat-pod-radhostem-roznovska-4?page=10&map=215350347,https://img.kupi.cz/kupi/thumbs/ochucena-voda-podebradka-prolinie-3_170_340.jpg,2026-10-06T17:43:36+02:00
Albert,Nealko nápoje,679,Limonáda Tonic River 2 l,limonada_tonic_river,19.9,32.62,Kč,"9,95 Kč / 1 l",,,False,,,-39% st 7. 10. – út 13. 10.,2026-10-07 - 2026-10-13,https://www.kupi.cz/letak/albert-supermarket-letak-702?page=33&map=216235383,https://img.kupi.cz/kupi/thumbs/limonada-tonic-river_170_340.jpg,2026-10-06T17:43:36+02:00
Albert,Nealko nápoje,652,Energetický nápoj Big Shock 0.5 l,energeticky_napoj_big_shock,26.9,41.38,Kč,"53,80 Kč / 1 l",,,False,,,-35% dnes končí,2026-10-06,https://www.kupi.cz/letak/albert-supermarket-letak-701?page=31&map=215341509,https://img.kupi.cz/kupi/thumbs/energeticky-napoj-big-shock-1_170_340.jpg,2026-10-06T17:43:36+02:00
Albert,Nealko nápoje,314,Džus Pfanner 1 l,dzus_pfanner,39.9,68.79,Kč,"39,90 Kč / 1 l",,,False,,,-42% st 7. 10. – út 20. 10.,2026-10-07 - 2026-10-20,https://www.kupi.cz/letak/albert-supermarket-letak-702?page=33&map=216235356,https://img.kupi.cz/kupi/thumbs/dzus-pfanner_170_340.png,2026-10-06T17:43:36+02:00
Albert,Nealko nápoje,314,Džus Pfanner 1 l,dzus_pfanner,39.9,68.79,Kč,"39,90 Kč / 1 l",,,False,,,-42% st 7. 10. – út 13. 10.,2026-10-07 - 2026-10-13,https://www.kupi.cz/letak/albert-hypermarket-letak-652?page=35&map=216232020,https://img.kupi.cz/kupi/thumbs/dzus-pfanner_170_340.png,2026-10-06T17:43:36+02:00
Albert,Nealko nápoje,1039,Limonáda Fanta 1.5 l,limonada_fanta,32.9,44.46,Kč,"21,93 Kč / 1 l",,,False,,,-26% st 7. 10. – út 20. 10.,2026-10-07 - 2026-10-20,https://www.kupi.cz/letak/albert-supermarket-nabidka-ve-znackove-kvalite-3?page=24&map=216206643,https://img.kupi.cz/kupi/thumbs/limonada-fanta-1_170_340.jpg,2026-10-06T17:43:36+02:00
Albert,Nealko nápoje,1039,Limonáda Fanta 1.5 l,limonada_fanta,32.9,44.46,Kč,"21,93 Kč / 1 l",,,False,,,-26% st 7. 10. – út 13. 10.,2026-10-07 - 2026-10-13,https://www.kupi.cz/letak/albert-hypermarket-letak-652?page=35&map=216232014,https://img.kupi.cz/kupi/thumbs/limonada-fanta-1_170_340.jpg,2026-10-06T17:43:36+02:00
Albert,Nealko nápoje,732,Přírodní voda Mattoni 1.5 l,prirodni_voda_mattoni,12.9,16.75,Kč,"8,60 Kč / 1 l",,,False,,,-23% st 7. 10. – út 20. 10.,2026-10-07 - 2026-10-20,https://www.kupi.cz/letak/albert-supermarket-nabidka-ve-znackove-kvalite-3?page=12&map=216206040,https://img.kupi.cz/kupi/thumbs/prirodni-voda-mattoni-1_170_340.jpg,2026-10-06T17:43:36+02:00
Albert,Nealko nápoje,732,Přírodní voda Mattoni 1.5 l,prirodni_voda_mattoni,12.9,16.75,Kč,"8,60 Kč / 1 l",,,False,,,-23% st 7. 10. – út 13. 10.,2026-10-07 - 2026-10-13,https://www.kupi.cz/letak/albert-hypermarket-letak-652?page=35&map=216232029,https://img.kupi.cz/kupi/thumbs/prirodni-voda-mattoni-1_170_340.jpg,2026-10-06T17:43:36+02:00
Albert,Nealko nápoje,2452,Sirup Relax 0.7 l,sirup_relax,39.9,79.8,Kč,"57,00 Kč / 1 l",,,False,,,-50% st 7. 10. – út 13. 10.,2026-10-07 - 2026-10-13,https://www.kupi.cz/letak/albert-supermarket-letak-702?page=33&map=216235362,https://img.kupi.cz/kupi/thumbs/sirup-relax_170_340.png,2026-10-06T17:43:36+02:00
Albert,Nealko nápoje,2452,Sirup Relax 0.7 l,sirup_relax,39.9,79.8,Kč,"57,00 Kč / 1 l",,,False,,,-50% st 7. 10. – út 20. 10.,2026-10-07 - 2026-10-20,https://www.kupi.cz/letak/albert-hypermarket-letak-652?page=35&map=216232017,https://img.kupi.cz/kupi/thumbs/sirup-relax_170_340.png,2026-10-06T17:43:36+02:00
Albert,Nealko nápoje,248,Mletá káva Jacobs Aroma Standard 250 g,mleta_kava_jacobs_aroma_standard,89.9,149.83,Kč,"35,96 Kč / 100 g",359.6,,False,,,-40% dnes končí,2026-10-06,https://www.kupi.cz/letak/albert-hypermarket-letak-651?page=25&map=215332737,https://img.kupi.cz/kupi/thumbs/mleta-kava-jacobs-aroma-standard-1_170_340.jpg,2026-10-06T17:43:36+02:00
Albert,Nealko nápoje,2607,Energetický nápoj Tiger 0.5 l,energeticky_napoj_tiger,14.9,32.39,Kč,"29,80 Kč / 1 l",,,False,,,-54% st 7. 10. – út 13. 10.,2026-10-07 - 2026-10-13,https://www.kupi.cz/letak/albert-supermarket-letak-702?page=33&map=216235341,https://img.kupi.cz/kupi/thumbs/energeticky-napoj-tiger_170_340.png,2026-10-06T17:43:36+02:00
Albert,Nealko nápoje,710,Čaj ovocný Teekanne 50 g,caj_ovocny_teekanne,32.9,44.46,Kč,"65,80 Kč / 100 g",658.0,,False,,,-26% st 7. 10. – út 13. 10.,2026-10-07 - 2026-10-13,https://www.kupi.cz/letak/albert-hypermarket-letak-652?page=29&map=216231729,https://img.kupi.cz/kupi/thumbs/caj-ovocny-world-of-fruits-teekanne_170_340.jpg,2026-10-06T17:43:36+02:00
Albert,Nealko nápoje,541,Limonáda Mirinda 2.25 l,limonada_mirinda,24.9,46.98,Kč,"11,07 Kč / 1 l",,,True,Můj Albert,24.9,-47% Můj Albert st 7. 10. – út 20. 10.,2026-10-07 - 2026-10-20,https://www.kupi.cz/letak/albert-supermarket-nabidka-ve-znackove-kvalite-3?map=216205737,https://img.kupi.cz/kupi/thumbs/limonada-mirinda_170_340.jpg,2026-10-06T17:43:36+02:00
Albert,Nealko nápoje,541,Limonáda Mirinda 2.25 l,limonada_mirinda,24.9,46.98,Kč,"11,07 Kč / 1 l",,,True,Můj Albert,24.9,-47% Můj Albert st 7. 10. – út 13. 10.,2026-10-07 - 2026-10-13,https://www.kupi.cz/letak/albert-hypermarket-letak-652?page=6&map=216229605,https://img.kupi.cz/kupi/thumbs/limonada-mirinda_170_340.jpg,2026-10-06T17:43:36+02:00
Albert,Nealko nápoje,541,Limonáda Mirinda 2.25 l,limonada_mirinda,32.9,47.0,Kč,"14,62 Kč / 1 l",,,False,,,-30% st 7. 10. – út 20. 10.,2026-10-07 - 2026-10-20,https://www.kupi.cz/letak/albert-supermarket-nabidka-ve-znackove-kvalite-3?map=216205731,https://img.kupi.cz/kupi/thumbs/limonada-mirinda_170_340.jpg,2026-10-06T17:43:36+02:00
Albert,Nealko nápoje,541,Limonáda Mirinda 2.25 l,limonada_mirinda,32.9,47.0,Kč,"14,62 Kč / 1 l",,,False,,,-30% st 7. 10. – út 13. 10.,2026-10-07 - 2026-10-13,https://www.kupi.cz/letak/albert-hypermarket-letak-652?page=6&map=216229608,https://img.kupi.cz/kupi/thumbs/limonada-mirinda_170_340.jpg,2026-10-06T17:43:36+02:00
Albert,Nealko nápoje,28489,Minerální voda Magnesia Red 1.5 l,mineralni_voda_magnesia_red,19.9,24.87,Kč,"13,27 Kč / 1 l",,,False,,,-20% st 7. 10. – út 13. 10.,2026-10-07 - 2026-10-13,https://www.kupi.cz/letak/albert-hypermarket-letak-652?page=35&map=216232026,https://img.kupi.cz/kupi/thumbs/mineralni-voda-magnesia-red-1_170_340.jpg,2026-10-06T17:43:36+02:00
Albert,Nealko nápoje,978,Voda ochucená Ondrášovka 1.5 l,voda_ochucena_ondrasovka,11.9,13.84,Kč,"7,93 Kč / 1 l",,,False,,,-14% st 7. 10. – út 13. 10.,2026-10-07 - 2026-10-13,https://www.kupi.cz/letak/albert-hypermarket-letak-652?page=27&map=216266223,https://img.kupi.cz/kupi/thumbs/voda-ochucena-ondrasovka_170_340.png,2026-10-06T17:43:36+02:00
Albert,Nealko nápoje,978,Voda ochucená Ondrášovka 1.5 l,voda_ochucena_ondrasovka,13.9,19.86,Kč,"9,27 Kč / 1 l",,,False,,,-30% dnes končí,2026-10-06,https://www.kupi.cz/letak/albert-supermarket-letak-701?page=31&map=215341521,https://img.kupi.cz/kupi/thumbs/voda-ochucena-ondrasovka_170_340.png,2026-10-06T17:43:36+02:00
Albert,Nealko nápoje,2975,Mletá káva Tchibo Exclusive 250 g,mleta_kava_tchibo_exclusive,99.9,222.0,Kč,"39,96 Kč / 100 g",399.6,,True,Můj Albert,99.9,-55% Můj Albert st 7. 10. – út 13. 10.,2026-10-07 - 2026-10-13,https://www.kupi.cz/letak/albert-hypermarket-letak-652?page=29&map=216231669,https://img.kupi.cz/kupi/thumbs/mleta-kava-tchibo-exclusive_170_340.png,2026-10-06T17:43:36+02:00
Albert,Nealko nápoje,2975,Mletá káva Tchibo Exclusive 250 g,mleta_kava_tchibo_exclusive,109.9,219.8,Kč,"43,96 Kč / 100 g",439.6,,False,,,-50% st 7. 10. – út 13. 10.,2026-10-07 - 2026-10-13,https://www.kupi.cz/letak/albert-hypermarket-letak-652?page=29&map=216231672,https://img.kupi.cz/kupi/thumbs/mleta-kava-tchibo-exclusive_170_340.png,2026-10-06T17:43:36+02:00
Albert,Nealko nápoje,1139,Energetický nápoj Semtex 0.5 l,energeticky_napoj_semtex,14.9,17.74,Kč,"29,80 Kč / 1 l",,,False,,,-16% st 7. 10. – út 13. 10.,2026-10-07 - 2026-10-13,https://www.kupi.cz/letak/albert-hypermarket-letak-652?page=35&map=216231996,https://img.kupi.cz/kupi/thumbs/energeticky-napoj-semtex_170_340.jpg,2026-10-06T17:43:36+02:00
Albert,Nealko nápoje,1139,Energetický nápoj Semtex 0.5 l,energeticky_napoj_semtex,14.9,17.74,Kč,"29,80 Kč / 1 l",,,False,,,-16% st 7. 10. – út 20. 10.,2026-10-07 - 2026-10-20,https://www.kupi.cz/letak/albert-supermarket-nabidka-ve-znackove-kvalite-3?page=10&map=216205989,https://img.kupi.cz/kupi/thumbs/energeticky-napoj-semtex_170_340.jpg,2026-10-06T17:43:36+02:00
Albert,Nealko nápoje,1139,Energetický nápoj Semtex 0.5 l,energeticky_napoj_semtex,14.9,17.74,Kč,"29,80 Kč / 1 l",,,False,,,-16% dnes končí,2026-10-06,https://www.kupi.cz/letak/albert-hypermarket-letak-651?page=29&map=215332995,https://img.kupi.cz/kupi/thumbs/energeticky-napoj-semtex_170_340.jpg,2026-10-06T17:43:36+02:00
Albert,Nealko nápoje,28832,Minerální voda Gemerka 1.5 l,mineralni_voda_gemerka,11.9,17.76,Kč,"7,93 Kč / 1 l",,,False,,,-33% st 7. 10. – út 13. 10.,2026-10-07 - 2026-10-13,https://www.kupi.cz/letak/albert-hypermarket-letak-652?page=35&map=216232038,https://img.kupi.cz/kupi/thumbs/mineralni-voda-gemerka_170_340.jpg,2026-10-06T17:43:36+02:00
Albert,Nealko nápoje,28832,Minerální voda Gemerka 1.5 l,mineralni_voda_gemerka,11.9,17.76,Kč,"7,93 Kč / 1 l",,,False,,,-33% st 7. 10. – út 20. 10.,2026-10-07 - 2026-10-20,https://www.kupi.cz/letak/albert-supermarket-nabidka-ve-znackove-kvalite-3?page=24&map=216206649,https://img.kupi.cz/kupi/thumbs/mineralni-voda-gemerka_170_340.jpg,2026-10-06T17:43:36+02:00
Albert,Nealko nápoje,2512,Nápoj Caprio 2 l,napoj_caprio,29.9,49.83,Kč,"14,95 Kč / 1 l",,,False,,,-40% dnes končí,2026-10-06,https://www.kupi.cz/letak/albert-supermarket-letak-701?page=31&map=215341488,https://img.kupi.cz/kupi/thumbs/napoj-caprio_170_340.jpg,2026-10-06T17:43:36+02:00
Albert,Nealko nápoje,3563,Čaj černý Ahmad Tea 200 g,caj_cerny_ahmad_tea,129.9,193.88,Kč,"64,95 Kč / 100 g",649.5,,False,,,-33% st 7. 10. – út 13. 10.,2026-10-07 - 2026-10-13,https://www.kupi.cz/letak/albert-hypermarket-letak-652?page=29&map=216231735,https://img.kupi.cz/kupi/thumbs/caj-cerny-ahmad-tea-1_170_340.jpg,2026-10-06T17:43:36+02:00
Albert,Nealko nápoje,184567,Nápoj instantní obilninový Caro Nestlé 200 g,napoj_instantni_obilninovy_caro_nestle,89.9,166.48,Kč,"44,95 Kč / 100 g",449.5,,False,,,-46% dnes končí,2026-10-06,https://www.kupi.cz/letak/albert-supermarket-letak-701?page=25&map=215340969,https://img.kupi.cz/kupi/thumbs/napoj-instantni-obilninovy-caro-nestle-1_170_340.jpg,2026-10-06T17:43:37+02:00
Albert,Nealko nápoje,35133,Čaje Teekanne 35 g,caje_teekanne,34.9,44.74,Kč,"99,71 Kč / 100 g",997.1,,False,,,-22% dnes končí,2026-10-06,https://www.kupi.cz/letak/albert-hypermarket-letak-651?page=25&map=215332788,https://img.kupi.cz/kupi/thumbs/caje-teekanne-1_170_340.jpg,2026-10-06T17:43:37+02:00
Albert,Nealko nápoje,155216,Ledová káva Hochwald 0.5 l,ledova_kava_hochwald,25.9,31.59,Kč,"51,80 Kč / 1 l",,,False,,,-18% dnes končí,2026-10-06,https://www.kupi.cz/letak/albert-hypermarket-letak-651?page=16&map=215332392,https://img.kupi.cz/kupi/thumbs/ledova-kava-hochwald-1_170_340.png,2026-10-06T17:43:37+02:00
Albert,Nealko nápoje,1050,Ochucená voda Waterrr Kubík 0.5 l,ochucena_voda_waterrr_kubik,11.9,20.88,Kč,"23,80 Kč / 1 l",,,False,,,-43% dnes končí,2026-10-06,https://www.kupi.cz/letak/albert-hypermarket-letak-651?page=29&map=215333007,https://img.kupi.cz/kupi/thumbs/ochucena-voda-waterrr-kubik_170_340.jpg,2026-10-06T17:43:37+02:00
Albert,Nealko nápoje,2506,Mletá káva Jacobs Krönung 250 g,mleta_kava_jacobs_kronung,99.9,175.26,Kč,"39,96 Kč / 100 g",399.6,,False,,,-43% st 7. 10. – út 13. 10.,2026-10-07 - 2026-10-13,https://www.kupi.cz/letak/albert-supermarket-letak-702?page=29&map=216235167,https://img.kupi.cz/kupi/thumbs/mleta-kava-jacobs-kronung-1_170_340.jpg,2026-10-06T17:43:37+02:00
Albert,Nealko nápoje,2871,Přírodní voda Aquila 1.5 l,prirodni_voda_aquila,11.9,17.76,Kč,"7,93 Kč / 1 l",,,False,,,-33% st 7. 10. – út 13. 10.,2026-10-07 - 2026-10-13,https://www.kupi.cz/letak/albert-supermarket-letak-702?page=33&map=216235380,https://img.kupi.cz/kupi/thumbs/prirodni-voda-aquila-1_170_340.jpg,2026-10-06T17:43:37+02:00
Albert,Nealko nápoje,731,RC Cola 1.5 l,rc_cola,23.9,29.87,Kč,"15,93 Kč / 1 l",,,False,,,-20% st 7. 10. – út 13. 10.,2026-10-07 - 2026-10-13,https://www.kupi.cz/letak/albert-supermarket-letak-702?page=33&map=216235344,https://img.kupi.cz/kupi/thumbs/rc-cola-2_170_340.jpg,2026-10-06T17:43:37+02:00
Albert,Nealko nápoje,7157,Limonáda Tonic Kinley 1.5 l,limonada_tonic_kinley,32.9,45.69,Kč,"21,93 Kč / 1 l",,,False,,,-28% st 7. 10. – út 20. 10.,2026-10-07 - 2026-10-20,https://www.kupi.cz/letak/albert-supermarket-nabidka-ve-znackove-kvalite-3?page=11&map=216206010,https://img.kupi.cz/kupi/thumbs/limonada-tonic-kinley-1_170_340.jpg,2026-10-06T17:43:37+02:00
Albert,Nealko nápoje,1049,Limonáda Top Topic 1.5 l,limonada_top_topic,23.9,29.87,Kč,"15,93 Kč / 1 l",,,False,,,-20% st 7. 10. – út 13. 10.,2026-10-07 - 2026-10-13,https://www.kupi.cz/letak/albert-supermarket-letak-702?page=33&map=216235347,https://img.kupi.cz/kupi/thumbs/top-topic-1_170_340.jpg,2026-10-06T17:43:37+02:00
Albert,Nealko nápoje,86,Ochucená voda Hanácká kyselka 1.5 l,ochucena_voda_hanacka_kyselka,12.9,18.7,Kč,"8,60 Kč / 1 l",,,False,,,-31% st 7. 10. – út 13. 10.,2026-10-07 - 2026-10-13,https://www.kupi.cz/letak/albert-hypermarket-letak-652?page=35&map=216232041,https://img.kupi.cz/kupi/thumbs/ochucena-voda-hanacka-kyselka_170_340.jpg,2026-10-06T17:43:37+02:00
Albert,Nealko nápoje,1473,Nápojový koncentrát Hello 0.7 l,napojovy_koncentrat_hello,20.9,39.43,Kč,"29,86 Kč / 1 l",,,False,,,-47% st 7. 10. – út 13. 10.,2026-10-07 - 2026-10-13,https://www.kupi.cz/letak/albert-hypermarket-letak-652?page=57&map=216230802,https://img.kupi.cz/kupi/thumbs/sirup-hello_170_340.jpg,2026-10-06T17:43:37+02:00
Albert,Nealko nápoje,4511,Ledový čaj Lipton 1.5 l,ledovy_caj_lipton,24.9,41.5,Kč,"16,60 Kč / 1 l",,,False,,,-40% st 7. 10. – út 20. 10.,2026-10-07 - 2026-10-20,https://www.kupi.cz/letak/albert-supermarket-nabidka-ve-znackove-kvalite-3?page=12&map=216206046,https://img.kupi.cz/kupi/thumbs/ledovy-caj-lipton_170_340.png,2026-10-06T17:43:37+02:00
Albert,Nealko nápoje,4511,Ledový čaj Lipton 1.5 l,ledovy_caj_lipton,24.9,41.5,Kč,"16,60 Kč / 1 l",,,False,,,-40% dnes končí,2026-10-06,https://www.kupi.cz/letak/albert-hypermarket-letak-651?page=29&map=215333025,https://img.kupi.cz/kupi/thumbs/ledovy-caj-lipton_170_340.png,2026-10-06T17:43:37+02:00
Albert,Nealko nápoje,142439,Cola Royal Crown 1.33 l,cola_royal_crown,26.9,39.56,Kč,"20,23 Kč / 1 l",,,False,,,-32% dnes končí,2026-10-06,https://www.kupi.cz/letak/albert-hypermarket-letak-651?page=29&map=215333094,https://img.kupi.cz/kupi/thumbs/cola-crown-royal_170_340.jpg,2026-10-06T17:43:37+02:00
Albert,Nealko nápoje,281344,Minerální voda kalcia Kláštorná 1.5 l,mineralni_voda_kalcia_klastorna,13.9,18.78,Kč,"9,27 Kč / 1 l",,,False,,,-26% dnes končí,2026-10-06,https://www.kupi.cz/letak/albert-supermarket-letak-701?page=31&map=215341527,https://img.kupi.cz/kupi/thumbs/mineralni-voda-kalcia-klastorna_170_340.png,2026-10-06T17:43:37+02:00
Albert,Nealko nápoje,17982,Zrnkové kávy Tchibo Espresso 1000 g,zrnkove_kavy_tchibo_espresso,379.0,689.09,Kč,"37,90 Kč / 100 g",379.0,,False,,,-45% st 7. 10. – út 13. 10.,2026-10-07 - 2026-10-13,https://www.kupi.cz/letak/albert-hypermarket-letak-652?page=29&map=216231660,https://img.kupi.cz/kupi/thumbs/zrnkove-kavy-tchibo-espresso_170_340.png,2026-10-06T17:43:37+02:00
Albert,Nealko nápoje,47,Ledový čaj Aquila 1.5 l,ledovy_caj_aquila,23.9,29.87,Kč,"15,93 Kč / 1 l",,,False,,,-20% st 7. 10. – út 13. 10.,2026-10-07 - 2026-10-13,https://www.kupi.cz/letak/albert-hypermarket-letak-652?page=57&map=216230811,https://img.kupi.cz/kupi/thumbs/ledovy-caj-aquila-1_170_340.jpg,2026-10-06T17:43:37+02:00
Albert,Nealko nápoje,102014,Zrnková káva Barista Tchibo 1000 g,zrnkova_kava_barista_tchibo,419.0,790.57,Kč,"41,90 Kč / 100 g",419.0,,False,,,-47% st 7. 10. – út 13. 10.,2026-10-07 - 2026-10-13,https://www.kupi.cz/letak/albert-supermarket-letak-702?page=29&map=216235179,https://img.kupi.cz/kupi/thumbs/zrnkova-kava-barista-tchibo-1_170_340.jpg,2026-10-06T17:43:37+02:00
Albert,Nealko nápoje,226248,Minerální nápoj Dr. Witt 0.75 l,mineralni_napoj_dr_witt,16.9,31.89,Kč,"22,53 Kč / 1 l",,,False,,,-47% st 7. 10. – út 13. 10.,2026-10-07 - 2026-10-13,https://www.kupi.cz/letak/albert-hypermarket-letak-652?page=57&map=216230808,https://img.kupi.cz/kupi/thumbs/mineralni-napoj-dr-witt_170_340.jpg,2026-10-06T17:43:37+02:00
Albert,Nealko nápoje,35416,Černý čaj Yellow Label Lipton 200 g,cerny_caj_yellow_label_lipton,99.9,138.75,Kč,"49,95 Kč / 100 g",499.5,,False,,,-28% dnes končí,2026-10-06,https://www.kupi.cz/letak/albert-supermarket-letak-701?page=27&map=215341107,https://img.kupi.cz/kupi/thumbs/caj-yellow-label-lipton_170_340.jpg,2026-10-06T17:43:39+02:00
Albert,Nealko nápoje,37270,Čaje Pickwick 40 g,caje_pickwick,32.9,45.69,Kč,"82,25 Kč / 100 g",822.5,,False,,,-28% dnes končí,2026-10-06,https://www.kupi.cz/letak/albert-supermarket-letak-701?page=27&map=215341080,https://img.kupi.cz/kupi/thumbs/caje-pickwick_170_340.jpg,2026-10-06T17:43:39+02:00
Albert,Nealko nápoje,434091,Voda ochucená Plus Magnesia 0.7 l,voda_ochucena_plus_magnesia,21.9,34.76,Kč,"31,29 Kč / 1 l",,,False,,,-37% pá 9. 10. – ne 11. 10.,2026-10-09 - 2026-10-11,https://www.kupi.cz/letak/albert-hypermarket-letak-652?page=8&map=216263931,https://img.kupi.cz/kupi/thumbs/voda-ochucena-plus-magnesia-1_170_340.jpg,2026-10-06T17:43:39+02:00
Albert,Nealko nápoje,434091,Voda ochucená Plus Magnesia 0.7 l,voda_ochucena_plus_magnesia,24.9,34.58,Kč,"35,57 Kč / 1 l",,,False,,,-28% pá 9. 10. – ne 11. 10.,2026-10-09 - 2026-10-11,https://www.kupi.cz/letak/albert-hypermarket-letak-652?page=8&map=216263937,https://img.kupi.cz/kupi/thumbs/voda-ochucena-plus-magnesia-1_170_340.jpg,2026-10-06T17:43:39+02:00
Albert,Nealko nápoje,24387,Nápoj Pulpy Cappy 1 l,napoj_pulpy_cappy,29.9,44.63,Kč,"29,90 Kč / 1 l",,,False,,,-33% st 7. 10. – út 20. 10.,2026-10-07 - 2026-10-20,https://www.kupi.cz/letak/albert-supermarket-nabidka-ve-znackove-kvalite-3?page=11&map=216206022,https://img.kupi.cz/kupi/thumbs/napoj-pulpy-cappy_170_340.png,2026-10-06T17:43:39+02:00
Albert,Nealko nápoje,352753,Instantní káva Nescafé Crema,instantni_kava_nescafe_crema,129.9,236.18,Kč,"64,95 Kč / 100 g",649.5,,False,,,-45% dnes končí,2026-10-06,https://www.kupi.cz/letak/albert-hypermarket-letak-651?page=25&map=215332734,https://img.kupi.cz/kupi/thumbs/instantni-kavy-nescafe-crema_170_340.jpg,2026-10-06T17:43:39+02:00
Albert,Nealko nápoje,352753,Instantní káva Nescafé Crema,instantni_kava_nescafe_crema,189.0,248.68,Kč,"68,73 Kč / 100 g",687.3,,False,,,-24% st 7. 10. – út 13. 10.,2026-10-07 - 2026-10-13,https://www.kupi.cz/letak/albert-hypermarket-letak-652?page=29&map=216231642,https://img.kupi.cz/kupi/thumbs/instantni-kavy-nescafe-crema_170_340.jpg,2026-10-06T17:43:39+02:00
Albert,Nealko nápoje,352753,Instantní káva Nescafé Crema,instantni_kava_nescafe_crema,109.9,134.02,Kč,"73,27 Kč / 100 g",732.7,,False,,,-18% st 7. 10. – út 20. 10.,2026-10-07 - 2026-10-20,https://www.kupi.cz/letak/albert-supermarket-nabidka-ve-znackove-kvalite-3?page=9&map=216205947,https://img.kupi.cz/kupi/thumbs/instantni-kavy-nescafe-crema_170_340.jpg,2026-10-06T17:43:39+02:00
Albert,Nealko nápoje,302849,Kapsle Nespresso Starbucks 10 ks,kapsle_nespresso_starbucks,99.9,124.88,Kč,"9,99 Kč / 1 ks",,9.99,False,,,-20% st 7. 10. – út 20. 10.,2026-10-07 - 2026-10-20,https://www.kupi.cz/letak/albert-supermarket-nabidka-ve-znackove-kvalite-3?page=9&map=216205962,https://img.kupi.cz/kupi/thumbs/kapsle-starbucks-nespresso_170_340.jpg,2026-10-06T17:43:39+02:00
Albert,Nealko nápoje,302849,Kapsle Nespresso Starbucks 10 ks,kapsle_nespresso_starbucks,99.9,124.88,Kč,"9,99 Kč / 1 ks",,9.99,False,,,-20% dnes končí,2026-10-06,https://www.kupi.cz/letak/albert-hypermarket-letak-651?page=25&map=215332719,https://img.kupi.cz/kupi/thumbs/kapsle-starbucks-nespresso_170_340.jpg,2026-10-06T17:43:39+02:00
Albert,Nealko nápoje,302849,Kapsle Nespresso Starbucks 10 ks,kapsle_nespresso_starbucks,99.9,,Kč,"9,99 Kč / 1 ks",,9.99,False,,,st 7. 10. – út 20. 10.,2026-10-07 - 2026-10-20,https://www.kupi.cz/letak/albert-supermarket-nabidka-ve-znackove-kvalite-3?page=9&map=216205959,https://img.kupi.cz/kupi/thumbs/kapsle-starbucks-nespresso_170_340.jpg,2026-10-06T17:43:39+02:00
Albert,Nealko nápoje,143849,Zrnkové kávy L'or,zrnkove_kavy_l_or,499.0,693.06,Kč,"49,90 Kč / 100 g",499.0,,False,,,-28% st 7. 10. – út 13. 10.,2026-10-07 - 2026-10-13,https://www.kupi.cz/letak/albert-supermarket-letak-702?page=29&map=216235176,https://img.kupi.cz/kupi/thumbs/zrnkove-kavy-l-or_170_340.png,2026-10-06T17:43:39+02:00
Albert,Nealko nápoje,143849,Zrnkové kávy L'or,zrnkove_kavy_l_or,299.0,453.03,Kč,"66,44 Kč / 100 g",664.4,,False,,,-34% st 7. 10. – út 13. 10.,2026-10-07 - 2026-10-13,https://www.kupi.cz/letak/albert-hypermarket-letak-652?page=29&map=216231657,https://img.kupi.cz/kupi/thumbs/zrnkove-kavy-l-or_170_340.png,2026-10-06T17:43:39+02:00
Albert,Nealko nápoje,5405,Čaj černý Lipton 50 g,caj_cerny_lipton,29.9,34.77,Kč,"59,80 Kč / 100 g",598.0,,True,Můj Albert,29.9,-14% Můj Albert dnes končí,2026-10-06,https://www.kupi.cz/letak/albert-hypermarket-letak-651?page=25&map=215332782,https://img.kupi.cz/kupi/thumbs/cerny-caj-lipton_170_340.jpg,2026-10-06T17:43:39+02:00
Albert,Nealko nápoje,145097,Kapsle pro Nespresso L'or 10 ks,kapsle_pro_nespresso_l_or,89.9,128.43,Kč,"8,99 Kč / 1 ks",,8.99,False,,,-30% st 7. 10. – út 13. 10.,2026-10-07 - 2026-10-13,https://www.kupi.cz/letak/albert-hypermarket-letak-652?page=29&map=216231678,https://img.kupi.cz/kupi/thumbs/kapsle-l-or_170_340.jpg,2026-10-06T17:43:39+02:00
Albert,Nealko nápoje,230121,Zrnková káva Barista Jacobs 1000 g,zrnkova_kava_barista_jacobs,449.0,632.39,Kč,"44,90 Kč / 100 g",449.0,,False,,,-29% dnes končí,2026-10-06,https://www.kupi.cz/letak/albert-hypermarket-letak-651?page=25&map=215332758,https://img.kupi.cz/kupi/thumbs/zrnkova-kava-barista-jacobs_170_340.jpg,2026-10-06T17:43:39+02:00
Albert,Nealko nápoje,252477,Kapsle Dolce Gusto Starbucks 12 ks,kapsle_dolce_gusto_starbucks,119.9,,Kč,"9,99 Kč / 1 ks",,9.99,False,,,st 7. 10. – út 20. 10.,2026-10-07 - 2026-10-20,https://www.kupi.cz/letak/albert-supermarket-nabidka-ve-znackove-kvalite-3?page=9&map=216205956,https://img.kupi.cz/kupi/thumbs/kapsle-dolce-gusto-starbucks_170_340.jpg,2026-10-06T17:43:39+02:00
Albert,Nealko nápoje,85376,Čaj Loyd - pyramidový 44 g,caj_loyd_pyramidovy,26.9,44.83,Kč,"61,14 Kč / 100 g",611.4,,False,,,-40% dnes končí,2026-10-06,https://www.kupi.cz/letak/albert-hypermarket-letak-651?page=25&map=215332776,https://img.kupi.cz/kupi/thumbs/caj-loyd-pyramidovy_170_340.png,2026-10-06T17:43:39+02:00
Albert,Nealko nápoje,26266,Mletá káva Crema e Gusto Lavazza 250 g,mleta_kava_crema_e_gusto_lavazza,149.9,187.38,Kč,"59,96 Kč / 100 g",599.6,,False,,,-20% st 7. 10. – út 13. 10.,2026-10-07 - 2026-10-13,https://www.kupi.cz/letak/albert-supermarket-letak-702?page=29&map=216235182,https://img.kupi.cz/kupi/thumbs/mleta-kava-crema-e-gusto-lavazza-1_170_340.jpg,2026-10-06T17:43:39+02:00
Albert,Nealko nápoje,141713,Čaj ovocný Loyd 50 g,caj_ovocny_loyd,29.9,44.63,Kč,"59,80 Kč / 100 g",598.0,,False,,,-33% st 7. 10. – út 13. 10.,2026-10-07 - 2026-10-13,https://www.kupi.cz/letak/albert-supermarket-letak-702?page=41&map=216235683,https://img.kupi.cz/kupi/thumbs/caj-ovocny-loyd_170_340.jpg,2026-10-06T17:43:39+02:00
Albert,Nealko nápoje,674,Sirup Natur Farm 0.7 l,sirup_natur_farm,59.9,89.4,Kč,"85,57 Kč / 1 l",,,False,,,-33% dnes končí,2026-10-06,https://www.kupi.cz/letak/albert-hypermarket-letak-651?page=19&map=215332524,https://img.kupi.cz/kupi/thumbs/sirup-natur-farm-1_170_340.jpg,2026-10-06T17:43:39+02:00
Albert,Nealko nápoje,7400,Nektar Hello 1 l,nektar_hello,26.9,43.39,Kč,"26,90 Kč / 1 l",,,False,,,-38% dnes končí,2026-10-06,https://www.kupi.cz/letak/albert-hypermarket-letak-651?page=29&map=215333046,https://img.kupi.cz/kupi/thumbs/nektar-hello-1_170_340.jpg,2026-10-06T17:43:39+02:00
Albert,Nealko nápoje,339106,Limonáda Targa Florio 1.33 l,limonada_targa_florio,26.9,39.56,Kč,"20,23 Kč / 1 l",,,False,,,-32% dnes končí,2026-10-06,https://www.kupi.cz/letak/albert-hypermarket-letak-651?page=29&map=215333073,https://img.kupi.cz/kupi/thumbs/limonada-targa-florio_170_340.png,2026-10-06T17:43:39+02:00
Albert,Nealko nápoje,449502,Kombucha Magu 0.5 l,kombucha_magu,129.9,168.7,Kč,"259,80 Kč / 1 l",,,False,,,-23% st 7. 10. – út 13. 10.,2026-10-07 - 2026-10-13,https://www.kupi.cz/letak/albert-hypermarket-letak-652?page=14&map=216230487,https://img.kupi.cz/kupi/thumbs/kombucha-magu_170_340.jpg,2026-10-06T17:43:39+02:00
Albert,Nealko nápoje,399826,Ochucená voda Mattoni Imuno 0.7 l,ochucena_voda_mattoni_imuno,19.9,29.7,Kč,"28,43 Kč / 1 l",,,False,,,-33% st 7. 10. – út 20. 10.,2026-10-07 - 2026-10-20,https://www.kupi.cz/letak/albert-supermarket-nabidka-ve-znackove-kvalite-3?page=10&map=216205998,https://img.kupi.cz/kupi/thumbs/ochucena-voda-mattoni-imuno_170_340.jpg,2026-10-06T17:43:40+02:00
Albert,Nealko nápoje,399826,Ochucená voda Mattoni Imuno 0.7 l,ochucena_voda_mattoni_imuno,19.9,29.7,Kč,"28,43 Kč / 1 l",,,False,,,-33% st 7. 10. – út 13. 10.,2026-10-07 - 2026-10-13,https://www.kupi.cz/letak/albert-hypermarket-letak-652?page=35&map=216232044,https://img.kupi.cz/kupi/thumbs/ochucena-voda-mattoni-imuno_170_340.jpg,2026-10-06T17:43:40+02:00
Albert,Nealko nápoje,399826,Ochucená voda Mattoni Imuno 0.7 l,ochucena_voda_mattoni_imuno,19.9,29.7,Kč,"28,43 Kč / 1 l",,,False,,,-33% dnes končí,2026-10-06,https://www.kupi.cz/letak/albert-supermarket-letak-701?page=31&map=215341473,https://img.kupi.cz/kupi/thumbs/ochucena-voda-mattoni-imuno_170_340.jpg,2026-10-06T17:43:40+02:00
Albert,Nealko nápoje,30042,Limonáda Schweppes 1.5 l,limonada_schweppes,19.9,39.8,Kč,"13,27 Kč / 1 l",,,False,,,-50% st 7. 10. – út 20. 10.,2026-10-07 - 2026-10-20,https://www.kupi.cz/letak/albert-supermarket-nabidka-ve-znackove-kvalite-3?page=12&map=216206049,https://img.kupi.cz/kupi/thumbs/limonada-schweppes_170_340.jpg,2026-10-06T17:43:40+02:00
Albert,Nealko nápoje,30042,Limonáda Schweppes 1.5 l,limonada_schweppes,19.9,26.89,Kč,"13,27 Kč / 1 l",,,False,,,-26% dnes končí,2026-10-06,https://www.kupi.cz/letak/albert-hypermarket-letak-651?page=29&map=215333064,https://img.kupi.cz/kupi/thumbs/limonada-schweppes_170_340.jpg,2026-10-06T17:43:40+02:00
Albert,Nealko nápoje,44688,Nektar Happy Day Rauch 1 l,nektar_happy_day_rauch,34.9,49.86,Kč,"34,90 Kč / 1 l",,,False,,,-30% dnes končí,2026-10-06,https://www.kupi.cz/letak/albert-hypermarket-letak-651?page=51&map=215325795,https://img.kupi.cz/kupi/thumbs/nektar-happy-day-rauch-1_170_340.jpg,2026-10-06T17:43:40+02:00
Albert,Nealko nápoje,40540,Nápoj Aqua Jupík 0.5 l,napoj_aqua_jupik,14.9,21.59,Kč,"29,80 Kč / 1 l",,,False,,,-31% st 7. 10. – út 20. 10.,2026-10-07 - 2026-10-20,https://www.kupi.cz/letak/albert-supermarket-nabidka-ve-znackove-kvalite-3?page=10&map=216205992,https://img.kupi.cz/kupi/thumbs/napoj-aqua-jupik_170_340.png,2026-10-06T17:43:40+02:00
Albert,Nealko nápoje,40540,Nápoj Aqua Jupík 0.5 l,napoj_aqua_jupik,14.9,21.59,Kč,"29,80 Kč / 1 l",,,False,,,-31% st 7. 10. – út 13. 10.,2026-10-07 - 2026-10-13,https://www.kupi.cz/letak/albert-supermarket-letak-702?page=33&map=216235338,https://img.kupi.cz/kupi/thumbs/napoj-aqua-jupik_170_340.png,2026-10-06T17:43:40+02:00
Albert,Nealko nápoje,40540,Nápoj Aqua Jupík 0.5 l,napoj_aqua_jupik,14.9,21.59,Kč,"29,80 Kč / 1 l",,,False,,,-31% dnes končí,2026-10-06,https://www.kupi.cz/letak/albert-supermarket-letak-701?page=31&map=215341482,https://img.kupi.cz/kupi/thumbs/napoj-aqua-jupik_170_340.png,2026-10-06T17:43:40+02:00
Albert,Nealko nápoje,298424,Zrnková káva Intenza AH Perla 1000 g,zrnkova_kava_intenza_ah_perla,299.0,355.95,Kč,"29,90 Kč / 100 g",299.0,,True,Můj Albert,299.0,-16% Můj Albert st 7. 10. – út 13. 10.,2026-10-07 - 2026-10-13,https://www.kupi.cz/letak/albert-hypermarket-letak-652?page=28&map=216231636,https://img.kupi.cz/kupi/thumbs/zrnkova-kava-intenza-ah-perla_170_340.png,2026-10-06T17:43:40+02:00
Albert,Nealko nápoje,298424,Zrnková káva Intenza AH Perla 1000 g,zrnkova_kava_intenza_ah_perla,319.0,358.43,Kč,"31,90 Kč / 100 g",319.0,,False,,,-11% st 7. 10. – út 13. 10.,2026-10-07 - 2026-10-13,https://www.kupi.cz/letak/albert-hypermarket-letak-652?page=28&map=216231639,https://img.kupi.cz/kupi/thumbs/zrnkova-kava-intenza-ah-perla_170_340.png,2026-10-06T17:43:40+02:00
Albert,Nealko nápoje,298424,Zrnková káva Intenza AH Perla 1000 g,zrnkova_kava_intenza_ah_perla,319.0,358.43,Kč,"31,90 Kč / 100 g",319.0,,False,,,-11% dnes končí,2026-10-06,https://www.kupi.cz/letak/albert-hypermarket-letak-651?page=22&map=215332617,https://img.kupi.cz/kupi/thumbs/zrnkova-kava-intenza-ah-perla_170_340.png,2026-10-06T17:43:40+02:00
Albert,Nealko nápoje,260660,Zrnkové kávy Starbucks 450 g,zrnkove_kavy_starbucks,339.0,398.82,Kč,"75,33 Kč / 100 g",753.3,,False,,,-15% st 7. 10. – út 20. 10.,2026-10-07 - 2026-10-20,https://www.kupi.cz/letak/albert-supermarket-nabidka-ve-znackove-kvalite-3?page=9&map=216205953,https://img.kupi.cz/kupi/thumbs/zrnkove-kavy-starbucks_170_340.jpg,2026-10-06T17:43:40+02:00
Albert,Nealko nápoje,260660,Zrnkové kávy Starbucks 450 g,zrnkove_kavy_starbucks,339.0,398.82,Kč,"75,33 Kč / 100 g",753.3,,False,,,-15% dnes končí,2026-10-06,https://www.kupi.cz/letak/albert-hypermarket-letak-651?page=19&map=215332515,https://img.kupi.cz/kupi/thumbs/zrnkove-kavy-starbucks_170_340.jpg,2026-10-06T17:43:40+02:00
Albert,Nealko nápoje,6448,Cappuccino Mokate Gold 100 g,cappuccino_mokate_gold,19.9,29.7,Kč,"19,90 Kč / 100 g",199.0,,False,,,-33% dnes končí,2026-10-06,https://www.kupi.cz/letak/albert-supermarket-letak-701?page=27&map=215341065,https://img.kupi.cz/kupi/thumbs/instantni-kava-cappuccino-gold-mokate_170_340.jpg,2026-10-06T17:43:40+02:00
Albert,Nealko nápoje,563331,Kofola Nulka bez cukru 2 l,kofola_nulka_bez_cukru,21.9,39.82,Kč,"10,95 Kč / 1 l",,,True,Můj Albert,21.9,-45% Můj Albert dnes končí,2026-10-06,https://www.kupi.cz/letak/albert-hypermarket-letak-651?page=5&map=215325126,https://img.kupi.cz/kupi/thumbs/kofola-nulka-bez-cukru_170_340.png,2026-10-06T17:43:40+02:00
Albert,Nealko nápoje,563331,Kofola Nulka bez cukru 2 l,kofola_nulka_bez_cukru,26.9,39.56,Kč,"13,45 Kč / 1 l",,,False,,,-32% dnes končí,2026-10-06,https://www.kupi.cz/letak/albert-hypermarket-letak-651?page=5&map=215325123,https://img.kupi.cz/kupi/thumbs/kofola-nulka-bez-cukru_170_340.png,2026-10-06T17:43:40+02:00
Albert,Nealko nápoje,441594,Zrnkové kávy Eduscho 1000 g,zrnkove_kavy_eduscho,279.0,593.62,Kč,"27,90 Kč / 100 g",279.0,,True,Můj Albert,279.0,-53% Můj Albert dnes končí,2026-10-06,https://www.kupi.cz/letak/albert-hypermarket-letak-651?page=8&map=215325270,https://img.kupi.cz/kupi/thumbs/zrnkove-kavy-eduscho_170_340.jpg,2026-10-06T17:43:40+02:00
Albert,Nealko nápoje,441594,Zrnkové kávy Eduscho 1000 g,zrnkove_kavy_eduscho,299.0,598.0,Kč,"29,90 Kč / 100 g",299.0,,False,,,-50% dnes končí,2026-10-06,https://www.kupi.cz/letak/albert-hypermarket-letak-651?page=8&map=215325267,https://img.kupi.cz/kupi/thumbs/zrnkove-kavy-eduscho_170_340.jpg,2026-10-06T17:43:40+02:00
Albert,Nealko nápoje,298439,Zrnková káva bio Aroma AH Perla 1000 g,zrnkova_kava_bio_aroma_ah_perla,369.0,376.53,Kč,"36,90 Kč / 100 g",369.0,,False,,,-2% st 7. 10. – út 13. 10.,2026-10-07 - 2026-10-13,https://www.kupi.cz/letak/albert-supermarket-letak-702?page=28&map=216235149,https://img.kupi.cz/kupi/thumbs/zrnkova-kava-bio-aroma-ah-perla_170_340.png,2026-10-06T17:43:40+02:00
Albert,Nealko nápoje,559410,Limonáda bez kofeinu a cukru Coca Cola Zero Zero 1.5 l,limonada_bez_kofeinu_a_cukru_coca_cola_zero_zero,32.9,44.46,Kč,"21,93 Kč / 1 l",,,False,,,-26% st 7. 10. – út 20. 10.,2026-10-07 - 2026-10-20,https://www.kupi.cz/letak/albert-supermarket-nabidka-ve-znackove-kvalite-3?page=11&map=216206004,https://img.kupi.cz/kupi/thumbs/limonada-bez-kofeinu-coca-cola-zero-zero_170_340.png,2026-10-06T17:43:40+02:00
Albert,Nealko nápoje,48391,Šťáva ovocná Bio HiPP 0.2 l,stava_ovocna_bio_hipp,39.9,49.87,Kč,"199,50 Kč / 1 l",,,False,,,-20% platí do úterý 13. 10.,2026-10-06 - 2026-10-13,https://www.kupi.cz/letak/albert-hypermarket-letak-651?page=35&map=215333751,https://img.kupi.cz/kupi/thumbs/stava-ovocna-bio-hipp_170_340.jpg,2026-10-06T17:43:40+02:00
Albert,Nealko nápoje,298436,Zrnková káva Aroma AH Perla 1000 g,zrnkova_kava_aroma_ah_perla,299.0,347.67,Kč,"29,90 Kč / 100 g",299.0,,False,,,-14% dnes končí,2026-10-06,https://www.kupi.cz/letak/albert-supermarket-letak-701?page=26&map=215341032,https://img.kupi.cz/kupi/thumbs/zrnkova-kava-aroma-ah-perla_170_340.png,2026-10-06T17:43:40+02:00
Albert,Nealko nápoje,358222,Kapsle Nespresso AH Perla,kapsle_nespresso_ah_perla,119.9,149.88,Kč,"6,00 Kč / 1 ks",,6.0,False,,,-20% st 7. 10. – út 13. 10.,2026-10-07 - 2026-10-13,https://www.kupi.cz/letak/albert-hypermarket-letak-652?page=28&map=216231600,https://img.kupi.cz/kupi/thumbs/kapsle-nespresso-ah-perla_170_340.png,2026-10-06T17:43:40+02:00
Albert,Nealko nápoje,358222,Kapsle Nespresso AH Perla,kapsle_nespresso_ah_perla,79.9,99.88,Kč,"7,99 Kč / 1 ks",,7.99,False,,,-20% dnes končí,2026-10-06,https://www.kupi.cz/letak/albert-hypermarket-letak-651?page=22&map=215332569,https://img.kupi.cz/kupi/thumbs/kapsle-nespresso-ah-perla_170_340.png,2026-10-06T17:43:40+02:00
Albert,Nealko nápoje,128133,Mleté kávy Douwe Egberts 250 g,mlete_kavy_douwe_egberts,99.9,149.1,Kč,"39,96 Kč / 100 g",399.6,,False,,,-33% dnes končí,2026-10-06,https://www.kupi.cz/letak/albert-supermarket-letak-701?page=27&map=215341071,https://img.kupi.cz/kupi/thumbs/mlete-kavy-douwe-egberts-1_170_340.jpg,2026-10-06T17:43:40+02:00
Albert,Nealko nápoje,443322,Instantní kávy bez kofeinu Decaf Nescafé 100 g,instantni_kavy_bez_kofeinu_decaf_nescafe,99.9,149.1,Kč,"99,90 Kč / 100 g",999.0,,False,,,-33% dnes končí,2026-10-06,https://www.kupi.cz/letak/albert-supermarket-letak-701?page=27&map=215341062,https://img.kupi.cz/kupi/thumbs/instantni-kavy-bez-kofeinu-decaf-nescafe_170_340.jpg,2026-10-06T17:43:40+02:00
Albert,Nealko nápoje,30375,Nápoj Hello 1 l,napoj_hello,26.9,43.39,Kč,"26,90 Kč / 1 l",,,False,,,-38% st 7. 10. – út 13. 10.,2026-10-07 - 2026-10-13,https://www.kupi.cz/letak/albert-supermarket-letak-702?page=33&map=216235371,https://img.kupi.cz/kupi/thumbs/napoj-hello_170_340.jpg,2026-10-06T17:43:40+02:00
Albert,Nealko nápoje,561660,Voda ochucená Etera Korunní 1.5 l,voda_ochucena_etera_korunni,13.9,19.86,Kč,"9,27 Kč / 1 l",,,False,,,-30% st 7. 10. – út 13. 10.,2026-10-07 - 2026-10-13,https://www.kupi.cz/letak/albert-hypermarket-letak-652?page=35&map=216232035,https://img.kupi.cz/kupi/thumbs/voda-ochucena-etera-korunni_170_340.png,2026-10-06T17:43:40+02:00
Albert,Nealko nápoje,561660,Voda ochucená Etera Korunní 1.5 l,voda_ochucena_etera_korunni,13.9,19.86,Kč,"9,27 Kč / 1 l",,,False,,,-30% dnes končí,2026-10-06,https://www.kupi.cz/letak/albert-hypermarket-letak-651?page=29&map=215333019,https://img.kupi.cz/kupi/thumbs/voda-ochucena-etera-korunni_170_340.png,2026-10-06T17:43:40+02:00
Albert,Nealko nápoje,561660,Voda ochucená Etera Korunní 1.5 l,voda_ochucena_etera_korunni,13.9,19.86,Kč,"9,27 Kč / 1 l",,,False,,,-30% st 7. 10. – út 20. 10.,2026-10-07 - 2026-10-20,https://www.kupi.cz/letak/albert-supermarket-nabidka-ve-znackove-kvalite-3?page=10&map=216205986,https://img.kupi.cz/kupi/thumbs/voda-ochucena-etera-korunni_170_340.png,2026-10-06T17:43:40+02:00
Albert,Nealko nápoje,561660,Voda ochucená Etera Korunní 1.5 l,voda_ochucena_etera_korunni,13.9,19.86,Kč,"9,27 Kč / 1 l",,,False,,,-30% dnes končí,2026-10-06,https://www.kupi.cz/letaky/albert,https://img.kupi.cz/kupi/thumbs/voda-ochucena-etera-korunni_170_340.png,2026-10-06T17:43:40+02:00
Albert,Nealko nápoje,555465,Minerální voda ochucená Qapka 0.5 l,mineralni_voda_ochucena_qapka,29.9,34.77,Kč,"59,80 Kč / 1 l",,,False,,,-14% dnes končí,2026-10-06,https://www.kupi.cz/letak/albert-hypermarket-letak-651?page=29&map=215333001,https://img.kupi.cz/kupi/thumbs/mineralni-voda-ochucena-qapka_170_340.jpg,2026-10-06T17:43:41+02:00
Albert,Nealko nápoje,516828,Funkční voda Gemerka 0.75 l,funkcni_voda_gemerka,19.9,29.7,Kč,"26,53 Kč / 1 l",,,False,,,-33% st 7. 10. – út 13. 10.,2026-10-07 - 2026-10-13,https://www.kupi.cz/letak/albert-supermarket-letak-702?page=33&map=216235368,https://img.kupi.cz/kupi/thumbs/funkcni-voda-gemerka-1_170_340.jpg,2026-10-06T17:43:41+02:00
Albert,Nealko nápoje,298487,Zrnkové kávy Origins AH Perla,zrnkove_kavy_origins_ah_perla,369.0,455.56,Kč,"36,90 Kč / 100 g",369.0,,False,,,-19% st 7. 10. – út 13. 10.,2026-10-07 - 2026-10-13,https://www.kupi.cz/letak/albert-hypermarket-letak-652?page=28&map=216231609,https://img.kupi.cz/kupi/thumbs/zrnkove-kavy-origins-ah-perla_170_340.jpg,2026-10-06T17:43:41+02:00
Albert,Nealko nápoje,298487,Zrnkové kávy Origins AH Perla,zrnkove_kavy_origins_ah_perla,369.0,455.56,Kč,"36,90 Kč / 100 g",369.0,,False,,,-19% dnes končí,2026-10-06,https://www.kupi.cz/letak/albert-hypermarket-letak-651?page=22&map=215332602,https://img.kupi.cz/kupi/thumbs/zrnkove-kavy-origins-ah-perla_170_340.jpg,2026-10-06T17:43:41+02:00
Albert,Nealko nápoje,298487,Zrnkové kávy Origins AH Perla,zrnkove_kavy_origins_ah_perla,189.0,236.25,Kč,"37,80 Kč / 100 g",378.0,,False,,,-20% st 7. 10. – út 13. 10.,2026-10-07 - 2026-10-13,https://www.kupi.cz/letak/albert-hypermarket-letak-652?page=28&map=216231627,https://img.kupi.cz/kupi/thumbs/zrnkove-kavy-origins-ah-perla_170_340.jpg,2026-10-06T17:43:41+02:00
Albert,Nealko nápoje,298487,Zrnkové kávy Origins AH Perla,zrnkove_kavy_origins_ah_perla,189.0,236.25,Kč,"37,80 Kč / 100 g",378.0,,False,,,-20% dnes končí,2026-10-06,https://www.kupi.cz/letak/albert-supermarket-letak-701?page=26&map=215341023,https://img.kupi.cz/kupi/thumbs/zrnkove-kavy-origins-ah-perla_170_340.jpg,2026-10-06T17:43:41+02:00
Albert,Nealko nápoje,393220,Čaj dětský Leros 40 g,caj_detsky_leros,39.9,57.83,Kč,"99,75 Kč / 100 g",997.5,,False,,,-31% platí do úterý 13. 10.,2026-10-06 - 2026-10-13,https://www.kupi.cz/letak/albert-hypermarket-letak-651?page=35&map=215333859,https://img.kupi.cz/kupi/thumbs/caj-detsky-leros-1_170_340.jpg,2026-10-06T17:43:41+02:00
Albert,Nealko nápoje,449457,Ledový čaj Popstar 0.5 l,ledovy_caj_popstar,29.9,34.77,Kč,"59,80 Kč / 1 l",,,False,,,-14% st 7. 10. – út 13. 10.,2026-10-07 - 2026-10-13,https://www.kupi.cz/letak/albert-hypermarket-letak-652?page=35&map=216231993,https://img.kupi.cz/kupi/thumbs/ledovy-caj-popstar_170_340.png,2026-10-06T17:43:41+02:00
Albert,Nealko nápoje,322232,Instantní káva Intenza AH Perla 200 g,instantni_kava_intenza_ah_perla,149.9,168.43,Kč,"74,95 Kč / 100 g",749.5,,False,,,-11% st 7. 10. – út 13. 10.,2026-10-07 - 2026-10-13,https://www.kupi.cz/letak/albert-hypermarket-letak-652?page=28&map=216231603,https://img.kupi.cz/kupi/thumbs/instantni-kava-intenza-ah-perla_170_340.png,2026-10-06T17:43:41+02:00
Albert,Nealko nápoje,352375,Instantní káva bez kofeinu Decaf AH Perla 100 g,instantni_kava_bez_kofeinu_decaf_ah_perla,89.9,99.89,Kč,"89,90 Kč / 100 g",899.0,,False,,,-10% dnes končí,2026-10-06,https://www.kupi.cz/letak/albert-hypermarket-letak-651?page=22&map=215332575,https://img.kupi.cz/kupi/thumbs/instantni-kava-bez-kofeinu-decaf-ah-perla_170_340.jpg,2026-10-06T17:43:41+02:00
Albert,Nealko nápoje,322235,Instantní káva Espresso AH Perla 200 g,instantni_kava_espresso_ah_perla,119.9,128.92,Kč,"59,95 Kč / 100 g",599.5,,False,,,-7% dnes končí,2026-10-06,https://www.kupi.cz/letak/albert-hypermarket-letak-651?page=22&map=215332620,https://img.kupi.cz/kupi/thumbs/instantni-kava-espresso-ah-perla_170_340.jpg,2026-10-06T17:43:41+02:00
Albert,Nealko nápoje,298421,Mletá káva Napoli AH Perla 250 g,mleta_kava_napoli_ah_perla,109.9,129.29,Kč,"43,96 Kč / 100 g",439.6,,False,,,-15% st 7. 10. – út 13. 10.,2026-10-07 - 2026-10-13,https://www.kupi.cz/letak/albert-hypermarket-letak-652?page=28&map=216231615,https://img.kupi.cz/kupi/thumbs/mleta-kava-napoli-ah-perla_170_340.jpg,2026-10-06T17:43:41+02:00
Albert,Nealko nápoje,298421,Mletá káva Napoli AH Perla 250 g,mleta_kava_napoli_ah_perla,109.9,129.29,Kč,"43,96 Kč / 100 g",439.6,,False,,,-15% dnes končí,2026-10-06,https://www.kupi.cz/letak/albert-supermarket-letak-701?page=26&map=215341020,https://img.kupi.cz/kupi/thumbs/mleta-kava-napoli-ah-perla_170_340.jpg,2026-10-06T17:43:41+02:00
Albert,Nealko nápoje,298490,Mleté kávy Origins AH Perla 250 g,mlete_kavy_origins_ah_perla,109.9,129.29,Kč,"43,96 Kč / 100 g",439.6,,False,,,-15% st 7. 10. – út 13. 10.,2026-10-07 - 2026-10-13,https://www.kupi.cz/letak/albert-supermarket-letak-702?page=28&map=216235140,https://img.kupi.cz/kupi/thumbs/mlete-kavy-origins-ah-perla_170_340.jpg,2026-10-06T17:43:41+02:00
Albert,Nealko nápoje,298490,Mleté kávy Origins AH Perla 250 g,mlete_kavy_origins_ah_perla,109.9,129.29,Kč,"43,96 Kč / 100 g",439.6,,False,,,-15% dnes končí,2026-10-06,https://www.kupi.cz/letak/albert-hypermarket-letak-651?page=22&map=215332590,https://img.kupi.cz/kupi/thumbs/mlete-kavy-origins-ah-perla_170_340.jpg,2026-10-06T17:43:41+02:00
Albert,Nealko nápoje,351134,Džus Pure Albert,dzus_pure,99.9,129.74,Kč,"49,95 Kč / 1 l",,,False,,,-23% st 7. 10. – út 13. 10.,2026-10-07 - 2026-10-13,https://www.kupi.cz/letak/albert-supermarket-letak-702?page=38&map=216235635,https://img.kupi.cz/kupi/thumbs/dzus-pure-albert_170_340.jpg,2026-10-06T17:43:41+02:00
Albert,Nealko nápoje,351134,Džus Pure Albert,dzus_pure,54.9,69.49,Kč,"54,90 Kč / 1 l",,,False,,,-21% st 7. 10. – út 13. 10.,2026-10-07 - 2026-10-13,https://www.kupi.cz/letak/albert-supermarket-letak-702?page=38&map=216235629,https://img.kupi.cz/kupi/thumbs/dzus-pure-albert_170_340.jpg,2026-10-06T17:43:41+02:00
Albert,Nealko nápoje,351134,Džus Pure Albert,dzus_pure,119.9,139.42,Kč,"59,95 Kč / 1 l",,,False,,,-14% st 7. 10. – út 13. 10.,2026-10-07 - 2026-10-13,https://www.kupi.cz/letak/albert-supermarket-letak-702?page=38&map=216235641,https://img.kupi.cz/kupi/thumbs/dzus-pure-albert_170_340.jpg,2026-10-06T17:43:41+02:00
Albert,Nealko nápoje,512388,Funkční voda Hanácká kyselka 0.7 l,funkcni_voda_hanacka_kyselka,17.9,24.86,Kč,"25,57 Kč / 1 l",,,False,,,-28% st 7. 10. – út 20. 10.,2026-10-07 - 2026-10-20,https://www.kupi.cz/letak/albert-supermarket-nabidka-ve-znackove-kvalite-3?page=10&map=216205995,https://img.kupi.cz/kupi/thumbs/funkcni-voda-hanacka-kyselka_170_340.png,2026-10-06T17:43:41+02:00
Albert,Nealko nápoje,499056,Limonáda Kinley 1.5 l,limonada_kinley,32.9,45.69,Kč,"21,93 Kč / 1 l",,,False,,,-28% st 7. 10. – út 13. 10.,2026-10-07 - 2026-10-13,https://www.kupi.cz/letak/albert-hypermarket-letak-652?page=57&map=216230814,https://img.kupi.cz/kupi/thumbs/limonada-kinley_170_340.jpg,2026-10-06T17:43:41+02:00
Albert,Nealko nápoje,179704,Džus Albert 1 l,dzus,39.9,,Kč,"39,90 Kč / 1 l",,,False,,,st 7. 10. – út 13. 10.,2026-10-07 - 2026-10-13,https://www.kupi.cz/letak/albert-hypermarket-letak-652?page=25&map=216231498,https://img.kupi.cz/kupi/thumbs/dzus-albert_170_340.jpg,2026-10-06T17:43:41+02:00
Albert,Nealko nápoje,179704,Džus Albert 1 l,dzus,39.9,,Kč,"39,90 Kč / 1 l",,,False,,,dnes končí,2026-10-06,https://www.kupi.cz/letak/albert-hypermarket-letak-651?page=27&map=215332971,https://img.kupi.cz/kupi/thumbs/dzus-albert_170_340.jpg,2026-10-06T17:43:41+02:00
Albert,Nealko nápoje,491253,Zrnková káva Palermo AH Perla 500 g,zrnkova_kava_palermo_ah_perla,189.0,236.25,Kč,"37,80 Kč / 100 g",378.0,,False,,,-20% st 7. 10. – út 13. 10.,2026-10-07 - 2026-10-13,https://www.kupi.cz/letak/albert-supermarket-letak-702?page=28&map=216235134,https://www.kupi.cz/img/no_img/no_discounts.png,2026-10-06T17:43:41+02:00
Albert,Nealko nápoje,491253,Zrnková káva Palermo AH Perla 500 g,zrnkova_kava_palermo_ah_perla,189.0,236.25,Kč,"37,80 Kč / 100 g",378.0,,False,,,-20% dnes končí,2026-10-06,https://www.kupi.cz/letak/albert-hypermarket-letak-651?page=22&map=215332611,https://www.kupi.cz/img/no_img/no_discounts.png,2026-10-06T17:43:41+02:00
Albert,Nealko nápoje,298433,Mletá káva Aroma AH Perla 250 g,mleta_kava_aroma_ah_perla,74.9,99.87,Kč,"29,96 Kč / 100 g",299.6,,False,,,-25% st 7. 10. – út 13. 10.,2026-10-07 - 2026-10-13,https://www.kupi.cz/letak/albert-hypermarket-letak-652?page=28&map=216231618,https://img.kupi.cz/kupi/thumbs/mleta-kava-aroma-ah-perla-1_170_340.jpg,2026-10-06T17:43:41+02:00
Albert,Nealko nápoje,298433,Mletá káva Aroma AH Perla 250 g,mleta_kava_aroma_ah_perla,74.9,89.17,Kč,"29,96 Kč / 100 g",299.6,,False,,,-16% st 7. 10. – út 13. 10.,2026-10-07 - 2026-10-13,https://www.kupi.cz/letak/albert-supermarket-letak-702?page=28&map=216235131,https://img.kupi.cz/kupi/thumbs/mleta-kava-aroma-ah-perla-1_170_340.jpg,2026-10-06T17:43:41+02:00
Albert,Nealko nápoje,566325,Funkční ochucená voda Rajec 321 0.75 l,funkcni_ochucena_voda_rajec,19.9,29.7,Kč,"26,53 Kč / 1 l",,,False,,,-33% dnes končí,2026-10-06,https://www.kupi.cz/letak/albert-hypermarket-letak-651?page=29&map=215333010,https://img.kupi.cz/kupi/thumbs/funkcni-ochucena-voda-rajec-321_170_340.jpg,2026-10-06T17:43:41+02:00
Albert,Nealko nápoje,566325,Funkční ochucená voda Rajec 321 0.75 l,funkcni_ochucena_voda_rajec,19.9,,Kč,"26,53 Kč / 1 l",,,False,,,dnes končí,2026-10-06,https://www.kupi.cz/letak/albert-supermarket-letak-701?page=31&map=215341515,https://img.kupi.cz/kupi/thumbs/funkcni-ochucena-voda-rajec-321_170_340.jpg,2026-10-06T17:43:41+02:00
Albert,Nealko nápoje,518295,Ochucená voda dětská YESs 0.5 l,ochucena_voda_detska_yess,14.9,,Kč,"29,80 Kč / 1 l",,,False,,,st 7. 10. – út 13. 10.,2026-10-07 - 2026-10-13,https://www.kupi.cz/letak/albert-hypermarket-letak-652?page=57&map=216230805,https://img.kupi.cz/kupi/thumbs/ochucena-voda-yess_170_340.jpg,2026-10-06T17:43:41+02:00
Albert,Nealko nápoje,518295,Ochucená voda dětská YESs 0.5 l,ochucena_voda_detska_yess,14.9,,Kč,"29,80 Kč / 1 l",,,False,,,st 7. 10. – út 20. 10.,2026-10-07 - 2026-10-20,https://www.kupi.cz/letak/albert-supermarket-nabidka-ve-znackove-kvalite-3?page=24&map=216206646,https://img.kupi.cz/kupi/thumbs/ochucena-voda-yess_170_340.jpg,2026-10-06T17:43:41+02:00
Albert,Nealko nápoje,431973,Džus Pure Ginger shot Albert 0.18 l,dzus_pure_ginger_shot,33.9,42.37,Kč,"188,33 Kč / 1 l",,,False,,,-20% st 7. 10. – út 13. 10.,2026-10-07 - 2026-10-13,https://www.kupi.cz/letak/albert-hypermarket-letak-652?page=51&map=216233172,https://img.kupi.cz/kupi/thumbs/dzus-pure-ginger-shot-albert_170_340.jpg,2026-10-06T17:43:43+02:00
Albert,Nealko nápoje,451328,Čaj zelený AH Perla 40 g,caj_zeleny_ah_perla,22.9,29.74,Kč,"57,25 Kč / 100 g",572.5,,False,,,-23% dnes končí,2026-10-06,https://www.kupi.cz/letak/albert-supermarket-letak-701?page=26&map=215341053,https://img.kupi.cz/kupi/thumbs/caj-zeleny-ah-perla_170_340.jpg,2026-10-06T17:43:43+02:00
Albert,Nealko nápoje,516681,Nápoj Granini 1 l,napoj_granini,39.9,59.55,Kč,"39,90 Kč / 1 l",,,False,,,-33% st 7. 10. – út 13. 10.,2026-10-07 - 2026-10-13,https://www.kupi.cz/letak/albert-hypermarket-letak-652?page=35&map=216232008,https://img.kupi.cz/kupi/thumbs/napoj-granini_170_340.jpg,2026-10-06T17:43:43+02:00
Albert,Nealko nápoje,516681,Nápoj Granini 1 l,napoj_granini,39.9,59.55,Kč,"39,90 Kč / 1 l",,,False,,,-33% dnes končí,2026-10-06,https://www.kupi.cz/letak/albert-supermarket-letak-701?page=11&map=215339853,https://img.kupi.cz/kupi/thumbs/napoj-granini_170_340.jpg,2026-10-06T17:43:43+02:00
Albert,Nealko nápoje,566850,Ledová káva AH Perla 0.25 l,ledova_kava_ah_perla,16.9,21.67,Kč,"67,60 Kč / 1 l",,,False,,,-22% dnes končí,2026-10-06,https://www.kupi.cz/letak/albert-supermarket-letak-701?page=22&map=215340564,https://www.kupi.cz/img/no_img/no_discounts.png,2026-10-06T17:43:43+02:00
Albert,Nealko nápoje,491415,Mlétá káva Intenza AH Perla 250 g,mleta_kava_intenza_ah_perla,94.9,109.08,Kč,"37,96 Kč / 100 g",379.6,,False,,,-13% dnes končí,2026-10-06,https://www.kupi.cz/letak/albert-supermarket-letak-701?page=26&map=215341038,https://img.kupi.cz/kupi/thumbs/mleta-kava-intenza-ah-perla_170_340.jpg,2026-10-06T17:43:43+02:00
Albert,Nealko nápoje,262661,Nápoj dětský bio Baby Nature's Promise 0.26 l,napoj_detsky_bio_baby_nature_s_promise,30.9,36.79,Kč,"118,85 Kč / 1 l",,,False,,,-16% platí do úterý 13. 10.,2026-10-06 - 2026-10-13,https://www.kupi.cz/letak/albert-hypermarket-letak-651?page=36&map=215333907,https://img.kupi.cz/kupi/thumbs/napoj-detsky-bio-natures-promise_170_340.png,2026-10-06T17:43:43+02:00
Albert,Nealko nápoje,262661,Nápoj dětský bio Baby Nature's Promise 0.26 l,napoj_detsky_bio_baby_nature_s_promise,30.9,36.79,Kč,"118,85 Kč / 1 l",,,False,,,-16% dnes končí,2026-10-06,https://www.kupi.cz/letaky/albert,https://img.kupi.cz/kupi/thumbs/napoj-detsky-bio-natures-promise_170_340.png,2026-10-06T17:43:43+02:00
Albert,Nealko nápoje,451355,Čaje sypané Origins AH Perla 100 g,caje_sypane_origins_ah_perla,52.9,67.82,Kč,"52,90 Kč / 100 g",529.0,,False,,,-22% st 7. 10. – út 13. 10.,2026-10-07 - 2026-10-13,https://www.kupi.cz/letak/albert-hypermarket-letak-652?page=28&map=216231624,https://img.kupi.cz/kupi/thumbs/caje-sypane-origins-oolong-ah-perla_170_340.jpg,2026-10-06T17:43:43+02:00
Albert,Nealko nápoje,273836,Smoothie Albert 0.25 l,smoothie,32.9,39.64,Kč,"131,60 Kč / 1 l",,,False,,,-17% st 7. 10. – út 13. 10.,2026-10-07 - 2026-10-13,https://www.kupi.cz/letak/albert-hypermarket-letak-652?page=51&map=216233178,https://img.kupi.cz/kupi/thumbs/smoothie-albert_170_340.jpg,2026-10-06T17:43:43+02:00
Albert,Nealko nápoje,542790,Instantní kávy Origins AH Perla 100 g,instantni_kavy_origins_ah_perla,109.9,,Kč,"109,90 Kč / 100 g",1099.0,,False,,,st 7. 10. – út 13. 10.,2026-10-07 - 2026-10-13,https://www.kupi.cz/letak/albert-hypermarket-letak-652?page=28&map=216231606,https://www.kupi.cz/img/no_img/no_discounts.png,2026-10-06T17:43:43+02:00
Albert,Nealko nápoje,542790,Instantní kávy Origins AH Perla 100 g,instantni_kavy_origins_ah_perla,109.9,,Kč,"109,90 Kč / 100 g",1099.0,,False,,,dnes končí,2026-10-06,https://www.kupi.cz/letak/albert-hypermarket-letak-651?page=22&map=215332584,https://www.kupi.cz/img/no_img/no_discounts.png,2026-10-06T17:43:43+02:00
Albert,Nealko nápoje,508113,Čaj Selection AH Perla 40 g,caj_selection_ah_perla,39.9,54.66,Kč,"99,75 Kč / 100 g",997.5,,False,,,-27% dnes končí,2026-10-06,https://www.kupi.cz/letak/albert-supermarket-letak-701?page=26&map=215341059,https://www.kupi.cz/img/no_img/no_discounts.png,2026-10-06T17:43:43+02:00
Albert,Nealko nápoje,583317,Funkční ochucená voda Vision Mattoni 0.7 l,funkcni_ochucena_voda_vision_mattoni,19.9,29.7,Kč,"28,43 Kč / 1 l",,,False,,,-33% st 7. 10. – út 20. 10.,2026-10-07 - 2026-10-20,https://www.kupi.cz/letak/albert-supermarket-nabidka-ve-znackove-kvalite-3?page=10&map=216206001,https://img.kupi.cz/kupi/thumbs/funkcni-ochucena-voda-vision-mattoni_170_340.jpg,2026-10-06T17:43:43+02:00
Albert,Vaření a pečení,935,Tatarská omáčka Hellmann's,tatarska_omacka_hellmann_s,69.9,118.47,Kč,"11,18 Kč / 100 ml",,,False,,,-41% st 7. 10. – út 13. 10.,2026-10-07 - 2026-10-13,https://www.kupi.cz/letak/albert-hypermarket-letak-652?page=23&map=216231387,https://img.kupi.cz/kupi/thumbs/tatarska-omacka-hellmanns-1_170_340.png,2026-10-06T17:43:45+02:00
Albert,Vaření a pečení,935,Tatarská omáčka Hellmann's,tatarska_omacka_hellmann_s,69.9,118.47,Kč,"11,18 Kč / 100 ml",,,False,,,-41% dnes končí,2026-10-06,https://www.kupi.cz/letak/albert-supermarket-letak-701?page=10&map=215339709,https://img.kupi.cz/kupi/thumbs/tatarska-omacka-hellmanns-1_170_340.png,2026-10-06T17:43:45+02:00
Albert,Vaření a pečení,935,Tatarská omáčka Hellmann's,tatarska_omacka_hellmann_s,49.9,99.8,Kč,"12,32 Kč / 100 ml",,,False,,,-50% st 7. 10. – út 20. 10.,2026-10-07 - 2026-10-20,https://www.kupi.cz/letak/albert-supermarket-nabidka-ve-znackove-kvalite-3?map=216205656,https://img.kupi.cz/kupi/thumbs/tatarska-omacka-hellmanns-1_170_340.png,2026-10-06T17:43:45+02:00
Albert,Vaření a pečení,935,Tatarská omáčka Hellmann's,tatarska_omacka_hellmann_s,49.9,99.8,Kč,"12,32 Kč / 100 ml",,,False,,,-50% dnes končí,2026-10-06,https://www.kupi.cz/letak/albert-hypermarket-letak-651?page=46&map=215325918,https://img.kupi.cz/kupi/thumbs/tatarska-omacka-hellmanns-1_170_340.png,2026-10-06T17:43:45+02:00
Albert,Vaření a pečení,935,Tatarská omáčka Hellmann's,tatarska_omacka_hellmann_s,34.9,49.86,Kč,"16,62 Kč / 100 ml",,,False,,,-30% st 7. 10. – út 20. 10.,2026-10-07 - 2026-10-20,https://www.kupi.cz/letak/albert-supermarket-nabidka-ve-znackove-kvalite-3?page=5&map=216205845,https://img.kupi.cz/kupi/thumbs/tatarska-omacka-hellmanns-1_170_340.png,2026-10-06T17:43:45+02:00
Albert,Vaření a pečení,3897,Tuk na pečení Hera 500 g,tuk_na_peceni_hera,39.9,79.8,Kč,"7,98 Kč / 100 g",79.8,,False,,,-50% st 7. 10. – út 13. 10.,2026-10-07 - 2026-10-13,https://www.kupi.cz/letak/albert-hypermarket-letak-652?page=23&map=216231375,https://img.kupi.cz/kupi/thumbs/tuk-na-peceni-hera-1_170_340.jpg,2026-10-06T17:43:45+02:00
Albert,Vaření a pečení,3897,Tuk na pečení Hera 500 g,tuk_na_peceni_hera,39.9,79.8,Kč,"7,98 Kč / 100 g",79.8,,False,,,-50% dnes končí,2026-10-06,https://www.kupi.cz/letak/albert-hypermarket-letak-651?page=17&map=215332419,https://img.kupi.cz/kupi/thumbs/tuk-na-peceni-hera-1_170_340.jpg,2026-10-06T17:43:45+02:00
Albert,Vaření a pečení,937,Majonéza Hellmann's,majoneza_hellmann_s,69.9,118.47,Kč,"11,18 Kč / 100 ml",,,False,,,-41% st 7. 10. – út 13. 10.,2026-10-07 - 2026-10-13,https://www.kupi.cz/letak/albert-supermarket-letak-702?page=23&map=216234912,https://img.kupi.cz/kupi/thumbs/majoneza-hellmann-s_170_340.png,2026-10-06T17:43:45+02:00
Albert,Vaření a pečení,937,Majonéza Hellmann's,majoneza_hellmann_s,49.9,99.8,Kč,"12,32 Kč / 100 ml",,,False,,,-50% st 7. 10. – út 20. 10.,2026-10-07 - 2026-10-20,https://www.kupi.cz/letak/albert-supermarket-nabidka-ve-znackove-kvalite-3?map=216205659,https://img.kupi.cz/kupi/thumbs/majoneza-hellmann-s_170_340.png,2026-10-06T17:43:45+02:00
Albert,Vaření a pečení,937,Majonéza Hellmann's,majoneza_hellmann_s,49.9,99.8,Kč,"12,32 Kč / 100 ml",,,False,,,-50% dnes končí,2026-10-06,https://www.kupi.cz/letak/albert-hypermarket-letak-651?page=46&map=215325915,https://img.kupi.cz/kupi/thumbs/majoneza-hellmann-s_170_340.png,2026-10-06T17:43:45+02:00
Albert,Vaření a pečení,937,Majonéza Hellmann's,majoneza_hellmann_s,34.9,49.86,Kč,"16,62 Kč / 100 ml",,,False,,,-30% st 7. 10. – út 20. 10.,2026-10-07 - 2026-10-20,https://www.kupi.cz/letak/albert-supermarket-nabidka-ve-znackove-kvalite-3?page=5&map=216205848,https://img.kupi.cz/kupi/thumbs/majoneza-hellmann-s_170_340.png,2026-10-06T17:43:45+02:00
Albert,Vaření a pečení,937,Majonéza Hellmann's,majoneza_hellmann_s,34.9,49.86,Kč,"16,62 Kč / 100 ml",,,False,,,-30% dnes končí,2026-10-06,https://www.kupi.cz/letak/albert-hypermarket-letak-651?page=18&map=215332482,https://img.kupi.cz/kupi/thumbs/majoneza-hellmann-s_170_340.png,2026-10-06T17:43:45+02:00
Albert,Vaření a pečení,10270,Cukr krupice TTD 1 kg,cukr_krupice_ttd,10.9,19.82,Kč,"10,90 Kč / 1 kg",10.9,,True,Můj Albert,10.9,-45% Můj Albert pá 9. 10. – ne 11. 10.,2026-10-09 - 2026-10-11,https://www.kupi.cz/letak/albert-hypermarket-letak-652?page=8&map=216264411,https://img.kupi.cz/kupi/thumbs/cukr-krupice-ttd-1_170_340.jpg,2026-10-06T17:43:45+02:00
Albert,Vaření a pečení,10270,Cukr krupice TTD 1 kg,cukr_krupice_ttd,10.9,19.82,Kč,"10,90 Kč / 1 kg",10.9,,True,Můj Albert,10.9,-45% Můj Albert pá 9. 10. – ne 11. 10.,2026-10-09 - 2026-10-11,https://www.kupi.cz/letak/albert-supermarket-letak-702?page=8&map=216234390,https://img.kupi.cz/kupi/thumbs/cukr-krupice-ttd-1_170_340.jpg,2026-10-06T17:43:45+02:00
Albert,Vaření a pečení,10270,Cukr krupice TTD 1 kg,cukr_krupice_ttd,14.9,19.87,Kč,"14,90 Kč / 1 kg",14.9,,False,,,-25% st 7. 10. – út 13. 10.,2026-10-07 - 2026-10-13,https://www.kupi.cz/letak/albert-hypermarket-letak-652?page=34&map=216231978,https://img.kupi.cz/kupi/thumbs/cukr-krupice-ttd-1_170_340.jpg,2026-10-06T17:43:45+02:00
Albert,Vaření a pečení,10270,Cukr krupice TTD 1 kg,cukr_krupice_ttd,14.9,19.87,Kč,"14,90 Kč / 1 kg",14.9,,False,,,-25% pá 9. 10. – ne 11. 10.,2026-10-09 - 2026-10-11,https://www.kupi.cz/letak/albert-supermarket-letak-702?page=8&map=216234393,https://img.kupi.cz/kupi/thumbs/cukr-krupice-ttd-1_170_340.jpg,2026-10-06T17:43:45+02:00
Albert,Vaření a pečení,1175,Těstoviny Panzani,testoviny_panzani,44.9,95.53,Kč,"4,49 Kč / 100 g",44.9,,True,Můj Albert,44.9,-53% Můj Albert st 7. 10. – út 13. 10.,2026-10-07 - 2026-10-13,https://www.kupi.cz/letak/albert-supermarket-letak-702?page=30&map=216235233,https://img.kupi.cz/kupi/thumbs/testoviny-panzani-1_170_340.jpg,2026-10-06T17:43:45+02:00
Albert,Vaření a pečení,1175,Těstoviny Panzani,testoviny_panzani,44.9,95.53,Kč,"4,49 Kč / 100 g",44.9,,True,Můj Albert,44.9,-53% Můj Albert dnes končí,2026-10-06,https://www.kupi.cz/letak/albert-hypermarket-letak-651?page=6&map=215325156,https://img.kupi.cz/kupi/thumbs/testoviny-panzani-1_170_340.jpg,2026-10-06T17:43:45+02:00
Albert,Vaření a pečení,1175,Těstoviny Panzani,testoviny_panzani,24.9,49.8,Kč,"4,98 Kč / 100 g",49.8,,True,Můj Albert,24.9,-50% Můj Albert st 7. 10. – út 13. 10.,2026-10-07 - 2026-10-13,https://www.kupi.cz/letak/albert-hypermarket-letak-652?page=6&map=216229146,https://img.kupi.cz/kupi/thumbs/testoviny-panzani-1_170_340.jpg,2026-10-06T17:43:45+02:00
Albert,Vaření a pečení,1175,Těstoviny Panzani,testoviny_panzani,24.9,49.8,Kč,"4,98 Kč / 100 g",49.8,,True,Můj Albert,24.9,-50% Můj Albert dnes končí,2026-10-06,https://www.kupi.cz/letak/albert-supermarket-letak-frenstat-pod-radhostem-roznovska-4?page=5&map=215349465,https://img.kupi.cz/kupi/thumbs/testoviny-panzani-1_170_340.jpg,2026-10-06T17:43:45+02:00
Albert,Vaření a pečení,1175,Těstoviny Panzani,testoviny_panzani,49.9,94.15,Kč,"4,99 Kč / 100 g",49.9,,False,,,-47% st 7. 10. – út 13. 10.,2026-10-07 - 2026-10-13,https://www.kupi.cz/letak/albert-supermarket-letak-702?page=30&map=216235236,https://img.kupi.cz/kupi/thumbs/testoviny-panzani-1_170_340.jpg,2026-10-06T17:43:45+02:00
Albert,Vaření a pečení,1175,Těstoviny Panzani,testoviny_panzani,49.9,94.15,Kč,"4,99 Kč / 100 g",49.9,,False,,,-47% dnes končí,2026-10-06,https://www.kupi.cz/letak/albert-hypermarket-letak-651?page=6&map=215325153,https://img.kupi.cz/kupi/thumbs/testoviny-panzani-1_170_340.jpg,2026-10-06T17:43:45+02:00
Albert,Vaření a pečení,1175,Těstoviny Panzani,testoviny_panzani,29.9,49.83,Kč,"5,98 Kč / 100 g",59.8,,False,,,-40% st 7. 10. – út 13. 10.,2026-10-07 - 2026-10-13,https://www.kupi.cz/letak/albert-hypermarket-letak-652?page=6&map=216229161,https://img.kupi.cz/kupi/thumbs/testoviny-panzani-1_170_340.jpg,2026-10-06T17:43:45+02:00
Albert,Vaření a pečení,1175,Těstoviny Panzani,testoviny_panzani,29.9,49.83,Kč,"5,98 Kč / 100 g",59.8,,False,,,-40% dnes končí,2026-10-06,https://www.kupi.cz/letak/albert-supermarket-letak-frenstat-pod-radhostem-roznovska-4?page=5&map=215349468,https://img.kupi.cz/kupi/thumbs/testoviny-panzani-1_170_340.jpg,2026-10-06T17:43:45+02:00
Albert,Vaření a pečení,1545,Olivový olej extra panenský Exclusive Franz Josef Kaiser 0.5 l,olivovy_olej_extra_panensky_exclusive_franz_josef_kaiser,139.9,297.66,Kč,"279,80 Kč / 1 l",,,False,,,-53% st 7. 10. – út 13. 10.,2026-10-07 - 2026-10-13,https://www.kupi.cz/letak/albert-hypermarket-letak-652?page=34&map=216231948,https://img.kupi.cz/kupi/thumbs/olivovy-olej-franz-josef_170_340.jpg,2026-10-06T17:43:45+02:00
Albert,Vaření a pečení,1545,Olivový olej extra panenský Exclusive Franz Josef Kaiser 0.5 l,olivovy_olej_extra_panensky_exclusive_franz_josef_kaiser,139.9,297.66,Kč,"279,80 Kč / 1 l",,,False,,,-53% st 7. 10. – út 20. 10.,2026-10-07 - 2026-10-20,https://www.kupi.cz/letak/albert-supermarket-nabidka-ve-znackove-kvalite-3?page=6&map=216205887,https://img.kupi.cz/kupi/thumbs/olivovy-olej-franz-josef_170_340.jpg,2026-10-06T17:43:45+02:00
Albert,Vaření a pečení,3159,Cukr moučka Cukrovar Vrbátky 1 kg,cukr_moucka_cukrovar_vrbatky,17.9,24.86,Kč,"17,90 Kč / 1 kg",17.9,,False,,,-28% dnes končí,2026-10-06,https://www.kupi.cz/letak/albert-hypermarket-letak-651?page=26&map=215332890,https://img.kupi.cz/kupi/thumbs/cukr-moucka-cukrovar-vrbatky-4_170_340.jpg,2026-10-06T17:43:45+02:00
Albert,Vaření a pečení,4041,Kečup Heinz 460 g,kecup_heinz,46.9,76.89,Kč,"10,20 Kč / 100 g",102.0,,False,,,-39% st 7. 10. – út 13. 10.,2026-10-07 - 2026-10-13,https://www.kupi.cz/letak/albert-hypermarket-letak-652?page=33&map=216231930,https://img.kupi.cz/kupi/thumbs/kecup-heinz_170_340.png,2026-10-06T17:43:45+02:00
Albert,Vaření a pečení,4041,Kečup Heinz 460 g,kecup_heinz,46.9,76.89,Kč,"10,20 Kč / 100 g",102.0,,False,,,-39% dnes končí,2026-10-06,https://www.kupi.cz/letak/albert-supermarket-letak-701?page=30&map=215341434,https://img.kupi.cz/kupi/thumbs/kecup-heinz_170_340.png,2026-10-06T17:43:45+02:00
Albert,Vaření a pečení,3948,Kečup Hellmann's 477 g,kecup_hellmann_s,59.9,66.56,Kč,"12,56 Kč / 100 g",125.6,,False,,,-10% st 7. 10. – út 13. 10.,2026-10-07 - 2026-10-13,https://www.kupi.cz/letak/albert-supermarket-letak-702?page=31&map=216235275,https://img.kupi.cz/kupi/thumbs/kecup-hellmanns_170_340.png,2026-10-06T17:43:45+02:00
Albert,Vaření a pečení,1551,Jíška hotová Knorr 250 g,jiska_hotova_knorr,39.9,59.55,Kč,"15,96 Kč / 100 g",159.6,,False,,,-33% dnes končí,2026-10-06,https://www.kupi.cz/letak/albert-hypermarket-letak-651?page=19&map=215332503,https://img.kupi.cz/kupi/thumbs/jiska-hotova-knorr_170_340.jpg,2026-10-06T17:43:45+02:00
Albert,Vaření a pečení,762,Bujon Masox Vitana 10 ks,bujon_masox_vitana,24.9,49.8,Kč,"2,49 Kč / 1 ks",,2.49,False,,,-50% st 7. 10. – út 20. 10.,2026-10-07 - 2026-10-20,https://www.kupi.cz/letak/albert-supermarket-nabidka-ve-znackove-kvalite-3?page=6&map=216205872,https://img.kupi.cz/kupi/thumbs/bujon-masox-vitana_170_340.png,2026-10-06T17:43:45+02:00
Albert,Vaření a pečení,971,Kečup Gurmán Otma 520 g,kecup_gurman_otma,49.9,79.21,Kč,"9,60 Kč / 100 g",96.0,,False,,,-37% st 7. 10. – út 13. 10.,2026-10-07 - 2026-10-13,https://www.kupi.cz/letak/albert-supermarket-letak-702?page=41&map=216235707,https://img.kupi.cz/kupi/thumbs/kecup-gurman-otma_170_340.png,2026-10-06T17:43:45+02:00
Albert,Vaření a pečení,971,Kečup Gurmán Otma 520 g,kecup_gurman_otma,49.9,79.21,Kč,"9,60 Kč / 100 g",96.0,,False,,,-37% st 7. 10. – út 20. 10.,2026-10-07 - 2026-10-20,https://www.kupi.cz/letak/albert-supermarket-nabidka-ve-znackove-kvalite-3?page=6&map=216205869,https://img.kupi.cz/kupi/thumbs/kecup-gurman-otma_170_340.png,2026-10-06T17:43:45+02:00
Albert,Vaření a pečení,971,Kečup Gurmán Otma 520 g,kecup_gurman_otma,49.9,79.21,Kč,"9,60 Kč / 100 g",96.0,,False,,,-37% dnes končí,2026-10-06,https://www.kupi.cz/letak/albert-hypermarket-letak-651?page=26&map=215332893,https://img.kupi.cz/kupi/thumbs/kecup-gurman-otma_170_340.png,2026-10-06T17:43:45+02:00
Albert,Vaření a pečení,7502,Těstoviny Barilla 500 g,testoviny_barilla,29.9,63.62,Kč,"5,98 Kč / 100 g",59.8,,False,,,-53% st 7. 10. – út 13. 10.,2026-10-07 - 2026-10-13,https://www.kupi.cz/letak/albert-supermarket-letak-702?page=30&map=216235224,https://img.kupi.cz/kupi/thumbs/testoviny-barilla-1_170_340.jpg,2026-10-06T17:43:45+02:00
Albert,Vaření a pečení,7502,Těstoviny Barilla 500 g,testoviny_barilla,29.9,63.62,Kč,"5,98 Kč / 100 g",59.8,,False,,,-53% dnes končí,2026-10-06,https://www.kupi.cz/letak/albert-hypermarket-letak-651?page=46&map=215326794,https://img.kupi.cz/kupi/thumbs/testoviny-barilla-1_170_340.jpg,2026-10-06T17:43:45+02:00
Albert,Vaření a pečení,1126,Slunečnicový olej Majola 1 l,slunecnicovy_olej_majola,26.9,65.61,Kč,"26,90 Kč / 1 l",,,True,Můj Albert,26.9,-59% Můj Albert dnes končí,2026-10-06,https://www.kupi.cz/letak/albert-hypermarket-letak-651?map=215325069,https://img.kupi.cz/kupi/thumbs/slunecnicovy-olej-majola_170_340.jpg,2026-10-06T17:43:45+02:00
Albert,Vaření a pečení,1126,Slunečnicový olej Majola 1 l,slunecnicovy_olej_majola,32.9,65.8,Kč,"32,90 Kč / 1 l",,,False,,,-50% dnes končí,2026-10-06,https://www.kupi.cz/letak/albert-hypermarket-letak-651?map=215325072,https://img.kupi.cz/kupi/thumbs/slunecnicovy-olej-majola_170_340.jpg,2026-10-06T17:43:45+02:00
Albert,Vaření a pečení,37,Džem výběrový Extra Schwartau 340 g,dzem_vyberovy_extra_schwartau,69.9,118.47,Kč,"20,56 Kč / 100 g",205.6,,False,,,-41% st 7. 10. – út 13. 10.,2026-10-07 - 2026-10-13,https://www.kupi.cz/letak/albert-supermarket-letak-702?page=29&map=216235185,https://img.kupi.cz/kupi/thumbs/dzem-vyberovy-extra-schwartau-1_170_340.jpg,2026-10-06T17:43:45+02:00
Albert,Vaření a pečení,855,Rýže loupaná dlouhozrnná Vitana 800 g,ryze_loupana_dlouhozrnna_vitana,44.9,69.08,Kč,"5,61 Kč / 100 g",56.1,,False,,,-35% st 7. 10. – út 20. 10.,2026-10-07 - 2026-10-20,https://www.kupi.cz/letak/albert-supermarket-nabidka-ve-znackove-kvalite-3?page=6&map=216205878,https://img.kupi.cz/kupi/thumbs/ryze-loupana-dlouhozrnna-vitana_170_340.png,2026-10-06T17:43:45+02:00
Albert,Vaření a pečení,855,Rýže loupaná dlouhozrnná Vitana 800 g,ryze_loupana_dlouhozrnna_vitana,44.9,69.08,Kč,"5,61 Kč / 100 g",56.1,,False,,,-35% st 7. 10. – út 13. 10.,2026-10-07 - 2026-10-13,https://www.kupi.cz/letak/albert-supermarket-letak-702?page=41&map=216235704,https://img.kupi.cz/kupi/thumbs/ryze-loupana-dlouhozrnna-vitana_170_340.png,2026-10-06T17:43:45+02:00
Albert,Vaření a pečení,108138,Čekankový sirup 4Slim 350 g,cekankovy_sirup_4slim,109.9,137.38,Kč,"31,40 Kč / 100 g",314.0,,False,,,-20% st 7. 10. – út 13. 10.,2026-10-07 - 2026-10-13,https://www.kupi.cz/letak/albert-hypermarket-letak-652?page=54&map=216233256,https://img.kupi.cz/kupi/thumbs/cekankovy-sirup-4slim_170_340.png,2026-10-06T17:43:45+02:00
Albert,Vaření a pečení,31,Tuk Omega 250 g,tuk_omega,44.9,59.87,Kč,"17,96 Kč / 100 g",179.6,,False,,,-25% dnes končí,2026-10-06,https://www.kupi.cz/letak/albert-supermarket-letak-701?page=23&map=215340672,https://img.kupi.cz/kupi/thumbs/tuk-omega-4_170_340.jpg,2026-10-06T17:43:45+02:00
Albert,Vaření a pečení,4637,Těstoviny vaječné Zátkovy 500 g,testoviny_vajecne_zatkovy,25.9,39.85,Kč,"5,18 Kč / 100 g",51.8,,False,,,-35% dnes končí,2026-10-06,https://www.kupi.cz/letak/albert-hypermarket-letak-651?page=26&map=215332878,https://img.kupi.cz/kupi/thumbs/testoviny-vajecne-zatkovy_170_340.jpg,2026-10-06T17:43:47+02:00
Albert,Vaření a pečení,9390,Rýže parboiled Lagris 400 g,ryze_parboiled_lagris,24.9,29.64,Kč,"6,22 Kč / 100 g",62.2,,False,,,-16% dnes končí,2026-10-06,https://www.kupi.cz/letak/albert-supermarket-letak-701?page=29&map=215341287,https://img.kupi.cz/kupi/thumbs/ryze-parboiled-lagris_170_340.jpg,2026-10-06T17:43:47+02:00
Albert,Vaření a pečení,86228,Třtinový cukr Cassonade 0.5 kg,trtinovy_cukr_cassonade,24.9,43.68,Kč,"49,80 Kč / 1 kg",49.8,,False,,,-43% dnes končí,2026-10-06,https://www.kupi.cz/letak/albert-supermarket-letak-701?page=29&map=215341350,https://img.kupi.cz/kupi/thumbs/trtinovy-cukr-cassonade_170_340.jpg,2026-10-06T17:43:47+02:00
Albert,Vaření a pečení,277,Mlýnek s kořením Kotányi 35 g,mlynek_s_korenim_kotanyi,49.9,87.54,Kč,"142,57 Kč / 100 g",1425.7,,False,,,-43% st 7. 10. – út 13. 10.,2026-10-07 - 2026-10-13,https://www.kupi.cz/letak/albert-hypermarket-letak-652?page=57&map=216230790,https://img.kupi.cz/kupi/thumbs/mlynek-s-korenim-kotanyi_170_340.png,2026-10-06T17:43:47+02:00
Albert,Vaření a pečení,277,Mlýnek s kořením Kotányi 35 g,mlynek_s_korenim_kotanyi,49.9,87.54,Kč,"142,57 Kč / 100 g",1425.7,,False,,,-43% dnes končí,2026-10-06,https://www.kupi.cz/letak/albert-supermarket-letak-701?page=29&map=215341320,https://img.kupi.cz/kupi/thumbs/mlynek-s-korenim-kotanyi_170_340.png,2026-10-06T17:43:47+02:00
Albert,Vaření a pečení,3400,Mouka Ramill 1 kg,mouka_ramill,9.9,19.8,Kč,"9,90 Kč / 1 kg",9.9,,False,,,-50% dnes končí,2026-10-06,https://www.kupi.cz/letak/albert-hypermarket-letak-651?page=26&map=215332887,https://img.kupi.cz/kupi/thumbs/mouka-ramill_170_340.jpg,2026-10-06T17:43:47+02:00
Albert,Vaření a pečení,1178,Omáčka Panzani 400 g,omacka_panzani,44.9,78.77,Kč,"11,22 Kč / 100 g",112.2,,False,,,-43% dnes končí,2026-10-06,https://www.kupi.cz/letak/albert-supermarket-letak-701?page=30&map=215341437,https://img.kupi.cz/kupi/thumbs/omacka-panzani-1_170_340.jpg,2026-10-06T17:43:47+02:00
Albert,Vaření a pečení,1178,Omáčka Panzani 400 g,omacka_panzani,44.9,49.89,Kč,"11,22 Kč / 100 g",112.2,,False,,,-10% st 7. 10. – út 13. 10.,2026-10-07 - 2026-10-13,https://www.kupi.cz/letak/albert-hypermarket-letak-652?page=34&map=216231981,https://img.kupi.cz/kupi/thumbs/omacka-panzani-1_170_340.jpg,2026-10-06T17:43:47+02:00
Albert,Vaření a pečení,6744,Čočka Lagris 500 g,cocka_lagris,29.9,39.87,Kč,"5,98 Kč / 100 g",59.8,,False,,,-25% st 7. 10. – út 13. 10.,2026-10-07 - 2026-10-13,https://www.kupi.cz/letak/albert-supermarket-letak-702?page=41&map=216235710,https://img.kupi.cz/kupi/thumbs/cocka-lagris_170_340.png,2026-10-06T17:43:47+02:00
Albert,Vaření a pečení,2181,Kuskus Bacchini 500 g,kuskus_bacchini,29.9,36.46,Kč,"5,98 Kč / 100 g",59.8,,False,,,-18% dnes končí,2026-10-06,https://www.kupi.cz/letak/albert-supermarket-letak-701?page=29&map=215341332,https://img.kupi.cz/kupi/thumbs/kuskus-bacchini_170_340.jpg,2026-10-06T17:43:47+02:00
Albert,Vaření a pečení,40994,Povidla Hamé 440 g,povidla_hame,49.9,73.38,Kč,"11,34 Kč / 100 g",113.4,,False,,,-32% dnes končí,2026-10-06,https://www.kupi.cz/letak/albert-supermarket-letak-701?page=27&map=215341143,https://img.kupi.cz/kupi/thumbs/povidla-hame_170_340.jpg,2026-10-06T17:43:47+02:00
Albert,Vaření a pečení,728,Vanilínový cukr Dr. Oetker 20 g,vanilinovy_cukr_dr_oetker,16.9,23.8,Kč,"16,90 Kč / 100 g",845.0,,False,,,-29% st 7. 10. – út 13. 10.,2026-10-07 - 2026-10-13,https://www.kupi.cz/letak/albert-supermarket-letak-702?page=30&map=216235200,https://img.kupi.cz/kupi/thumbs/vanilinovy-cukr-dr-oetker_170_340.jpg,2026-10-06T17:43:47+02:00
Albert,Vaření a pečení,41285,Dresink Hellmann's 250 ml,dresink_hellmann_s,59.9,74.88,Kč,"23,96 Kč / 100 ml",,,False,,,-20% st 7. 10. – út 20. 10.,2026-10-07 - 2026-10-20,https://www.kupi.cz/letak/albert-supermarket-nabidka-ve-znackove-kvalite-3?page=5&map=216205851,https://img.kupi.cz/kupi/thumbs/dresink-hellmanns-1_170_340.jpg,2026-10-06T17:43:47+02:00
Albert,Vaření a pečení,41285,Dresink Hellmann's 250 ml,dresink_hellmann_s,59.9,74.88,Kč,"23,96 Kč / 100 ml",,,False,,,-20% dnes končí,2026-10-06,https://www.kupi.cz/letak/albert-supermarket-letak-701?page=24&map=215340888,https://img.kupi.cz/kupi/thumbs/dresink-hellmanns-1_170_340.jpg,2026-10-06T17:43:47+02:00
Albert,Vaření a pečení,118,Majonéza Poličanka Agricol 250 ml,majoneza_policanka_agricol,27.9,34.87,Kč,"11,16 Kč / 100 ml",,,False,,,-20% dnes končí,2026-10-06,https://www.kupi.cz/letak/albert-supermarket-letak-701?page=23&map=215340693,https://img.kupi.cz/kupi/thumbs/majoneza-policanka-agricol-1_170_340.jpg,2026-10-06T17:43:47+02:00
Albert,Vaření a pečení,8127,Olivový olej extra panenský Kreolis 0.75 l,olivovy_olej_extra_panensky_kreolis,239.0,346.38,Kč,"318,67 Kč / 1 l",,,False,,,-31% st 7. 10. – út 13. 10.,2026-10-07 - 2026-10-13,https://www.kupi.cz/letak/albert-supermarket-letak-702?page=30&map=216235221,https://img.kupi.cz/kupi/thumbs/olivovy-olej-kreolis_170_340.jpg,2026-10-06T17:43:47+02:00
Albert,Vaření a pečení,3705,Těstoviny bezvaječné Rosické 500 g,testoviny_bezvajecne_rosicke,19.9,32.62,Kč,"3,98 Kč / 100 g",39.8,,False,,,-39% st 7. 10. – út 13. 10.,2026-10-07 - 2026-10-13,https://www.kupi.cz/letak/albert-hypermarket-letak-652?page=57&map=216230799,https://img.kupi.cz/kupi/thumbs/testoviny-bezvajecne-rosicke-1_170_340.jpg,2026-10-06T17:43:47+02:00
Albert,Vaření a pečení,13850,Rajčatový protlak Giana 140 g,rajcatovy_protlak_giana,14.9,17.74,Kč,"10,64 Kč / 100 g",106.4,,False,,,-16% dnes končí,2026-10-06,https://www.kupi.cz/letak/albert-supermarket-letak-701?page=30&map=215341383,https://img.kupi.cz/kupi/thumbs/rajcatovy-protlak-giana_170_340.jpg,2026-10-06T17:43:47+02:00
Albert,Vaření a pečení,13850,Rajčatový protlak Giana 140 g,rajcatovy_protlak_giana,17.9,39.78,Kč,"12,79 Kč / 100 g",127.9,,False,,,-55% st 7. 10. – út 13. 10.,2026-10-07 - 2026-10-13,https://www.kupi.cz/letak/albert-hypermarket-letak-652?page=33&map=216231921,https://img.kupi.cz/kupi/thumbs/rajcatovy-protlak-giana_170_340.jpg,2026-10-06T17:43:47+02:00
Albert,Vaření a pečení,1270,Těsto listové babické Šetra 500 g,testo_listove_babicke_setra,35.9,47.87,Kč,"7,18 Kč / 100 g",71.8,,False,,,-25% st 7. 10. – út 13. 10.,2026-10-07 - 2026-10-13,https://www.kupi.cz/letak/albert-supermarket-letak-702?page=23&map=216234903,https://img.kupi.cz/kupi/thumbs/babicke-listove-testo_170_340.jpg,2026-10-06T17:43:47+02:00
Albert,Vaření a pečení,1270,Těsto listové babické Šetra 500 g,testo_listove_babicke_setra,35.9,47.87,Kč,"7,18 Kč / 100 g",71.8,,False,,,-25% dnes končí,2026-10-06,https://www.kupi.cz/letak/albert-hypermarket-letak-651?page=17&map=215332425,https://img.kupi.cz/kupi/thumbs/babicke-listove-testo_170_340.jpg,2026-10-06T17:43:47+02:00
Albert,Vaření a pečení,187492,Kakao holandské Dr. Oetker 100 g,kakao_holandske_dr_oetker,54.9,69.49,Kč,"54,90 Kč / 100 g",549.0,,False,,,-21% dnes končí,2026-10-06,https://www.kupi.cz/letak/albert-hypermarket-letak-651?page=26&map=215332875,https://img.kupi.cz/kupi/thumbs/kakao-holandske-dr-oetker_170_340.jpg,2026-10-06T17:43:47+02:00
Albert,Vaření a pečení,1593,Pudink Premium Dr. Oetker 52 g,pudink_premium_dr_oetker,13.9,19.86,Kč,"26,73 Kč / 100 g",267.3,,False,,,-30% st 7. 10. – út 13. 10.,2026-10-07 - 2026-10-13,https://www.kupi.cz/letak/albert-supermarket-letak-702?page=30&map=216235206,https://img.kupi.cz/kupi/thumbs/pudink-premium-dr-oetker_170_340.jpg,2026-10-06T17:43:47+02:00
Albert,Vaření a pečení,45385,Majonéza poctivá Vitana 425 ml,majoneza_poctiva_vitana,39.9,59.55,Kč,"9,39 Kč / 100 ml",,,False,,,-33% st 7. 10. – út 13. 10.,2026-10-07 - 2026-10-13,https://www.kupi.cz/letak/albert-hypermarket-letak-652?page=23&map=216231390,https://img.kupi.cz/kupi/thumbs/majoneza-poctiva-vitana-1_170_340.jpg,2026-10-06T17:43:48+02:00
Albert,Vaření a pečení,18146,Pohanka Menu Gold 450 g,pohanka_menu_gold,26.9,46.38,Kč,"5,98 Kč / 100 g",59.8,,False,,,-42% dnes končí,2026-10-06,https://www.kupi.cz/letak/albert-hypermarket-letak-651?page=51&map=215325792,https://img.kupi.cz/kupi/thumbs/pohanka-zlate-menu-1_170_340.jpg,2026-10-06T17:43:48+02:00
Albert,Vaření a pečení,5160,Hořčice dijonská Maille 200 ml,horcice_dijonska_maille,49.9,99.8,Kč,"24,95 Kč / 100 ml",,,False,,,-50% st 7. 10. – út 13. 10.,2026-10-07 - 2026-10-13,https://www.kupi.cz/letak/albert-hypermarket-letak-652?page=33&map=216231924,https://img.kupi.cz/kupi/thumbs/dijonska-horcice-maille_170_340.jpg,2026-10-06T17:43:48+02:00
Albert,Vaření a pečení,76668,Omáčky na těstoviny Exclusive Franz Josef Kaiser 370 ml,omacky_na_testoviny_exclusive_franz_josef_kaiser,39.9,73.89,Kč,"10,78 Kč / 100 ml",,,False,,,-46% st 7. 10. – út 20. 10.,2026-10-07 - 2026-10-20,https://www.kupi.cz/letak/albert-supermarket-nabidka-ve-znackove-kvalite-3?page=6&map=216205890,https://img.kupi.cz/kupi/thumbs/omacky-na-testoviny-franz-josef-kaiser_170_340.jpg,2026-10-06T17:43:48+02:00
Albert,Vaření a pečení,76668,Omáčky na těstoviny Exclusive Franz Josef Kaiser 370 ml,omacky_na_testoviny_exclusive_franz_josef_kaiser,39.9,73.89,Kč,"10,78 Kč / 100 ml",,,False,,,-46% dnes končí,2026-10-06,https://www.kupi.cz/letak/albert-hypermarket-letak-651?page=51&map=215325783,https://img.kupi.cz/kupi/thumbs/omacky-na-testoviny-franz-josef-kaiser_170_340.jpg,2026-10-06T17:43:48+02:00
Albert,Vaření a pečení,6511,Olivový olej z pokrutin řecký Artemis 1 l,olivovy_olej_z_pokrutin_recky_artemis,129.9,188.26,Kč,"129,90 Kč / 1 l",,,False,,,-31% dnes končí,2026-10-06,https://www.kupi.cz/letak/albert-hypermarket-letak-651?page=51&map=215325786,https://img.kupi.cz/kupi/thumbs/olivovy-olej-z-pokrutin-recky-artemis_170_340.jpg,2026-10-06T17:43:48+02:00
Albert,Vaření a pečení,267362,Mouka Albert 1 kg,mouka,9.9,,Kč,"9,90 Kč / 1 kg",9.9,,False,,,st 7. 10. – út 13. 10.,2026-10-07 - 2026-10-13,https://www.kupi.cz/letak/albert-hypermarket-letak-652?page=57&map=216230787,https://img.kupi.cz/kupi/thumbs/mouka-albert-1_170_340.jpg,2026-10-06T17:43:48+02:00
Albert,Vaření a pečení,21526,Polévkové nudle Babiččiny Druid 330 g,polevkove_nudle_babicciny_druid,34.9,54.53,Kč,"10,58 Kč / 100 g",105.8,,False,,,-36% st 7. 10. – út 13. 10.,2026-10-07 - 2026-10-13,https://www.kupi.cz/letak/albert-hypermarket-letak-652?page=34&map=216231966,https://img.kupi.cz/kupi/thumbs/polevkove-nudle-babicciny-druid_170_340.jpg,2026-10-06T17:43:48+02:00
Albert,Vaření a pečení,39913,Bujón Maggi,bujon_maggi,36.9,53.48,Kč,"36,90 Kč / 100 g",369.0,,False,,,-31% st 7. 10. – út 13. 10.,2026-10-07 - 2026-10-13,https://www.kupi.cz/letak/albert-hypermarket-letak-652?page=34&map=216231957,https://img.kupi.cz/kupi/thumbs/bujon-maggi_170_340.jpg,2026-10-06T17:43:48+02:00
Albert,Vaření a pečení,39913,Bujón Maggi,bujon_maggi,27.9,41.64,Kč,"46,50 Kč / 100 g",465.0,,False,,,-33% dnes končí,2026-10-06,https://www.kupi.cz/letak/albert-supermarket-letak-701?page=29&map=215341314,https://img.kupi.cz/kupi/thumbs/bujon-maggi_170_340.jpg,2026-10-06T17:43:48+02:00
Albert,Vaření a pečení,14437,Koření Grilovací Vitana,koreni_grilovaci_vitana,34.9,56.29,Kč,"38,78 Kč / 100 g",387.8,,False,,,-38% dnes končí,2026-10-06,https://www.kupi.cz/letak/albert-hypermarket-letak-651?page=51&map=215325768,https://img.kupi.cz/kupi/thumbs/koreni-grilovaci-vitana_170_340.jpg,2026-10-06T17:43:48+02:00
Albert,Vaření a pečení,14437,Koření Grilovací Vitana,koreni_grilovaci_vitana,15.9,20.65,Kč,"56,79 Kč / 100 g",567.9,,False,,,-23% st 7. 10. – út 13. 10.,2026-10-07 - 2026-10-13,https://www.kupi.cz/letak/albert-hypermarket-letak-652?page=34&map=216231951,https://img.kupi.cz/kupi/thumbs/koreni-grilovaci-vitana_170_340.jpg,2026-10-06T17:43:48+02:00
Albert,Vaření a pečení,14437,Koření Grilovací Vitana,koreni_grilovaci_vitana,15.9,20.65,Kč,"56,79 Kč / 100 g",567.9,,False,,,-23% dnes končí,2026-10-06,https://www.kupi.cz/letak/albert-supermarket-letak-701?page=29&map=215341326,https://img.kupi.cz/kupi/thumbs/koreni-grilovaci-vitana_170_340.jpg,2026-10-06T17:43:48+02:00
Albert,Vaření a pečení,437127,Řepkový olej Gustona 1 l,repkovy_olej_gustona,25.9,44.66,Kč,"25,90 Kč / 1 l",,,True,Můj Albert,25.9,-42% Můj Albert st 7. 10. – út 13. 10.,2026-10-07 - 2026-10-13,https://www.kupi.cz/letak/albert-hypermarket-letak-652?page=4&map=216213492,https://img.kupi.cz/kupi/thumbs/repkovy-olej-gustona_170_340.jpg,2026-10-06T17:43:48+02:00
Albert,Vaření a pečení,437127,Řepkový olej Gustona 1 l,repkovy_olej_gustona,32.9,44.46,Kč,"32,90 Kč / 1 l",,,False,,,-26% st 7. 10. – út 13. 10.,2026-10-07 - 2026-10-13,https://www.kupi.cz/letak/albert-hypermarket-letak-652?page=4&map=216213495,https://img.kupi.cz/kupi/thumbs/repkovy-olej-gustona_170_340.jpg,2026-10-06T17:43:48+02:00
Albert,Vaření a pečení,14634,Omáčky k masu Hellmann's 250 ml,omacky_k_masu_hellmann_s,49.9,71.29,Kč,"19,96 Kč / 100 ml",,,False,,,-30% st 7. 10. – út 13. 10.,2026-10-07 - 2026-10-13,https://www.kupi.cz/letak/albert-supermarket-letak-702?page=31&map=216235278,https://img.kupi.cz/kupi/thumbs/omacky-k-masu-hellmanns_170_340.jpg,2026-10-06T17:43:48+02:00
Albert,Vaření a pečení,6562,Hořčice dijonská Boneco 260 g,horcice_dijonska_boneco,19.9,27.26,Kč,"7,65 Kč / 100 g",76.5,,False,,,-27% dnes končí,2026-10-06,https://www.kupi.cz/letak/albert-supermarket-letak-701?page=30&map=215341416,https://img.kupi.cz/kupi/thumbs/dijonska-horcice-mustard-1_170_340.jpg,2026-10-06T17:43:48+02:00
Albert,Vaření a pečení,174343,Javorový sirup Carters 250 ml,javorovy_sirup_carters,109.9,174.44,Kč,"43,96 Kč / 100 ml",,,False,,,-37% st 7. 10. – út 13. 10.,2026-10-07 - 2026-10-13,https://www.kupi.cz/letak/albert-hypermarket-letak-652?page=57&map=216230784,https://img.kupi.cz/kupi/thumbs/javorovy-sirup-carters_170_340.png,2026-10-06T17:43:48+02:00
Albert,Vaření a pečení,7769,Tatarská omáčka Boneco 500 ml,tatarska_omacka_boneco,49.9,89.11,Kč,"9,98 Kč / 100 ml",,,False,,,-44% st 7. 10. – út 13. 10.,2026-10-07 - 2026-10-13,https://www.kupi.cz/letak/albert-supermarket-letak-702?page=23&map=216234915,https://img.kupi.cz/kupi/thumbs/tatarska-omacka-boneco_170_340.jpg,2026-10-06T17:43:48+02:00
Albert,Vaření a pečení,7769,Tatarská omáčka Boneco 500 ml,tatarska_omacka_boneco,49.9,89.11,Kč,"9,98 Kč / 100 ml",,,False,,,-44% dnes končí,2026-10-06,https://www.kupi.cz/letak/albert-hypermarket-letak-651?page=17&map=215332422,https://img.kupi.cz/kupi/thumbs/tatarska-omacka-boneco_170_340.jpg,2026-10-06T17:43:48+02:00
Albert,Vaření a pečení,7944,Čočka velkozrnná Essa 500 g,cocka_velkozrnna_essa,24.9,37.73,Kč,"4,98 Kč / 100 g",49.8,,False,,,-34% st 7. 10. – út 13. 10.,2026-10-07 - 2026-10-13,https://www.kupi.cz/letak/albert-hypermarket-letak-652?page=57&map=216230793,https://img.kupi.cz/kupi/thumbs/velkozrnna-cocka-essa_170_340.jpg,2026-10-06T17:43:48+02:00
Albert,Vaření a pečení,30367,Med květový Product Bohemia 900 g,med_kvetovy_product_bohemia,149.9,217.25,Kč,"16,66 Kč / 100 g",166.6,,False,,,-31% st 7. 10. – út 13. 10.,2026-10-07 - 2026-10-13,https://www.kupi.cz/letak/albert-hypermarket-letak-652?page=29&map=216231753,https://img.kupi.cz/kupi/thumbs/med-kvetovy-product-bohemia_170_340.jpg,2026-10-06T17:43:48+02:00
Albert,Vaření a pečení,25664,Rýže parboiled Giana 1000 g,ryze_parboiled_giana,44.9,84.72,Kč,"4,49 Kč / 100 g",44.9,,False,,,-47% dnes končí,2026-10-06,https://www.kupi.cz/letak/albert-hypermarket-letak-651?page=51&map=215325789,https://img.kupi.cz/kupi/thumbs/parboiled-ryze-giana_170_340.jpg,2026-10-06T17:43:48+02:00
Albert,Vaření a pečení,88679,Olivový olej extra panenský Costa D'Oro 0.5 l,olivovy_olej_extra_panensky_costa_d_oro,139.9,245.44,Kč,"279,80 Kč / 1 l",,,False,,,-43% dnes končí,2026-10-06,https://www.kupi.cz/letak/albert-hypermarket-letak-651?page=26&map=215332902,https://img.kupi.cz/kupi/thumbs/olivovy-olej-extra-panensky-costa-d-oro_170_340.jpg,2026-10-06T17:43:48+02:00
Albert,Vaření a pečení,355702,Těstoviny semolinové Exclusive Franz Josef Kaiser 500 g,testoviny_semolinove_exclusive_franz_josef_kaiser,21.9,39.82,Kč,"4,38 Kč / 100 g",43.8,,False,,,-45% st 7. 10. – út 13. 10.,2026-10-07 - 2026-10-13,https://www.kupi.cz/letak/albert-hypermarket-letak-652?page=34&map=216231969,https://img.kupi.cz/kupi/thumbs/testoviny-semolinove-franz-josef-kaiser_170_340.png,2026-10-06T17:43:49+02:00
Albert,Vaření a pečení,47328,Koření Pepř barevný celý Avokádo 20 g,avokado,15.9,24.84,Kč,"79,50 Kč / 100 g",795.0,,False,,,-36% st 7. 10. – út 13. 10.,2026-10-07 - 2026-10-13,https://www.kupi.cz/letak/albert-hypermarket-letak-652?page=57&map=216230781,https://img.kupi.cz/kupi/thumbs/koreni-pepr-barevny-cely-avokado_170_340.png,2026-10-06T17:43:49+02:00
Albert,Vaření a pečení,449832,Med český květový Medokom,med_cesky_kvetovy_medokom,149.9,197.24,Kč,"16,66 Kč / 100 g",166.6,,False,,,-24% dnes končí,2026-10-06,https://www.kupi.cz/letak/albert-hypermarket-letak-651?page=25&map=215332767,https://img.kupi.cz/kupi/thumbs/med-cesky-kvetovy-medokomerc_170_340.png,2026-10-06T17:43:49+02:00
Albert,Vaření a pečení,449832,Med český květový Medokom,med_cesky_kvetovy_medokom,99.9,114.83,Kč,"19,98 Kč / 100 g",199.8,,False,,,-13% st 7. 10. – út 13. 10.,2026-10-07 - 2026-10-13,https://www.kupi.cz/letak/albert-supermarket-letak-702?page=29&map=216235188,https://img.kupi.cz/kupi/thumbs/med-cesky-kvetovy-medokomerc_170_340.png,2026-10-06T17:43:49+02:00
Albert,Vaření a pečení,61992,Instantní nudle Vihuong 300 g,instantni_nudle_vihuong,39.9,55.42,Kč,"13,30 Kč / 100 g",133.0,,False,,,-28% st 7. 10. – út 13. 10.,2026-10-07 - 2026-10-13,https://www.kupi.cz/letak/albert-supermarket-letak-702?page=30&map=216235203,https://img.kupi.cz/kupi/thumbs/instantni-nudle-vihuong_170_340.jpg,2026-10-06T17:43:49+02:00
Albert,Vaření a pečení,428277,Koření Čína základ jídla Vitana 97 g,koreni_cina_zaklad_jidla_vitana,46.9,56.51,Kč,"48,35 Kč / 100 g",483.5,,False,,,-17% dnes končí,2026-10-06,https://www.kupi.cz/letak/albert-hypermarket-letak-651?page=51&map=215325774,https://img.kupi.cz/kupi/thumbs/koreni-cina-zaklad-jidla-vitana_170_340.jpg,2026-10-06T17:43:49+02:00
Albert,Vaření a pečení,205707,Těsto na pizzu Albert 400 g,testo_na_pizzu,29.9,38.83,Kč,"7,47 Kč / 100 g",74.7,,False,,,-23% st 7. 10. – út 13. 10.,2026-10-07 - 2026-10-13,https://www.kupi.cz/letak/albert-hypermarket-letak-652?page=23&map=216231378,https://img.kupi.cz/kupi/thumbs/testo-na-pizzu-albert_170_340.jpg,2026-10-06T17:43:49+02:00
Albert,Vaření a pečení,37908,Koření Paprika lahůdková Kotányi 25 g,paprika,15.9,25.65,Kč,"63,60 Kč / 100 g",636.0,,False,,,-38% st 7. 10. – út 13. 10.,2026-10-07 - 2026-10-13,https://www.kupi.cz/letak/albert-supermarket-letak-702?page=30&map=216235212,https://img.kupi.cz/kupi/thumbs/paprika-lahudkova-kotanyi_170_340.jpg,2026-10-06T17:43:49+02:00
Albert,Vaření a pečení,439146,Cukr třtinový TropiCane 0.5 kg,cukr_trtinovy_tropicane,24.9,47.88,Kč,"49,80 Kč / 1 kg",49.8,,False,,,-48% st 7. 10. – út 13. 10.,2026-10-07 - 2026-10-13,https://www.kupi.cz/letak/albert-supermarket-letak-702?page=30&map=216235209,https://img.kupi.cz/kupi/thumbs/cukr-trtinovy-tropicane_170_340.jpg,2026-10-06T17:43:49+02:00
Albert,Vaření a pečení,47217,Koření Špagety Vitana 23 g,koreni_spagety_vitana,15.9,21.78,Kč,"69,13 Kč / 100 g",691.3,,False,,,-27% st 7. 10. – út 13. 10.,2026-10-07 - 2026-10-13,https://www.kupi.cz/letak/albert-supermarket-letak-702?page=30&map=216235215,https://img.kupi.cz/kupi/thumbs/koreni-spagety-vitana-1_170_340.jpg,2026-10-06T17:43:49+02:00
Albert,Vaření a pečení,47394,Koření Bobkový list Kotányi 5 g,koreni_bobkovy_list_kotanyi,15.9,21.78,Kč,"318,00 Kč / 100 g",3180.0,,False,,,-27% dnes končí,2026-10-06,https://www.kupi.cz/letak/albert-hypermarket-letak-651?page=51&map=215325771,https://img.kupi.cz/kupi/thumbs/koreni-bobkovy-list-kotanyi_170_340.jpg,2026-10-06T17:43:49+02:00
Albert,Vaření a pečení,359995,Kuřecí nugetky obalované bio Nature's Promise 220 g,kureci_nugetky_obalovane_bio_nature_s_promise,79.9,99.88,Kč,"36,32 Kč / 100 g",363.2,,False,,,-20% st 7. 10. – út 13. 10.,2026-10-07 - 2026-10-13,https://www.kupi.cz/letak/albert-hypermarket-letak-652?page=19&map=216265221,https://img.kupi.cz/kupi/thumbs/kureci-nugetky-obalovane-bio-natures-promise-2_170_340.jpg,2026-10-06T17:43:49+02:00
Albert,Vaření a pečení,501879,Mák mletý Emma 200 g,mak_mlety_emma,24.9,36.62,Kč,"12,45 Kč / 100 g",124.5,,False,,,-32% dnes končí,2026-10-06,https://www.kupi.cz/letak/albert-supermarket-letak-701?page=15&map=215340102,https://img.kupi.cz/kupi/thumbs/mak-mlety-emma-1_170_340.jpg,2026-10-06T17:43:49+02:00
Albert,Vaření a pečení,145997,Koření Paprika Vitana 23 g,paprika,12.9,15.73,Kč,"56,09 Kč / 100 g",560.9,,False,,,-18% st 7. 10. – út 20. 10.,2026-10-07 - 2026-10-20,https://www.kupi.cz/letak/albert-supermarket-nabidka-ve-znackove-kvalite-3?page=6&map=216205863,https://img.kupi.cz/kupi/thumbs/koreni-paprika-vitana_170_340.jpg,2026-10-06T17:43:49+02:00
Albert,Vaření a pečení,356851,Kečup Gustona 900 g,kecup_gustona,35.9,,Kč,"3,99 Kč / 100 g",39.9,,False,,,st 7. 10. – út 13. 10.,2026-10-07 - 2026-10-13,https://www.kupi.cz/letak/albert-hypermarket-letak-652?page=25&map=216231492,https://img.kupi.cz/kupi/thumbs/kecup-gustona_170_340.jpg,2026-10-06T17:43:49+02:00
Albert,Vaření a pečení,356851,Kečup Gustona 900 g,kecup_gustona,35.9,,Kč,"3,99 Kč / 100 g",39.9,,False,,,dnes končí,2026-10-06,https://www.kupi.cz/letak/albert-hypermarket-letak-651?page=27&map=215332977,https://img.kupi.cz/kupi/thumbs/kecup-gustona_170_340.jpg,2026-10-06T17:43:49+02:00
Albert,Vaření a pečení,75034,Majonéza ochucená Hellmann's 250 ml,majoneza_ochucena_hellmann_s,59.9,84.37,Kč,"23,96 Kč / 100 ml",,,False,,,-29% st 7. 10. – út 20. 10.,2026-10-07 - 2026-10-20,https://www.kupi.cz/letak/albert-supermarket-nabidka-ve-znackove-kvalite-3?page=5&map=216205854,https://img.kupi.cz/kupi/thumbs/majoneza-ochucena-hellmanns_170_340.jpg,2026-10-06T17:43:49+02:00
Albert,Vaření a pečení,75034,Majonéza ochucená Hellmann's 250 ml,majoneza_ochucena_hellmann_s,59.9,84.37,Kč,"23,96 Kč / 100 ml",,,False,,,-29% dnes končí,2026-10-06,https://www.kupi.cz/letak/albert-hypermarket-letak-651?page=18&map=215332479,https://img.kupi.cz/kupi/thumbs/majoneza-ochucena-hellmanns_170_340.jpg,2026-10-06T17:43:49+02:00
Albert,Vaření a pečení,188053,Těstoviny pro děti Melissa 400 g,testoviny_pro_deti_melissa,29.9,39.87,Kč,"7,47 Kč / 100 g",74.7,,False,,,-25% st 7. 10. – út 13. 10.,2026-10-07 - 2026-10-13,https://www.kupi.cz/letak/albert-hypermarket-letak-652?page=34&map=216231954,https://img.kupi.cz/kupi/thumbs/testoviny-pro-deti-melissa_170_340.jpg,2026-10-06T17:43:49+02:00
Albert,Vaření a pečení,488034,Menu box Albert 1 ks,menu_box,79.9,,Kč,"79,90 Kč / 1 ks",,79.9,False,,,st 7. 10. – út 13. 10.,2026-10-07 - 2026-10-13,https://www.kupi.cz/letak/albert-hypermarket-letak-znojmo-brnenska-2?page=7&map=216235854,https://img.kupi.cz/kupi/thumbs/menu-box-albert_170_340.jpg,2026-10-06T17:43:49+02:00
Albert,Vaření a pečení,488034,Menu box Albert 1 ks,menu_box,79.9,,Kč,"79,90 Kč / 1 ks",,79.9,False,,,dnes končí,2026-10-06,https://www.kupi.cz/letak/albert-supermarket-letak-701?page=40&map=215342703,https://img.kupi.cz/kupi/thumbs/menu-box-albert_170_340.jpg,2026-10-06T17:43:49+02:00
Albert,Vaření a pečení,451373,Menu box Indické kari Madras Albert 1 ks,menu_box_indicke_kari_madras,99.9,,Kč,"99,90 Kč / 1 ks",,99.9,False,,,st 7. 10. – út 13. 10.,2026-10-07 - 2026-10-13,https://www.kupi.cz/letak/albert-hypermarket-letak-znojmo-brnenska-2?page=7&map=216235863,https://img.kupi.cz/kupi/thumbs/menu-box-indicke-kari-madras-albert_170_340.jpg,2026-10-06T17:43:49+02:00
Albert,Vaření a pečení,506793,Džem 4Slim 280 g,dzem_4slim,79.9,99.88,Kč,"28,54 Kč / 100 g",285.4,,False,,,-20% st 7. 10. – út 13. 10.,2026-10-07 - 2026-10-13,https://www.kupi.cz/letak/albert-hypermarket-letak-652?page=54&map=216233241,https://img.kupi.cz/kupi/thumbs/dzem-4slim_170_340.jpg,2026-10-06T17:43:51+02:00
Albert,Vaření a pečení,488955,Menu box Indická Tikka Masala Albert 1 ks,menu_box_indicka_tikka_masala,99.9,,Kč,"99,90 Kč / 1 ks",,99.9,False,,,st 7. 10. – út 13. 10.,2026-10-07 - 2026-10-13,https://www.kupi.cz/letak/albert-hypermarket-letak-znojmo-brnenska-2?page=7&map=216235857,https://img.kupi.cz/kupi/thumbs/menu-box-indicka-tikka-masala-albert_170_340.jpg,2026-10-06T17:43:51+02:00
Albert,Vaření a pečení,488955,Menu box Indická Tikka Masala Albert 1 ks,menu_box_indicka_tikka_masala,99.9,,Kč,"99,90 Kč / 1 ks",,99.9,False,,,dnes končí,2026-10-06,https://www.kupi.cz/letak/albert-hypermarket-letak-651?page=47&map=215325882,https://img.kupi.cz/kupi/thumbs/menu-box-indicka-tikka-masala-albert_170_340.jpg,2026-10-06T17:43:51+02:00
Albert,Vaření a pečení,505290,Těstoviny Gustona 400 g,testoviny_gustona,9.9,,Kč,"2,48 Kč / 100 g",24.8,,False,,,st 7. 10. – út 13. 10.,2026-10-07 - 2026-10-13,https://www.kupi.cz/letak/albert-hypermarket-letak-652?page=25&map=216231480,https://img.kupi.cz/kupi/thumbs/testoviny-gustona_170_340.jpg,2026-10-06T17:43:51+02:00
Albert,Vaření a pečení,505290,Těstoviny Gustona 400 g,testoviny_gustona,9.9,,Kč,"2,48 Kč / 100 g",24.8,,False,,,dnes končí,2026-10-06,https://www.kupi.cz/letak/albert-hypermarket-letak-651?page=27&map=215332956,https://img.kupi.cz/kupi/thumbs/testoviny-gustona_170_340.jpg,2026-10-06T17:43:51+02:00
Albert,Vaření a pečení,393232,Tapas Guacamole Albert Excellent 175 g,tapas_guacamole_excellent,69.0,,Kč,"39,43 Kč / 100 g",394.3,,False,,,dnes končí,2026-10-06,https://www.kupi.cz/letak/albert-supermarket-letak-701?page=41&map=215342949,https://img.kupi.cz/kupi/thumbs/tapas-guacamole-albert-excellent_170_340.png,2026-10-06T17:43:51+02:00
Albert,Vaření a pečení,455648,Menu box Polévka batátová Albert 1 ks,menu_box_polevka_batatova,79.9,,Kč,"79,90 Kč / 1 ks",,79.9,False,,,st 7. 10. – út 13. 10.,2026-10-07 - 2026-10-13,https://www.kupi.cz/letak/albert-hypermarket-letak-znojmo-brnenska-2?page=7&map=216235860,https://img.kupi.cz/kupi/thumbs/menu-box-polevka-batatova-albert_170_340.jpg,2026-10-06T17:43:51+02:00
Albert,Vaření a pečení,488040,Menu box Indická polévka mrkvová Albert 1 ks,menu_box_indicka_polevka_mrkvova,79.9,,Kč,"79,90 Kč / 1 ks",,79.9,False,,,dnes končí,2026-10-06,https://www.kupi.cz/letak/albert-supermarket-letak-701?page=40&map=215342712,https://img.kupi.cz/kupi/thumbs/menu-box-indicka-polevka-mrkvova-albert_170_340.jpg,2026-10-06T17:43:51+02:00
Albert,Vaření a pečení,557427,Rýže dlouhozrnná Gustona 400 g,ryze_dlouhozrnna_gustona,19.9,,Kč,"4,97 Kč / 100 g",49.7,,False,,,st 7. 10. – út 13. 10.,2026-10-07 - 2026-10-13,https://www.kupi.cz/letak/albert-hypermarket-letak-652?page=25&map=216231486,https://www.kupi.cz/img/no_img/no_discounts.png,2026-10-06T17:43:51+02:00
Albert,Vaření a pečení,557427,Rýže dlouhozrnná Gustona 400 g,ryze_dlouhozrnna_gustona,19.9,,Kč,"4,97 Kč / 100 g",49.7,,False,,,dnes končí,2026-10-06,https://www.kupi.cz/letak/albert-hypermarket-letak-651?page=27&map=215332962,https://www.kupi.cz/img/no_img/no_discounts.png,2026-10-06T17:43:51+02:00
Albert,Vaření a pečení,535017,Sladidlo Erythritol 4Slim 300 g,sladidlo_erythritol_4slim,109.9,166.52,Kč,"36,63 Kč / 100 g",366.3,,False,,,-34% st 7. 10. – út 13. 10.,2026-10-07 - 2026-10-13,https://www.kupi.cz/letak/albert-hypermarket-letak-652?page=54&map=216233247,https://img.kupi.cz/kupi/thumbs/sladidlo-erythritol-4slim_170_340.jpg,2026-10-06T17:43:51+02:00
Albert,Vaření a pečení,393340,Tapas Pesto Albert Excellent 90 g,tapas_pesto_excellent,69.0,,Kč,"76,67 Kč / 100 g",766.7,,False,,,st 7. 10. – út 13. 10.,2026-10-07 - 2026-10-13,https://www.kupi.cz/letak/albert-hypermarket-letak-652?page=53&map=216233217,https://img.kupi.cz/kupi/thumbs/tapas-pesto-albert-excellent_170_340.png,2026-10-06T17:43:51+02:00
Albert,Vaření a pečení,505107,Tapas zelené pesto s piniovými oříšky Albert Excellent 90 g,tapas_zelene_pesto_s_piniovymi_orisky_excellent,69.0,,Kč,"76,67 Kč / 100 g",766.7,,False,,,st 7. 10. – út 13. 10.,2026-10-07 - 2026-10-13,https://www.kupi.cz/letak/albert-supermarket-letak-702?page=40&map=216235671,https://img.kupi.cz/kupi/thumbs/tapas-zelene-pesto-s-piniovymi-orisky-albert-excellent_170_340.jpg,2026-10-06T17:43:51+02:00
Albert,Vaření a pečení,563289,Menu box Kuskus na marocký způsob Albert 1 ks,menu_box_kuskus_na_marocky_zpusob,99.9,,Kč,"99,90 Kč / 1 ks",,99.9,False,,,dnes končí,2026-10-06,https://www.kupi.cz/letak/albert-hypermarket-letak-651?page=47&map=215325888,https://www.kupi.cz/img/no_img/no_discounts.png,2026-10-06T17:43:51+02:00
Albert,Vaření a pečení,431151,Džem Gustona 450 g,dzem_gustona,49.9,,Kč,"11,09 Kč / 100 g",110.9,,False,,,st 7. 10. – út 13. 10.,2026-10-07 - 2026-10-13,https://www.kupi.cz/letak/albert-hypermarket-letak-652?page=25&map=216231474,https://img.kupi.cz/kupi/thumbs/dzem-gustona_170_340.jpg,2026-10-06T17:43:51+02:00
Albert,Vaření a pečení,431151,Džem Gustona 450 g,dzem_gustona,49.9,,Kč,"11,09 Kč / 100 g",110.9,,False,,,dnes končí,2026-10-06,https://www.kupi.cz/letak/albert-hypermarket-letak-651?page=27&map=215332950,https://img.kupi.cz/kupi/thumbs/dzem-gustona_170_340.jpg,2026-10-06T17:43:51+02:00
Albert,Vaření a pečení,544887,Menu box Polévka zeleninová Albert 1 ks,menu_box_polevka_zeleninova,79.9,,Kč,"79,90 Kč / 1 ks",,79.9,False,,,dnes končí,2026-10-06,https://www.kupi.cz/letak/albert-hypermarket-letak-651?page=47&map=215325885,https://www.kupi.cz/img/no_img/no_discounts.png,2026-10-06T17:43:51+02:00
Albert,Vaření a pečení,586374,Obalované masové kuličky se sýrem a špenátem Albert 0.3 kg,obalovane_masove_kulicky_se_syrem_a_spenatem,69.9,89.62,Kč,"233,00 Kč / 1 kg",233.0,,False,,,-22% dnes končí,2026-10-06,https://www.kupi.cz/letak/albert-supermarket-letak-701?page=19&map=215340264,https://www.kupi.cz/img/no_img/no_discounts.png,2026-10-06T17:43:51+02:00
Albert,Vaření a pečení,544884,Menu box Thajské kuře Siam Albert 1 ks,menu_box_thajske_kure_siam,99.9,,Kč,"99,90 Kč / 1 ks",,99.9,False,,,st 7. 10. – út 13. 10.,2026-10-07 - 2026-10-13,https://www.kupi.cz/letak/albert-hypermarket-letak-652?page=52&map=216233190,https://www.kupi.cz/img/no_img/no_discounts.png,2026-10-06T17:43:51+02:00
Albert,Vaření a pečení,544884,Menu box Thajské kuře Siam Albert 1 ks,menu_box_thajske_kure_siam,99.9,,Kč,"99,90 Kč / 1 ks",,99.9,False,,,dnes končí,2026-10-06,https://www.kupi.cz/letak/albert-supermarket-letak-701?page=40&map=215342718,https://www.kupi.cz/img/no_img/no_discounts.png,2026-10-06T17:43:51+02:00
Albert,Vaření a pečení,569190,Menu box sladkokyselý wok Albert 1 ks,menu_box_sladkokysely_wok,99.9,,Kč,"99,90 Kč / 1 ks",,99.9,False,,,st 7. 10. – út 13. 10.,2026-10-07 - 2026-10-13,https://www.kupi.cz/letak/albert-hypermarket-letak-652?page=52&map=216233181,https://www.kupi.cz/img/no_img/no_discounts.png,2026-10-06T17:43:51+02:00
Albert,Vaření a pečení,569190,Menu box sladkokyselý wok Albert 1 ks,menu_box_sladkokysely_wok,99.9,,Kč,"99,90 Kč / 1 ks",,99.9,False,,,dnes končí,2026-10-06,https://www.kupi.cz/letak/albert-supermarket-letak-701?page=40&map=215342754,https://www.kupi.cz/img/no_img/no_discounts.png,2026-10-06T17:43:51+02:00
Albert,Vaření a pečení,541905,Porchetta 1000 g,porchetta,179.0,238.67,Kč,"17,90 Kč / 100 g",179.0,,False,,,-25% st 7. 10. – út 13. 10.,2026-10-07 - 2026-10-13,https://www.kupi.cz/letak/albert-hypermarket-letak-652?page=19&map=216265218,https://www.kupi.cz/img/no_img/no_discounts.png,2026-10-06T17:43:51+02:00
Albert,Vaření a pečení,569673,Kyselina citronová Nature's Promise 1000 g,kyselina_citronova_nature_s_promise,159.0,187.06,Kč,"15,90 Kč / 100 g",159.0,,False,,,-15% st 7. 10. – út 13. 10.,2026-10-07 - 2026-10-13,https://www.kupi.cz/letak/albert-hypermarket-letak-652?page=58&map=216230757,https://www.kupi.cz/img/no_img/no_discounts.png,2026-10-06T17:43:51+02:00
Albert,Vaření a pečení,563292,Menu box Rajčatová polévka Albert 1 ks,menu_box_rajcatova_polevka,79.9,,Kč,"79,90 Kč / 1 ks",,79.9,False,,,st 7. 10. – út 13. 10.,2026-10-07 - 2026-10-13,https://www.kupi.cz/letak/albert-hypermarket-letak-652?page=52&map=216233193,https://www.kupi.cz/img/no_img/no_discounts.png,2026-10-06T17:43:52+02:00
Albert,Sladkosti a slané snacky,681,Čokoláda Milka,cokolada_milka,69.9,109.22,Kč,"23,30 Kč / 100 g",233.0,,False,,,-36% st 7. 10. – út 13. 10.,2026-10-07 - 2026-10-13,https://www.kupi.cz/letak/albert-hypermarket-letak-652?page=6&map=216229167,https://img.kupi.cz/kupi/thumbs/cokolada-milka-2_170_340.jpg,2026-10-06T17:43:54+02:00
Albert,Sladkosti a slané snacky,681,Čokoláda Milka,cokolada_milka,29.9,39.87,Kč,"29,90 Kč / 100 g",299.0,,False,,,-25% dnes končí,2026-10-06,https://www.kupi.cz/letak/albert-hypermarket-letak-651?page=24&map=215332674,https://img.kupi.cz/kupi/thumbs/cokolada-milka-2_170_340.jpg,2026-10-06T17:43:54+02:00
Albert,Sladkosti a slané snacky,2188,Nutella 600 g,nutella,119.9,178.96,Kč,"19,98 Kč / 100 g",199.8,,True,Můj Albert,119.9,-33% Můj Albert st 7. 10. – út 13. 10.,2026-10-07 - 2026-10-13,https://www.kupi.cz/letak/albert-hypermarket-letak-652?page=29&map=216231756,https://img.kupi.cz/kupi/thumbs/nutella-2_170_340.jpg,2026-10-06T17:43:54+02:00
Albert,Sladkosti a slané snacky,2188,Nutella 600 g,nutella,139.9,177.09,Kč,"23,32 Kč / 100 g",233.2,,False,,,-21% st 7. 10. – út 13. 10.,2026-10-07 - 2026-10-13,https://www.kupi.cz/letak/albert-hypermarket-letak-652?page=29&map=216231759,https://img.kupi.cz/kupi/thumbs/nutella-2_170_340.jpg,2026-10-06T17:43:54+02:00
Albert,Sladkosti a slané snacky,1245,Čokoláda Studentská pečeť Orion,cokolada_studentska_pecet_orion,69.9,109.22,Kč,"27,96 Kč / 100 g",279.6,,False,,,-36% dnes končí,2026-10-06,https://www.kupi.cz/letak/albert-supermarket-letak-701?page=28&map=215341170,https://img.kupi.cz/kupi/thumbs/cokolada-studentska-pecet-orion_170_340.png,2026-10-06T17:43:54+02:00
Albert,Sladkosti a slané snacky,1245,Čokoláda Studentská pečeť Orion,cokolada_studentska_pecet_orion,49.9,89.11,Kč,"29,35 Kč / 100 g",293.5,,False,,,-44% dnes končí,2026-10-06,https://www.kupi.cz/letak/albert-hypermarket-letak-651?page=24&map=215332677,https://img.kupi.cz/kupi/thumbs/cokolada-studentska-pecet-orion_170_340.png,2026-10-06T17:43:54+02:00
Albert,Sladkosti a slané snacky,1245,Čokoláda Studentská pečeť Orion,cokolada_studentska_pecet_orion,29.9,39.87,Kč,"33,22 Kč / 100 g",332.2,,False,,,-25% st 7. 10. – út 13. 10.,2026-10-07 - 2026-10-13,https://www.kupi.cz/letak/albert-supermarket-letak-702?page=27&map=216235014,https://img.kupi.cz/kupi/thumbs/cokolada-studentska-pecet-orion_170_340.png,2026-10-06T17:43:54+02:00
Albert,Sladkosti a slané snacky,286,Chipsy Bohemia Chips 130 g,chipsy_bohemia_chips,29.9,39.87,Kč,"23,00 Kč / 100 g",230.0,,True,Můj Albert,29.9,-25% Můj Albert dnes končí,2026-10-06,https://www.kupi.cz/letak/albert-hypermarket-letak-651?page=8&map=215325273,https://img.kupi.cz/kupi/thumbs/chipsy-bohemia-chips_170_340.png,2026-10-06T17:43:54+02:00
Albert,Sladkosti a slané snacky,286,Chipsy Bohemia Chips 130 g,chipsy_bohemia_chips,34.9,49.86,Kč,"26,85 Kč / 100 g",268.5,,False,,,-30% st 7. 10. – út 20. 10.,2026-10-07 - 2026-10-20,https://www.kupi.cz/letak/albert-supermarket-nabidka-ve-znackove-kvalite-3?page=9&map=216205968,https://img.kupi.cz/kupi/thumbs/chipsy-bohemia-chips_170_340.png,2026-10-06T17:43:54+02:00
Albert,Sladkosti a slané snacky,48120,Sušenky Biscoff Lotus 200 g,susenky_biscoff_lotus,29.9,54.36,Kč,"14,95 Kč / 100 g",149.5,,False,,,-45% st 7. 10. – út 13. 10.,2026-10-07 - 2026-10-13,https://www.kupi.cz/letak/albert-hypermarket-letak-652?page=32&map=216231879,https://img.kupi.cz/kupi/thumbs/susenky-biscoff-lotus_170_340.png,2026-10-06T17:43:54+02:00
Albert,Sladkosti a slané snacky,48120,Sušenky Biscoff Lotus 200 g,susenky_biscoff_lotus,29.9,54.36,Kč,"14,95 Kč / 100 g",149.5,,False,,,-45% dnes končí,2026-10-06,https://www.kupi.cz/letak/albert-hypermarket-letak-651?page=6&map=215325171,https://img.kupi.cz/kupi/thumbs/susenky-biscoff-lotus_170_340.png,2026-10-06T17:43:54+02:00
Albert,Sladkosti a slané snacky,1160,Oplatky Mila Sedita 50 g,oplatky_mila_sedita,59.9,,Kč,"23,96 Kč / 100 g",1198.0,,False,,,st 7. 10. – út 20. 10.,2026-10-07 - 2026-10-20,https://www.kupi.cz/letak/albert-supermarket-nabidka-ve-znackove-kvalite-3?page=7&map=216205917,https://img.kupi.cz/kupi/thumbs/oplatky-mila-sedita_170_340.jpg,2026-10-06T17:43:54+02:00
Albert,Sladkosti a slané snacky,1160,Oplatky Mila Sedita 50 g,oplatky_mila_sedita,59.9,,Kč,"23,96 Kč / 100 g",1198.0,,False,,,st 7. 10. – út 13. 10.,2026-10-07 - 2026-10-13,https://www.kupi.cz/letak/albert-supermarket-letak-702?page=41&map=216235689,https://img.kupi.cz/kupi/thumbs/oplatky-mila-sedita_170_340.jpg,2026-10-06T17:43:54+02:00
Albert,Sladkosti a slané snacky,1160,Oplatky Mila Sedita 50 g,oplatky_mila_sedita,14.9,18.86,Kč,"29,80 Kč / 100 g",298.0,,False,,,-21% st 7. 10. – út 13. 10.,2026-10-07 - 2026-10-13,https://www.kupi.cz/letak/albert-hypermarket-letak-652?page=32&map=216231867,https://img.kupi.cz/kupi/thumbs/oplatky-mila-sedita_170_340.jpg,2026-10-06T17:43:54+02:00
Albert,Sladkosti a slané snacky,6015,Čokoládové vajíčko s překvapením Kinder Surprise 20 g,cokoladove_vajicko_s_prekvapenim_kinder_surprise,24.9,34.58,Kč,"124,50 Kč / 100 g",1245.0,,False,,,-28% dnes končí,2026-10-06,https://www.kupi.cz/letak/albert-hypermarket-letak-651?page=24&map=215332668,https://img.kupi.cz/kupi/thumbs/cokoladove-vajicko-s-prekvapenim-kinder-surprise_170_340.jpg,2026-10-06T17:43:54+02:00
Albert,Sladkosti a slané snacky,9306,Medovník Original 150 g,medovnik_original,34.9,45.32,Kč,"23,27 Kč / 100 g",232.7,,False,,,-23% dnes končí,2026-10-06,https://www.kupi.cz/letak/albert-hypermarket-letak-651?page=14&map=215325594,https://img.kupi.cz/kupi/thumbs/medovnik-original_170_340.jpg,2026-10-06T17:43:54+02:00
Albert,Sladkosti a slané snacky,1700,Čokoláda Excellence Lindt 100 g,cokolada_excellence_lindt,79.9,109.45,Kč,"79,90 Kč / 100 g",799.0,,False,,,-27% dnes končí,2026-10-06,https://www.kupi.cz/letak/albert-hypermarket-letak-651?page=46&map=215326560,https://img.kupi.cz/kupi/thumbs/cokolada-excellence-lindt-1_170_340.jpg,2026-10-06T17:43:54+02:00
Albert,Sladkosti a slané snacky,81,Chipsy Lay's,chipsy_lay_s,34.9,57.21,Kč,"21,41 Kč / 100 g",214.1,,True,Můj Albert,34.9,-39% Můj Albert st 7. 10. – út 13. 10.,2026-10-07 - 2026-10-13,https://www.kupi.cz/letak/albert-hypermarket-letak-652?page=12&map=216230382,https://img.kupi.cz/kupi/thumbs/chipsy-lays_170_340.jpg,2026-10-06T17:43:54+02:00
Albert,Sladkosti a slané snacky,81,Chipsy Lay's,chipsy_lay_s,39.9,72.55,Kč,"22,17 Kč / 100 g",221.7,,True,Můj Albert,39.9,-45% Můj Albert st 7. 10. – út 13. 10.,2026-10-07 - 2026-10-13,https://www.kupi.cz/letak/albert-supermarket-letak-702?page=26&map=216235002,https://img.kupi.cz/kupi/thumbs/chipsy-lays_170_340.jpg,2026-10-06T17:43:54+02:00
Albert,Sladkosti a slané snacky,81,Chipsy Lay's,chipsy_lay_s,39.9,57.83,Kč,"24,48 Kč / 100 g",244.8,,False,,,-31% st 7. 10. – út 13. 10.,2026-10-07 - 2026-10-13,https://www.kupi.cz/letak/albert-hypermarket-letak-652?page=12&map=216230385,https://img.kupi.cz/kupi/thumbs/chipsy-lays_170_340.jpg,2026-10-06T17:43:54+02:00
Albert,Sladkosti a slané snacky,81,Chipsy Lay's,chipsy_lay_s,49.9,72.32,Kč,"27,72 Kč / 100 g",277.2,,False,,,-31% st 7. 10. – út 13. 10.,2026-10-07 - 2026-10-13,https://www.kupi.cz/letak/albert-supermarket-letak-702?page=26&map=216234999,https://img.kupi.cz/kupi/thumbs/chipsy-lays_170_340.jpg,2026-10-06T17:43:54+02:00
Albert,Sladkosti a slané snacky,81,Chipsy Lay's,chipsy_lay_s,27.9,34.87,Kč,"46,50 Kč / 100 g",465.0,,False,,,-20% st 7. 10. – út 13. 10.,2026-10-07 - 2026-10-13,https://www.kupi.cz/letak/albert-supermarket-letak-702?page=11&map=216234519,https://img.kupi.cz/kupi/thumbs/chipsy-lays_170_340.jpg,2026-10-06T17:43:54+02:00
Albert,Sladkosti a slané snacky,1747,Piškoty Opavia 220 g,piskoty_opavia,29.9,43.33,Kč,"13,59 Kč / 100 g",135.9,,False,,,-31% platí do úterý 13. 10.,2026-10-06 - 2026-10-13,https://www.kupi.cz/letak/albert-hypermarket-letak-651?page=6&map=215325174,https://img.kupi.cz/kupi/thumbs/piskoty-opavia_170_340.jpg,2026-10-06T17:43:54+02:00
Albert,Sladkosti a slané snacky,940,Sušenky BeBe Dobré ráno Opavia,susenky_bebe_dobre_rano_opavia,59.9,89.4,Kč,"16,64 Kč / 100 g",166.4,,False,,,-33% st 7. 10. – út 13. 10.,2026-10-07 - 2026-10-13,https://www.kupi.cz/letak/albert-hypermarket-letak-652?page=32&map=216231876,https://img.kupi.cz/kupi/thumbs/susenky-bebe-dobre-rano-opavia_170_340.png,2026-10-06T17:43:54+02:00
Albert,Sladkosti a slané snacky,940,Sušenky BeBe Dobré ráno Opavia,susenky_bebe_dobre_rano_opavia,9.9,12.86,Kč,"19,80 Kč / 100 g",198.0,,False,,,-23% dnes končí,2026-10-06,https://www.kupi.cz/letak/albert-hypermarket-letak-651?page=25&map=215332806,https://img.kupi.cz/kupi/thumbs/susenky-bebe-dobre-rano-opavia_170_340.png,2026-10-06T17:43:54+02:00
Albert,Sladkosti a slané snacky,472,Tyčinka Margot Orion 80 g,tycinka_margot_orion,15.9,26.5,Kč,"19,88 Kč / 100 g",198.8,,False,,,-40% st 7. 10. – út 13. 10.,2026-10-07 - 2026-10-13,https://www.kupi.cz/letak/albert-hypermarket-letak-652?page=32&map=216231846,https://img.kupi.cz/kupi/thumbs/tycinka-margot-orion-1_170_340.jpg,2026-10-06T17:43:54+02:00
Albert,Sladkosti a slané snacky,955,Čokoládky Kinder 100 g,cokoladky_kinder,29.9,49.83,Kč,"29,90 Kč / 100 g",299.0,,False,,,-40% dnes končí,2026-10-06,https://www.kupi.cz/letak/albert-supermarket-letak-frenstat-pod-radhostem-roznovska-4?page=10&map=215350338,https://img.kupi.cz/kupi/thumbs/cokoladky-kinder_170_340.jpg,2026-10-06T17:43:54+02:00
Albert,Sladkosti a slané snacky,955,Čokoládky Kinder 100 g,cokoladky_kinder,29.9,49.83,Kč,"29,90 Kč / 100 g",299.0,,False,,,-40% dnes končí,2026-10-06,https://www.kupi.cz/letaky/albert,https://img.kupi.cz/kupi/thumbs/cokoladky-kinder_170_340.jpg,2026-10-06T17:43:54+02:00
Albert,Sladkosti a slané snacky,2830,Oplatky Horalky Sedita 50 g,oplatky_horalky_sedita,59.9,,Kč,"23,96 Kč / 100 g",1198.0,,False,,,st 7. 10. – út 13. 10.,2026-10-07 - 2026-10-13,https://www.kupi.cz/letak/albert-hypermarket-letak-652?page=32&map=216231870,https://img.kupi.cz/kupi/thumbs/oplatky-horalky-sedita-1_170_340.jpg,2026-10-06T17:43:54+02:00
Albert,Sladkosti a slané snacky,2830,Oplatky Horalky Sedita 50 g,oplatky_horalky_sedita,59.9,,Kč,"23,96 Kč / 100 g",1198.0,,False,,,st 7. 10. – út 20. 10.,2026-10-07 - 2026-10-20,https://www.kupi.cz/letak/albert-supermarket-nabidka-ve-znackove-kvalite-3?page=7&map=216205908,https://img.kupi.cz/kupi/thumbs/oplatky-horalky-sedita-1_170_340.jpg,2026-10-06T17:43:54+02:00
Albert,Sladkosti a slané snacky,2457,Čokokrém arašídový Nugeta Orion 340 g,cokokrem_arasidovy_nugeta_orion,69.9,99.86,Kč,"20,56 Kč / 100 g",205.6,,False,,,-30% dnes končí,2026-10-06,https://www.kupi.cz/letak/albert-hypermarket-letak-651?page=25&map=215332809,https://img.kupi.cz/kupi/thumbs/nugeta-arasidova-orion_170_340.jpg,2026-10-06T17:43:54+02:00
Albert,Sladkosti a slané snacky,714,Tyčinka Ledové kaštany Orion 45 g,tycinka_ledove_kastany_orion,13.9,19.86,Kč,"30,89 Kč / 100 g",308.9,,False,,,-30% dnes končí,2026-10-06,https://www.kupi.cz/letak/albert-supermarket-letak-701?page=25&map=215340909,https://img.kupi.cz/kupi/thumbs/ledove-kastany-orion-2_170_340.jpg,2026-10-06T17:43:54+02:00
Albert,Sladkosti a slané snacky,6065,Chipsy Pringles - tubus 165 g,chipsy_pringles_tubus,59.9,89.4,Kč,"36,30 Kč / 100 g",363.0,,False,,,-33% dnes končí,2026-10-06,https://www.kupi.cz/letak/albert-hypermarket-letak-651?page=30&map=215333250,https://img.kupi.cz/kupi/thumbs/chipsy-pringles-tubus-1_170_340.jpg,2026-10-06T17:43:54+02:00
Albert,Sladkosti a slané snacky,687,BeBe Brumík Opavia 30 g,bebe_brumik_opavia,34.9,57.21,Kč,"23,27 Kč / 100 g",1163.33,,False,,,-39% dnes končí,2026-10-06,https://www.kupi.cz/letak/albert-supermarket-letak-701?page=28&map=215341155,https://img.kupi.cz/kupi/thumbs/bebe-brumik-opavia_170_340.jpg,2026-10-06T17:43:55+02:00
Albert,Sladkosti a slané snacky,687,BeBe Brumík Opavia 30 g,bebe_brumik_opavia,8.9,13.48,Kč,"29,67 Kč / 100 g",296.7,,False,,,-34% dnes končí,2026-10-06,https://www.kupi.cz/letak/albert-hypermarket-letak-651?page=24&map=215332707,https://img.kupi.cz/kupi/thumbs/bebe-brumik-opavia_170_340.jpg,2026-10-06T17:43:55+02:00
Albert,Sladkosti a slané snacky,954,Oplatky Tatranky Opavia 47 g,oplatky_tatranky_opavia,11.9,15.87,Kč,"25,32 Kč / 100 g",253.2,,False,,,-25% dnes končí,2026-10-06,https://www.kupi.cz/letak/albert-hypermarket-letak-651?page=24&map=215332686,https://img.kupi.cz/kupi/thumbs/oplatky-tatranky-opavia-1_170_340.jpg,2026-10-06T17:43:55+02:00
Albert,Sladkosti a slané snacky,588,Žvýkačky Orbit,zvykacky_orbit,49.9,64.81,Kč,"99,80 Kč / 100 g",998.0,,False,,,-23% st 7. 10. – út 13. 10.,2026-10-07 - 2026-10-13,https://www.kupi.cz/letak/albert-supermarket-letak-702?page=27&map=216235050,https://img.kupi.cz/kupi/thumbs/zvykacky-orbit-1_170_340.png,2026-10-06T17:43:55+02:00
Albert,Sladkosti a slané snacky,588,Žvýkačky Orbit,zvykacky_orbit,49.9,64.81,Kč,"99,80 Kč / 100 g",998.0,,False,,,-23% dnes končí,2026-10-06,https://www.kupi.cz/letak/albert-hypermarket-letak-651?page=24&map=215332671,https://img.kupi.cz/kupi/thumbs/zvykacky-orbit-1_170_340.png,2026-10-06T17:43:55+02:00
Albert,Sladkosti a slané snacky,588,Žvýkačky Orbit,zvykacky_orbit,18.9,21.72,Kč,"135,00 Kč / 100 g",1350.0,,False,,,-13% st 7. 10. – út 13. 10.,2026-10-07 - 2026-10-13,https://www.kupi.cz/letak/albert-supermarket-letak-702?page=26&map=216234993,https://img.kupi.cz/kupi/thumbs/zvykacky-orbit-1_170_340.png,2026-10-06T17:43:55+02:00
Albert,Sladkosti a slané snacky,2097,Brambůrky strážnické Petr Hobža 60 g,bramburky_straznicke_petr_hobza,9.9,15.71,Kč,"16,50 Kč / 100 g",165.0,,False,,,-37% dnes končí,2026-10-06,https://www.kupi.cz/letak/albert-supermarket-letak-701?page=31&map=215341551,https://img.kupi.cz/kupi/thumbs/bramburky-straznicke-petr-hobza_170_340.png,2026-10-06T17:43:55+02:00
Albert,Sladkosti a slané snacky,766,Oplatky Fidorka Opavia 30 g,oplatky_fidorka_opavia,9.9,18.68,Kč,"33,00 Kč / 100 g",330.0,,True,Můj Albert,9.9,-47% Můj Albert dnes končí,2026-10-06,https://www.kupi.cz/letak/albert-hypermarket-letak-651?map=215325066,https://img.kupi.cz/kupi/thumbs/oplatky-fidorka-opavia_170_340.png,2026-10-06T17:43:55+02:00
Albert,Sladkosti a slané snacky,766,Oplatky Fidorka Opavia 30 g,oplatky_fidorka_opavia,12.9,18.7,Kč,"43,00 Kč / 100 g",430.0,,False,,,-31% dnes končí,2026-10-06,https://www.kupi.cz/letak/albert-hypermarket-letak-651?map=215325063,https://img.kupi.cz/kupi/thumbs/oplatky-fidorka-opavia_170_340.png,2026-10-06T17:43:55+02:00
Albert,Sladkosti a slané snacky,718,Tyčinka Bueno Kinder 43 g,tycinka_bueno_kinder,18.9,26.62,Kč,"43,95 Kč / 100 g",439.5,,False,,,-29% dnes končí,2026-10-06,https://www.kupi.cz/letak/albert-hypermarket-letak-651?page=46&map=215326788,https://img.kupi.cz/kupi/thumbs/tycinka-bueno-kinder_170_340.jpg,2026-10-06T17:43:55+02:00
Albert,Sladkosti a slané snacky,686,Zlaté polomáčené Opavia,zlate_polomacene_opavia,27.9,33.61,Kč,"18,60 Kč / 100 g",186.0,,False,,,-17% dnes končí,2026-10-06,https://www.kupi.cz/letak/albert-supermarket-letak-701?page=25&map=215340942,https://img.kupi.cz/kupi/thumbs/zlate-polomacene-opavia-1_170_340.jpg,2026-10-06T17:43:55+02:00
Albert,Sladkosti a slané snacky,686,Zlaté polomáčené Opavia,zlate_polomacene_opavia,19.9,25.84,Kč,"19,90 Kč / 100 g",199.0,,False,,,-23% st 7. 10. – út 13. 10.,2026-10-07 - 2026-10-13,https://www.kupi.cz/letak/albert-hypermarket-letak-652?page=32&map=216231840,https://img.kupi.cz/kupi/thumbs/zlate-polomacene-opavia-1_170_340.jpg,2026-10-06T17:43:55+02:00
Albert,Sladkosti a slané snacky,4950,Bonboniéra Pralinky Lindor Lindt 200 g,bonboniera_pralinky_lindor_lindt,129.9,265.1,Kč,"64,95 Kč / 100 g",649.5,,False,,,-51% dnes končí,2026-10-06,https://www.kupi.cz/letak/albert-supermarket-letak-701?page=28&map=215341173,https://img.kupi.cz/kupi/thumbs/bonboniera-pralinky-lindor-lindt_170_340.jpg,2026-10-06T17:43:55+02:00
Albert,Sladkosti a slané snacky,269,Bonbony JoJo,bonbony_jojo,24.9,44.46,Kč,"14,65 Kč / 100 g",146.5,,True,Můj Albert,24.9,-44% Můj Albert dnes končí,2026-10-06,https://www.kupi.cz/letak/albert-supermarket-letak-701?page=11&map=215339772,https://img.kupi.cz/kupi/thumbs/bonbony-jojo-1_170_340.jpg,2026-10-06T17:43:55+02:00
Albert,Sladkosti a slané snacky,269,Bonbony JoJo,bonbony_jojo,12.9,25.8,Kč,"16,12 Kč / 100 g",161.2,,False,,,-50% st 7. 10. – út 13. 10.,2026-10-07 - 2026-10-13,https://www.kupi.cz/letak/albert-supermarket-letak-702?page=27&map=216235038,https://img.kupi.cz/kupi/thumbs/bonbony-jojo-1_170_340.jpg,2026-10-06T17:43:55+02:00
Albert,Sladkosti a slané snacky,269,Bonbony JoJo,bonbony_jojo,13.9,25.74,Kč,"17,38 Kč / 100 g",173.8,,True,Můj Albert,13.9,-46% Můj Albert dnes končí,2026-10-06,https://www.kupi.cz/letaky/albert,https://img.kupi.cz/kupi/thumbs/bonbony-jojo-1_170_340.jpg,2026-10-06T17:43:55+02:00
Albert,Sladkosti a slané snacky,269,Bonbony JoJo,bonbony_jojo,29.9,44.63,Kč,"17,59 Kč / 100 g",175.9,,False,,,-33% dnes končí,2026-10-06,https://www.kupi.cz/letak/albert-supermarket-letak-701?page=11&map=215339778,https://img.kupi.cz/kupi/thumbs/bonbony-jojo-1_170_340.jpg,2026-10-06T17:43:55+02:00
Albert,Sladkosti a slané snacky,269,Bonbony JoJo,bonbony_jojo,15.9,25.65,Kč,"19,88 Kč / 100 g",198.8,,False,,,-38% st 7. 10. – út 13. 10.,2026-10-07 - 2026-10-13,https://www.kupi.cz/letak/albert-supermarket-letak-702?page=27&map=216235044,https://img.kupi.cz/kupi/thumbs/bonbony-jojo-1_170_340.jpg,2026-10-06T17:43:55+02:00
Albert,Sladkosti a slané snacky,269,Bonbony JoJo,bonbony_jojo,16.9,25.61,Kč,"21,12 Kč / 100 g",211.2,,False,,,-34% dnes končí,2026-10-06,https://www.kupi.cz/letaky/albert,https://img.kupi.cz/kupi/thumbs/bonbony-jojo-1_170_340.jpg,2026-10-06T17:43:55+02:00
Albert,Sladkosti a slané snacky,1132,Oplatky Miňonky Opavia 50 g,oplatky_minonky_opavia,11.9,18.89,Kč,"23,80 Kč / 100 g",238.0,,False,,,-37% dnes končí,2026-10-06,https://www.kupi.cz/letak/albert-hypermarket-letak-651?page=24&map=215332689,https://img.kupi.cz/kupi/thumbs/oplatky-minonky-opavia-1_170_340.jpg,2026-10-06T17:43:55+02:00
Albert,Sladkosti a slané snacky,473,Oplatky celomáčené Delissa Orion 30 g,oplatky_celomacene_delissa_orion,24.9,,Kč,"27,67 Kč / 100 g",830.0,,False,,,dnes končí,2026-10-06,https://www.kupi.cz/letak/albert-hypermarket-letak-651?page=24&map=215332683,https://img.kupi.cz/kupi/thumbs/oplatky-celomacene-delissa-orion_170_340.jpg,2026-10-06T17:43:55+02:00
Albert,Sladkosti a slané snacky,475,Bonboniéra Raffaello Ferrero,bonboniera_raffaello_ferrero,149.9,217.25,Kč,"65,17 Kč / 100 g",651.7,,False,,,-31% dnes končí,2026-10-06,https://www.kupi.cz/letak/albert-hypermarket-letak-651?page=6&map=215325150,https://img.kupi.cz/kupi/thumbs/bonboniera-raffaello-ferrero_170_340.jpg,2026-10-06T17:43:55+02:00
Albert,Sladkosti a slané snacky,475,Bonboniéra Raffaello Ferrero,bonboniera_raffaello_ferrero,99.9,153.69,Kč,"66,60 Kč / 100 g",666.0,,False,,,-35% dnes končí,2026-10-06,https://www.kupi.cz/letak/albert-supermarket-letak-701?page=11&map=215339739,https://img.kupi.cz/kupi/thumbs/bonboniera-raffaello-ferrero_170_340.jpg,2026-10-06T17:43:55+02:00
Albert,Sladkosti a slané snacky,264,Tyčinka Snickers 50 g,tycinka_snickers,16.9,28.64,Kč,"33,80 Kč / 100 g",338.0,,False,,,-41% st 7. 10. – út 13. 10.,2026-10-07 - 2026-10-13,https://www.kupi.cz/letak/albert-hypermarket-letak-652?page=32&map=216231843,https://img.kupi.cz/kupi/thumbs/tycinka-snickers-1_170_340.jpg,2026-10-06T17:43:55+02:00
Albert,Sladkosti a slané snacky,264,Tyčinka Snickers 50 g,tycinka_snickers,16.9,28.64,Kč,"33,80 Kč / 100 g",338.0,,False,,,-41% dnes končí,2026-10-06,https://www.kupi.cz/letak/albert-supermarket-letak-701?page=11&map=215339757,https://img.kupi.cz/kupi/thumbs/tycinka-snickers-1_170_340.jpg,2026-10-06T17:43:55+02:00
Albert,Sladkosti a slané snacky,1543,Tyčinka Kofila Orion 35 g,tycinka_kofila_orion,12.9,19.85,Kč,"36,86 Kč / 100 g",368.6,,False,,,-35% dnes končí,2026-10-06,https://www.kupi.cz/letak/albert-hypermarket-letak-651?page=24&map=215332704,https://img.kupi.cz/kupi/thumbs/kofila-orion_170_340.png,2026-10-06T17:43:55+02:00
Albert,Sladkosti a slané snacky,1235,Bonbony želé Haribo 100 g,bonbony_zele_haribo,16.9,24.85,Kč,"16,90 Kč / 100 g",169.0,,False,,,-32% st 7. 10. – út 13. 10.,2026-10-07 - 2026-10-13,https://www.kupi.cz/letak/albert-hypermarket-letak-652?page=6&map=216229170,https://img.kupi.cz/kupi/thumbs/bonbony-haribo-1_170_340.jpg,2026-10-06T17:43:55+02:00
Albert,Sladkosti a slané snacky,1235,Bonbony želé Haribo 100 g,bonbony_zele_haribo,16.9,18.78,Kč,"16,90 Kč / 100 g",169.0,,False,,,-10% dnes končí,2026-10-06,https://www.kupi.cz/letak/albert-supermarket-letak-701?page=11&map=215339790,https://img.kupi.cz/kupi/thumbs/bonbony-haribo-1_170_340.jpg,2026-10-06T17:43:55+02:00
Albert,Sladkosti a slané snacky,478,Bonboniéra Rocher Ferrero 200 g,bonboniera_rocher_ferrero,139.9,237.12,Kč,"69,95 Kč / 100 g",699.5,,True,Můj Albert,139.9,-41% Můj Albert st 7. 10. – út 20. 10.,2026-10-07 - 2026-10-20,https://www.kupi.cz/letak/albert-supermarket-nabidka-ve-znackove-kvalite-3?map=216205671,https://img.kupi.cz/kupi/thumbs/bonboniera-rocher-ferrero_170_340.jpg,2026-10-06T17:43:55+02:00
Albert,Sladkosti a slané snacky,478,Bonboniéra Rocher Ferrero 200 g,bonboniera_rocher_ferrero,139.9,237.12,Kč,"69,95 Kč / 100 g",699.5,,True,Můj Albert,139.9,-41% Můj Albert st 7. 10. – út 13. 10.,2026-10-07 - 2026-10-13,https://www.kupi.cz/letak/albert-hypermarket-letak-652?page=30&map=216231762,https://img.kupi.cz/kupi/thumbs/bonboniera-rocher-ferrero_170_340.jpg,2026-10-06T17:43:55+02:00
Albert,Sladkosti a slané snacky,478,Bonboniéra Rocher Ferrero 200 g,bonboniera_rocher_ferrero,149.9,237.94,Kč,"74,95 Kč / 100 g",749.5,,False,,,-37% st 7. 10. – út 20. 10.,2026-10-07 - 2026-10-20,https://www.kupi.cz/letak/albert-supermarket-nabidka-ve-znackove-kvalite-3?map=216205668,https://img.kupi.cz/kupi/thumbs/bonboniera-rocher-ferrero_170_340.jpg,2026-10-06T17:43:55+02:00
Albert,Sladkosti a slané snacky,478,Bonboniéra Rocher Ferrero 200 g,bonboniera_rocher_ferrero,149.9,237.94,Kč,"74,95 Kč / 100 g",749.5,,False,,,-37% st 7. 10. – út 13. 10.,2026-10-07 - 2026-10-13,https://www.kupi.cz/letak/albert-hypermarket-letak-652?page=30&map=216231765,https://img.kupi.cz/kupi/thumbs/bonboniera-rocher-ferrero_170_340.jpg,2026-10-06T17:43:55+02:00
Albert,Sladkosti a slané snacky,14936,Kinder Joy s překvapením 20 g,kinder_joy_s_prekvapenim,74.9,118.89,Kč,"124,83 Kč / 100 g",3745.0,,False,,,-37% dnes končí,2026-10-06,https://www.kupi.cz/letak/albert-supermarket-letak-701?page=28&map=215341161,https://img.kupi.cz/kupi/thumbs/kinder-joy-s-prekvapenim_170_340.png,2026-10-06T17:43:55+02:00
Albert,Sladkosti a slané snacky,487,Tyčinky Bohemia 80 g,tycinky_bohemia,19.9,29.7,Kč,"24,88 Kč / 100 g",248.8,,False,,,-33% st 7. 10. – út 13. 10.,2026-10-07 - 2026-10-13,https://www.kupi.cz/letak/albert-hypermarket-letak-652?page=13&map=216230430,https://img.kupi.cz/kupi/thumbs/tycinky-bohemia_170_340.jpg,2026-10-06T17:43:55+02:00
Albert,Sladkosti a slané snacky,266,Oplatky Kolonáda Opavia 140 g,oplatky_kolonada_opavia,39.9,54.66,Kč,"28,50 Kč / 100 g",285.0,,False,,,-27% dnes končí,2026-10-06,https://www.kupi.cz/letak/albert-supermarket-letak-701?page=28&map=215341209,https://img.kupi.cz/kupi/thumbs/oplatky-kolonada-opavia-1_170_340.jpg,2026-10-06T17:43:58+02:00
Albert,Sladkosti a slané snacky,43121,Pražené arašídy KK 150 g,prazene_arasidy_kk,39.9,48.07,Kč,"26,60 Kč / 100 g",266.0,,False,,,-17% st 7. 10. – út 13. 10.,2026-10-07 - 2026-10-13,https://www.kupi.cz/letak/albert-supermarket-letak-702?page=11&map=216234513,https://img.kupi.cz/kupi/thumbs/arasidy-prazene-kk_170_340.jpg,2026-10-06T17:43:58+02:00
Albert,Sladkosti a slané snacky,2582,Tyčinka Milena Orion 32 g,tycinka_milena_orion,9.9,17.68,Kč,"30,94 Kč / 100 g",309.4,,False,,,-44% st 7. 10. – út 13. 10.,2026-10-07 - 2026-10-13,https://www.kupi.cz/letak/albert-supermarket-letak-702?page=25&map=216234978,https://img.kupi.cz/kupi/thumbs/tycinka-milena-orion_170_340.png,2026-10-06T17:43:58+02:00
Albert,Sladkosti a slané snacky,4162,Ovesné sušenky Mysli na zdraví Emco 60 g,ovesne_susenky_mysli_na_zdravi_emco,13.9,15.8,Kč,"23,17 Kč / 100 g",231.7,,False,,,-12% st 7. 10. – út 13. 10.,2026-10-07 - 2026-10-13,https://www.kupi.cz/letak/albert-supermarket-letak-702?page=27&map=216235056,https://img.kupi.cz/kupi/thumbs/ovesne-susenky-mysli-na-zdravi-emco_170_340.jpg,2026-10-06T17:43:58+02:00
Albert,Sladkosti a slané snacky,490,Čokoláda Merci 100 g,cokolada_merci,34.9,69.8,Kč,"34,90 Kč / 100 g",349.0,,False,,,-50% st 7. 10. – út 13. 10.,2026-10-07 - 2026-10-13,https://www.kupi.cz/letak/albert-hypermarket-letak-652?page=32&map=216231858,https://img.kupi.cz/kupi/thumbs/cokolada-merci_170_340.jpg,2026-10-06T17:43:58+02:00
Albert,Sladkosti a slané snacky,8119,Tyčinky trvanlivé se sýrem a solí Havlík 90 g,tycinky_trvanlive_se_syrem_a_soli_havlik,11.9,15.87,Kč,"13,22 Kč / 100 g",132.2,,False,,,-25% dnes končí,2026-10-06,https://www.kupi.cz/letak/albert-hypermarket-letak-651?page=30&map=215333223,https://img.kupi.cz/kupi/thumbs/tycinky-trvanlive-se-syrem-a-soli-havlik-1_170_340.jpg,2026-10-06T17:43:58+02:00
Albert,Sladkosti a slané snacky,2037,Sušenky Oreo,susenky_oreo,39.9,51.82,Kč,"22,67 Kč / 100 g",226.7,,False,,,-23% dnes končí,2026-10-06,https://www.kupi.cz/letak/albert-supermarket-letak-701?page=11&map=215339769,https://img.kupi.cz/kupi/thumbs/susenky-oreo_170_340.png,2026-10-06T17:43:58+02:00
Albert,Sladkosti a slané snacky,2037,Sušenky Oreo,susenky_oreo,14.9,18.86,Kč,"33,86 Kč / 100 g",338.6,,False,,,-21% dnes končí,2026-10-06,https://www.kupi.cz/letak/albert-hypermarket-letak-651?page=24&map=215332713,https://img.kupi.cz/kupi/thumbs/susenky-oreo_170_340.png,2026-10-06T17:43:58+02:00
Albert,Sladkosti a slané snacky,4161,Tatranky Sereď 33 g,tatranky_sered,7.9,11.79,Kč,"23,94 Kč / 100 g",239.4,,False,,,-33% st 7. 10. – út 13. 10.,2026-10-07 - 2026-10-13,https://www.kupi.cz/letak/albert-hypermarket-letak-652?page=32&map=216231864,https://img.kupi.cz/kupi/thumbs/tatranky-sered-1_170_340.jpg,2026-10-06T17:43:58+02:00
Albert,Sladkosti a slané snacky,79,Sušenky BeBe Dobré ráno mini Opavia 300 g,susenky_bebe_dobre_rano_mini_opavia,67.9,89.34,Kč,"22,63 Kč / 100 g",226.3,,False,,,-24% st 7. 10. – út 13. 10.,2026-10-07 - 2026-10-13,https://www.kupi.cz/letak/albert-supermarket-letak-702?page=25&map=216234981,https://img.kupi.cz/kupi/thumbs/susenky-bebe-dobre-rano-mini-opavia_170_340.png,2026-10-06T17:43:58+02:00
Albert,Sladkosti a slané snacky,6001,Snack PomBär Chio 50 g,snack_pombar_chio,24.9,29.64,Kč,"49,80 Kč / 100 g",498.0,,False,,,-16% st 7. 10. – út 13. 10.,2026-10-07 - 2026-10-13,https://www.kupi.cz/letak/albert-hypermarket-letak-652?page=12&map=216230376,https://img.kupi.cz/kupi/thumbs/snack-pombar-chio_170_340.jpg,2026-10-06T17:43:58+02:00
Albert,Sladkosti a slané snacky,6001,Snack PomBär Chio 50 g,snack_pombar_chio,24.9,29.64,Kč,"49,80 Kč / 100 g",498.0,,False,,,-16% dnes končí,2026-10-06,https://www.kupi.cz/letak/albert-hypermarket-letak-651?page=30&map=215333217,https://img.kupi.cz/kupi/thumbs/snack-pombar-chio_170_340.jpg,2026-10-06T17:43:58+02:00
Albert,Sladkosti a slané snacky,3407,Mozartovy koule Victor Schmidt Manner 148 g,mozartovy_koule_victor_schmidt_manner,49.9,79.21,Kč,"33,72 Kč / 100 g",337.2,,False,,,-37% dnes končí,2026-10-06,https://www.kupi.cz/letak/albert-supermarket-letak-701?page=28&map=215341185,https://img.kupi.cz/kupi/thumbs/mozartovy-koule-victor-schmidt-manner_170_340.png,2026-10-06T17:43:58+02:00
Albert,Sladkosti a slané snacky,1238,Lentilky Orion 38 g,lentilky_orion,15.9,23.73,Kč,"41,84 Kč / 100 g",418.4,,False,,,-33% st 7. 10. – út 13. 10.,2026-10-07 - 2026-10-13,https://www.kupi.cz/letak/albert-hypermarket-letak-652?page=27&map=216266214,https://img.kupi.cz/kupi/thumbs/lentilky-orion-1_170_340.jpg,2026-10-06T17:43:58+02:00
Albert,Sladkosti a slané snacky,1043,Věnečky Zlaté Opavia 150 g,venecky_zlate_opavia,24.9,35.57,Kč,"16,60 Kč / 100 g",166.0,,False,,,-30% st 7. 10. – út 13. 10.,2026-10-07 - 2026-10-13,https://www.kupi.cz/letak/albert-supermarket-letak-702?page=27&map=216235008,https://img.kupi.cz/kupi/thumbs/venecky-zlate-opavia_170_340.jpg,2026-10-06T17:43:58+02:00
Albert,Sladkosti a slané snacky,394,Oplatky Kávenky Sedita 50 g,oplatky_kavenky_sedita,12.9,15.73,Kč,"25,80 Kč / 100 g",258.0,,False,,,-18% dnes končí,2026-10-06,https://www.kupi.cz/letak/albert-supermarket-letak-701?page=28&map=215341200,https://img.kupi.cz/kupi/thumbs/oplatky-kavenky-sedita_170_340.png,2026-10-06T17:43:58+02:00
Albert,Sladkosti a slané snacky,1280,Křupky arašídové Bohemia Chips 200 g,krupky_arasidove_bohemia_chips,37.9,43.56,Kč,"18,95 Kč / 100 g",189.5,,False,,,-13% dnes končí,2026-10-06,https://www.kupi.cz/letak/albert-supermarket-letak-701?page=31&map=215341566,https://img.kupi.cz/kupi/thumbs/krupky-arasidove-bohemia_170_340.jpg,2026-10-06T17:43:58+02:00
Albert,Sladkosti a slané snacky,663,Krekry Tuc 100 g,krekry_tuc,19.9,31.59,Kč,"19,90 Kč / 100 g",199.0,,False,,,-37% st 7. 10. – út 13. 10.,2026-10-07 - 2026-10-13,https://www.kupi.cz/letak/albert-supermarket-letak-702?page=11&map=216234507,https://img.kupi.cz/kupi/thumbs/krekry-tuc-2_170_340.jpg,2026-10-06T17:43:58+02:00
Albert,Sladkosti a slané snacky,2852,Tyčinka 3Bit 46 g,tycinka_3bit,16.9,23.8,Kč,"36,74 Kč / 100 g",367.4,,False,,,-29% st 7. 10. – út 13. 10.,2026-10-07 - 2026-10-13,https://www.kupi.cz/letak/albert-hypermarket-letak-652?page=27&map=216266217,https://img.kupi.cz/kupi/thumbs/tycinka-3bit-1_170_340.jpg,2026-10-06T17:43:58+02:00
Albert,Sladkosti a slané snacky,68760,Preclíky Dupetky Alka 80 g,precliky_dupetky_alka,18.9,24.87,Kč,"23,62 Kč / 100 g",236.2,,False,,,-24% st 7. 10. – út 13. 10.,2026-10-07 - 2026-10-13,https://www.kupi.cz/letak/albert-hypermarket-letak-652?page=13&map=216230439,https://img.kupi.cz/kupi/thumbs/precliky-dupetky-alka_170_340.png,2026-10-06T17:43:58+02:00
Albert,Sladkosti a slané snacky,296,Kešu Albert 500 g,kesu,109.9,215.49,Kč,"21,98 Kč / 100 g",219.8,,True,Můj Albert,109.9,-49% Můj Albert st 7. 10. – út 13. 10.,2026-10-07 - 2026-10-13,https://www.kupi.cz/letak/albert-hypermarket-letak-652?page=6&map=216229152,https://img.kupi.cz/kupi/thumbs/kesu-albert_170_340.jpg,2026-10-06T17:44:01+02:00
Albert,Sladkosti a slané snacky,296,Kešu Albert 500 g,kesu,139.9,218.59,Kč,"27,98 Kč / 100 g",279.8,,False,,,-36% st 7. 10. – út 13. 10.,2026-10-07 - 2026-10-13,https://www.kupi.cz/letak/albert-hypermarket-letak-652?page=6&map=216229158,https://img.kupi.cz/kupi/thumbs/kesu-albert_170_340.jpg,2026-10-06T17:44:01+02:00
Albert,Sladkosti a slané snacky,3362,Bonbony Hašlerky Sfinx 90 g,bonbony_haslerky_sfinx,15.9,34.57,Kč,"17,67 Kč / 100 g",176.7,,False,,,-54% dnes končí,2026-10-06,https://www.kupi.cz/letak/albert-supermarket-letak-701?page=9&map=215339577,https://img.kupi.cz/kupi/thumbs/haslerky_170_340.jpg,2026-10-06T17:44:01+02:00
Albert,Sladkosti a slané snacky,273,Čokopiškoty Figaro 147 g,cokopiskoty_figaro,24.9,29.64,Kč,"16,94 Kč / 100 g",169.4,,False,,,-16% dnes končí,2026-10-06,https://www.kupi.cz/letak/albert-hypermarket-letak-651?page=19&map=215332506,https://img.kupi.cz/kupi/thumbs/coko-piskoty-figaro_170_340.jpg,2026-10-06T17:44:01+02:00
Albert,Sladkosti a slané snacky,474,Bonbony Bon Pari Nestlé 90 g,bonbony_bon_pari_nestle,15.9,34.57,Kč,"17,67 Kč / 100 g",176.7,,False,,,-54% dnes končí,2026-10-06,https://www.kupi.cz/letak/albert-supermarket-letak-701?page=9&map=215339583,https://img.kupi.cz/kupi/thumbs/bonbony-bon-pari-nestle-1_170_340.jpg,2026-10-06T17:44:01+02:00
Albert,Sladkosti a slané snacky,2854,Bonbony Halls 33.5 g,bonbony_halls,12.9,17.67,Kč,"38,51 Kč / 100 g",385.1,,False,,,-27% st 7. 10. – út 13. 10.,2026-10-07 - 2026-10-13,https://www.kupi.cz/letak/albert-supermarket-letak-702?page=25&map=216234975,https://img.kupi.cz/kupi/thumbs/bonbony-halls_170_340.jpg,2026-10-06T17:44:01+02:00
Albert,Sladkosti a slané snacky,2854,Bonbony Halls 33.5 g,bonbony_halls,12.9,17.67,Kč,"38,51 Kč / 100 g",385.1,,False,,,-27% dnes končí,2026-10-06,https://www.kupi.cz/letak/albert-hypermarket-letak-651?page=19&map=215332509,https://img.kupi.cz/kupi/thumbs/bonbony-halls_170_340.jpg,2026-10-06T17:44:01+02:00
Albert,Sladkosti a slané snacky,960,Sušenky Zlaté Opavia - boxy 220 g,susenky_zlate_opavia_boxy,24.9,49.8,Kč,"11,32 Kč / 100 g",113.2,,True,Můj Albert,24.9,-50% Můj Albert st 7. 10. – út 20. 10.,2026-10-07 - 2026-10-20,https://www.kupi.cz/letak/albert-supermarket-letak-702?page=6&map=216234108,https://img.kupi.cz/kupi/thumbs/susenky-zlate-opavia-boxy-1_170_340.jpg,2026-10-06T17:44:01+02:00
Albert,Sladkosti a slané snacky,960,Sušenky Zlaté Opavia - boxy 220 g,susenky_zlate_opavia_boxy,24.9,29.64,Kč,"11,32 Kč / 100 g",113.2,,True,Můj Albert,24.9,-16% Můj Albert st 7. 10. – út 13. 10.,2026-10-07 - 2026-10-13,https://www.kupi.cz/letak/albert-hypermarket-letak-652?page=32&map=216231828,https://img.kupi.cz/kupi/thumbs/susenky-zlate-opavia-boxy-1_170_340.jpg,2026-10-06T17:44:01+02:00
Albert,Sladkosti a slané snacky,960,Sušenky Zlaté Opavia - boxy 220 g,susenky_zlate_opavia_boxy,29.9,49.83,Kč,"13,59 Kč / 100 g",135.9,,False,,,-40% st 7. 10. – út 20. 10.,2026-10-07 - 2026-10-20,https://www.kupi.cz/letak/albert-supermarket-letak-702?page=6&map=216234114,https://img.kupi.cz/kupi/thumbs/susenky-zlate-opavia-boxy-1_170_340.jpg,2026-10-06T17:44:01+02:00
Albert,Sladkosti a slané snacky,98785,Brambůrky kotlíkové Bohemia Chips 100 g,bramburky_kotlikove_bohemia_chips,39.9,49.87,Kč,"39,90 Kč / 100 g",399.0,,False,,,-20% st 7. 10. – út 20. 10.,2026-10-07 - 2026-10-20,https://www.kupi.cz/letak/albert-supermarket-nabidka-ve-znackove-kvalite-3?page=9&map=216205965,https://img.kupi.cz/kupi/thumbs/bramburky-kotlikove-bohemia-chips_170_340.jpg,2026-10-06T17:44:01+02:00
Albert,Sladkosti a slané snacky,953,Tyčinka Kit Kat Nestlé,tycinka_kit_kat_nestle,14.9,19.87,Kč,"35,48 Kč / 100 g",354.8,,False,,,-25% st 7. 10. – út 20. 10.,2026-10-07 - 2026-10-20,https://www.kupi.cz/letak/albert-supermarket-nabidka-ve-znackove-kvalite-3?page=8&map=216205932,https://img.kupi.cz/kupi/thumbs/tycinka-kit-kat-nestle_170_340.png,2026-10-06T17:44:01+02:00
Albert,Sladkosti a slané snacky,953,Tyčinka Kit Kat Nestlé,tycinka_kit_kat_nestle,14.9,19.87,Kč,"35,48 Kč / 100 g",354.8,,False,,,-25% dnes končí,2026-10-06,https://www.kupi.cz/letak/albert-hypermarket-letak-651?page=23&map=215332665,https://img.kupi.cz/kupi/thumbs/tycinka-kit-kat-nestle_170_340.png,2026-10-06T17:44:01+02:00
Albert,Sladkosti a slané snacky,953,Tyčinka Kit Kat Nestlé,tycinka_kit_kat_nestle,14.9,19.87,Kč,"51,38 Kč / 100 g",513.8,,False,,,-25% dnes končí,2026-10-06,https://www.kupi.cz/letak/albert-hypermarket-letak-651?page=23&map=215332662,https://img.kupi.cz/kupi/thumbs/tycinka-kit-kat-nestle_170_340.png,2026-10-06T17:44:01+02:00
Albert,Sladkosti a slané snacky,839,Čokoláda Toblerone 100 g,cokolada_toblerone,49.9,83.17,Kč,"49,90 Kč / 100 g",499.0,,False,,,-40% st 7. 10. – út 13. 10.,2026-10-07 - 2026-10-13,https://www.kupi.cz/letak/albert-supermarket-letak-702?page=27&map=216235005,https://img.kupi.cz/kupi/thumbs/cokolada-toblerone-1_170_340.jpg,2026-10-06T17:44:01+02:00
Albert,Sladkosti a slané snacky,163,Oplatky Manner 400 g,oplatky_manner,69.9,93.2,Kč,"17,48 Kč / 100 g",174.8,,False,,,-25% dnes končí,2026-10-06,https://www.kupi.cz/letak/albert-hypermarket-letak-651?page=24&map=215332695,https://img.kupi.cz/kupi/thumbs/oplatky-manner_170_340.png,2026-10-06T17:44:01+02:00
Albert,Sladkosti a slané snacky,11906,Oplatky trojhránky Kolonáda Opavia 50 g,oplatky_trojhranky_kolonada_opavia,17.9,21.83,Kč,"35,80 Kč / 100 g",358.0,,False,,,-18% st 7. 10. – út 13. 10.,2026-10-07 - 2026-10-13,https://www.kupi.cz/letak/albert-supermarket-letak-702?page=27&map=216235032,https://img.kupi.cz/kupi/thumbs/oplatky-trojhranky-kolonada-opavia_170_340.jpg,2026-10-06T17:44:01+02:00
Albert,Sladkosti a slané snacky,1242,Bonbony Skittles 38 g,bonbony_skittles,13.9,17.82,Kč,"36,58 Kč / 100 g",365.8,,False,,,-22% st 7. 10. – út 13. 10.,2026-10-07 - 2026-10-13,https://www.kupi.cz/letak/albert-supermarket-letak-702?page=27&map=216235047,https://img.kupi.cz/kupi/thumbs/bonbony-skittles_170_340.jpg,2026-10-06T17:44:01+02:00
Albert,Sladkosti a slané snacky,11494,Bylinné bonbony Ricola 40 g,bylinne_bonbony_ricola,19.9,34.31,Kč,"49,75 Kč / 100 g",497.5,,False,,,-42% st 7. 10. – út 13. 10.,2026-10-07 - 2026-10-13,https://www.kupi.cz/letak/albert-hypermarket-letak-652?page=32&map=216231861,https://img.kupi.cz/kupi/thumbs/bylinne-bonbony-ricola_170_340.jpg,2026-10-06T17:44:01+02:00
Albert,Sladkosti a slané snacky,10515,Oplatky Marilky Marila 33 g,oplatky_marilky_marila,6.9,10.78,Kč,"20,91 Kč / 100 g",209.1,,False,,,-36% st 7. 10. – út 13. 10.,2026-10-07 - 2026-10-13,https://www.kupi.cz/letak/albert-supermarket-letak-702?page=27&map=216235017,https://img.kupi.cz/kupi/thumbs/oplatky-marilky-marila_170_340.jpg,2026-10-06T17:44:01+02:00
Albert,Sladkosti a slané snacky,10515,Oplatky Marilky Marila 33 g,oplatky_marilky_marila,6.9,10.78,Kč,"20,91 Kč / 100 g",209.1,,False,,,-36% dnes končí,2026-10-06,https://www.kupi.cz/letak/albert-supermarket-letak-701?page=28&map=215341224,https://img.kupi.cz/kupi/thumbs/oplatky-marilky-marila_170_340.jpg,2026-10-06T17:44:01+02:00
Albert,Sladkosti a slané snacky,2856,Čokopiškoty Milka 147 g,cokopiskoty_milka,29.9,47.46,Kč,"20,34 Kč / 100 g",203.4,,False,,,-37% st 7. 10. – út 13. 10.,2026-10-07 - 2026-10-13,https://www.kupi.cz/letak/albert-hypermarket-letak-652?page=32&map=216231852,https://img.kupi.cz/kupi/thumbs/cokopiskoty-milka-1_170_340.jpg,2026-10-06T17:44:01+02:00
Albert,Sladkosti a slané snacky,71184,Tortilla chips Chio 110 g,tortilla_chips_chio,29.9,44.63,Kč,"27,18 Kč / 100 g",271.8,,False,,,-33% st 7. 10. – út 20. 10.,2026-10-07 - 2026-10-20,https://www.kupi.cz/letak/albert-supermarket-nabidka-ve-znackove-kvalite-3?page=9&map=216205971,https://img.kupi.cz/kupi/thumbs/tortilla-chips-chio_170_340.png,2026-10-06T17:44:01+02:00
Albert,Sladkosti a slané snacky,105528,Tyčinka Nutella B-ready 44 g,tycinka_nutella_b_ready,29.9,33.6,Kč,"67,95 Kč / 100 g",679.5,,False,,,-11% dnes končí,2026-10-06,https://www.kupi.cz/letak/albert-supermarket-letak-701?page=28&map=215341233,https://img.kupi.cz/kupi/thumbs/tycinka-nutella-b-ready_170_340.jpg,2026-10-06T17:44:01+02:00
Albert,Sladkosti a slané snacky,20165,Sušenky Milka 175 g,susenky_milka,46.9,62.53,Kč,"26,80 Kč / 100 g",268.0,,False,,,-25% st 7. 10. – út 13. 10.,2026-10-07 - 2026-10-13,https://www.kupi.cz/letak/albert-hypermarket-letak-652?page=32&map=216231849,https://img.kupi.cz/kupi/thumbs/susenky-milka-2_170_340.jpg,2026-10-06T17:44:01+02:00
Albert,Sladkosti a slané snacky,5447,Tyčinka Lion Nestlé 42 g,tycinka_lion_nestle,14.9,19.87,Kč,"35,48 Kč / 100 g",354.8,,False,,,-25% st 7. 10. – út 20. 10.,2026-10-07 - 2026-10-20,https://www.kupi.cz/letak/albert-supermarket-nabidka-ve-znackove-kvalite-3?page=8&map=216205941,https://img.kupi.cz/kupi/thumbs/tycinka-lion-nestle_170_340.jpg,2026-10-06T17:44:03+02:00
Albert,Sladkosti a slané snacky,957,Tyčinky čokoládové Orion 45 g,tycinky_cokoladove_orion,12.9,19.85,Kč,"28,67 Kč / 100 g",286.7,,False,,,-35% dnes končí,2026-10-06,https://www.kupi.cz/letak/albert-supermarket-letak-701?page=9&map=215339565,https://img.kupi.cz/kupi/thumbs/tycinky-cokoladove-orion_170_340.jpg,2026-10-06T17:44:03+02:00
Albert,Sladkosti a slané snacky,154904,Cizrnové chipsy bez lepku Vital snack 65 g,cizrnove_chipsy_bez_lepku_vital_snack,23.9,28.8,Kč,"36,77 Kč / 100 g",367.7,,False,,,-17% st 7. 10. – út 13. 10.,2026-10-07 - 2026-10-13,https://www.kupi.cz/letak/albert-supermarket-letak-702?page=11&map=216234516,https://img.kupi.cz/kupi/thumbs/cizrnove-chipsy-vital-snack_170_340.jpg,2026-10-06T17:44:03+02:00
Albert,Sladkosti a slané snacky,411092,Bonboniéra Lovelies Merci 185 g,bonboniera_lovelies_merci,79.9,137.76,Kč,"43,19 Kč / 100 g",431.9,,True,Můj Albert,79.9,-42% Můj Albert st 7. 10. – út 13. 10.,2026-10-07 - 2026-10-13,https://www.kupi.cz/letak/albert-hypermarket-letak-652?page=30&map=216231774,https://img.kupi.cz/kupi/thumbs/bonboniera-lovelies-merci_170_340.jpg,2026-10-06T17:44:03+02:00
Albert,Sladkosti a slané snacky,411092,Bonboniéra Lovelies Merci 185 g,bonboniera_lovelies_merci,89.9,138.31,Kč,"48,59 Kč / 100 g",485.9,,False,,,-35% st 7. 10. – út 13. 10.,2026-10-07 - 2026-10-13,https://www.kupi.cz/letak/albert-hypermarket-letak-652?page=30&map=216231777,https://img.kupi.cz/kupi/thumbs/bonboniera-lovelies-merci_170_340.jpg,2026-10-06T17:44:03+02:00
Albert,Sladkosti a slané snacky,29541,Hospodské brambůrky Bramborárna Zykmund 180 g,hospodske_bramburky_bramborarna_zykmund,39.9,49.87,Kč,"22,17 Kč / 100 g",221.7,,False,,,-20% st 7. 10. – út 13. 10.,2026-10-07 - 2026-10-13,https://www.kupi.cz/letak/albert-hypermarket-letak-652?page=13&map=216230436,https://img.kupi.cz/kupi/thumbs/hospodske-bramburky-bramborarna-zykmund-1_170_340.jpg,2026-10-06T17:44:03+02:00
Albert,Sladkosti a slané snacky,29541,Hospodské brambůrky Bramborárna Zykmund 180 g,hospodske_bramburky_bramborarna_zykmund,39.9,49.87,Kč,"22,17 Kč / 100 g",221.7,,False,,,-20% dnes končí,2026-10-06,https://www.kupi.cz/letak/albert-hypermarket-letak-651?page=30&map=215333244,https://img.kupi.cz/kupi/thumbs/hospodske-bramburky-bramborarna-zykmund-1_170_340.jpg,2026-10-06T17:44:03+02:00
Albert,Sladkosti a slané snacky,1151,Bonboniéry Orion 166 g,bonboniery_orion,59.9,99.83,Kč,"36,08 Kč / 100 g",360.8,,True,Můj Albert,59.9,-40% Můj Albert st 7. 10. – út 13. 10.,2026-10-07 - 2026-10-13,https://www.kupi.cz/letak/albert-hypermarket-letak-652?page=32&map=216231831,https://img.kupi.cz/kupi/thumbs/bonboniery-orion_170_340.png,2026-10-06T17:44:03+02:00
Albert,Sladkosti a slané snacky,1151,Bonboniéry Orion 166 g,bonboniery_orion,69.9,99.86,Kč,"42,11 Kč / 100 g",421.1,,False,,,-30% st 7. 10. – út 13. 10.,2026-10-07 - 2026-10-13,https://www.kupi.cz/letak/albert-hypermarket-letak-652?page=32&map=216231834,https://img.kupi.cz/kupi/thumbs/bonboniery-orion_170_340.png,2026-10-06T17:44:03+02:00
Albert,Sladkosti a slané snacky,63534,Tortilla chips Doritos 90 g,tortilla_chips_doritos,34.9,52.88,Kč,"38,78 Kč / 100 g",387.8,,False,,,-34% st 7. 10. – út 13. 10.,2026-10-07 - 2026-10-13,https://www.kupi.cz/letak/albert-supermarket-letak-702?page=26&map=216234996,https://img.kupi.cz/kupi/thumbs/tortilla-chips-doritos_170_340.jpg,2026-10-06T17:44:03+02:00
Albert,Sladkosti a slané snacky,63534,Tortilla chips Doritos 90 g,tortilla_chips_doritos,34.9,52.88,Kč,"38,78 Kč / 100 g",387.8,,False,,,-34% dnes končí,2026-10-06,https://www.kupi.cz/letak/albert-supermarket-letak-701?page=31&map=215341560,https://img.kupi.cz/kupi/thumbs/tortilla-chips-doritos_170_340.jpg,2026-10-06T17:44:03+02:00
Albert,Sladkosti a slané snacky,7572,Pražené arašídy Bohemia Chips 200 g,prazene_arasidy_bohemia_chips,39.9,59.55,Kč,"19,95 Kč / 100 g",199.5,,False,,,-33% st 7. 10. – út 20. 10.,2026-10-07 - 2026-10-20,https://www.kupi.cz/letak/albert-supermarket-nabidka-ve-znackove-kvalite-3?page=9&map=216205977,https://img.kupi.cz/kupi/thumbs/prazene-arasidy-bohemia-chips_170_340.png,2026-10-06T17:44:03+02:00
Albert,Sladkosti a slané snacky,136518,Věnečky Rodinné Sedita 120 g,venecky_rodinne_sedita,19.9,29.7,Kč,"16,58 Kč / 100 g",165.8,,False,,,-33% st 7. 10. – út 20. 10.,2026-10-07 - 2026-10-20,https://www.kupi.cz/letak/albert-supermarket-nabidka-ve-znackove-kvalite-3?page=7&map=216205905,https://img.kupi.cz/kupi/thumbs/venecky-rodinne-sedita_170_340.jpg,2026-10-06T17:44:03+02:00
Albert,Sladkosti a slané snacky,448599,Čekankový topping 4Slim 330 g,cekankovy_topping_4slim,129.9,177.95,Kč,"39,36 Kč / 100 g",393.6,,False,,,-27% st 7. 10. – út 13. 10.,2026-10-07 - 2026-10-13,https://www.kupi.cz/letak/albert-hypermarket-letak-652?page=54&map=216233253,https://img.kupi.cz/kupi/thumbs/cekankovy-topping-4slim-1_170_340.jpg,2026-10-06T17:44:03+02:00
Albert,Sladkosti a slané snacky,432003,Čokoláda Delicata,cokolada_delicata,19.9,,Kč,"39,80 Kč / 100 g",398.0,,False,,,st 7. 10. – út 13. 10.,2026-10-07 - 2026-10-13,https://www.kupi.cz/letak/albert-hypermarket-letak-652?page=31&map=216231801,https://img.kupi.cz/kupi/thumbs/cokolada-delicata_170_340.jpg,2026-10-06T17:44:03+02:00
Albert,Sladkosti a slané snacky,432003,Čokoláda Delicata,cokolada_delicata,79.9,,Kč,"53,27 Kč / 100 g",532.7,,False,,,st 7. 10. – út 13. 10.,2026-10-07 - 2026-10-13,https://www.kupi.cz/letak/albert-hypermarket-letak-652?page=31&map=216231795,https://img.kupi.cz/kupi/thumbs/cokolada-delicata_170_340.jpg,2026-10-06T17:44:03+02:00
Albert,Sladkosti a slané snacky,432003,Čokoláda Delicata,cokolada_delicata,59.9,,Kč,"59,90 Kč / 100 g",599.0,,False,,,st 7. 10. – út 13. 10.,2026-10-07 - 2026-10-13,https://www.kupi.cz/letak/albert-hypermarket-letak-652?page=31&map=216231804,https://img.kupi.cz/kupi/thumbs/cokolada-delicata_170_340.jpg,2026-10-06T17:44:03+02:00
Albert,Sladkosti a slané snacky,512322,Chipsy Z pece Bohemia Chips 100 g,chipsy_z_pece_bohemia_chips,29.9,49.83,Kč,"29,90 Kč / 100 g",299.0,,False,,,-40% st 7. 10. – út 20. 10.,2026-10-07 - 2026-10-20,https://www.kupi.cz/letak/albert-supermarket-nabidka-ve-znackove-kvalite-3?page=9&map=216205974,https://img.kupi.cz/kupi/thumbs/chipsy-z-pece-bohemia-chips_170_340.jpg,2026-10-06T17:44:03+02:00
Albert,Sladkosti a slané snacky,337759,Piškoty Albert 240 g,piskoty,29.9,,Kč,"12,46 Kč / 100 g",124.6,,False,,,st 7. 10. – út 13. 10.,2026-10-07 - 2026-10-13,https://www.kupi.cz/letak/albert-hypermarket-letak-652?page=25&map=216231465,https://img.kupi.cz/kupi/thumbs/piskoty-albert_170_340.jpg,2026-10-06T17:44:03+02:00
Albert,Sladkosti a slané snacky,337759,Piškoty Albert 240 g,piskoty,29.9,,Kč,"12,46 Kč / 100 g",124.6,,False,,,dnes končí,2026-10-06,https://www.kupi.cz/letak/albert-hypermarket-letak-651?page=27&map=215332941,https://img.kupi.cz/kupi/thumbs/piskoty-albert_170_340.jpg,2026-10-06T17:44:03+02:00
Albert,Sladkosti a slané snacky,464507,Bonboniéra Together Merci 175 g,bonboniera_together_merci,89.9,119.87,Kč,"51,37 Kč / 100 g",513.7,,False,,,-25% st 7. 10. – út 13. 10.,2026-10-07 - 2026-10-13,https://www.kupi.cz/letak/albert-hypermarket-letak-652?page=30&map=216231786,https://img.kupi.cz/kupi/thumbs/bonboniera-together-merci_170_340.jpg,2026-10-06T17:44:03+02:00
Albert,Sladkosti a slané snacky,6089,Dražé ovocné Besipky Lipo 28.5 g,draze_ovocne_besipky_lipo,6.9,9.86,Kč,"24,21 Kč / 100 g",242.1,,False,,,-30% dnes končí,2026-10-06,https://www.kupi.cz/letak/albert-hypermarket-letak-651?page=24&map=215332680,https://img.kupi.cz/kupi/thumbs/ovocne-besipky_170_340.jpg,2026-10-06T17:44:03+02:00
Albert,Sladkosti a slané snacky,540816,Košíčky Medovníčky Medovník Original 220 g,kosicky_medovnicky_medovnik_original,119.9,149.88,Kč,"54,50 Kč / 100 g",545.0,,False,,,-20% st 7. 10. – út 20. 10.,2026-10-07 - 2026-10-20,https://www.kupi.cz/letak/albert-supermarket-nabidka-ve-znackove-kvalite-3?page=7&map=216205902,https://img.kupi.cz/kupi/thumbs/kosicky-medovnicky-medovnik-original_170_340.jpg,2026-10-06T17:44:03+02:00
Albert,Sladkosti a slané snacky,532629,Arašídy pražené Van Almerk 100 g,arasidy_prazene_van_almerk,9.9,15.71,Kč,"9,90 Kč / 100 g",99.0,,False,,,-37% dnes končí,2026-10-06,https://www.kupi.cz/letak/albert-supermarket-letak-701?page=31&map=215341548,https://www.kupi.cz/img/no_img/no_discounts.png,2026-10-06T17:44:03+02:00
Albert,Sladkosti a slané snacky,302840,Oplatky Turistky Albert 45 g,oplatky_turistky,6.9,,Kč,"15,33 Kč / 100 g",153.3,,False,,,st 7. 10. – út 13. 10.,2026-10-07 - 2026-10-13,https://www.kupi.cz/letak/albert-hypermarket-letak-652?page=25&map=216231471,https://img.kupi.cz/kupi/thumbs/oplatky-turistky-albert_170_340.jpg,2026-10-06T17:44:03+02:00
Albert,Sladkosti a slané snacky,302840,Oplatky Turistky Albert 45 g,oplatky_turistky,6.9,,Kč,"15,33 Kč / 100 g",153.3,,False,,,dnes končí,2026-10-06,https://www.kupi.cz/letak/albert-hypermarket-letak-651?page=27&map=215332944,https://img.kupi.cz/kupi/thumbs/oplatky-turistky-albert_170_340.jpg,2026-10-06T17:44:03+02:00
Albert,Sladkosti a slané snacky,428313,Sušenky Emco 60 g,susenky_emco,13.9,15.8,Kč,"23,17 Kč / 100 g",231.7,,False,,,-12% st 7. 10. – út 13. 10.,2026-10-07 - 2026-10-13,https://www.kupi.cz/letak/albert-hypermarket-letak-652?page=32&map=216231873,https://img.kupi.cz/kupi/thumbs/susenky-emco_170_340.jpg,2026-10-06T17:44:05+02:00
Albert,Sladkosti a slané snacky,507900,Čokoláda Kit Kat 99 g,cokolada_kit_kat,29.9,69.53,Kč,"30,20 Kč / 100 g",302.0,,True,Můj Albert,29.9,-57% Můj Albert st 7. 10. – út 20. 10.,2026-10-07 - 2026-10-20,https://www.kupi.cz/letak/albert-supermarket-nabidka-ve-znackove-kvalite-3?page=8&map=216205938,https://img.kupi.cz/kupi/thumbs/cokolada-kit-kat_170_340.jpg,2026-10-06T17:44:05+02:00
Albert,Sladkosti a slané snacky,507900,Čokoláda Kit Kat 99 g,cokolada_kit_kat,29.9,69.53,Kč,"30,20 Kč / 100 g",302.0,,True,Můj Albert,29.9,-57% Můj Albert dnes končí,2026-10-06,https://www.kupi.cz/letak/albert-hypermarket-letak-651?page=23&map=215332641,https://img.kupi.cz/kupi/thumbs/cokolada-kit-kat_170_340.jpg,2026-10-06T17:44:05+02:00
Albert,Sladkosti a slané snacky,507900,Čokoláda Kit Kat 99 g,cokolada_kit_kat,34.9,69.8,Kč,"35,25 Kč / 100 g",352.5,,False,,,-50% st 7. 10. – út 20. 10.,2026-10-07 - 2026-10-20,https://www.kupi.cz/letak/albert-supermarket-nabidka-ve-znackove-kvalite-3?page=8&map=216205935,https://img.kupi.cz/kupi/thumbs/cokolada-kit-kat_170_340.jpg,2026-10-06T17:44:05+02:00
Albert,Sladkosti a slané snacky,507900,Čokoláda Kit Kat 99 g,cokolada_kit_kat,34.9,69.8,Kč,"35,25 Kč / 100 g",352.5,,False,,,-50% dnes končí,2026-10-06,https://www.kupi.cz/letak/albert-hypermarket-letak-651?page=23&map=215332632,https://img.kupi.cz/kupi/thumbs/cokolada-kit-kat_170_340.jpg,2026-10-06T17:44:05+02:00
Albert,Sladkosti a slané snacky,307982,Arašídy Ar Rashid 60 g,arasidy_ar_rashid,14.9,19.87,Kč,"24,83 Kč / 100 g",248.3,,False,,,-25% dnes končí,2026-10-06,https://www.kupi.cz/letak/albert-hypermarket-letak-651?page=30&map=215333229,https://img.kupi.cz/kupi/thumbs/arasidy-ar-rashid_170_340.jpg,2026-10-06T17:44:05+02:00
Albert,Sladkosti a slané snacky,141131,Čokoláda Roshen 80 g,cokolada_roshen,19.9,34.31,Kč,"24,88 Kč / 100 g",248.8,,False,,,-42% dnes končí,2026-10-06,https://www.kupi.cz/letak/albert-hypermarket-letak-651?page=24&map=215332710,https://img.kupi.cz/kupi/thumbs/cokolada-roshen_170_340.jpg,2026-10-06T17:44:05+02:00
Albert,Sladkosti a slané snacky,149219,Oplatky Knuspino Manner 110 g,oplatky_knuspino_manner,24.9,33.65,Kč,"22,64 Kč / 100 g",226.4,,False,,,-26% dnes končí,2026-10-06,https://www.kupi.cz/letak/albert-supermarket-letak-701?page=28&map=215341206,https://img.kupi.cz/kupi/thumbs/oplatky-knuspino-manner_170_340.png,2026-10-06T17:44:05+02:00
Albert,Sladkosti a slané snacky,483231,Tyčinky Kiddylicious 12 g,tycinky_kiddylicious,24.9,34.58,Kč,"207,50 Kč / 100 g",2075.0,,False,,,-28% platí do úterý 13. 10.,2026-10-06 - 2026-10-13,https://www.kupi.cz/letak/albert-hypermarket-letak-651?page=35&map=215333781,https://img.kupi.cz/kupi/thumbs/tycinky-kiddylicious_170_340.png,2026-10-06T17:44:05+02:00
Albert,Sladkosti a slané snacky,369569,Oplatky mini Kitbis 400 g,oplatky_mini_kitbis,49.9,59.4,Kč,"12,47 Kč / 100 g",124.7,,False,,,-16% dnes končí,2026-10-06,https://www.kupi.cz/letak/albert-hypermarket-letak-651?page=24&map=215332692,https://img.kupi.cz/kupi/thumbs/oplatky-mini-kitbis_170_340.jpg,2026-10-06T17:44:05+02:00
Albert,Sladkosti a slané snacky,451982,Sušenky dětské Gerber Snack for Baby 180 g,susenky_detske_gerber_snack_for_baby,56.9,72.03,Kč,"31,61 Kč / 100 g",316.1,,False,,,-21% platí do úterý 13. 10.,2026-10-06 - 2026-10-13,https://www.kupi.cz/letak/albert-hypermarket-letak-651?page=35&map=215333820,https://img.kupi.cz/kupi/thumbs/susenky-detske-gerber-snack-for-baby_170_340.png,2026-10-06T17:44:05+02:00
Albert,Sladkosti a slané snacky,530772,Sušenky mini Club Sedita 160 g,susenky_mini_club_sedita,29.9,39.87,Kč,"18,69 Kč / 100 g",186.9,,False,,,-25% st 7. 10. – út 20. 10.,2026-10-07 - 2026-10-20,https://www.kupi.cz/letak/albert-supermarket-nabidka-ve-znackove-kvalite-3?page=7&map=216205920,https://img.kupi.cz/kupi/thumbs/susenky-mini-club-sedita_170_340.png,2026-10-06T17:44:05+02:00
Albert,Sladkosti a slané snacky,530772,Sušenky mini Club Sedita 160 g,susenky_mini_club_sedita,29.9,39.87,Kč,"18,69 Kč / 100 g",186.9,,False,,,-25% st 7. 10. – út 13. 10.,2026-10-07 - 2026-10-13,https://www.kupi.cz/letak/albert-supermarket-letak-702?page=41&map=216235695,https://img.kupi.cz/kupi/thumbs/susenky-mini-club-sedita_170_340.png,2026-10-06T17:44:05+02:00
Albert,Sladkosti a slané snacky,475278,Křupky Goodies 30 g,krupky_goodies,27.9,39.86,Kč,"93,00 Kč / 100 g",930.0,,False,,,-30% platí do úterý 13. 10.,2026-10-06 - 2026-10-13,https://www.kupi.cz/letak/albert-hypermarket-letak-651?page=35&map=215333775,https://img.kupi.cz/kupi/thumbs/krupky-llama-goodies_170_340.jpg,2026-10-06T17:44:05+02:00
Albert,Sladkosti a slané snacky,560949,Oplatky kakaové řezy minis Sedita 240 g,oplatky_kakaove_rezy_minis_sedita,37.9,49.87,Kč,"15,79 Kč / 100 g",157.9,,False,,,-24% st 7. 10. – út 20. 10.,2026-10-07 - 2026-10-20,https://www.kupi.cz/letak/albert-supermarket-nabidka-ve-znackove-kvalite-3?page=7&map=216205914,https://img.kupi.cz/kupi/thumbs/oplatky-kakaove-rezy-minis-sedita_170_340.png,2026-10-06T17:44:05+02:00
Albert,Sladkosti a slané snacky,151562,Oplatka ovocná Bebivita 25 g,oplatka_ovocna_bebivita,19.9,24.87,Kč,"79,60 Kč / 100 g",796.0,,False,,,-20% platí do úterý 13. 10.,2026-10-06 - 2026-10-13,https://www.kupi.cz/letak/albert-hypermarket-letak-651?page=35&map=215333826,https://img.kupi.cz/kupi/thumbs/oplatka-ovocna-bebivita_170_340.jpg,2026-10-06T17:44:05+02:00
Albert,Sladkosti a slané snacky,560946,Oplatky Kávenky minis Sedita 240 g,oplatky_kavenky_minis_sedita,37.9,49.87,Kč,"15,79 Kč / 100 g",157.9,,False,,,-24% st 7. 10. – út 20. 10.,2026-10-07 - 2026-10-20,https://www.kupi.cz/letak/albert-supermarket-nabidka-ve-znackove-kvalite-3?page=7&map=216205911,https://img.kupi.cz/kupi/thumbs/oplatky-kavenky-minis-sedita_170_340.jpg,2026-10-06T17:44:05+02:00
Albert,Sladkosti a slané snacky,573321,Krekry Bigsters Goldfish 80 g,krekry_bigsters_goldfish,16.9,21.67,Kč,"21,12 Kč / 100 g",211.2,,False,,,-22% st 7. 10. – út 20. 10.,2026-10-07 - 2026-10-20,https://www.kupi.cz/letak/albert-supermarket-nabidka-ve-znackove-kvalite-3?page=9&map=216205980,https://img.kupi.cz/kupi/thumbs/krekry-bigsters-goldfish_170_340.jpg,2026-10-06T17:44:05+02:00
Albert,Sladkosti a slané snacky,573321,Krekry Bigsters Goldfish 80 g,krekry_bigsters_goldfish,16.9,21.67,Kč,"21,12 Kč / 100 g",211.2,,False,,,-22% dnes končí,2026-10-06,https://www.kupi.cz/letak/albert-hypermarket-letak-651?page=30&map=215333214,https://img.kupi.cz/kupi/thumbs/krekry-bigsters-goldfish_170_340.jpg,2026-10-06T17:44:05+02:00
Albert,Sladkosti a slané snacky,433374,Oplatky Orion 42 g,oplatky_orion,9.9,,Kč,"23,57 Kč / 100 g",235.7,,False,,,dnes končí,2026-10-06,https://www.kupi.cz/letak/albert-supermarket-letak-701?page=9&map=215339568,https://img.kupi.cz/kupi/thumbs/oplatky-orion_170_340.jpg,2026-10-06T17:44:05+02:00
Albert,Sladkosti a slané snacky,537303,Želé bonbony Pändy 50 g,zele_bonbony_pandy,39.9,49.87,Kč,"79,80 Kč / 100 g",798.0,,False,,,-20% st 7. 10. – út 13. 10.,2026-10-07 - 2026-10-13,https://www.kupi.cz/letak/albert-hypermarket-letak-652?page=54&map=216233235,https://img.kupi.cz/kupi/thumbs/zele-bonbony-pandy_170_340.png,2026-10-06T17:44:05+02:00
Albert,Sladkosti a slané snacky,584424,Tyčinky mini mix Nestlé 321.4 g,tycinky_mini_mix_nestle,149.9,,Kč,"46,64 Kč / 100 g",466.4,,False,,,dnes končí,2026-10-06,https://www.kupi.cz/letak/albert-hypermarket-letak-651?page=23&map=215332659,https://img.kupi.cz/kupi/thumbs/tycinky-mini-mix-nestle_170_340.jpg,2026-10-06T17:44:05+02:00
Albert,Sladkosti a slané snacky,463316,Tyčinka čokoládová HealthyCo 21 g,tycinka_cokoladova_healthyco,19.9,26.89,Kč,"94,76 Kč / 100 g",947.6,,False,,,-26% st 7. 10. – út 13. 10.,2026-10-07 - 2026-10-13,https://www.kupi.cz/letak/albert-hypermarket-letak-652?page=54&map=216233238,https://img.kupi.cz/kupi/thumbs/tycinka-cokoladova-healthyco_170_340.jpg,2026-10-06T17:44:05+02:00
Albert,Sladkosti a slané snacky,405592,Tyčinky kukuřičné bio Nature's Promise 60 g,tycinky_kukuricne_bio_nature_s_promise,29.9,39.87,Kč,"49,83 Kč / 100 g",498.3,,False,,,-25% dnes končí,2026-10-06,https://www.kupi.cz/letaky/albert,https://img.kupi.cz/kupi/thumbs/tycinky-kukuricne-bio-natures-promise_170_340.png,2026-10-06T17:44:05+02:00
Albert,Sladkosti a slané snacky,550020,Sušenky dětské Baby bio Nature's Promise 125 g,susenky_detske_baby_bio_nature_s_promise,29.5,34.71,Kč,"23,60 Kč / 100 g",236.0,,False,,,-15% platí do úterý 13. 10.,2026-10-06 - 2026-10-13,https://www.kupi.cz/letak/albert-hypermarket-letak-651?page=36&map=215333961,https://www.kupi.cz/img/no_img/no_discounts.png,2026-10-06T17:44:05+02:00
Albert,Sladkosti a slané snacky,584433,Tyčinka Kit Kat Nestlé - dóza 132 g,tycinka_kit_kat_nestle_doza,249.0,,Kč,"188,64 Kč / 100 g",1886.4,,False,,,dnes končí,2026-10-06,https://www.kupi.cz/letak/albert-hypermarket-letak-651?page=23&map=215332623,https://www.kupi.cz/img/no_img/no_discounts.png,2026-10-06T17:44:05+02:00
Albert,Sladkosti a slané snacky,584436,Tyčinky Kit Kat Nestlé - box 230.5 g,tycinky_kit_kat_nestle_box,139.9,,Kč,"60,69 Kč / 100 g",606.9,,False,,,st 7. 10. – út 20. 10.,2026-10-07 - 2026-10-20,https://www.kupi.cz/letak/albert-supermarket-nabidka-ve-znackove-kvalite-3?page=8&map=216205929,https://www.kupi.cz/img/no_img/no_discounts.png,2026-10-06T17:44:05+02:00
Albert,Sladkosti a slané snacky,584436,Tyčinky Kit Kat Nestlé - box 230.5 g,tycinky_kit_kat_nestle_box,139.9,,Kč,"60,69 Kč / 100 g",606.9,,False,,,dnes končí,2026-10-06,https://www.kupi.cz/letak/albert-hypermarket-letak-651?page=23&map=215332653,https://www.kupi.cz/img/no_img/no_discounts.png,2026-10-06T17:44:05+02:00
Albert,Sladkosti a slané snacky,585225,Snack PomBär Crizzlies Chio 155 g,snack_pombar_crizzlies_chio,59.9,84.37,Kč,"38,65 Kč / 100 g",386.5,,False,,,-29% st 7. 10. – út 13. 10.,2026-10-07 - 2026-10-13,https://www.kupi.cz/letak/albert-hypermarket-letak-652?page=12&map=216230391,https://www.kupi.cz/img/no_img/no_discounts.png,2026-10-06T17:44:05+02:00
Albert,Sladkosti a slané snacky,582681,Pomazánka Nella HealthyCo 350 g,pomazanka_nella_healthyco,99.9,146.91,Kč,"28,54 Kč / 100 g",285.4,,False,,,-32% st 7. 10. – út 13. 10.,2026-10-07 - 2026-10-13,https://www.kupi.cz/letak/albert-hypermarket-letak-652?page=54&map=216233250,https://www.kupi.cz/img/no_img/no_discounts.png,2026-10-06T17:44:05+02:00
Albert,Zdravá výživa,255732,Müsli Mysli Emco 750 g,musli_mysli_emco,59.9,124.79,Kč,"7,99 Kč / 100 g",79.9,,True,Můj Albert,59.9,-52% Můj Albert dnes končí,2026-10-06,https://www.kupi.cz/letak/albert-hypermarket-letak-651?page=6&map=215325180,https://img.kupi.cz/kupi/thumbs/musli-mysli-emco-1_170_340.jpg,2026-10-06T17:44:07+02:00
Albert,Zdravá výživa,255732,Müsli Mysli Emco 750 g,musli_mysli_emco,79.9,124.84,Kč,"10,65 Kč / 100 g",106.5,,False,,,-36% dnes končí,2026-10-06,https://www.kupi.cz/letak/albert-hypermarket-letak-651?page=6&map=215325177,https://img.kupi.cz/kupi/thumbs/musli-mysli-emco-1_170_340.jpg,2026-10-06T17:44:07+02:00
Albert,Zdravá výživa,2307,Rostlinné nápoje Alpro 1 l,rostlinne_napoje_alpro,54.9,85.78,Kč,"54,90 Kč / 1 l",,,False,,,-36% st 7. 10. – út 20. 10.,2026-10-07 - 2026-10-20,https://www.kupi.cz/letak/albert-supermarket-nabidka-ve-znackove-kvalite-3?page=4&map=216205815,https://img.kupi.cz/kupi/thumbs/rostlinne-napoje-alpro-soya_170_340.png,2026-10-06T17:44:07+02:00
Albert,Zdravá výživa,8671,Müsli Bonavita 750 g,musli_bonavita,59.9,103.28,Kč,"7,99 Kč / 100 g",79.9,,True,Můj Albert,59.9,-42% Můj Albert st 7. 10. – út 13. 10.,2026-10-07 - 2026-10-13,https://www.kupi.cz/letak/albert-supermarket-letak-702?page=8&map=216234366,https://img.kupi.cz/kupi/thumbs/musli-bonavita_170_340.jpg,2026-10-06T17:44:07+02:00
Albert,Zdravá výživa,8671,Müsli Bonavita 750 g,musli_bonavita,59.9,103.28,Kč,"7,99 Kč / 100 g",79.9,,True,Můj Albert,59.9,-42% Můj Albert dnes končí,2026-10-06,https://www.kupi.cz/letak/albert-supermarket-letak-701?page=7&map=215339337,https://img.kupi.cz/kupi/thumbs/musli-bonavita_170_340.jpg,2026-10-06T17:44:07+02:00
Albert,Zdravá výživa,8671,Müsli Bonavita 750 g,musli_bonavita,69.9,104.33,Kč,"9,32 Kč / 100 g",93.2,,False,,,-33% st 7. 10. – út 13. 10.,2026-10-07 - 2026-10-13,https://www.kupi.cz/letak/albert-supermarket-letak-702?page=8&map=216234369,https://img.kupi.cz/kupi/thumbs/musli-bonavita_170_340.jpg,2026-10-06T17:44:07+02:00
Albert,Zdravá výživa,8671,Müsli Bonavita 750 g,musli_bonavita,69.9,104.33,Kč,"9,32 Kč / 100 g",93.2,,False,,,-33% dnes končí,2026-10-06,https://www.kupi.cz/letak/albert-supermarket-letak-701?page=7&map=215339343,https://img.kupi.cz/kupi/thumbs/musli-bonavita_170_340.jpg,2026-10-06T17:44:07+02:00
Albert,Zdravá výživa,270,Tyčinka cereální BIG Corny 50 g,tycinka_cerealni_big_corny,15.9,22.71,Kč,"31,80 Kč / 100 g",318.0,,False,,,-30% st 7. 10. – út 13. 10.,2026-10-07 - 2026-10-13,https://www.kupi.cz/letak/albert-supermarket-letak-702?page=27&map=216235053,https://img.kupi.cz/kupi/thumbs/tycinka-cerealni-big-corny-1_170_340.jpg,2026-10-06T17:44:07+02:00
Albert,Zdravá výživa,270,Tyčinka cereální BIG Corny 50 g,tycinka_cerealni_big_corny,15.9,22.71,Kč,"31,80 Kč / 100 g",318.0,,False,,,-30% dnes končí,2026-10-06,https://www.kupi.cz/letak/albert-supermarket-letak-701?page=28&map=215341266,https://img.kupi.cz/kupi/thumbs/tycinka-cerealni-big-corny-1_170_340.jpg,2026-10-06T17:44:07+02:00
Albert,Zdravá výživa,2198,Cereálie Nestlé,cerealie_nestle,74.9,118.89,Kč,"18,73 Kč / 100 g",187.3,,True,Můj Albert,74.9,-37% Můj Albert st 7. 10. – út 13. 10.,2026-10-07 - 2026-10-13,https://www.kupi.cz/letak/albert-supermarket-letak-702?page=6&map=216234120,https://img.kupi.cz/kupi/thumbs/cerealie-nestle-1_170_340.jpg,2026-10-06T17:44:07+02:00
Albert,Zdravá výživa,2198,Cereálie Nestlé,cerealie_nestle,79.9,119.25,Kč,"19,98 Kč / 100 g",199.8,,False,,,-33% st 7. 10. – út 13. 10.,2026-10-07 - 2026-10-13,https://www.kupi.cz/letak/albert-supermarket-letak-702?page=6&map=216234126,https://img.kupi.cz/kupi/thumbs/cerealie-nestle-1_170_340.jpg,2026-10-06T17:44:07+02:00
Albert,Zdravá výživa,2198,Cereálie Nestlé,cerealie_nestle,79.9,119.25,Kč,"19,98 Kč / 100 g",199.8,,False,,,-33% dnes končí,2026-10-06,https://www.kupi.cz/letak/albert-hypermarket-letak-651?page=24&map=215332701,https://img.kupi.cz/kupi/thumbs/cerealie-nestle-1_170_340.jpg,2026-10-06T17:44:07+02:00
Albert,Zdravá výživa,2198,Cereálie Nestlé,cerealie_nestle,129.9,,Kč,"20,14 Kč / 100 g",201.4,,False,,,st 7. 10. – út 13. 10.,2026-10-07 - 2026-10-13,https://www.kupi.cz/letak/albert-hypermarket-letak-652?page=31&map=216231816,https://img.kupi.cz/kupi/thumbs/cerealie-nestle-1_170_340.jpg,2026-10-06T17:44:07+02:00
Albert,Zdravá výživa,2198,Cereálie Nestlé,cerealie_nestle,79.9,119.25,Kč,"22,19 Kč / 100 g",221.9,,False,,,-33% dnes končí,2026-10-06,https://www.kupi.cz/letak/albert-supermarket-letak-701?page=28&map=215341242,https://img.kupi.cz/kupi/thumbs/cerealie-nestle-1_170_340.jpg,2026-10-06T17:44:07+02:00
Albert,Zdravá výživa,2198,Cereálie Nestlé,cerealie_nestle,74.9,118.89,Kč,"22,70 Kč / 100 g",227.0,,True,Můj Albert,74.9,-37% Můj Albert st 7. 10. – út 13. 10.,2026-10-07 - 2026-10-13,https://www.kupi.cz/letak/albert-hypermarket-letak-652?page=29&map=216231741,https://img.kupi.cz/kupi/thumbs/cerealie-nestle-1_170_340.jpg,2026-10-06T17:44:07+02:00
Albert,Zdravá výživa,2198,Cereálie Nestlé,cerealie_nestle,79.9,119.25,Kč,"24,21 Kč / 100 g",242.1,,False,,,-33% st 7. 10. – út 13. 10.,2026-10-07 - 2026-10-13,https://www.kupi.cz/letak/albert-hypermarket-letak-652?page=29&map=216231747,https://img.kupi.cz/kupi/thumbs/cerealie-nestle-1_170_340.jpg,2026-10-06T17:44:07+02:00
Albert,Zdravá výživa,47830,Kaše ovesná Emco 55 g,kase_ovesna_emco,49.9,63.16,Kč,"18,15 Kč / 100 g",907.27,,False,,,-21% dnes končí,2026-10-06,https://www.kupi.cz/letak/albert-hypermarket-letak-651?page=24&map=215332698,https://img.kupi.cz/kupi/thumbs/kase-ovesna-emco-1_170_340.jpg,2026-10-06T17:44:07+02:00
Albert,Zdravá výživa,13980,Knäckebrot Racio 230 g,knackebrot_racio,39.9,54.66,Kč,"17,35 Kč / 100 g",173.5,,False,,,-27% st 7. 10. – út 13. 10.,2026-10-07 - 2026-10-13,https://www.kupi.cz/letak/albert-supermarket-letak-702?page=27&map=216235122,https://img.kupi.cz/kupi/thumbs/knackebrot-racio_170_340.jpg,2026-10-06T17:44:07+02:00
Albert,Zdravá výživa,3495,Chlebíčky Cornies Racio 115 g,chlebicky_cornies_racio,19.9,24.87,Kč,"17,30 Kč / 100 g",173.0,,False,,,-20% dnes končí,2026-10-06,https://www.kupi.cz/letak/albert-supermarket-letak-701?page=28&map=215341272,https://img.kupi.cz/kupi/thumbs/chlebicky-cornies-racio_170_340.jpg,2026-10-06T17:44:07+02:00
Albert,Zdravá výživa,46362,Tyčinka Emco 35 g,tycinka_emco,18.9,24.87,Kč,"54,00 Kč / 100 g",540.0,,False,,,-24% st 7. 10. – út 13. 10.,2026-10-07 - 2026-10-13,https://www.kupi.cz/letak/albert-hypermarket-letak-652?page=29&map=216231726,https://img.kupi.cz/kupi/thumbs/tycinka-emco_170_340.jpg,2026-10-06T17:44:07+02:00
Albert,Zdravá výživa,229359,Produkty veganské Veggie Garden Gourmet 180 g,produkty_veganske_veggie_garden_gourmet,69.9,94.46,Kč,"38,83 Kč / 100 g",388.3,,False,,,-26% st 7. 10. – út 13. 10.,2026-10-07 - 2026-10-13,https://www.kupi.cz/letak/albert-supermarket-letak-702?page=23&map=216234906,https://img.kupi.cz/kupi/thumbs/produkty-veggie-garden-gourmet_170_340.jpg,2026-10-06T17:44:07+02:00
Albert,Zdravá výživa,31147,Tyčinka cereální Nestlé 25 g,tycinka_cerealni_nestle,11.9,17.76,Kč,"47,60 Kč / 100 g",476.0,,False,,,-33% dnes končí,2026-10-06,https://www.kupi.cz/letak/albert-hypermarket-letak-651?page=25&map=215332803,https://img.kupi.cz/kupi/thumbs/tycinka-cerealni-nestle_170_340.jpg,2026-10-06T17:44:07+02:00
Albert,Zdravá výživa,488052,Mandle Emma,mandle_emma,99.9,178.39,Kč,"19,98 Kč / 100 g",199.8,,True,Můj Albert,99.9,-44% Můj Albert dnes končí,2026-10-06,https://www.kupi.cz/letak/albert-hypermarket-letak-651?page=6&map=215325159,https://img.kupi.cz/kupi/thumbs/mandle-emma_170_340.jpg,2026-10-06T17:44:07+02:00
Albert,Zdravá výživa,488052,Mandle Emma,mandle_emma,119.9,178.96,Kč,"23,98 Kč / 100 g",239.8,,False,,,-33% dnes končí,2026-10-06,https://www.kupi.cz/letak/albert-hypermarket-letak-651?page=6&map=215325162,https://img.kupi.cz/kupi/thumbs/mandle-emma_170_340.jpg,2026-10-06T17:44:07+02:00
Albert,Zdravá výživa,488052,Mandle Emma,mandle_emma,49.9,74.48,Kč,"24,95 Kč / 100 g",249.5,,False,,,-33% st 7. 10. – út 13. 10.,2026-10-07 - 2026-10-13,https://www.kupi.cz/letak/albert-hypermarket-letak-652?page=15&map=216230547,https://img.kupi.cz/kupi/thumbs/mandle-emma_170_340.jpg,2026-10-06T17:44:07+02:00
Albert,Zdravá výživa,488052,Mandle Emma,mandle_emma,59.9,77.79,Kč,"29,95 Kč / 100 g",299.5,,False,,,-23% st 7. 10. – út 13. 10.,2026-10-07 - 2026-10-13,https://www.kupi.cz/letak/albert-supermarket-letak-702?page=13&map=216234603,https://img.kupi.cz/kupi/thumbs/mandle-emma_170_340.jpg,2026-10-06T17:44:07+02:00
Albert,Zdravá výživa,476889,Smetana bez laktózy Free From Nature's Promise 30% 200 ml,smetana_bez_laktozy_free_from_nature_s_promise,28.9,36.58,Kč,"14,45 Kč / 100 ml",,,False,,,-21% st 7. 10. – út 13. 10.,2026-10-07 - 2026-10-13,https://www.kupi.cz/letak/albert-supermarket-letak-702?page=24&map=216234957,https://img.kupi.cz/kupi/thumbs/smetana-bez-laktozy-free-from-30-natures-promise_170_340.jpg,2026-10-06T17:44:07+02:00
Albert,Zdravá výživa,336391,Kaše Low Carb Topnatur 60 g,kase_low_carb_topnatur,21.9,35.9,Kč,"36,50 Kč / 100 g",365.0,,False,,,-39% st 7. 10. – út 13. 10.,2026-10-07 - 2026-10-13,https://www.kupi.cz/letak/albert-hypermarket-letak-652?page=54&map=216233232,https://img.kupi.cz/kupi/thumbs/kase-low-carb-topnatur_170_340.jpg,2026-10-06T17:44:07+02:00
Albert,Zdravá výživa,382852,Tyčinka bez lepku Low carb Topnatur 40 g,tycinka_bez_lepku_low_carb_topnatur,21.9,29.59,Kč,"54,75 Kč / 100 g",547.5,,False,,,-26% st 7. 10. – út 13. 10.,2026-10-07 - 2026-10-13,https://www.kupi.cz/letak/albert-hypermarket-letak-652?page=54&map=216233226,https://img.kupi.cz/kupi/thumbs/tycinka-low-carb-topnatur_170_340.jpg,2026-10-06T17:44:07+02:00
Albert,Zdravá výživa,510303,Chia semínka Emma 250 g,chia_seminka_emma,36.9,56.77,Kč,"14,76 Kč / 100 g",147.6,,False,,,-35% dnes končí,2026-10-06,https://www.kupi.cz/letak/albert-hypermarket-letak-651?page=11&map=215325390,https://img.kupi.cz/kupi/thumbs/chia-seminka-emma_170_340.jpg,2026-10-06T17:44:07+02:00
Albert,Zdravá výživa,397189,Cereálie Fitness granola Nestlé 300 g,cerealie_fitness_granola_nestle,79.9,99.88,Kč,"26,63 Kč / 100 g",266.3,,False,,,-20% st 7. 10. – út 13. 10.,2026-10-07 - 2026-10-13,https://www.kupi.cz/letak/albert-hypermarket-letak-652?page=29&map=216231690,https://img.kupi.cz/kupi/thumbs/cerealie-fitness-granola-nestle_170_340.png,2026-10-06T17:44:07+02:00
Albert,Zdravá výživa,498045,Brusinky klikvy sušené Emma 200 g,brusinky_klikvy_susene_emma,34.9,49.86,Kč,"17,45 Kč / 100 g",174.5,,False,,,-30% st 7. 10. – út 13. 10.,2026-10-07 - 2026-10-13,https://www.kupi.cz/letak/albert-supermarket-letak-702?page=13&map=216234594,https://img.kupi.cz/kupi/thumbs/brusinky-klikvy-susene-emma_170_340.jpg,2026-10-06T17:44:07+02:00
Albert,Zdravá výživa,498045,Brusinky klikvy sušené Emma 200 g,brusinky_klikvy_susene_emma,34.9,49.86,Kč,"17,45 Kč / 100 g",174.5,,False,,,-30% dnes končí,2026-10-06,https://www.kupi.cz/letak/albert-hypermarket-letak-651?page=11&map=215325393,https://img.kupi.cz/kupi/thumbs/brusinky-klikvy-susene-emma_170_340.jpg,2026-10-06T17:44:07+02:00
Albert,Zdravá výživa,499209,Švestky sušené Emma 120 g,svestky_susene_emma,19.9,29.7,Kč,"16,58 Kč / 100 g",165.8,,False,,,-33% dnes končí,2026-10-06,https://www.kupi.cz/letak/albert-supermarket-letak-701?page=15&map=215340099,https://img.kupi.cz/kupi/thumbs/svestky-susena-emma_170_340.jpg,2026-10-06T17:44:08+02:00
Albert,Zdravá výživa,495504,Rozinky Emma 200 g,rozinky_emma,24.9,29.64,Kč,"12,45 Kč / 100 g",124.5,,False,,,-16% st 7. 10. – út 13. 10.,2026-10-07 - 2026-10-13,https://www.kupi.cz/letak/albert-hypermarket-letak-652?page=15&map=216230544,https://img.kupi.cz/kupi/thumbs/rozinky-emma_170_340.jpg,2026-10-06T17:44:08+02:00
Albert,Zdravá výživa,498042,Kešu Emma 200 g,kesu_emma,59.9,79.87,Kč,"29,95 Kč / 100 g",299.5,,False,,,-25% dnes končí,2026-10-06,https://www.kupi.cz/letak/albert-hypermarket-letak-651?page=11&map=215325387,https://img.kupi.cz/kupi/thumbs/kesu-emma_170_340.jpg,2026-10-06T17:44:08+02:00
Albert,Zdravá výživa,462272,Ovesné vločky Emma 500 g,ovesne_vlocky_emma,12.9,,Kč,"2,58 Kč / 100 g",25.8,,False,,,st 7. 10. – út 13. 10.,2026-10-07 - 2026-10-13,https://www.kupi.cz/letak/albert-hypermarket-letak-652?page=25&map=216231462,https://img.kupi.cz/kupi/thumbs/ovesne-vlocky-emma_170_340.jpg,2026-10-06T17:44:08+02:00
Albert,Zdravá výživa,462272,Ovesné vločky Emma 500 g,ovesne_vlocky_emma,12.9,,Kč,"2,58 Kč / 100 g",25.8,,False,,,dnes končí,2026-10-06,https://www.kupi.cz/letak/albert-hypermarket-letak-651?page=27&map=215332938,https://img.kupi.cz/kupi/thumbs/ovesne-vlocky-emma_170_340.jpg,2026-10-06T17:44:08+02:00
Albert,Zdravá výživa,489594,Datle Emma 200 g,datle_emma,19.9,34.31,Kč,"9,95 Kč / 100 g",99.5,,False,,,-42% dnes končí,2026-10-06,https://www.kupi.cz/letak/albert-supermarket-letak-701?page=15&map=215340093,https://img.kupi.cz/kupi/thumbs/datle-emma_170_340.jpg,2026-10-06T17:44:08+02:00
Albert,Zdravá výživa,510846,Rozinky Jumbo Emma 200 g,rozinky_jumbo_emma,26.9,34.49,Kč,"13,45 Kč / 100 g",134.5,,False,,,-22% dnes končí,2026-10-06,https://www.kupi.cz/letak/albert-hypermarket-letak-651?page=11&map=215325396,https://img.kupi.cz/kupi/thumbs/rozinky-jumbo-emma_170_340.jpg,2026-10-06T17:44:08+02:00
Albert,Zdravá výživa,492294,Mango sušené Emma 150 g,mango_susene_emma,69.9,89.62,Kč,"46,60 Kč / 100 g",466.0,,False,,,-22% st 7. 10. – út 13. 10.,2026-10-07 - 2026-10-13,https://www.kupi.cz/letak/albert-hypermarket-letak-652?page=15&map=216230550,https://www.kupi.cz/img/no_img/no_discounts.png,2026-10-06T17:44:08+02:00
Albert,Zdravá výživa,508122,Banán sušený Emma 100 g,banany,17.9,24.86,Kč,"17,90 Kč / 100 g",179.0,,False,,,-28% st 7. 10. – út 13. 10.,2026-10-07 - 2026-10-13,https://www.kupi.cz/letak/albert-supermarket-letak-702?page=13&map=216234597,https://img.kupi.cz/kupi/thumbs/banan-suseny-emma_170_340.jpg,2026-10-06T17:44:08+02:00
Albert,Zdravá výživa,572754,Tyčinka Protein BIG Corny 50 g,tycinka_protein_big_corny,24.9,32.76,Kč,"49,80 Kč / 100 g",498.0,,False,,,-24% dnes končí,2026-10-06,https://www.kupi.cz/letak/albert-hypermarket-letak-651?page=25&map=215332797,https://img.kupi.cz/kupi/thumbs/tycinka-protein-big-corny_170_340.png,2026-10-06T17:44:08+02:00
Albert,Zdravá výživa,586191,Cereálie Kuličky Emma 250 g,cerealie_kulicky_emma,22.9,,Kč,"9,16 Kč / 100 g",91.6,,False,,,st 7. 10. – út 13. 10.,2026-10-07 - 2026-10-13,https://www.kupi.cz/letak/albert-hypermarket-letak-652?page=25&map=216231459,https://www.kupi.cz/img/no_img/no_discounts.png,2026-10-06T17:44:08+02:00
Albert,Zdravá výživa,586191,Cereálie Kuličky Emma 250 g,cerealie_kulicky_emma,22.9,,Kč,"9,16 Kč / 100 g",91.6,,False,,,dnes končí,2026-10-06,https://www.kupi.cz/letak/albert-hypermarket-letak-651?page=27&map=215332929,https://www.kupi.cz/img/no_img/no_discounts.png,2026-10-06T17:44:08+02:00
Albert,Zdravá výživa,496923,Brusinky klikvy v čokoládě Emma 150 g,brusinky_klikvy_v_cokolade_emma,39.9,44.83,Kč,"26,60 Kč / 100 g",266.0,,False,,,-11% st 7. 10. – út 13. 10.,2026-10-07 - 2026-10-13,https://www.kupi.cz/letak/albert-hypermarket-letak-652?page=15&map=216230553,https://img.kupi.cz/kupi/thumbs/brusinky-klikvy-v-cokolade-emma_170_340.jpg,2026-10-06T17:44:08+02:00
Albert,Alkohol,618,Pivo Pilsner Urquell 0.5 l,pivo_pilsner_urquell,25.9,31.59,Kč,"51,80 Kč / 1 l",,,False,,,-18% dnes končí,2026-10-06,https://www.kupi.cz/letak/albert-hypermarket-letak-651?map=215325060,https://img.kupi.cz/kupi/thumbs/pivo-pilsner-urquell_170_340.png,2026-10-06T17:44:13+02:00
Albert,Alkohol,618,Pivo Pilsner Urquell 0.5 l,pivo_pilsner_urquell,229.0,,Kč,"57,25 Kč / 1 l",,,False,,,dnes končí,2026-10-06,https://www.kupi.cz/letaky/albert,https://img.kupi.cz/kupi/thumbs/pivo-pilsner-urquell_170_340.png,2026-10-06T17:44:13+02:00
Albert,Alkohol,618,Pivo Pilsner Urquell 0.5 l,pivo_pilsner_urquell,173.0,218.99,Kč,"57,67 Kč / 1 l",,,False,,,-21% st 7. 10. – út 20. 10.,2026-10-07 - 2026-10-20,https://www.kupi.cz/letak/albert-supermarket-nabidka-ve-znackove-kvalite-3?map=216205674,https://img.kupi.cz/kupi/thumbs/pivo-pilsner-urquell_170_340.png,2026-10-06T17:44:13+02:00
Albert,Alkohol,618,Pivo Pilsner Urquell 0.5 l,pivo_pilsner_urquell,173.0,218.99,Kč,"57,67 Kč / 1 l",,,False,,,-21% st 7. 10. – út 13. 10.,2026-10-07 - 2026-10-13,https://www.kupi.cz/letak/albert-hypermarket-letak-652?page=11&map=216230325,https://img.kupi.cz/kupi/thumbs/pivo-pilsner-urquell_170_340.png,2026-10-06T17:44:13+02:00
Albert,Alkohol,675,Božkov Original Tuzemský 0.5 l,bozkov_original_tuzemsky,139.9,197.04,Kč,"279,80 Kč / 1 l",,,False,,,-29% dnes končí,2026-10-06,https://www.kupi.cz/letak/albert-hypermarket-letak-651?page=31&map=215333376,https://img.kupi.cz/kupi/thumbs/bozkov-original-tuzemsky-1_170_340.jpg,2026-10-06T17:44:13+02:00
Albert,Alkohol,669,Bylinný likér Jägermeister,bylinny_liker_jagermeister,399.0,738.89,Kč,"399,00 Kč / 1 l",,,False,,,-46% dnes končí,2026-10-06,https://www.kupi.cz/letak/albert-hypermarket-letak-651?page=31&map=215333361,https://img.kupi.cz/kupi/thumbs/bylinny-liker-jagermeister_170_340.jpg,2026-10-06T17:44:13+02:00
Albert,Alkohol,669,Bylinný likér Jägermeister,bylinny_liker_jagermeister,229.0,394.83,Kč,"458,00 Kč / 1 l",,,False,,,-42% st 7. 10. – út 13. 10.,2026-10-07 - 2026-10-13,https://www.kupi.cz/letak/albert-hypermarket-letak-652?page=37&map=216232131,https://img.kupi.cz/kupi/thumbs/bylinny-liker-jagermeister_170_340.jpg,2026-10-06T17:44:13+02:00
Albert,Alkohol,669,Bylinný likér Jägermeister,bylinny_liker_jagermeister,329.0,567.24,Kč,"470,00 Kč / 1 l",,,False,,,-42% dnes končí,2026-10-06,https://www.kupi.cz/letak/albert-supermarket-letak-701?page=34&map=215342001,https://img.kupi.cz/kupi/thumbs/bylinny-liker-jagermeister_170_340.jpg,2026-10-06T17:44:13+02:00
Albert,Alkohol,608,Pivo světlý ležák 11° Svijanský Máz Svijany 0.5 l,pivo_svetly_lezak_svijansky_maz_svijany,10.9,19.82,Kč,"21,80 Kč / 1 l",,,False,,,-45% st 7. 10. – út 13. 10.,2026-10-07 - 2026-10-13,https://www.kupi.cz/letak/albert-hypermarket-letak-652?page=10&map=216230244,https://img.kupi.cz/kupi/thumbs/pivo-svetly-lezak-11-svijansky-maz-svijany_170_340.png,2026-10-06T17:44:13+02:00
Albert,Alkohol,608,Pivo světlý ležák 11° Svijanský Máz Svijany 0.5 l,pivo_svetly_lezak_svijansky_maz_svijany,10.9,19.82,Kč,"21,80 Kč / 1 l",,,False,,,-45% st 7. 10. – út 13. 10.,2026-10-07 - 2026-10-13,https://www.kupi.cz/letak/albert-supermarket-letak-702?page=10&map=216234423,https://img.kupi.cz/kupi/thumbs/pivo-svetly-lezak-11-svijansky-maz-svijany_170_340.png,2026-10-06T17:44:13+02:00
Albert,Alkohol,608,Pivo světlý ležák 11° Svijanský Máz Svijany 0.5 l,pivo_svetly_lezak_svijansky_maz_svijany,15.9,22.71,Kč,"31,80 Kč / 1 l",,,False,,,-30% st 7. 10. – út 13. 10.,2026-10-07 - 2026-10-13,https://www.kupi.cz/letak/albert-supermarket-letak-702?page=10&map=216234441,https://img.kupi.cz/kupi/thumbs/pivo-svetly-lezak-11-svijansky-maz-svijany_170_340.png,2026-10-06T17:44:13+02:00
Albert,Alkohol,608,Pivo světlý ležák 11° Svijanský Máz Svijany 0.5 l,pivo_svetly_lezak_svijansky_maz_svijany,15.9,22.71,Kč,"31,80 Kč / 1 l",,,False,,,-30% st 7. 10. – út 13. 10.,2026-10-07 - 2026-10-13,https://www.kupi.cz/letak/albert-hypermarket-letak-652?page=11&map=216230271,https://img.kupi.cz/kupi/thumbs/pivo-svetly-lezak-11-svijansky-maz-svijany_170_340.png,2026-10-06T17:44:13+02:00
Albert,Alkohol,29840,Pivo světlý ležák 12° Ryze hořká Radegast 0.5 l,pivo_svetly_lezak_ryze_horka_radegast,21.9,29.59,Kč,"43,80 Kč / 1 l",,,False,,,-26% st 7. 10. – út 20. 10.,2026-10-07 - 2026-10-20,https://www.kupi.cz/letak/albert-supermarket-nabidka-ve-znackove-kvalite-3?page=13&map=216206082,https://img.kupi.cz/kupi/thumbs/pivo-svetly-lezak-12-ryze-horka-radegast_170_340.png,2026-10-06T17:44:13+02:00
Albert,Alkohol,29840,Pivo světlý ležák 12° Ryze hořká Radegast 0.5 l,pivo_svetly_lezak_ryze_horka_radegast,21.9,29.59,Kč,"43,80 Kč / 1 l",,,False,,,-26% dnes končí,2026-10-06,https://www.kupi.cz/letak/albert-hypermarket-letak-651?page=51&map=215325807,https://img.kupi.cz/kupi/thumbs/pivo-svetly-lezak-12-ryze-horka-radegast_170_340.png,2026-10-06T17:44:13+02:00
Albert,Alkohol,103015,Pivo světlé výčepní Rázná 10° Radegast 0.5 l,pivo_svetle_vycepni_razna_radegast,13.9,18.78,Kč,"27,80 Kč / 1 l",,,False,,,-26% st 7. 10. – út 20. 10.,2026-10-07 - 2026-10-20,https://www.kupi.cz/letak/albert-supermarket-nabidka-ve-znackove-kvalite-3?page=13&map=216206091,https://img.kupi.cz/kupi/thumbs/pivo-svetle-vycepni-razna-10-radegast-1_170_340.jpg,2026-10-06T17:44:13+02:00
Albert,Alkohol,103015,Pivo světlé výčepní Rázná 10° Radegast 0.5 l,pivo_svetle_vycepni_razna_radegast,13.9,18.78,Kč,"27,80 Kč / 1 l",,,False,,,-26% st 7. 10. – út 13. 10.,2026-10-07 - 2026-10-13,https://www.kupi.cz/letak/albert-hypermarket-letak-652?page=10&map=216239787,https://img.kupi.cz/kupi/thumbs/pivo-svetle-vycepni-razna-10-radegast-1_170_340.jpg,2026-10-06T17:44:13+02:00
Albert,Alkohol,597,Pivo světlé výčepní Originál 10° Gambrinus 0.5 l,pivo_svetle_vycepni_original_gambrinus,95.9,133.19,Kč,"31,97 Kč / 1 l",,,False,,,-28% st 7. 10. – út 20. 10.,2026-10-07 - 2026-10-20,https://www.kupi.cz/letak/albert-supermarket-nabidka-ve-znackove-kvalite-3?page=13&map=216206079,https://img.kupi.cz/kupi/thumbs/pivo-svetle-vycepni-original-10-gambrinus_170_340.png,2026-10-06T17:44:13+02:00
Albert,Alkohol,623,Pivo světlé výčepní 10° Velkopopovický Kozel 0.5 l,pivo_svetle_vycepni_velkopopovicky_kozel,12.9,16.75,Kč,"25,80 Kč / 1 l",,,False,,,-23% dnes končí,2026-10-06,https://www.kupi.cz/letak/albert-hypermarket-letak-651?page=6&map=215325195,https://img.kupi.cz/kupi/thumbs/pivo-svetle-vycepni-10-velkopopovicky-kozel_170_340.jpg,2026-10-06T17:44:13+02:00
Albert,Alkohol,623,Pivo světlé výčepní 10° Velkopopovický Kozel 0.5 l,pivo_svetle_vycepni_velkopopovicky_kozel,94.9,146.0,Kč,"31,63 Kč / 1 l",,,False,,,-35% st 7. 10. – út 13. 10.,2026-10-07 - 2026-10-13,https://www.kupi.cz/letak/albert-supermarket-letak-702?map=216233487,https://img.kupi.cz/kupi/thumbs/pivo-svetle-vycepni-10-velkopopovicky-kozel_170_340.jpg,2026-10-06T17:44:13+02:00
Albert,Alkohol,623,Pivo světlé výčepní 10° Velkopopovický Kozel 0.5 l,pivo_svetle_vycepni_velkopopovicky_kozel,94.9,133.66,Kč,"31,63 Kč / 1 l",,,False,,,-29% st 7. 10. – út 13. 10.,2026-10-07 - 2026-10-13,https://www.kupi.cz/letak/albert-hypermarket-letak-652?page=11&map=216230265,https://img.kupi.cz/kupi/thumbs/pivo-svetle-vycepni-10-velkopopovicky-kozel_170_340.jpg,2026-10-06T17:44:13+02:00
Albert,Alkohol,625,Nealkoholické pivo Birell 0.5 l,nealkoholicke_pivo_birell,13.9,20.75,Kč,"27,80 Kč / 1 l",,,False,,,-33% st 7. 10. – út 13. 10.,2026-10-07 - 2026-10-13,https://www.kupi.cz/letak/albert-supermarket-letak-702?page=11&map=216234501,https://img.kupi.cz/kupi/thumbs/nealkoholicke-pivo-birell-2_170_340.png,2026-10-06T17:44:13+02:00
Albert,Alkohol,625,Nealkoholické pivo Birell 0.5 l,nealkoholicke_pivo_birell,13.9,20.75,Kč,"27,80 Kč / 1 l",,,False,,,-33% st 7. 10. – út 13. 10.,2026-10-07 - 2026-10-13,https://www.kupi.cz/letak/albert-hypermarket-letak-652?page=13&map=216230442,https://img.kupi.cz/kupi/thumbs/nealkoholicke-pivo-birell-2_170_340.png,2026-10-06T17:44:13+02:00
Albert,Alkohol,78,Whiskey irská Tullamore Dew,whiskey_irska_tullamore_dew,349.0,591.53,Kč,"498,57 Kč / 1 l",,,False,,,-41% dnes končí,2026-10-06,https://www.kupi.cz/letak/albert-supermarket-letak-701?page=34&map=215341932,https://img.kupi.cz/kupi/thumbs/whiskey-irska-tullamore-dew_170_340.png,2026-10-06T17:44:13+02:00
Albert,Alkohol,78,Whiskey irská Tullamore Dew,whiskey_irska_tullamore_dew,269.0,448.33,Kč,"538,00 Kč / 1 l",,,False,,,-40% dnes končí,2026-10-06,https://www.kupi.cz/letak/albert-hypermarket-letak-651?page=31&map=215333370,https://img.kupi.cz/kupi/thumbs/whiskey-irska-tullamore-dew_170_340.png,2026-10-06T17:44:13+02:00
Albert,Alkohol,2638,Pivo světlý ležák 11° Excelent 0.5 l,pivo_svetly_lezak_excelent,19.9,26.89,Kč,"39,80 Kč / 1 l",,,False,,,-26% st 7. 10. – út 13. 10.,2026-10-07 - 2026-10-13,https://www.kupi.cz/letak/albert-supermarket-letak-702?page=10&map=216234456,https://img.kupi.cz/kupi/thumbs/pivo-svetly-lezak-11-excelent_170_340.png,2026-10-06T17:44:13+02:00
Albert,Alkohol,15053,Nealkoholické pivo ochucené Birell 0.5 l,nealkoholicke_pivo_ochucene_birell,18.9,24.87,Kč,"37,80 Kč / 1 l",,,False,,,-24% st 7. 10. – út 13. 10.,2026-10-07 - 2026-10-13,https://www.kupi.cz/letak/albert-supermarket-letak-702?page=11&map=216234486,https://img.kupi.cz/kupi/thumbs/nealkoholicke-pivo-ochucene-birell_170_340.png,2026-10-06T17:44:13+02:00
Albert,Alkohol,15053,Nealkoholické pivo ochucené Birell 0.5 l,nealkoholicke_pivo_ochucene_birell,18.9,,Kč,"37,80 Kč / 1 l",,,False,,,dnes končí,2026-10-06,https://www.kupi.cz/letak/albert-hypermarket-letak-651?page=46&map=215326800,https://img.kupi.cz/kupi/thumbs/nealkoholicke-pivo-ochucene-birell_170_340.png,2026-10-06T17:44:13+02:00
Albert,Alkohol,20471,Whiskey Honey Jack Daniel's 0.7 l,whiskey_honey_jack_daniel_s,499.0,744.78,Kč,"712,86 Kč / 1 l",,,False,,,-33% st 7. 10. – út 13. 10.,2026-10-07 - 2026-10-13,https://www.kupi.cz/letak/albert-hypermarket-letak-652?page=37&map=216232161,https://img.kupi.cz/kupi/thumbs/whiskey-honey-jack-daniels_170_340.png,2026-10-06T17:44:13+02:00
Albert,Alkohol,20471,Whiskey Honey Jack Daniel's 0.7 l,whiskey_honey_jack_daniel_s,549.0,741.89,Kč,"784,29 Kč / 1 l",,,False,,,-26% dnes končí,2026-10-06,https://www.kupi.cz/letak/albert-supermarket-letak-701?page=11&map=215339877,https://img.kupi.cz/kupi/thumbs/whiskey-honey-jack-daniels_170_340.png,2026-10-06T17:44:13+02:00
Albert,Alkohol,579,Pivo světlé výčepní 10° Braník,pivo_svetle_vycepni_branik,9.9,14.78,Kč,"19,80 Kč / 1 l",,,False,,,-33% st 7. 10. – út 13. 10.,2026-10-07 - 2026-10-13,https://www.kupi.cz/letak/albert-hypermarket-letak-652?page=10&map=216230193,https://img.kupi.cz/kupi/thumbs/pivo-svetle-vycepni-10-branik-1_170_340.jpg,2026-10-06T17:44:13+02:00
Albert,Alkohol,579,Pivo světlé výčepní 10° Braník,pivo_svetle_vycepni_branik,9.9,14.78,Kč,"19,80 Kč / 1 l",,,False,,,-33% st 7. 10. – út 13. 10.,2026-10-07 - 2026-10-13,https://www.kupi.cz/letak/albert-supermarket-letak-702?page=10&map=216234426,https://img.kupi.cz/kupi/thumbs/pivo-svetle-vycepni-10-branik-1_170_340.jpg,2026-10-06T17:44:13+02:00
Albert,Alkohol,579,Pivo světlé výčepní 10° Braník,pivo_svetle_vycepni_branik,39.9,49.87,Kč,"19,95 Kč / 1 l",,,False,,,-20% dnes končí,2026-10-06,https://www.kupi.cz/letak/albert-hypermarket-letak-651?page=30&map=215333178,https://img.kupi.cz/kupi/thumbs/pivo-svetle-vycepni-10-branik-1_170_340.jpg,2026-10-06T17:44:13+02:00
Albert,Alkohol,579,Pivo světlé výčepní 10° Braník,pivo_svetle_vycepni_branik,12.9,14.83,Kč,"25,80 Kč / 1 l",,,False,,,-13% dnes končí,2026-10-06,https://www.kupi.cz/letak/albert-hypermarket-letak-651?page=30&map=215333172,https://img.kupi.cz/kupi/thumbs/pivo-svetle-vycepni-10-branik-1_170_340.jpg,2026-10-06T17:44:13+02:00
Albert,Alkohol,64763,Božkov Tradiční 0.5 l,bozkov_tradicni,129.9,196.82,Kč,"259,80 Kč / 1 l",,,False,,,-34% st 7. 10. – út 13. 10.,2026-10-07 - 2026-10-13,https://www.kupi.cz/letak/albert-hypermarket-letak-652?page=37&map=216232113,https://img.kupi.cz/kupi/thumbs/bozkov-tradicni_170_340.png,2026-10-06T17:44:13+02:00
Albert,Alkohol,981,Becherovka,becherovka,249.0,336.49,Kč,"355,71 Kč / 1 l",,,False,,,-26% dnes končí,2026-10-06,https://www.kupi.cz/letak/albert-hypermarket-letak-651?page=31&map=215333385,https://img.kupi.cz/kupi/thumbs/becherovka_170_340.jpg,2026-10-06T17:44:13+02:00
Albert,Alkohol,981,Becherovka,becherovka,179.0,248.61,Kč,"358,00 Kč / 1 l",,,False,,,-28% st 7. 10. – út 13. 10.,2026-10-07 - 2026-10-13,https://www.kupi.cz/letak/albert-supermarket-letak-702?page=35&map=216235479,https://img.kupi.cz/kupi/thumbs/becherovka_170_340.jpg,2026-10-06T17:44:13+02:00
Albert,Alkohol,106,Fernet Stock 0.5 l,fernet_stock,159.0,206.49,Kč,"318,00 Kč / 1 l",,,False,,,-23% dnes končí,2026-10-06,https://www.kupi.cz/letak/albert-hypermarket-letak-651?page=31&map=215333379,https://img.kupi.cz/kupi/thumbs/fernet-stock_170_340.png,2026-10-06T17:44:13+02:00
Albert,Alkohol,5701,Whiskey Jack Daniel's 0.7 l,whiskey_jack_daniel_s,549.0,741.89,Kč,"784,29 Kč / 1 l",,,False,,,-26% dnes končí,2026-10-06,https://www.kupi.cz/letak/albert-supermarket-letak-701?page=11&map=215339865,https://img.kupi.cz/kupi/thumbs/whiskey-jack-daniels_170_340.png,2026-10-06T17:44:13+02:00
Albert,Alkohol,142472,Republica Exclusive Božkov,republica_exclusive_bozkov,199.0,337.29,Kč,"398,00 Kč / 1 l",,,False,,,-41% st 7. 10. – út 20. 10.,2026-10-07 - 2026-10-20,https://www.kupi.cz/letak/albert-supermarket-nabidka-ve-znackove-kvalite-3?page=15&map=216206151,https://img.kupi.cz/kupi/thumbs/rum-republica-exclusive-bozkov_170_340.png,2026-10-06T17:44:16+02:00
Albert,Alkohol,142472,Republica Exclusive Božkov,republica_exclusive_bozkov,199.0,337.29,Kč,"398,00 Kč / 1 l",,,False,,,-41% dnes končí,2026-10-06,https://www.kupi.cz/letak/albert-hypermarket-letak-651?page=31&map=215333388,https://img.kupi.cz/kupi/thumbs/rum-republica-exclusive-bozkov_170_340.png,2026-10-06T17:44:16+02:00
Albert,Alkohol,142472,Republica Exclusive Božkov,republica_exclusive_bozkov,279.0,416.42,Kč,"398,57 Kč / 1 l",,,False,,,-33% st 7. 10. – út 13. 10.,2026-10-07 - 2026-10-13,https://www.kupi.cz/letak/albert-hypermarket-letak-652?page=37&map=216232125,https://img.kupi.cz/kupi/thumbs/rum-republica-exclusive-bozkov_170_340.png,2026-10-06T17:44:16+02:00
Albert,Alkohol,515,Whiskey Jameson 0.7 l,whiskey_jameson,369.0,534.78,Kč,"527,14 Kč / 1 l",,,False,,,-31% st 7. 10. – út 13. 10.,2026-10-07 - 2026-10-13,https://www.kupi.cz/letak/albert-supermarket-letak-702?page=35&map=216235464,https://img.kupi.cz/kupi/thumbs/whiskey-jameson-1_170_340.jpg,2026-10-06T17:44:16+02:00
Albert,Alkohol,736,Bohemia Sekt 0.75 l,bohemia_sekt,99.9,178.39,Kč,"133,20 Kč / 1 l",,,False,,,-44% pá 9. 10. – ne 11. 10.,2026-10-09 - 2026-10-11,https://www.kupi.cz/letak/albert-hypermarket-letak-652?page=8&map=216263943,https://img.kupi.cz/kupi/thumbs/bohemia-sekt_170_340.jpg,2026-10-06T17:44:16+02:00
Albert,Alkohol,27476,Pivo světlý ležák Original Budweiser Budvar 0.5 l,pivo_svetly_lezak_original_budweiser_budvar,17.9,19.89,Kč,"35,80 Kč / 1 l",,,False,,,-10% dnes končí,2026-10-06,https://www.kupi.cz/letak/albert-supermarket-letak-701?page=32&map=215341671,https://img.kupi.cz/kupi/thumbs/pivo-svetly-lezak-original-budweiser-budvar_170_340.png,2026-10-06T17:44:16+02:00
Albert,Alkohol,27476,Pivo světlý ležák Original Budweiser Budvar 0.5 l,pivo_svetly_lezak_original_budweiser_budvar,19.9,32.62,Kč,"39,80 Kč / 1 l",,,False,,,-39% st 7. 10. – út 13. 10.,2026-10-07 - 2026-10-13,https://www.kupi.cz/letak/albert-supermarket-letak-702?page=10&map=216234465,https://img.kupi.cz/kupi/thumbs/pivo-svetly-lezak-original-budweiser-budvar_170_340.png,2026-10-06T17:44:16+02:00
Albert,Alkohol,27476,Pivo světlý ležák Original Budweiser Budvar 0.5 l,pivo_svetly_lezak_original_budweiser_budvar,19.9,32.62,Kč,"39,80 Kč / 1 l",,,False,,,-39% st 7. 10. – út 13. 10.,2026-10-07 - 2026-10-13,https://www.kupi.cz/letak/albert-hypermarket-letak-652?page=11&map=216230304,https://img.kupi.cz/kupi/thumbs/pivo-svetly-lezak-original-budweiser-budvar_170_340.png,2026-10-06T17:44:16+02:00
Albert,Alkohol,27476,Pivo světlý ležák Original Budweiser Budvar 0.5 l,pivo_svetly_lezak_original_budweiser_budvar,19.9,28.84,Kč,"39,80 Kč / 1 l",,,False,,,-31% st 7. 10. – út 13. 10.,2026-10-07 - 2026-10-13,https://www.kupi.cz/letak/albert-hypermarket-letak-652?page=10&map=216230250,https://img.kupi.cz/kupi/thumbs/pivo-svetly-lezak-original-budweiser-budvar_170_340.png,2026-10-06T17:44:16+02:00
Albert,Alkohol,614,Cider Frisco 0.33 l,cider_frisco,17.9,25.57,Kč,"54,24 Kč / 1 l",,,False,,,-30% st 7. 10. – út 13. 10.,2026-10-07 - 2026-10-13,https://www.kupi.cz/letak/albert-supermarket-letak-702?page=11&map=216234498,https://img.kupi.cz/kupi/thumbs/cider-frisco_170_340.jpg,2026-10-06T17:44:16+02:00
Albert,Alkohol,293,Pivo světlé výčepní 10° Staropramen 0.5 l,pivo_svetle_vycepni_staropramen,10.9,16.77,Kč,"21,80 Kč / 1 l",,,False,,,-35% st 7. 10. – út 13. 10.,2026-10-07 - 2026-10-13,https://www.kupi.cz/letak/albert-hypermarket-letak-652?page=10&map=216230190,https://img.kupi.cz/kupi/thumbs/pivo-svetle-vycepni-10-staropramen_170_340.jpg,2026-10-06T17:44:16+02:00
Albert,Alkohol,293,Pivo světlé výčepní 10° Staropramen 0.5 l,pivo_svetle_vycepni_staropramen,10.9,16.77,Kč,"21,80 Kč / 1 l",,,False,,,-35% dnes končí,2026-10-06,https://www.kupi.cz/letak/albert-supermarket-letak-701?page=32&map=215341665,https://img.kupi.cz/kupi/thumbs/pivo-svetle-vycepni-10-staropramen_170_340.jpg,2026-10-06T17:44:16+02:00
Albert,Alkohol,293,Pivo světlé výčepní 10° Staropramen 0.5 l,pivo_svetle_vycepni_staropramen,79.9,128.87,Kč,"26,63 Kč / 1 l",,,False,,,-38% dnes končí,2026-10-06,https://www.kupi.cz/letak/albert-hypermarket-letak-651?page=30&map=215333145,https://img.kupi.cz/kupi/thumbs/pivo-svetle-vycepni-10-staropramen_170_340.jpg,2026-10-06T17:44:16+02:00
Albert,Alkohol,1709,Pivo světlý ležák 12° Zlatý Bažant 0.5 l,pivo_svetly_lezak_zlaty_bazant,10.9,23.7,Kč,"21,80 Kč / 1 l",,,False,,,-54% st 7. 10. – út 20. 10.,2026-10-07 - 2026-10-20,https://www.kupi.cz/letak/albert-supermarket-nabidka-ve-znackove-kvalite-3?map=216205698,https://img.kupi.cz/kupi/thumbs/pivo-svetly-lezak-12-zlaty-bazant_170_340.png,2026-10-06T17:44:16+02:00
Albert,Alkohol,1709,Pivo světlý ležák 12° Zlatý Bažant 0.5 l,pivo_svetly_lezak_zlaty_bazant,10.9,23.7,Kč,"21,80 Kč / 1 l",,,False,,,-54% dnes končí,2026-10-06,https://www.kupi.cz/letak/albert-hypermarket-letak-651?page=6&map=215325198,https://img.kupi.cz/kupi/thumbs/pivo-svetly-lezak-12-zlaty-bazant_170_340.png,2026-10-06T17:44:16+02:00
Albert,Alkohol,1709,Pivo světlý ležák 12° Zlatý Bažant 0.5 l,pivo_svetly_lezak_zlaty_bazant,17.9,26.72,Kč,"35,80 Kč / 1 l",,,False,,,-33% st 7. 10. – út 13. 10.,2026-10-07 - 2026-10-13,https://www.kupi.cz/letak/albert-hypermarket-letak-652?page=11&map=216230277,https://img.kupi.cz/kupi/thumbs/pivo-svetly-lezak-12-zlaty-bazant_170_340.png,2026-10-06T17:44:16+02:00
Albert,Alkohol,299,Vodka B42V Eccentric 0.5 l,vodka_b42v_eccentric,169.0,216.67,Kč,"338,00 Kč / 1 l",,,False,,,-22% dnes končí,2026-10-06,https://www.kupi.cz/letak/albert-hypermarket-letak-651?page=31&map=215333382,https://img.kupi.cz/kupi/thumbs/vodka-b42v-eccentric_170_340.png,2026-10-06T17:44:16+02:00
Albert,Alkohol,3529,Vodka Finlandia 0.7 l,vodka_finlandia,309.0,498.39,Kč,"441,43 Kč / 1 l",,,False,,,-38% st 7. 10. – út 13. 10.,2026-10-07 - 2026-10-13,https://www.kupi.cz/letak/albert-hypermarket-letak-652?page=37&map=216232179,https://img.kupi.cz/kupi/thumbs/vodka-finlandia_170_340.jpg,2026-10-06T17:44:16+02:00
Albert,Alkohol,3529,Vodka Finlandia 0.7 l,vodka_finlandia,329.0,498.48,Kč,"470,00 Kč / 1 l",,,False,,,-34% dnes končí,2026-10-06,https://www.kupi.cz/letak/albert-supermarket-letak-701?page=11&map=215339883,https://img.kupi.cz/kupi/thumbs/vodka-finlandia_170_340.jpg,2026-10-06T17:44:16+02:00
Albert,Alkohol,735,Stará myslivecká 0.5 l,stara_myslivecka,169.0,208.64,Kč,"338,00 Kč / 1 l",,,False,,,-19% st 7. 10. – út 13. 10.,2026-10-07 - 2026-10-13,https://www.kupi.cz/letak/albert-hypermarket-letak-652?page=37&map=216232167,https://img.kupi.cz/kupi/thumbs/stara-zitna-myslivecka_170_340.jpg,2026-10-06T17:44:16+02:00
Albert,Alkohol,247380,Pivo světlý ležák Ratar Radegast 0.5 l,pivo_svetly_lezak_ratar_radegast,18.9,25.89,Kč,"37,80 Kč / 1 l",,,False,,,-27% st 7. 10. – út 13. 10.,2026-10-07 - 2026-10-13,https://www.kupi.cz/letak/albert-hypermarket-letak-652?page=10&map=216230196,https://img.kupi.cz/kupi/thumbs/pivo-svetly-lezak-ratar-radegast-1_170_340.png,2026-10-06T17:44:16+02:00
Albert,Alkohol,247380,Pivo světlý ležák Ratar Radegast 0.5 l,pivo_svetly_lezak_ratar_radegast,21.9,29.59,Kč,"43,80 Kč / 1 l",,,False,,,-26% dnes končí,2026-10-06,https://www.kupi.cz/letak/albert-hypermarket-letak-651?page=30&map=215333163,https://img.kupi.cz/kupi/thumbs/pivo-svetly-lezak-ratar-radegast-1_170_340.png,2026-10-06T17:44:16+02:00
Albert,Alkohol,47678,Captain Morgan 0.7 l,captain_morgan,299.0,498.33,Kč,"427,14 Kč / 1 l",,,False,,,-40% st 7. 10. – út 20. 10.,2026-10-07 - 2026-10-20,https://www.kupi.cz/letak/albert-supermarket-nabidka-ve-znackove-kvalite-3?map=216205743,https://img.kupi.cz/kupi/thumbs/rum-captain-morgan_170_340.jpg,2026-10-06T17:44:16+02:00
Albert,Alkohol,603,Pivo světlý ležák 11° Zlatopramen 1.5 l,pivo_svetly_lezak_zlatopramen,32.9,54.83,Kč,"21,93 Kč / 1 l",,,False,,,-40% dnes končí,2026-10-06,https://www.kupi.cz/letak/albert-hypermarket-letak-651?page=30&map=215333211,https://img.kupi.cz/kupi/thumbs/pivo-svetly-lezak-11-zlatopramen_170_340.png,2026-10-06T17:44:16+02:00
Albert,Alkohol,603,Pivo světlý ležák 11° Zlatopramen 1.5 l,pivo_svetly_lezak_zlatopramen,35.9,54.39,Kč,"23,93 Kč / 1 l",,,False,,,-34% st 7. 10. – út 13. 10.,2026-10-07 - 2026-10-13,https://www.kupi.cz/letak/albert-supermarket-letak-702?page=11&map=216234495,https://img.kupi.cz/kupi/thumbs/pivo-svetly-lezak-11-zlatopramen_170_340.png,2026-10-06T17:44:16+02:00
Albert,Alkohol,90945,Legendario Elixir de Cuba 7YO 0.7 l,legendario_elixir_de_cuba_7yo,399.0,623.44,Kč,"570,00 Kč / 1 l",,,False,,,-36% st 7. 10. – út 20. 10.,2026-10-07 - 2026-10-20,https://www.kupi.cz/letak/albert-supermarket-nabidka-ve-znackove-kvalite-3?page=15&map=216206115,https://img.kupi.cz/kupi/thumbs/rum-legendario-elixir-de-cuba_170_340.jpg,2026-10-06T17:44:16+02:00
Albert,Alkohol,90945,Legendario Elixir de Cuba 7YO 0.7 l,legendario_elixir_de_cuba_7yo,399.0,623.44,Kč,"570,00 Kč / 1 l",,,False,,,-36% st 7. 10. – út 13. 10.,2026-10-07 - 2026-10-13,https://www.kupi.cz/letak/albert-hypermarket-letak-652?page=37&map=216232110,https://img.kupi.cz/kupi/thumbs/rum-legendario-elixir-de-cuba_170_340.jpg,2026-10-06T17:44:16+02:00
Albert,Alkohol,271418,Rum Original 5YO Heffron Panama 0.5 l,rum_original_5yo_heffron_panama,219.0,336.92,Kč,"438,00 Kč / 1 l",,,False,,,-35% st 7. 10. – út 13. 10.,2026-10-07 - 2026-10-13,https://www.kupi.cz/letak/albert-hypermarket-letak-652?page=37&map=216232143,https://img.kupi.cz/kupi/thumbs/rum-5yo-heffron-panama_170_340.png,2026-10-06T17:44:16+02:00
Albert,Alkohol,3031,Likér Baileys 0.7 l,liker_baileys,349.0,528.79,Kč,"498,57 Kč / 1 l",,,False,,,-34% st 7. 10. – út 13. 10.,2026-10-07 - 2026-10-13,https://www.kupi.cz/letak/albert-hypermarket-letak-652?page=37&map=216232173,https://img.kupi.cz/kupi/thumbs/liker-baileys-1_170_340.jpg,2026-10-06T17:44:16+02:00
Albert,Alkohol,3031,Likér Baileys 0.7 l,liker_baileys,349.0,528.79,Kč,"498,57 Kč / 1 l",,,False,,,-34% st 7. 10. – út 20. 10.,2026-10-07 - 2026-10-20,https://www.kupi.cz/letak/albert-supermarket-nabidka-ve-znackove-kvalite-3?page=15&map=216206130,https://img.kupi.cz/kupi/thumbs/liker-baileys-1_170_340.jpg,2026-10-06T17:44:16+02:00
Albert,Alkohol,313,Brandy 5* Metaxa 0.7 l,brandy_metaxa,299.0,482.26,Kč,"427,14 Kč / 1 l",,,False,,,-38% st 7. 10. – út 13. 10.,2026-10-07 - 2026-10-13,https://www.kupi.cz/letak/albert-hypermarket-letak-652?page=37&map=216232176,https://img.kupi.cz/kupi/thumbs/brandy-5-metaxa_170_340.png,2026-10-06T17:44:16+02:00
Albert,Alkohol,313,Brandy 5* Metaxa 0.7 l,brandy_metaxa,299.0,482.26,Kč,"427,14 Kč / 1 l",,,False,,,-38% dnes končí,2026-10-06,https://www.kupi.cz/letak/albert-supermarket-letak-701?page=34&map=215341905,https://img.kupi.cz/kupi/thumbs/brandy-5-metaxa_170_340.png,2026-10-06T17:44:16+02:00
Albert,Alkohol,4640,Tuzemák Jindřichohradecký Fruko Schulz 0.5 l,tuzemak_jindrichohradecky_fruko_schulz,99.9,188.49,Kč,"199,80 Kč / 1 l",,,False,,,-47% st 7. 10. – út 13. 10.,2026-10-07 - 2026-10-13,https://www.kupi.cz/letak/albert-hypermarket-letak-652?page=5&map=216213510,https://img.kupi.cz/kupi/thumbs/tuzemak-jindrichohradecky_170_340.jpg,2026-10-06T17:44:16+02:00
Albert,Alkohol,561,Vodka Amundsen 0.5 l,vodka_amundsen,169.0,238.03,Kč,"338,00 Kč / 1 l",,,False,,,-29% st 7. 10. – út 13. 10.,2026-10-07 - 2026-10-13,https://www.kupi.cz/letak/albert-supermarket-letak-702?page=35&map=216235458,https://img.kupi.cz/kupi/thumbs/vodka-amundsen-1_170_340.jpg,2026-10-06T17:44:18+02:00
Albert,Alkohol,67344,Nealkoholické pivo ochucené Staropramen Cool 0.5 l,nealkoholicke_pivo_ochucene_staropramen_cool,14.9,23.65,Kč,"29,80 Kč / 1 l",,,False,,,-37% st 7. 10. – út 13. 10.,2026-10-07 - 2026-10-13,https://www.kupi.cz/letak/albert-hypermarket-letak-652?page=13&map=216230406,https://img.kupi.cz/kupi/thumbs/nealkoholicke-pivo-ochucene-staropramen-cool_170_340.png,2026-10-06T17:44:18+02:00
Albert,Alkohol,67344,Nealkoholické pivo ochucené Staropramen Cool 0.5 l,nealkoholicke_pivo_ochucene_staropramen_cool,14.9,23.65,Kč,"29,80 Kč / 1 l",,,False,,,-37% dnes končí,2026-10-06,https://www.kupi.cz/letak/albert-supermarket-letak-701?page=32&map=215341611,https://img.kupi.cz/kupi/thumbs/nealkoholicke-pivo-ochucene-staropramen-cool_170_340.png,2026-10-06T17:44:18+02:00
Albert,Alkohol,4638,Likér Peprmint Božkov 0.5 l,liker_peprmint_bozkov,129.9,168.7,Kč,"259,80 Kč / 1 l",,,False,,,-23% dnes končí,2026-10-06,https://www.kupi.cz/letak/albert-supermarket-letak-701?page=34&map=215341959,https://img.kupi.cz/kupi/thumbs/liker-peprmint-bozkov-1_170_340.jpg,2026-10-06T17:44:18+02:00
Albert,Alkohol,619,Pivo světlý ležák Heineken 0.5 l,pivo_svetly_lezak_heineken,19.9,29.7,Kč,"39,80 Kč / 1 l",,,False,,,-33% st 7. 10. – út 13. 10.,2026-10-07 - 2026-10-13,https://www.kupi.cz/letak/albert-hypermarket-letak-652?page=11&map=216240648,https://img.kupi.cz/kupi/thumbs/pivo-svetly-lezak-heineken_170_340.png,2026-10-06T17:44:18+02:00
Albert,Alkohol,619,Pivo světlý ležák Heineken 0.5 l,pivo_svetly_lezak_heineken,19.9,29.7,Kč,"39,80 Kč / 1 l",,,False,,,-33% st 7. 10. – út 20. 10.,2026-10-07 - 2026-10-20,https://www.kupi.cz/letak/albert-supermarket-nabidka-ve-znackove-kvalite-3?page=24&map=216206601,https://img.kupi.cz/kupi/thumbs/pivo-svetly-lezak-heineken_170_340.png,2026-10-06T17:44:18+02:00
Albert,Alkohol,10971,Pivo světlý ležák 11° Medium Starobrno 0.5 l,pivo_svetly_lezak_medium_starobrno,12.9,18.7,Kč,"25,80 Kč / 1 l",,,False,,,-31% st 7. 10. – út 13. 10.,2026-10-07 - 2026-10-13,https://www.kupi.cz/letak/albert-hypermarket-letak-652?page=10&map=216240588,https://img.kupi.cz/kupi/thumbs/pivo-svetly-lezak-11-medium-starobrno-1_170_340.png,2026-10-06T17:44:18+02:00
Albert,Alkohol,10971,Pivo světlý ležák 11° Medium Starobrno 0.5 l,pivo_svetly_lezak_medium_starobrno,12.9,18.7,Kč,"25,80 Kč / 1 l",,,False,,,-31% st 7. 10. – út 20. 10.,2026-10-07 - 2026-10-20,https://www.kupi.cz/letak/albert-supermarket-nabidka-ve-znackove-kvalite-3?page=24&map=216206634,https://img.kupi.cz/kupi/thumbs/pivo-svetly-lezak-11-medium-starobrno-1_170_340.png,2026-10-06T17:44:18+02:00
Albert,Alkohol,10971,Pivo světlý ležák 11° Medium Starobrno 0.5 l,pivo_svetly_lezak_medium_starobrno,15.9,23.73,Kč,"31,80 Kč / 1 l",,,False,,,-33% dnes končí,2026-10-06,https://www.kupi.cz/letak/albert-supermarket-letak-701?page=32&map=215341644,https://img.kupi.cz/kupi/thumbs/pivo-svetly-lezak-11-medium-starobrno-1_170_340.png,2026-10-06T17:44:18+02:00
Albert,Alkohol,4777,Pivo světlý ležák 11° Jedenáctka Braník 2 l,pivo_svetly_lezak_jedenactka_branik,42.9,69.19,Kč,"21,45 Kč / 1 l",,,False,,,-38% st 7. 10. – út 13. 10.,2026-10-07 - 2026-10-13,https://www.kupi.cz/letak/albert-hypermarket-letak-652?page=12&map=216230364,https://img.kupi.cz/kupi/thumbs/pivo-svetly-lezak-11-jedenactka-branik_170_340.png,2026-10-06T17:44:18+02:00
Albert,Alkohol,4777,Pivo světlý ležák 11° Jedenáctka Braník 2 l,pivo_svetly_lezak_jedenactka_branik,42.9,69.19,Kč,"21,45 Kč / 1 l",,,False,,,-38% st 7. 10. – út 13. 10.,2026-10-07 - 2026-10-13,https://www.kupi.cz/letak/albert-supermarket-letak-702?page=11&map=216234504,https://img.kupi.cz/kupi/thumbs/pivo-svetly-lezak-11-jedenactka-branik_170_340.png,2026-10-06T17:44:18+02:00
Albert,Alkohol,1229,Whisky Grant's 0.5 l,whisky_grant_s,199.0,326.23,Kč,"398,00 Kč / 1 l",,,False,,,-39% st 7. 10. – út 13. 10.,2026-10-07 - 2026-10-13,https://www.kupi.cz/letak/albert-supermarket-letak-702?page=41&map=216235698,https://img.kupi.cz/kupi/thumbs/whisky-grants_170_340.jpg,2026-10-06T17:44:18+02:00
Albert,Alkohol,46174,Cider Strongbow 0.44 l,cider_strongbow,19.9,29.7,Kč,"45,23 Kč / 1 l",,,False,,,-33% st 7. 10. – út 13. 10.,2026-10-07 - 2026-10-13,https://www.kupi.cz/letak/albert-hypermarket-letak-652?page=12&map=216240681,https://img.kupi.cz/kupi/thumbs/cider-strongbow-3_170_340.jpg,2026-10-06T17:44:18+02:00
Albert,Alkohol,46174,Cider Strongbow 0.44 l,cider_strongbow,19.9,29.7,Kč,"45,23 Kč / 1 l",,,False,,,-33% st 7. 10. – út 20. 10.,2026-10-07 - 2026-10-20,https://www.kupi.cz/letak/albert-supermarket-nabidka-ve-znackove-kvalite-3?page=24&map=216206592,https://img.kupi.cz/kupi/thumbs/cider-strongbow-3_170_340.jpg,2026-10-06T17:44:18+02:00
Albert,Alkohol,44819,Pivo světlý ležák 11° Grand Pivovar Zubr 0.5 l,pivo_svetly_lezak_grand_pivovar_zubr,11.9,17.76,Kč,"23,80 Kč / 1 l",,,False,,,-33% st 7. 10. – út 20. 10.,2026-10-07 - 2026-10-20,https://www.kupi.cz/letak/albert-supermarket-nabidka-ve-znackove-kvalite-3?page=24&map=216206586,https://img.kupi.cz/kupi/thumbs/pivo-svetly-lezak-11-grand-pivovar-zubr-1_170_340.png,2026-10-06T17:44:18+02:00
Albert,Alkohol,6550,Pivo polotmavý ležák 12° Temně hořká Radegast 0.5 l,pivo_polotmavy_lezak_temne_horka_radegast,20.9,30.74,Kč,"41,80 Kč / 1 l",,,False,,,-32% st 7. 10. – út 20. 10.,2026-10-07 - 2026-10-20,https://www.kupi.cz/letak/albert-supermarket-nabidka-ve-znackove-kvalite-3?page=13&map=216206085,https://img.kupi.cz/kupi/thumbs/pivo-polotmavy-lezak-12-temne-horky-radegast_170_340.jpg,2026-10-06T17:44:18+02:00
Albert,Alkohol,6550,Pivo polotmavý ležák 12° Temně hořká Radegast 0.5 l,pivo_polotmavy_lezak_temne_horka_radegast,20.9,30.74,Kč,"41,80 Kč / 1 l",,,False,,,-32% st 7. 10. – út 13. 10.,2026-10-07 - 2026-10-13,https://www.kupi.cz/letak/albert-hypermarket-letak-652?page=11&map=216240675,https://img.kupi.cz/kupi/thumbs/pivo-polotmavy-lezak-12-temne-horky-radegast_170_340.jpg,2026-10-06T17:44:18+02:00
Albert,Alkohol,6550,Pivo polotmavý ležák 12° Temně hořká Radegast 0.5 l,pivo_polotmavy_lezak_temne_horka_radegast,20.9,30.74,Kč,"41,80 Kč / 1 l",,,False,,,-32% dnes končí,2026-10-06,https://www.kupi.cz/letak/albert-hypermarket-letak-651?page=30&map=215333154,https://img.kupi.cz/kupi/thumbs/pivo-polotmavy-lezak-12-temne-horky-radegast_170_340.jpg,2026-10-06T17:44:18+02:00
Albert,Alkohol,150584,Pivo světlý ležák Královský 12° Krušovice,pivo_svetly_lezak_kralovsky_krusovice,39.9,58.68,Kč,"26,60 Kč / 1 l",,,False,,,-32% dnes končí,2026-10-06,https://www.kupi.cz/letak/albert-supermarket-letak-701?page=32&map=215341701,https://img.kupi.cz/kupi/thumbs/pivo-svetle-kralovsky-lezak-12-krusovice-1_170_340.png,2026-10-06T17:44:18+02:00
Albert,Alkohol,150584,Pivo světlý ležák Královský 12° Krušovice,pivo_svetly_lezak_kralovsky_krusovice,15.9,24.84,Kč,"31,80 Kč / 1 l",,,False,,,-36% st 7. 10. – út 13. 10.,2026-10-07 - 2026-10-13,https://www.kupi.cz/letak/albert-hypermarket-letak-652?page=11&map=216240672,https://img.kupi.cz/kupi/thumbs/pivo-svetle-kralovsky-lezak-12-krusovice-1_170_340.png,2026-10-06T17:44:18+02:00
Albert,Alkohol,150584,Pivo světlý ležák Královský 12° Krušovice,pivo_svetly_lezak_kralovsky_krusovice,15.9,24.84,Kč,"31,80 Kč / 1 l",,,False,,,-36% st 7. 10. – út 20. 10.,2026-10-07 - 2026-10-20,https://www.kupi.cz/letak/albert-supermarket-nabidka-ve-znackove-kvalite-3?page=13&map=216206088,https://img.kupi.cz/kupi/thumbs/pivo-svetle-kralovsky-lezak-12-krusovice-1_170_340.png,2026-10-06T17:44:18+02:00
Albert,Alkohol,150584,Pivo světlý ležák Královský 12° Krušovice,pivo_svetly_lezak_kralovsky_krusovice,15.9,24.84,Kč,"31,80 Kč / 1 l",,,False,,,-36% dnes končí,2026-10-06,https://www.kupi.cz/letak/albert-hypermarket-letak-651?page=30&map=215333160,https://img.kupi.cz/kupi/thumbs/pivo-svetle-kralovsky-lezak-12-krusovice-1_170_340.png,2026-10-06T17:44:18+02:00
Albert,Alkohol,299510,Pivo světlé výčepní Budweiser Budvar 0.5 l,pivo_svetle_vycepni_budweiser_budvar,9.9,17.68,Kč,"19,80 Kč / 1 l",,,False,,,-44% st 7. 10. – út 20. 10.,2026-10-07 - 2026-10-20,https://www.kupi.cz/letak/albert-supermarket-nabidka-ve-znackove-kvalite-3?page=24&map=216206631,https://img.kupi.cz/kupi/thumbs/pivo-svetle-vycepni-budweiser-budvar-1_170_340.png,2026-10-06T17:44:18+02:00
Albert,Alkohol,299510,Pivo světlé výčepní Budweiser Budvar 0.5 l,pivo_svetle_vycepni_budweiser_budvar,9.9,17.68,Kč,"19,80 Kč / 1 l",,,False,,,-44% dnes končí,2026-10-06,https://www.kupi.cz/letak/albert-hypermarket-letak-651?page=30&map=215333190,https://img.kupi.cz/kupi/thumbs/pivo-svetle-vycepni-budweiser-budvar-1_170_340.png,2026-10-06T17:44:18+02:00
Albert,Alkohol,299510,Pivo světlé výčepní Budweiser Budvar 0.5 l,pivo_svetle_vycepni_budweiser_budvar,16.9,24.85,Kč,"33,80 Kč / 1 l",,,False,,,-32% st 7. 10. – út 13. 10.,2026-10-07 - 2026-10-13,https://www.kupi.cz/letak/albert-hypermarket-letak-652?page=11&map=216230283,https://img.kupi.cz/kupi/thumbs/pivo-svetle-vycepni-budweiser-budvar-1_170_340.png,2026-10-06T17:44:18+02:00
Albert,Alkohol,270383,Pivo světlý ležák 12° Patron Gambrinus 0.5 l,pivo_svetly_lezak_patron_gambrinus,17.9,25.57,Kč,"35,80 Kč / 1 l",,,False,,,-30% dnes končí,2026-10-06,https://www.kupi.cz/letaky/albert,https://img.kupi.cz/kupi/thumbs/pivo-svetly-lezak-12-patron-gambrinus_170_340.png,2026-10-06T17:44:18+02:00
Albert,Alkohol,270383,Pivo světlý ležák 12° Patron Gambrinus 0.5 l,pivo_svetly_lezak_patron_gambrinus,17.9,25.57,Kč,"35,80 Kč / 1 l",,,False,,,-30% dnes končí,2026-10-06,https://www.kupi.cz/letak/albert-hypermarket-letak-651?page=46&map=215326803,https://img.kupi.cz/kupi/thumbs/pivo-svetly-lezak-12-patron-gambrinus_170_340.png,2026-10-06T17:44:18+02:00
Albert,Alkohol,551,Vodka Hanácká 0.5 l,vodka_hanacka,119.9,206.72,Kč,"239,80 Kč / 1 l",,,False,,,-42% st 7. 10. – út 13. 10.,2026-10-07 - 2026-10-13,https://www.kupi.cz/letak/albert-hypermarket-letak-652?page=6&map=216229611,https://img.kupi.cz/kupi/thumbs/vodka-hanacka_170_340.png,2026-10-06T17:44:18+02:00
Albert,Alkohol,13626,Vína Viňa Tarapaca 0.75 l,vina_vina_tarapaca,109.9,207.36,Kč,"146,53 Kč / 1 l",,,False,,,-47% st 7. 10. – út 13. 10.,2026-10-07 - 2026-10-13,https://www.kupi.cz/letak/albert-hypermarket-letak-652?page=36&map=216232077,https://img.kupi.cz/kupi/thumbs/vina-vina-tarapaca_170_340.jpg,2026-10-06T17:44:18+02:00
Albert,Alkohol,13626,Vína Viňa Tarapaca 0.75 l,vina_vina_tarapaca,109.9,207.36,Kč,"146,53 Kč / 1 l",,,False,,,-47% dnes končí,2026-10-06,https://www.kupi.cz/letak/albert-hypermarket-letak-651?page=31&map=215333292,https://img.kupi.cz/kupi/thumbs/vina-vina-tarapaca_170_340.jpg,2026-10-06T17:44:18+02:00
Albert,Alkohol,293108,Pivo světlý ležák 33 Budweiser Budvar 0.5 l,pivo_svetly_lezak_budweiser_budvar,19.9,32.62,Kč,"39,80 Kč / 1 l",,,False,,,-39% st 7. 10. – út 13. 10.,2026-10-07 - 2026-10-13,https://www.kupi.cz/letak/albert-hypermarket-letak-652?page=11&map=216230307,https://img.kupi.cz/kupi/thumbs/pivo-svetly-lezak-33-budweiser-budvar-2_170_340.jpg,2026-10-06T17:44:18+02:00
Albert,Alkohol,5479,Whisky Red Label Johnnie Walker 0.7 l,whisky_red_label_johnnie_walker,299.0,515.52,Kč,"427,14 Kč / 1 l",,,False,,,-42% st 7. 10. – út 13. 10.,2026-10-07 - 2026-10-13,https://www.kupi.cz/letak/albert-hypermarket-letak-652?page=37&map=216232155,https://img.kupi.cz/kupi/thumbs/whisky-red-label-johnnie-walker-1_170_340.jpg,2026-10-06T17:44:18+02:00
Albert,Alkohol,5479,Whisky Red Label Johnnie Walker 0.7 l,whisky_red_label_johnnie_walker,299.0,515.52,Kč,"427,14 Kč / 1 l",,,False,,,-42% st 7. 10. – út 20. 10.,2026-10-07 - 2026-10-20,https://www.kupi.cz/letak/albert-supermarket-nabidka-ve-znackove-kvalite-3?page=15&map=216206133,https://img.kupi.cz/kupi/thumbs/whisky-red-label-johnnie-walker-1_170_340.jpg,2026-10-06T17:44:18+02:00
Albert,Alkohol,46157,Pivo světlý ležák 11° Klášter 0.5 l,pivo_svetly_lezak_klaster,9.9,11.79,Kč,"19,80 Kč / 1 l",,,False,,,-16% st 7. 10. – út 13. 10.,2026-10-07 - 2026-10-13,https://www.kupi.cz/letak/albert-hypermarket-letak-652?page=10&map=216230202,https://img.kupi.cz/kupi/thumbs/pivo-svetly-lezak-11-klaster_170_340.jpg,2026-10-06T17:44:18+02:00
Albert,Alkohol,46157,Pivo světlý ležák 11° Klášter 0.5 l,pivo_svetly_lezak_klaster,9.9,11.79,Kč,"19,80 Kč / 1 l",,,False,,,-16% dnes končí,2026-10-06,https://www.kupi.cz/letaky/albert,https://img.kupi.cz/kupi/thumbs/pivo-svetly-lezak-11-klaster_170_340.jpg,2026-10-06T17:44:18+02:00
Albert,Alkohol,46157,Pivo světlý ležák 11° Klášter 0.5 l,pivo_svetly_lezak_klaster,9.9,11.79,Kč,"19,80 Kč / 1 l",,,False,,,-16% st 7. 10. – út 13. 10.,2026-10-07 - 2026-10-13,https://www.kupi.cz/letak/albert-supermarket-letak-702?page=10&map=216234435,https://img.kupi.cz/kupi/thumbs/pivo-svetly-lezak-11-klaster_170_340.jpg,2026-10-06T17:44:18+02:00
Albert,Alkohol,46157,Pivo světlý ležák 11° Klášter 0.5 l,pivo_svetly_lezak_klaster,9.9,11.79,Kč,"19,80 Kč / 1 l",,,False,,,-16% dnes končí,2026-10-06,https://www.kupi.cz/letak/albert-supermarket-letak-701?page=32&map=215341680,https://img.kupi.cz/kupi/thumbs/pivo-svetly-lezak-11-klaster_170_340.jpg,2026-10-06T17:44:18+02:00
Albert,Alkohol,47667,Stará myslivecká Reservé 0.7 l,stara_myslivecka_reserve,289.0,395.89,Kč,"412,86 Kč / 1 l",,,False,,,-27% dnes končí,2026-10-06,https://www.kupi.cz/letak/albert-hypermarket-letak-651?page=31&map=215333364,https://img.kupi.cz/kupi/thumbs/stara-zitna-myslivecka-reserve_170_340.jpg,2026-10-06T17:44:21+02:00
Albert,Alkohol,708,Pivo světlé výčepní 10° Březňák 2 l,pivo_svetle_vycepni_breznak,39.9,57.83,Kč,"19,95 Kč / 1 l",,,False,,,-31% st 7. 10. – út 13. 10.,2026-10-07 - 2026-10-13,https://www.kupi.cz/letak/albert-hypermarket-letak-652?page=12&map=216230373,https://img.kupi.cz/kupi/thumbs/pivo-svetle-vycepni-10-breznak_170_340.png,2026-10-06T17:44:21+02:00
Albert,Alkohol,50736,Sekty Mucha 0.75 l,sekty_mucha,109.9,183.17,Kč,"146,53 Kč / 1 l",,,False,,,-40% dnes končí,2026-10-06,https://www.kupi.cz/letak/albert-hypermarket-letak-651?page=31&map=215333325,https://img.kupi.cz/kupi/thumbs/sekty-mucha_170_340.jpg,2026-10-06T17:44:21+02:00
Albert,Alkohol,27989,Pivo Desperados 0.5 l,pivo_desperados,21.9,34.76,Kč,"43,80 Kč / 1 l",,,False,,,-37% st 7. 10. – út 13. 10.,2026-10-07 - 2026-10-13,https://www.kupi.cz/letak/albert-hypermarket-letak-652?page=12&map=216230355,https://img.kupi.cz/kupi/thumbs/pivo-desperados_170_340.jpg,2026-10-06T17:44:21+02:00
Albert,Alkohol,27989,Pivo Desperados 0.5 l,pivo_desperados,21.9,34.76,Kč,"43,80 Kč / 1 l",,,False,,,-37% dnes končí,2026-10-06,https://www.kupi.cz/letak/albert-supermarket-letak-701?page=32&map=215341590,https://img.kupi.cz/kupi/thumbs/pivo-desperados_170_340.jpg,2026-10-06T17:44:21+02:00
Albert,Alkohol,16266,Pivo světlý ležák Corona Extra 0.33 l,pivo_svetly_lezak_corona_extra,29.9,42.71,Kč,"90,61 Kč / 1 l",,,False,,,-30% st 7. 10. – út 13. 10.,2026-10-07 - 2026-10-13,https://www.kupi.cz/letak/albert-hypermarket-letak-652?page=12&map=216240684,https://img.kupi.cz/kupi/thumbs/pivo-corona-extra_170_340.jpg,2026-10-06T17:44:21+02:00
Albert,Alkohol,16266,Pivo světlý ležák Corona Extra 0.33 l,pivo_svetly_lezak_corona_extra,29.9,42.71,Kč,"90,61 Kč / 1 l",,,False,,,-30% st 7. 10. – út 20. 10.,2026-10-07 - 2026-10-20,https://www.kupi.cz/letak/albert-supermarket-nabidka-ve-znackove-kvalite-3?page=24&map=216206637,https://img.kupi.cz/kupi/thumbs/pivo-corona-extra_170_340.jpg,2026-10-06T17:44:21+02:00
Albert,Alkohol,562,Vodka Pražská 0.5 l,vodka_prazska,139.9,225.65,Kč,"279,80 Kč / 1 l",,,False,,,-38% st 7. 10. – út 13. 10.,2026-10-07 - 2026-10-13,https://www.kupi.cz/letak/albert-supermarket-letak-702?page=35&map=216235455,https://img.kupi.cz/kupi/thumbs/vodka-prazska_170_340.jpg,2026-10-06T17:44:21+02:00
Albert,Alkohol,435819,Pivo světlý ležák Bohém Krušovice 0.5 l,pivo_svetly_lezak_bohem_krusovice,15.9,23.73,Kč,"31,80 Kč / 1 l",,,False,,,-33% st 7. 10. – út 13. 10.,2026-10-07 - 2026-10-13,https://www.kupi.cz/letak/albert-supermarket-letak-702?page=10&map=216234474,https://img.kupi.cz/kupi/thumbs/pivo-svetly-lezak-bohem-krusovice-3_170_340.png,2026-10-06T17:44:21+02:00
Albert,Alkohol,435819,Pivo světlý ležák Bohém Krušovice 0.5 l,pivo_svetly_lezak_bohem_krusovice,15.9,23.73,Kč,"31,80 Kč / 1 l",,,False,,,-33% dnes končí,2026-10-06,https://www.kupi.cz/letak/albert-hypermarket-letak-651?page=30&map=215333253,https://img.kupi.cz/kupi/thumbs/pivo-svetly-lezak-bohem-krusovice-3_170_340.png,2026-10-06T17:44:21+02:00
Albert,Alkohol,1365,Pivo světlý ležák 12° Staropramen 0.5 l,pivo_svetly_lezak_staropramen,12.9,20.81,Kč,"25,80 Kč / 1 l",,,False,,,-38% st 7. 10. – út 20. 10.,2026-10-07 - 2026-10-20,https://www.kupi.cz/letak/albert-supermarket-nabidka-ve-znackove-kvalite-3?page=13&map=216206094,https://img.kupi.cz/kupi/thumbs/pivo-svetly-lezak-12-staropramen-1_170_340.jpg,2026-10-06T17:44:21+02:00
Albert,Alkohol,1365,Pivo světlý ležák 12° Staropramen 0.5 l,pivo_svetly_lezak_staropramen,15.9,25.65,Kč,"31,80 Kč / 1 l",,,False,,,-38% st 7. 10. – út 13. 10.,2026-10-07 - 2026-10-13,https://www.kupi.cz/letak/albert-hypermarket-letak-652?page=11&map=216230274,https://img.kupi.cz/kupi/thumbs/pivo-svetly-lezak-12-staropramen-1_170_340.jpg,2026-10-06T17:44:21+02:00
Albert,Alkohol,37265,Šumivé nápoje Avanti 0.75 l,sumive_napoje_avanti,59.9,79.87,Kč,"79,87 Kč / 1 l",,,False,,,-25% dnes končí,2026-10-06,https://www.kupi.cz/letak/albert-supermarket-letak-701?page=33&map=215341788,https://img.kupi.cz/kupi/thumbs/sekty-avanti_170_340.jpg,2026-10-06T17:44:21+02:00
Albert,Alkohol,559,Pálenka Švestka Moravská Rudolf Jelínek 0.5 l,palenka_svestka_moravska_rudolf_jelinek,169.0,228.38,Kč,"338,00 Kč / 1 l",,,False,,,-26% st 7. 10. – út 13. 10.,2026-10-07 - 2026-10-13,https://www.kupi.cz/letak/albert-supermarket-letak-702?page=35&map=216235449,https://img.kupi.cz/kupi/thumbs/palenka-svestka-moravska-rudolf-jelinek_170_340.jpg,2026-10-06T17:44:21+02:00
Albert,Alkohol,559,Pálenka Švestka Moravská Rudolf Jelínek 0.5 l,palenka_svestka_moravska_rudolf_jelinek,169.0,228.38,Kč,"338,00 Kč / 1 l",,,False,,,-26% dnes končí,2026-10-06,https://www.kupi.cz/letak/albert-hypermarket-letak-651?page=31&map=215333328,https://img.kupi.cz/kupi/thumbs/palenka-svestka-moravska-rudolf-jelinek_170_340.jpg,2026-10-06T17:44:21+02:00
Albert,Alkohol,10780,Vína Habánské sklepy 0.75 l,vina_habanske_sklepy,79.9,119.25,Kč,"106,53 Kč / 1 l",,,False,,,-33% st 7. 10. – út 20. 10.,2026-10-07 - 2026-10-20,https://www.kupi.cz/letak/albert-supermarket-nabidka-ve-znackove-kvalite-3?page=14&map=216206112,https://img.kupi.cz/kupi/thumbs/vino-habanske-sklepy_170_340.jpg,2026-10-06T17:44:21+02:00
Albert,Alkohol,10780,Vína Habánské sklepy 0.75 l,vina_habanske_sklepy,79.9,119.25,Kč,"106,53 Kč / 1 l",,,False,,,-33% platí do středy 28. 10.,2026-10-06 - 2026-10-28,https://www.kupi.cz/letaky/albert,https://img.kupi.cz/kupi/thumbs/vino-habanske-sklepy_170_340.jpg,2026-10-06T17:44:21+02:00
Albert,Alkohol,10780,Vína Habánské sklepy 0.75 l,vina_habanske_sklepy,89.9,119.87,Kč,"119,87 Kč / 1 l",,,False,,,-25% platí do středy 28. 10.,2026-10-06 - 2026-10-28,https://www.kupi.cz/letaky/albert,https://img.kupi.cz/kupi/thumbs/vino-habanske-sklepy_170_340.jpg,2026-10-06T17:44:21+02:00
Albert,Alkohol,251565,Fernet Stock Standard 0.5 l,fernet_stock_standard,99.9,195.88,Kč,"199,80 Kč / 1 l",,,True,Můj Albert,99.9,-49% Můj Albert st 7. 10. – út 13. 10.,2026-10-07 - 2026-10-13,https://www.kupi.cz/letak/albert-hypermarket-letak-652?page=8&map=216263886,https://img.kupi.cz/kupi/thumbs/fernet-stock-standard-1_170_340.jpg,2026-10-06T17:44:21+02:00
Albert,Alkohol,251565,Fernet Stock Standard 0.5 l,fernet_stock_standard,119.9,196.56,Kč,"239,80 Kč / 1 l",,,False,,,-39% st 7. 10. – út 13. 10.,2026-10-07 - 2026-10-13,https://www.kupi.cz/letak/albert-hypermarket-letak-652?page=8&map=216263889,https://img.kupi.cz/kupi/thumbs/fernet-stock-standard-1_170_340.jpg,2026-10-06T17:44:21+02:00
Albert,Alkohol,118301,Rum Bumbu 0.7 l,rum_bumbu,899.0,1096.34,Kč,"1284,29 Kč / 1 l",,,False,,,-18% st 7. 10. – út 13. 10.,2026-10-07 - 2026-10-13,https://www.kupi.cz/letak/albert-hypermarket-letak-652?page=37&map=216232149,https://img.kupi.cz/kupi/thumbs/rum-bumbu_170_340.jpg,2026-10-06T17:44:21+02:00
Albert,Alkohol,118301,Rum Bumbu 0.7 l,rum_bumbu,899.0,1096.34,Kč,"1284,29 Kč / 1 l",,,False,,,-18% st 7. 10. – út 20. 10.,2026-10-07 - 2026-10-20,https://www.kupi.cz/letak/albert-supermarket-nabidka-ve-znackove-kvalite-3?page=13&map=216206100,https://img.kupi.cz/kupi/thumbs/rum-bumbu_170_340.jpg,2026-10-06T17:44:21+02:00
Albert,Alkohol,6547,Pivo světlý ležák Stella Artois 0.5 l,pivo_svetly_lezak_stella_artois,21.9,31.74,Kč,"43,80 Kč / 1 l",,,False,,,-31% st 7. 10. – út 13. 10.,2026-10-07 - 2026-10-13,https://www.kupi.cz/letak/albert-hypermarket-letak-652?page=12&map=216230346,https://img.kupi.cz/kupi/thumbs/pivo-svetly-lezak-stella-artois_170_340.jpg,2026-10-06T17:44:21+02:00
Albert,Alkohol,293186,Bohemia Sekt Ice 0.75 l,bohemia_sekt_ice,119.9,178.96,Kč,"159,87 Kč / 1 l",,,False,,,-33% st 7. 10. – út 20. 10.,2026-10-07 - 2026-10-20,https://www.kupi.cz/letak/albert-supermarket-nabidka-ve-znackove-kvalite-3?page=14&map=216206106,https://img.kupi.cz/kupi/thumbs/bohemia-sekt-ice_170_340.jpg,2026-10-06T17:44:21+02:00
Albert,Alkohol,14616,Nealkoholické pivo Staropramen 0.5 l,nealkoholicke_pivo_staropramen,12.9,21.86,Kč,"25,80 Kč / 1 l",,,False,,,-41% st 7. 10. – út 13. 10.,2026-10-07 - 2026-10-13,https://www.kupi.cz/letak/albert-hypermarket-letak-652?page=13&map=216240750,https://img.kupi.cz/kupi/thumbs/nealkoholicke-pivo-staropramen_170_340.jpg,2026-10-06T17:44:21+02:00
Albert,Alkohol,14616,Nealkoholické pivo Staropramen 0.5 l,nealkoholicke_pivo_staropramen,12.9,21.86,Kč,"25,80 Kč / 1 l",,,False,,,-41% st 7. 10. – út 20. 10.,2026-10-07 - 2026-10-20,https://www.kupi.cz/letak/albert-supermarket-nabidka-ve-znackove-kvalite-3?page=24&map=216206580,https://img.kupi.cz/kupi/thumbs/nealkoholicke-pivo-staropramen_170_340.jpg,2026-10-06T17:44:21+02:00
Albert,Alkohol,5655,Vodka St. Nicolaus 0.5 l,vodka_st_nicolaus,119.9,226.23,Kč,"239,80 Kč / 1 l",,,False,,,-47% dnes končí,2026-10-06,https://www.kupi.cz/letak/albert-hypermarket-letak-651?map=215325075,https://img.kupi.cz/kupi/thumbs/vodka-st-nicolaus_170_340.jpg,2026-10-06T17:44:21+02:00
Albert,Alkohol,54793,Rum Carta Blanca Bacardi 0.7 l,rum_carta_blanca_bacardi,299.0,515.52,Kč,"427,14 Kč / 1 l",,,False,,,-42% st 7. 10. – út 20. 10.,2026-10-07 - 2026-10-20,https://www.kupi.cz/letak/albert-supermarket-nabidka-ve-znackove-kvalite-3?page=11&map=216206016,https://img.kupi.cz/kupi/thumbs/rum-carta-blanca-bacardi_170_340.png,2026-10-06T17:44:21+02:00
Albert,Alkohol,13247,Pivo světlý ležák 12° Samson 0.5 l,pivo_svetly_lezak_samson,12.9,19.85,Kč,"25,80 Kč / 1 l",,,False,,,-35% st 7. 10. – út 13. 10.,2026-10-07 - 2026-10-13,https://www.kupi.cz/letak/albert-hypermarket-letak-652?page=10&map=216230232,https://img.kupi.cz/kupi/thumbs/pivo-svetly-lezak-12-samson_170_340.png,2026-10-06T17:44:23+02:00
Albert,Alkohol,13247,Pivo světlý ležák 12° Samson 0.5 l,pivo_svetly_lezak_samson,12.9,19.85,Kč,"25,80 Kč / 1 l",,,False,,,-35% st 7. 10. – út 13. 10.,2026-10-07 - 2026-10-13,https://www.kupi.cz/letak/albert-supermarket-letak-702?page=10&map=216234429,https://img.kupi.cz/kupi/thumbs/pivo-svetly-lezak-12-samson_170_340.png,2026-10-06T17:44:23+02:00
Albert,Alkohol,364972,Whiskey irská Honey Tullamore Dew,whiskey_irska_honey_tullamore_dew,349.0,591.53,Kč,"498,57 Kč / 1 l",,,False,,,-41% dnes končí,2026-10-06,https://www.kupi.cz/letak/albert-supermarket-letak-701?page=34&map=215341935,https://img.kupi.cz/kupi/thumbs/whiskey-irska-honey-tullamore-dew_170_340.png,2026-10-06T17:44:23+02:00
Albert,Alkohol,364972,Whiskey irská Honey Tullamore Dew,whiskey_irska_honey_tullamore_dew,269.0,448.33,Kč,"538,00 Kč / 1 l",,,False,,,-40% dnes končí,2026-10-06,https://www.kupi.cz/letak/albert-hypermarket-letak-651?page=31&map=215333373,https://img.kupi.cz/kupi/thumbs/whiskey-irska-honey-tullamore-dew_170_340.png,2026-10-06T17:44:23+02:00
Albert,Alkohol,213183,Pivo světlé výčepní Originál Královská 10° Krušovice 0.5 l,pivo_svetle_vycepni_original_kralovska_krusovice,10.9,16.77,Kč,"21,80 Kč / 1 l",,,False,,,-35% st 7. 10. – út 13. 10.,2026-10-07 - 2026-10-13,https://www.kupi.cz/letak/albert-hypermarket-letak-652?page=10&map=216230199,https://img.kupi.cz/kupi/thumbs/pivo-svetle-vycepni-original-kralovska-10-krusovice-3_170_340.png,2026-10-06T17:44:23+02:00
Albert,Alkohol,213183,Pivo světlé výčepní Originál Královská 10° Krušovice 0.5 l,pivo_svetle_vycepni_original_kralovska_krusovice,14.9,21.59,Kč,"29,80 Kč / 1 l",,,False,,,-31% st 7. 10. – út 13. 10.,2026-10-07 - 2026-10-13,https://www.kupi.cz/letak/albert-supermarket-letak-702?page=10&map=216234459,https://img.kupi.cz/kupi/thumbs/pivo-svetle-vycepni-original-kralovska-10-krusovice-3_170_340.png,2026-10-06T17:44:23+02:00
Albert,Alkohol,8084,Gin Dynybyl 0.5 l,gin_dynybyl,179.0,226.58,Kč,"358,00 Kč / 1 l",,,False,,,-21% dnes končí,2026-10-06,https://www.kupi.cz/letak/albert-supermarket-letak-701?page=34&map=215341911,https://img.kupi.cz/kupi/thumbs/gin-dynybyl_170_340.jpg,2026-10-06T17:44:23+02:00
Albert,Alkohol,354025,Pivo nealkoholické Královsky hořké Krušovice 0.5 l,pivo_nealkoholicke_kralovsky_horke_krusovice,13.9,21.72,Kč,"27,80 Kč / 1 l",,,False,,,-36% st 7. 10. – út 13. 10.,2026-10-07 - 2026-10-13,https://www.kupi.cz/letak/albert-hypermarket-letak-652?page=13&map=216230427,https://img.kupi.cz/kupi/thumbs/pivo-nealkoholicke-kralovsky-horke-krusovice_170_340.png,2026-10-06T17:44:23+02:00
Albert,Alkohol,11054,Pivo světlý ležák 12° Premium Rychtář 0.5 l,pivo_svetly_lezak_premium_rychtar,11.9,21.64,Kč,"23,80 Kč / 1 l",,,False,,,-45% st 7. 10. – út 13. 10.,2026-10-07 - 2026-10-13,https://www.kupi.cz/letak/albert-hypermarket-letak-652?page=10&map=216230247,https://img.kupi.cz/kupi/thumbs/pivo-svetly-lezak-12-premium-rychtar_170_340.jpg,2026-10-06T17:44:23+02:00
Albert,Alkohol,8001,Nealkoholické pivo Premium Lobkowicz 0.5 l,nealkoholicke_pivo_premium_lobkowicz,13.9,19.86,Kč,"27,80 Kč / 1 l",,,False,,,-30% st 7. 10. – út 13. 10.,2026-10-07 - 2026-10-13,https://www.kupi.cz/letak/albert-hypermarket-letak-652?page=13&map=216230409,https://img.kupi.cz/kupi/thumbs/nealkoholicke-pivo-premium-lobkowicz_170_340.png,2026-10-06T17:44:23+02:00
Albert,Alkohol,394666,Nealkoholické pivo ochucené Birgo 0.5 l,nealkoholicke_pivo_ochucene_birgo,15.9,23.73,Kč,"31,80 Kč / 1 l",,,False,,,-33% st 7. 10. – út 20. 10.,2026-10-07 - 2026-10-20,https://www.kupi.cz/letak/albert-supermarket-nabidka-ve-znackove-kvalite-3?page=12&map=216206034,https://img.kupi.cz/kupi/thumbs/nealkoholicke-pivo-ochucene-birgo_170_340.jpg,2026-10-06T17:44:23+02:00
Albert,Alkohol,394666,Nealkoholické pivo ochucené Birgo 0.5 l,nealkoholicke_pivo_ochucene_birgo,15.9,23.73,Kč,"31,80 Kč / 1 l",,,False,,,-33% st 7. 10. – út 13. 10.,2026-10-07 - 2026-10-13,https://www.kupi.cz/letak/albert-hypermarket-letak-652?page=13&map=216240759,https://img.kupi.cz/kupi/thumbs/nealkoholicke-pivo-ochucene-birgo_170_340.jpg,2026-10-06T17:44:23+02:00
Albert,Alkohol,394666,Nealkoholické pivo ochucené Birgo 0.5 l,nealkoholicke_pivo_ochucene_birgo,15.9,23.73,Kč,"31,80 Kč / 1 l",,,False,,,-33% dnes končí,2026-10-06,https://www.kupi.cz/letak/albert-hypermarket-letak-651?page=30&map=215333124,https://img.kupi.cz/kupi/thumbs/nealkoholicke-pivo-ochucene-birgo_170_340.jpg,2026-10-06T17:44:23+02:00
Albert,Alkohol,194052,Whisky Grant's Triple Wood 0.7 l,whisky_grant_s_triple_wood,259.0,488.68,Kč,"370,00 Kč / 1 l",,,False,,,-47% st 7. 10. – út 13. 10.,2026-10-07 - 2026-10-13,https://www.kupi.cz/letak/albert-hypermarket-letak-652?page=37&map=216232152,https://img.kupi.cz/kupi/thumbs/whisky-grant-s-triple-wood_170_340.jpg,2026-10-06T17:44:23+02:00
Albert,Alkohol,194052,Whisky Grant's Triple Wood 0.7 l,whisky_grant_s_triple_wood,259.0,488.68,Kč,"370,00 Kč / 1 l",,,False,,,-47% dnes končí,2026-10-06,https://www.kupi.cz/letak/albert-supermarket-letak-701?page=34&map=215341986,https://img.kupi.cz/kupi/thumbs/whisky-grant-s-triple-wood_170_340.jpg,2026-10-06T17:44:23+02:00
Albert,Alkohol,6549,Pivo světlý ležák 11° Samson 0.5 l,pivo_svetly_lezak_samson,10.9,12.82,Kč,"21,80 Kč / 1 l",,,False,,,-15% st 7. 10. – út 13. 10.,2026-10-07 - 2026-10-13,https://www.kupi.cz/letak/albert-hypermarket-letak-652?page=10&map=216230229,https://img.kupi.cz/kupi/thumbs/pivo-svetly-lezak-11-samson_170_340.png,2026-10-06T17:44:23+02:00
Albert,Alkohol,247308,Pivo světlý ležák 12° Ostravar 0.5 l,pivo_svetly_lezak_ostravar,12.9,19.85,Kč,"25,80 Kč / 1 l",,,False,,,-35% dnes končí,2026-10-06,https://www.kupi.cz/letak/albert-hypermarket-letak-651?page=30&map=215333187,https://img.kupi.cz/kupi/thumbs/pivo-svetly-lezak-12-ostravar_170_340.jpg,2026-10-06T17:44:23+02:00
Albert,Alkohol,7688,Pivo světlý ležák 11° Ježek Pivovar Jihlava 0.5 l,pivo_svetly_lezak_jezek_pivovar_jihlava,10.9,17.87,Kč,"21,80 Kč / 1 l",,,False,,,-39% st 7. 10. – út 13. 10.,2026-10-07 - 2026-10-13,https://www.kupi.cz/letak/albert-hypermarket-letak-652?page=10&map=216230253,https://img.kupi.cz/kupi/thumbs/svetly-lezak-jezek_170_340.jpg,2026-10-06T17:44:23+02:00
Albert,Alkohol,431790,Nealkoholické pivo Velkopopovický Kozel 0.5 l,nealkoholicke_pivo_velkopopovicky_kozel,17.9,22.66,Kč,"35,80 Kč / 1 l",,,False,,,-21% st 7. 10. – út 13. 10.,2026-10-07 - 2026-10-13,https://www.kupi.cz/letak/albert-hypermarket-letak-652?page=13&map=216230415,https://img.kupi.cz/kupi/thumbs/nealkoholicke-pivo-velkopopovicky-kozel_170_340.png,2026-10-06T17:44:23+02:00
Albert,Alkohol,431790,Nealkoholické pivo Velkopopovický Kozel 0.5 l,nealkoholicke_pivo_velkopopovicky_kozel,17.9,22.66,Kč,"35,80 Kč / 1 l",,,False,,,-21% st 7. 10. – út 13. 10.,2026-10-07 - 2026-10-13,https://www.kupi.cz/letak/albert-supermarket-letak-702?page=11&map=216234483,https://img.kupi.cz/kupi/thumbs/nealkoholicke-pivo-velkopopovicky-kozel_170_340.png,2026-10-06T17:44:23+02:00
Albert,Alkohol,468251,Pivo světlý ležák Proud,pivo_svetly_lezak_proud,25.9,31.59,Kč,"51,80 Kč / 1 l",,,False,,,-18% st 7. 10. – út 13. 10.,2026-10-07 - 2026-10-13,https://www.kupi.cz/letak/albert-supermarket-letak-702?page=10&map=216234444,https://img.kupi.cz/kupi/thumbs/pivo-svetly-lezak-proud_170_340.png,2026-10-06T17:44:23+02:00
Albert,Alkohol,468251,Pivo světlý ležák Proud,pivo_svetly_lezak_proud,18.9,23.62,Kč,"57,27 Kč / 1 l",,,False,,,-20% dnes končí,2026-10-06,https://www.kupi.cz/letak/albert-supermarket-letak-701?page=32&map=215341695,https://img.kupi.cz/kupi/thumbs/pivo-svetly-lezak-proud_170_340.png,2026-10-06T17:44:23+02:00
Albert,Alkohol,60951,Pivo světlé výčepní 10° Platan 0.5 l,pivo_svetle_vycepni_platan,9.9,11.79,Kč,"19,80 Kč / 1 l",,,False,,,-16% st 7. 10. – út 13. 10.,2026-10-07 - 2026-10-13,https://www.kupi.cz/letak/albert-hypermarket-letak-652?page=10&map=216230238,https://img.kupi.cz/kupi/thumbs/pivo-svetle-vycepni-10-platan-1_170_340.png,2026-10-06T17:44:23+02:00
Albert,Alkohol,44192,Bourbon White Jim Beam 0.7 l,bourbon_white_jim_beam,299.0,533.93,Kč,"427,14 Kč / 1 l",,,False,,,-44% st 7. 10. – út 13. 10.,2026-10-07 - 2026-10-13,https://www.kupi.cz/letak/albert-supermarket-letak-702?page=35&map=216235473,https://img.kupi.cz/kupi/thumbs/bourbon-white-jim-beam-1_170_340.jpg,2026-10-06T17:44:23+02:00
Albert,Alkohol,7993,Vína Herbarium Moravicum Zámecké vinařství Bzenec - pozdní sběr 0.75 l,vina_herbarium_moravicum_zamecke_vinarstvi_bzenec_pozdni_sber,119.9,178.96,Kč,"159,87 Kč / 1 l",,,False,,,-33% st 7. 10. – út 13. 10.,2026-10-07 - 2026-10-13,https://www.kupi.cz/letak/albert-hypermarket-letak-652?page=36&map=216232065,https://img.kupi.cz/kupi/thumbs/vina-herbarium-moravicum-zamecke-vinarstvi-bzenec-pozdni-sber-1_170_340.jpg,2026-10-06T17:44:23+02:00
Albert,Alkohol,7993,Vína Herbarium Moravicum Zámecké vinařství Bzenec - pozdní sběr 0.75 l,vina_herbarium_moravicum_zamecke_vinarstvi_bzenec_pozdni_sber,119.9,178.96,Kč,"159,87 Kč / 1 l",,,False,,,-33% platí do středy 28. 10.,2026-10-06 - 2026-10-28,https://www.kupi.cz/letaky/albert,https://img.kupi.cz/kupi/thumbs/vina-herbarium-moravicum-zamecke-vinarstvi-bzenec-pozdni-sber-1_170_340.jpg,2026-10-06T17:44:23+02:00
Albert,Alkohol,471441,Bylinný likér Orange Jägermeister,bylinny_liker_orange_jagermeister,229.0,394.83,Kč,"458,00 Kč / 1 l",,,False,,,-42% st 7. 10. – út 13. 10.,2026-10-07 - 2026-10-13,https://www.kupi.cz/letak/albert-hypermarket-letak-652?page=37&map=216232137,https://img.kupi.cz/kupi/thumbs/bylinny-liker-orange-jagermeister-1_170_340.png,2026-10-06T17:44:23+02:00
Albert,Alkohol,471441,Bylinný likér Orange Jägermeister,bylinny_liker_orange_jagermeister,329.0,567.24,Kč,"470,00 Kč / 1 l",,,False,,,-42% dnes končí,2026-10-06,https://www.kupi.cz/letak/albert-supermarket-letak-701?page=34&map=215342007,https://img.kupi.cz/kupi/thumbs/bylinny-liker-orange-jagermeister-1_170_340.png,2026-10-06T17:44:23+02:00
Albert,Alkohol,466832,Nealkoholické pivo ochucené Active Birell 0.5 l,nealkoholicke_pivo_ochucene_active_birell,18.9,24.87,Kč,"37,80 Kč / 1 l",,,False,,,-24% st 7. 10. – út 13. 10.,2026-10-07 - 2026-10-13,https://www.kupi.cz/letak/albert-hypermarket-letak-652?page=13&map=216230424,https://img.kupi.cz/kupi/thumbs/nealkoholicke-pivo-ochucene-active-birell-1_170_340.jpg,2026-10-06T17:44:24+02:00
Albert,Alkohol,466832,Nealkoholické pivo ochucené Active Birell 0.5 l,nealkoholicke_pivo_ochucene_active_birell,18.9,24.87,Kč,"37,80 Kč / 1 l",,,False,,,-24% dnes končí,2026-10-06,https://www.kupi.cz/letak/albert-supermarket-letak-701?page=32&map=215341602,https://img.kupi.cz/kupi/thumbs/nealkoholicke-pivo-ochucene-active-birell-1_170_340.jpg,2026-10-06T17:44:24+02:00
Albert,Alkohol,1995,Víno Veltlínské zelené Habánské sklepy 0.75 l,vino_veltlinske_zelene_habanske_sklepy,79.9,119.25,Kč,"106,53 Kč / 1 l",,,False,,,-33% platí do středy 28. 10.,2026-10-06 - 2026-10-28,https://www.kupi.cz/letaky/albert,https://img.kupi.cz/kupi/thumbs/veltlinske-zelene-habanske-sklepy_170_340.jpg,2026-10-06T17:44:24+02:00
Albert,Alkohol,45216,Gin Dry Gordon's 0.7 l,gin_dry_gordon_s,349.0,484.72,Kč,"498,57 Kč / 1 l",,,False,,,-28% st 7. 10. – út 20. 10.,2026-10-07 - 2026-10-20,https://www.kupi.cz/letak/albert-supermarket-nabidka-ve-znackove-kvalite-3?page=15&map=216206136,https://img.kupi.cz/kupi/thumbs/gin-dry-gordons_170_340.png,2026-10-06T17:44:24+02:00
Albert,Alkohol,45216,Gin Dry Gordon's 0.7 l,gin_dry_gordon_s,349.0,484.72,Kč,"498,57 Kč / 1 l",,,False,,,-28% dnes končí,2026-10-06,https://www.kupi.cz/letak/albert-hypermarket-letak-651?page=31&map=215333337,https://img.kupi.cz/kupi/thumbs/gin-dry-gordons_170_340.png,2026-10-06T17:44:24+02:00
Albert,Alkohol,243099,Víno Primitivo Primasole Cielo 0.75 l,vino_primitivo_primasole_cielo,109.9,177.26,Kč,"146,53 Kč / 1 l",,,False,,,-38% dnes končí,2026-10-06,https://www.kupi.cz/letak/albert-hypermarket-letak-651?page=51&map=215325804,https://img.kupi.cz/kupi/thumbs/vino-primitivo-primasole-cielo_170_340.png,2026-10-06T17:44:24+02:00
Albert,Alkohol,1564,Vína Motýl Víno Mikulov 0.75 l,vina_motyl_vino_mikulov,69.9,118.47,Kč,"93,20 Kč / 1 l",,,False,,,-41% dnes končí,2026-10-06,https://www.kupi.cz/letak/albert-hypermarket-letak-651?page=31&map=215333349,https://img.kupi.cz/kupi/thumbs/vina-motyl-vino-mikulov-1_170_340.jpg,2026-10-06T17:44:24+02:00
Albert,Alkohol,328894,Prosecco DOC Cielo 0.75 l,prosecco_doc_cielo,89.9,187.29,Kč,"119,87 Kč / 1 l",,,False,,,-52% st 7. 10. – út 20. 10.,2026-10-07 - 2026-10-20,https://www.kupi.cz/letak/albert-hypermarket-letak-652?page=36&map=216232053,https://img.kupi.cz/kupi/thumbs/prosecco-doc-cielo_170_340.png,2026-10-06T17:44:24+02:00
Albert,Alkohol,328894,Prosecco DOC Cielo 0.75 l,prosecco_doc_cielo,89.9,187.29,Kč,"119,87 Kč / 1 l",,,False,,,-52% dnes končí,2026-10-06,https://www.kupi.cz/letak/albert-supermarket-letak-701?page=33&map=215341737,https://img.kupi.cz/kupi/thumbs/prosecco-doc-cielo_170_340.png,2026-10-06T17:44:24+02:00
Albert,Alkohol,4104,Vína Templářské sklepy Čejkovice 0.75 l,vina_templarske_sklepy_cejkovice,59.9,99.83,Kč,"79,87 Kč / 1 l",,,True,Můj Albert,59.9,-40% Můj Albert dnes končí,2026-10-06,https://www.kupi.cz/letak/albert-hypermarket-letak-651?page=8&map=215325279,https://img.kupi.cz/kupi/thumbs/vina-templarske-sklepy-cejkovice_170_340.png,2026-10-06T17:44:24+02:00
Albert,Alkohol,4104,Vína Templářské sklepy Čejkovice 0.75 l,vina_templarske_sklepy_cejkovice,59.9,79.87,Kč,"79,87 Kč / 1 l",,,True,Můj Albert,59.9,-25% Můj Albert dnes končí,2026-10-06,https://www.kupi.cz/letak/albert-supermarket-letak-701?page=7&map=215339325,https://img.kupi.cz/kupi/thumbs/vina-templarske-sklepy-cejkovice_170_340.png,2026-10-06T17:44:24+02:00
Albert,Alkohol,4104,Vína Templářské sklepy Čejkovice 0.75 l,vina_templarske_sklepy_cejkovice,79.9,99.88,Kč,"106,53 Kč / 1 l",,,False,,,-20% dnes končí,2026-10-06,https://www.kupi.cz/letak/albert-hypermarket-letak-651?page=8&map=215325276,https://img.kupi.cz/kupi/thumbs/vina-templarske-sklepy-cejkovice_170_340.png,2026-10-06T17:44:24+02:00
Albert,Alkohol,222606,Rum Bumbu XO 0.7 l,rum_bumbu_xo,999.0,1248.75,Kč,"1427,14 Kč / 1 l",,,False,,,-20% st 7. 10. – út 20. 10.,2026-10-07 - 2026-10-20,https://www.kupi.cz/letak/albert-supermarket-nabidka-ve-znackove-kvalite-3?page=13&map=216206103,https://img.kupi.cz/kupi/thumbs/rum-bumbu-xo_170_340.jpg,2026-10-06T17:44:24+02:00
Albert,Alkohol,515283,Bohemia Sekt mini 0.25 l,bohemia_sekt_mini,29.9,43.33,Kč,"119,60 Kč / 1 l",,,False,,,-31% st 7. 10. – út 13. 10.,2026-10-07 - 2026-10-13,https://www.kupi.cz/letak/albert-supermarket-letak-702?page=34&map=216235395,https://img.kupi.cz/kupi/thumbs/bohemia-sekt-mini-1_170_340.png,2026-10-06T17:44:24+02:00
Albert,Alkohol,515283,Bohemia Sekt mini 0.25 l,bohemia_sekt_mini,29.9,43.33,Kč,"119,60 Kč / 1 l",,,False,,,-31% dnes končí,2026-10-06,https://www.kupi.cz/letak/albert-hypermarket-letak-651?page=31&map=215333355,https://img.kupi.cz/kupi/thumbs/bohemia-sekt-mini-1_170_340.png,2026-10-06T17:44:24+02:00
Albert,Alkohol,33529,Vína Reserva Viňa Tarapaca 0.75 l,vina_reserva_vina_tarapaca,179.0,275.38,Kč,"238,67 Kč / 1 l",,,False,,,-35% st 7. 10. – út 13. 10.,2026-10-07 - 2026-10-13,https://www.kupi.cz/letak/albert-supermarket-letak-702?page=34&map=216235425,https://img.kupi.cz/kupi/thumbs/vina-reserva-vina-tarapaca_170_340.jpg,2026-10-06T17:44:24+02:00
Albert,Alkohol,493500,Prosecco DOC Solicello 0.75 l,prosecco_doc_solicello,69.9,118.47,Kč,"93,20 Kč / 1 l",,,False,,,-41% st 7. 10. – út 13. 10.,2026-10-07 - 2026-10-13,https://www.kupi.cz/letak/albert-supermarket-letak-702?page=34&map=216235392,https://img.kupi.cz/kupi/thumbs/prosecco-doc-solicello_170_340.jpg,2026-10-06T17:44:24+02:00
Albert,Alkohol,493500,Prosecco DOC Solicello 0.75 l,prosecco_doc_solicello,69.9,118.47,Kč,"93,20 Kč / 1 l",,,False,,,-41% dnes končí,2026-10-06,https://www.kupi.cz/letak/albert-hypermarket-letak-651?page=31&map=215333304,https://img.kupi.cz/kupi/thumbs/prosecco-doc-solicello_170_340.jpg,2026-10-06T17:44:24+02:00
Albert,Alkohol,434310,Rum Caribbean Original Professorado 0.5 l,rum_caribbean_original_professorado,199.0,297.01,Kč,"398,00 Kč / 1 l",,,False,,,-33% dnes končí,2026-10-06,https://www.kupi.cz/letak/albert-supermarket-letak-701?page=34&map=215341917,https://img.kupi.cz/kupi/thumbs/rum-caribbean-original-professorado_170_340.jpg,2026-10-06T17:44:24+02:00
Albert,Alkohol,33525,Vína Gold Asconi 0.75 l,vina_gold_asconi,89.9,109.63,Kč,"119,87 Kč / 1 l",,,False,,,-18% st 7. 10. – út 13. 10.,2026-10-07 - 2026-10-13,https://www.kupi.cz/letak/albert-supermarket-letak-702?page=34&map=216235422,https://img.kupi.cz/kupi/thumbs/vino-asconi-gold_170_340.jpg,2026-10-06T17:44:24+02:00
Albert,Alkohol,455339,Rum Masskara Don Papa 0.7 l,rum_masskara_don_papa,799.0,1210.61,Kč,"1141,43 Kč / 1 l",,,False,,,-34% st 7. 10. – út 20. 10.,2026-10-07 - 2026-10-20,https://www.kupi.cz/letak/albert-supermarket-nabidka-ve-znackove-kvalite-3?page=15&map=216206118,https://img.kupi.cz/kupi/thumbs/rum-masskara-don-papa_170_340.png,2026-10-06T17:44:24+02:00
Albert,Alkohol,151712,Víno Primitivo Masso Antico 0.75 l,vino_primitivo_masso_antico,199.0,297.01,Kč,"265,33 Kč / 1 l",,,False,,,-33% st 7. 10. – út 13. 10.,2026-10-07 - 2026-10-13,https://www.kupi.cz/letak/albert-supermarket-letak-702?page=34&map=216235446,https://img.kupi.cz/kupi/thumbs/vino-primitivo-masso-antico_170_340.jpg,2026-10-06T17:44:24+02:00
Albert,Alkohol,514989,Pivo světlý ležák Mustang Hořký 12° Ostravar 0.5 l,pivo_svetly_lezak_mustang_horky_ostravar,15.9,26.5,Kč,"31,80 Kč / 1 l",,,False,,,-40% st 7. 10. – út 13. 10.,2026-10-07 - 2026-10-13,https://www.kupi.cz/letak/albert-supermarket-letak-702?page=10&map=216234447,https://img.kupi.cz/kupi/thumbs/pivo-svetly-lezak-mustang-horky-12-ostravar_170_340.jpg,2026-10-06T17:44:24+02:00
Albert,Alkohol,514989,Pivo světlý ležák Mustang Hořký 12° Ostravar 0.5 l,pivo_svetly_lezak_mustang_horky_ostravar,15.9,26.5,Kč,"31,80 Kč / 1 l",,,False,,,-40% st 7. 10. – út 13. 10.,2026-10-07 - 2026-10-13,https://www.kupi.cz/letak/albert-hypermarket-letak-652?page=12&map=216230352,https://img.kupi.cz/kupi/thumbs/pivo-svetly-lezak-mustang-horky-12-ostravar_170_340.jpg,2026-10-06T17:44:24+02:00
Albert,Alkohol,514989,Pivo světlý ležák Mustang Hořký 12° Ostravar 0.5 l,pivo_svetly_lezak_mustang_horky_ostravar,16.9,26.83,Kč,"33,80 Kč / 1 l",,,False,,,-37% dnes končí,2026-10-06,https://www.kupi.cz/letak/albert-supermarket-letak-701?page=32&map=215341656,https://img.kupi.cz/kupi/thumbs/pivo-svetly-lezak-mustang-horky-12-ostravar_170_340.jpg,2026-10-06T17:44:24+02:00
Albert,Alkohol,247131,Prosecco Frizzante Scalini 0.75 l,prosecco_frizzante_scalini,119.9,,Kč,"159,87 Kč / 1 l",,,False,,,dnes končí,2026-10-06,https://www.kupi.cz/letak/albert-hypermarket-letak-651?page=31&map=215333319,https://img.kupi.cz/kupi/thumbs/sekt-prosecco-frizzante-scalini_170_340.jpg,2026-10-06T17:44:24+02:00
Albert,Alkohol,16190,Víno Chardonnay Herbarium Moravicum Zámecké vinařství Bzenec - pozdní sběr 0.75 l,vino_chardonnay_herbarium_moravicum_zamecke_vinarstvi_bzenec_pozdni_sber,119.9,178.96,Kč,"159,87 Kč / 1 l",,,False,,,-33% platí do středy 28. 10.,2026-10-06 - 2026-10-28,https://www.kupi.cz/letaky/albert,https://img.kupi.cz/kupi/thumbs/chardonnay-herbarium-moravicum_170_340.jpg,2026-10-06T17:44:24+02:00
Albert,Alkohol,7978,Vína Cellarium Bisencii Zámecké vinařství Bzenec 0.75 l,vina_cellarium_bisencii_zamecke_vinarstvi_bzenec,69.9,99.86,Kč,"93,20 Kč / 1 l",,,False,,,-30% st 7. 10. – út 13. 10.,2026-10-07 - 2026-10-13,https://www.kupi.cz/letak/albert-supermarket-letak-702?page=34&map=216235419,https://img.kupi.cz/kupi/thumbs/vina-cellarium-bisencii-zamecke-vinarstvi-bzenec-1_170_340.jpg,2026-10-06T17:44:25+02:00
Albert,Alkohol,7978,Vína Cellarium Bisencii Zámecké vinařství Bzenec 0.75 l,vina_cellarium_bisencii_zamecke_vinarstvi_bzenec,69.9,99.86,Kč,"93,20 Kč / 1 l",,,False,,,-30% dnes končí,2026-10-06,https://www.kupi.cz/letak/albert-hypermarket-letak-651?page=51&map=215325798,https://img.kupi.cz/kupi/thumbs/vina-cellarium-bisencii-zamecke-vinarstvi-bzenec-1_170_340.jpg,2026-10-06T17:44:25+02:00
Albert,Alkohol,474648,Nealkoholické pivo ochucené Staropramen Cool+ 0.5 l,nealkoholicke_pivo_ochucene_staropramen_cool,16.9,25.61,Kč,"33,80 Kč / 1 l",,,False,,,-34% st 7. 10. – út 13. 10.,2026-10-07 - 2026-10-13,https://www.kupi.cz/letak/albert-supermarket-letak-702?page=11&map=216234492,https://img.kupi.cz/kupi/thumbs/nealkoholicke-pivo-ochucene-staropramen-cool-3_170_340.jpg,2026-10-06T17:44:25+02:00
Albert,Alkohol,563430,Likér Modrá Božkov 0.5 l,liker_modra_bozkov,129.9,168.7,Kč,"259,80 Kč / 1 l",,,False,,,-23% dnes končí,2026-10-06,https://www.kupi.cz/letak/albert-supermarket-letak-701?page=34&map=215341968,https://img.kupi.cz/kupi/thumbs/liker-modra-bozkov_170_340.jpg,2026-10-06T17:44:25+02:00
Albert,Alkohol,514047,Pivo světlý ležák 11° Krušovice 0.5 l,pivo_svetly_lezak_krusovice,15.9,22.71,Kč,"31,80 Kč / 1 l",,,False,,,-30% st 7. 10. – út 13. 10.,2026-10-07 - 2026-10-13,https://www.kupi.cz/letak/albert-supermarket-letak-702?page=10&map=216234471,https://img.kupi.cz/kupi/thumbs/pivo-svetly-lezak-11-krusovice-1_170_340.png,2026-10-06T17:44:25+02:00
Albert,Alkohol,514047,Pivo světlý ležák 11° Krušovice 0.5 l,pivo_svetly_lezak_krusovice,15.9,22.71,Kč,"31,80 Kč / 1 l",,,False,,,-30% dnes končí,2026-10-06,https://www.kupi.cz/letak/albert-hypermarket-letak-651?page=30&map=215333205,https://img.kupi.cz/kupi/thumbs/pivo-svetly-lezak-11-krusovice-1_170_340.png,2026-10-06T17:44:25+02:00
Albert,Alkohol,40902,Víno Tokaji 0.75 l,vino_tokaji,89.9,113.8,Kč,"119,87 Kč / 1 l",,,False,,,-21% st 7. 10. – út 13. 10.,2026-10-07 - 2026-10-13,https://www.kupi.cz/letak/albert-hypermarket-letak-652?page=36&map=216232074,https://img.kupi.cz/kupi/thumbs/vino-tokaji_170_340.jpg,2026-10-06T17:44:25+02:00
Albert,Alkohol,516933,Pivo světlý ležák 12° Štatl Starobrno 0.5 l,pivo_svetly_lezak_statl_starobrno,14.9,20.69,Kč,"29,80 Kč / 1 l",,,False,,,-28% st 7. 10. – út 13. 10.,2026-10-07 - 2026-10-13,https://www.kupi.cz/letak/albert-supermarket-letak-702?page=10&map=216234432,https://img.kupi.cz/kupi/thumbs/pivo-svetly-lezak-12-statl-starobrno_170_340.png,2026-10-06T17:44:25+02:00
Albert,Alkohol,33002,Vína Viňa Mercedes 0.75 l,vina_vina_mercedes,59.9,99.83,Kč,"79,87 Kč / 1 l",,,False,,,-40% dnes končí,2026-10-06,https://www.kupi.cz/letak/albert-supermarket-letak-701?page=33&map=215341887,https://img.kupi.cz/kupi/thumbs/vino-vina-mercedes_170_340.jpg,2026-10-06T17:44:25+02:00
Albert,Alkohol,458210,Rum Solera Gran Reserva Ron Zacapa 0.7 l,rum_solera_gran_reserva_ron_zacapa,999.0,1884.91,Kč,"1427,14 Kč / 1 l",,,False,,,-47% st 7. 10. – út 20. 10.,2026-10-07 - 2026-10-20,https://www.kupi.cz/letak/albert-supermarket-nabidka-ve-znackove-kvalite-3?page=15&map=216206124,https://img.kupi.cz/kupi/thumbs/rum-solera-gran-reserva-ron-zacapa_170_340.jpg,2026-10-06T17:44:25+02:00
Albert,Alkohol,62333,Whisky Clan Campbell 0.7 l,whisky_clan_campbell,269.0,426.98,Kč,"384,29 Kč / 1 l",,,False,,,-37% st 7. 10. – út 20. 10.,2026-10-07 - 2026-10-20,https://www.kupi.cz/letak/albert-supermarket-nabidka-ve-znackove-kvalite-3?page=15&map=216206148,https://img.kupi.cz/kupi/thumbs/whisky-clan-campbell-1_170_340.png,2026-10-06T17:44:25+02:00
Albert,Alkohol,84071,Vína Vinařství Břeclav - přívlastková 0.75 l,vina_vinarstvi_breclav_privlastkova,99.9,195.88,Kč,"133,20 Kč / 1 l",,,False,,,-49% dnes končí,2026-10-06,https://www.kupi.cz/letak/albert-supermarket-letak-701?page=33&map=215341830,https://img.kupi.cz/kupi/thumbs/vino-vinarstvi-breclav-privlastkova_170_340.jpg,2026-10-06T17:44:25+02:00
Albert,Alkohol,334570,Tuzemák La Bohéma 0.5 l,tuzemak_la_bohema,119.9,144.46,Kč,"239,80 Kč / 1 l",,,False,,,-17% st 7. 10. – út 20. 10.,2026-10-07 - 2026-10-20,https://www.kupi.cz/letak/albert-supermarket-nabidka-ve-znackove-kvalite-3?page=25&map=216206652,https://img.kupi.cz/kupi/thumbs/tuzemak-la-bohema_170_340.jpg,2026-10-06T17:44:25+02:00
Albert,Alkohol,51952,Vína Canti 0.75 l,vina_canti,79.9,128.87,Kč,"106,53 Kč / 1 l",,,False,,,-38% st 7. 10. – út 13. 10.,2026-10-07 - 2026-10-13,https://www.kupi.cz/letak/albert-hypermarket-letak-652?page=36&map=216232068,https://img.kupi.cz/kupi/thumbs/vino-canti-1_170_340.jpg,2026-10-06T17:44:25+02:00
Albert,Alkohol,570894,Nealkoholické pivo ochucené Velkopopovický Kozel 0.5 l,nealkoholicke_pivo_ochucene_velkopopovicky_kozel,16.9,22.84,Kč,"33,80 Kč / 1 l",,,False,,,-26% dnes končí,2026-10-06,https://www.kupi.cz/letak/albert-hypermarket-letak-651?page=30&map=215333136,https://img.kupi.cz/kupi/thumbs/nealkoholicke-pivo-ochucene-velkopopovicky-kozel_170_340.jpg,2026-10-06T17:44:25+02:00
Albert,Alkohol,320456,Vodka Jemná Pražská 0.5 l,vodka_jemna_prazska,119.9,178.96,Kč,"239,80 Kč / 1 l",,,False,,,-33% st 7. 10. – út 13. 10.,2026-10-07 - 2026-10-13,https://www.kupi.cz/letak/albert-hypermarket-letak-652?page=37&map=216232119,https://img.kupi.cz/kupi/thumbs/vodka-jemna-prazska_170_340.jpg,2026-10-06T17:44:25+02:00
Albert,Alkohol,81476,Vína Vinselekt Michlovský - přívlastková 0.75 l,vina_vinselekt_michlovsky_privlastkova,119.9,139.42,Kč,"159,87 Kč / 1 l",,,False,,,-14% st 7. 10. – út 13. 10.,2026-10-07 - 2026-10-13,https://www.kupi.cz/letak/albert-supermarket-letak-702?page=34&map=216235404,https://img.kupi.cz/kupi/thumbs/vina-vinselekt-michlovsky-privlastkova_170_340.jpg,2026-10-06T17:44:25+02:00
Albert,Alkohol,340810,Vína Medvědí krev 0.75 l,vina_medvedi_krev,54.9,69.49,Kč,"73,20 Kč / 1 l",,,False,,,-21% st 7. 10. – út 13. 10.,2026-10-07 - 2026-10-13,https://www.kupi.cz/letak/albert-supermarket-letak-702?page=34&map=216235440,https://img.kupi.cz/kupi/thumbs/vina-medvedi-krev_170_340.jpg,2026-10-06T17:44:25+02:00
Albert,Alkohol,26354,Víno Ryzlink vlašský Herbarium Moravicum Zámecké vinařství Bzenec - pozdní sběr 0.75 l,vino_ryzlink_vlassky_herbarium_moravicum_zamecke_vinarstvi_bzenec_pozdni_sber,119.9,178.96,Kč,"159,87 Kč / 1 l",,,False,,,-33% platí do středy 28. 10.,2026-10-06 - 2026-10-28,https://www.kupi.cz/letaky/albert,https://img.kupi.cz/kupi/thumbs/vino-ryzlink-vlassky-herbarium-moravicum-zamecke-vinarstvi-bzenec-pozdni-sber-1_170_340.jpg,2026-10-06T17:44:25+02:00
Albert,Alkohol,19808,Vína Prime Line Vinařství Ludwig 0.75 l,vina_prime_line_vinarstvi_ludwig,79.9,109.45,Kč,"106,53 Kč / 1 l",,,False,,,-27% st 7. 10. – út 13. 10.,2026-10-07 - 2026-10-13,https://www.kupi.cz/letak/albert-hypermarket-letak-652?page=36&map=216232062,https://img.kupi.cz/kupi/thumbs/vino-vinarstvi-ludwig-prime-line_170_340.jpg,2026-10-06T17:44:25+02:00
Albert,Alkohol,19808,Vína Prime Line Vinařství Ludwig 0.75 l,vina_prime_line_vinarstvi_ludwig,79.9,109.45,Kč,"106,53 Kč / 1 l",,,False,,,-27% dnes končí,2026-10-06,https://www.kupi.cz/letak/albert-hypermarket-letak-651?page=51&map=215325801,https://img.kupi.cz/kupi/thumbs/vino-vinarstvi-ludwig-prime-line_170_340.jpg,2026-10-06T17:44:25+02:00
Albert,Alkohol,61981,Víno Tini - bag in box 3 l,vino_tini_bag_in_box,169.0,228.38,Kč,"56,33 Kč / 1 l",,,False,,,-26% st 7. 10. – út 13. 10.,2026-10-07 - 2026-10-13,https://www.kupi.cz/letak/albert-hypermarket-letak-652?page=36&map=216232098,https://img.kupi.cz/kupi/thumbs/vino-tini-bag-in-box_170_340.jpg,2026-10-06T17:44:27+02:00
Albert,Alkohol,543315,Whiskey Blackberry Jack Daniel's 0.7 l,whiskey_blackberry_jack_daniel_s,499.0,744.78,Kč,"712,86 Kč / 1 l",,,False,,,-33% st 7. 10. – út 13. 10.,2026-10-07 - 2026-10-13,https://www.kupi.cz/letak/albert-hypermarket-letak-652?page=37&map=216232164,https://img.kupi.cz/kupi/thumbs/whiskey-blackberry-jack-daniels_170_340.png,2026-10-06T17:44:27+02:00
Albert,Alkohol,416261,Pálenka Slivovica Tri stromy Golden 0.7 l,palenka_slivovica_tri_stromy_golden,349.0,415.48,Kč,"498,57 Kč / 1 l",,,False,,,-16% dnes končí,2026-10-06,https://www.kupi.cz/letak/albert-supermarket-letak-701?page=34&map=215341941,https://img.kupi.cz/kupi/thumbs/palenka-slivovica-tri-stromy-golden_170_340.png,2026-10-06T17:44:27+02:00
Albert,Alkohol,343387,Likér vaječný La Bohéma 0.5 l,liker_vajecny_la_bohema,89.9,109.63,Kč,"179,80 Kč / 1 l",,,False,,,-18% st 7. 10. – út 20. 10.,2026-10-07 - 2026-10-20,https://www.kupi.cz/letak/albert-supermarket-nabidka-ve-znackove-kvalite-3?page=25&map=216206658,https://img.kupi.cz/kupi/thumbs/liker-vajecny-la-bohema_170_340.jpg,2026-10-06T17:44:27+02:00
Albert,Alkohol,511479,Becherovka ochucená 0.5 l,becherovka_ochucena,149.9,245.74,Kč,"299,80 Kč / 1 l",,,False,,,-39% st 7. 10. – út 13. 10.,2026-10-07 - 2026-10-13,https://www.kupi.cz/letak/albert-supermarket-letak-702?page=35&map=216235467,https://img.kupi.cz/kupi/thumbs/becherovka-ochucena_170_340.png,2026-10-06T17:44:27+02:00
Albert,Alkohol,459320,Rum El General 15 YO 0.7 l,rum_el_general_yo,799.0,998.75,Kč,"1141,43 Kč / 1 l",,,False,,,-20% st 7. 10. – út 20. 10.,2026-10-07 - 2026-10-20,https://www.kupi.cz/letak/albert-supermarket-nabidka-ve-znackove-kvalite-3?page=15&map=216206127,https://img.kupi.cz/kupi/thumbs/rum-el-general-15-yo_170_340.png,2026-10-06T17:44:27+02:00
Albert,Alkohol,5467,Vína Elegance Joseph Castan 0.75 l,vina_elegance_joseph_castan,99.9,178.39,Kč,"133,20 Kč / 1 l",,,False,,,-44% st 7. 10. – út 13. 10.,2026-10-07 - 2026-10-13,https://www.kupi.cz/letak/albert-hypermarket-letak-652?page=36&map=216232059,https://img.kupi.cz/kupi/thumbs/vina-elegance-joseph-castan_170_340.png,2026-10-06T17:44:27+02:00
Albert,Alkohol,408316,Frizzante Una 0.2 l,frizzante_una,14.9,19.87,Kč,"74,50 Kč / 1 l",,,False,,,-25% dnes končí,2026-10-06,https://www.kupi.cz/letak/albert-supermarket-letak-701?page=33&map=215341725,https://img.kupi.cz/kupi/thumbs/frizzante-una_170_340.jpg,2026-10-06T17:44:27+02:00
Albert,Alkohol,583095,Pivo polotmavé Drsná 15° Radegast 0.5 l,pivo_polotmave_drsna_radegast,28.9,,Kč,"57,80 Kč / 1 l",,,False,,,st 7. 10. – út 13. 10.,2026-10-07 - 2026-10-13,https://www.kupi.cz/letak/albert-supermarket-letak-702?page=10&map=216234453,https://img.kupi.cz/kupi/thumbs/pivo-polotmave-drsna-15-radegast_170_340.png,2026-10-06T17:44:27+02:00
Albert,Alkohol,583095,Pivo polotmavé Drsná 15° Radegast 0.5 l,pivo_polotmave_drsna_radegast,28.9,,Kč,"57,80 Kč / 1 l",,,False,,,st 7. 10. – út 13. 10.,2026-10-07 - 2026-10-13,https://www.kupi.cz/letak/albert-hypermarket-letak-652?page=11&map=216230298,https://img.kupi.cz/kupi/thumbs/pivo-polotmave-drsna-15-radegast_170_340.png,2026-10-06T17:44:27+02:00
Albert,Alkohol,113849,Vína Butterfly Albastrele Wines S.R.L. 0.75 l,vina_butterfly_albastrele_wines_s_r_l,64.9,79.15,Kč,"86,53 Kč / 1 l",,,False,,,-18% dnes končí,2026-10-06,https://www.kupi.cz/letak/albert-supermarket-letak-701?page=33&map=215341782,https://img.kupi.cz/kupi/thumbs/vina-butterfly-albastrele-wines-srl_170_340.png,2026-10-06T17:44:27+02:00
Albert,Alkohol,566901,Nealkoholické pivo ochucené Soulad Zlatopramen 0.5 l,nealkoholicke_pivo_ochucene_soulad_zlatopramen,14.9,16.74,Kč,"29,80 Kč / 1 l",,,False,,,-11% st 7. 10. – út 13. 10.,2026-10-07 - 2026-10-13,https://www.kupi.cz/letak/albert-hypermarket-letak-652?page=13&map=216230412,https://img.kupi.cz/kupi/thumbs/nealkoholicke-pivo-ochucene-soulad-zlatopramen_170_340.png,2026-10-06T17:44:27+02:00
Albert,Alkohol,566901,Nealkoholické pivo ochucené Soulad Zlatopramen 0.5 l,nealkoholicke_pivo_ochucene_soulad_zlatopramen,14.9,16.74,Kč,"29,80 Kč / 1 l",,,False,,,-11% st 7. 10. – út 13. 10.,2026-10-07 - 2026-10-13,https://www.kupi.cz/letak/albert-supermarket-letak-702?page=11&map=216234489,https://img.kupi.cz/kupi/thumbs/nealkoholicke-pivo-ochucene-soulad-zlatopramen_170_340.png,2026-10-06T17:44:27+02:00
Albert,Alkohol,84057,Vína Templářské sklepy Čejkovice - přívlastková 0.75 l,vina_templarske_sklepy_cejkovice_privlastkova,99.9,163.77,Kč,"133,20 Kč / 1 l",,,False,,,-39% dnes končí,2026-10-06,https://www.kupi.cz/letak/albert-hypermarket-letak-651?page=31&map=215333283,https://img.kupi.cz/kupi/thumbs/vina-templarske-sklepy-cejkovice-privlastkova_170_340.png,2026-10-06T17:44:27+02:00
Albert,Alkohol,482814,Pivo světlý ležák bez lepku Cecilia 0.5 l,pivo_svetly_lezak_bez_lepku_cecilia,18.9,25.89,Kč,"37,80 Kč / 1 l",,,False,,,-27% st 7. 10. – út 13. 10.,2026-10-07 - 2026-10-13,https://www.kupi.cz/letak/albert-hypermarket-letak-652?page=12&map=216230361,https://img.kupi.cz/kupi/thumbs/pivo-svetly-lezak-bez-lepku-cecilia_170_340.png,2026-10-06T17:44:27+02:00
Albert,Alkohol,521325,Aperitivo Limonce 0.7 l,aperitivo_limonce,199.0,276.39,Kč,"284,29 Kč / 1 l",,,False,,,-28% st 7. 10. – út 20. 10.,2026-10-07 - 2026-10-20,https://www.kupi.cz/letak/albert-supermarket-nabidka-ve-znackove-kvalite-3?page=15&map=216206142,https://img.kupi.cz/kupi/thumbs/aperitivo-limonce_170_340.png,2026-10-06T17:44:27+02:00
Albert,Alkohol,75778,Gin ochucený Gordon's 0.7 l,gin_ochuceny_gordon_s,349.0,484.72,Kč,"498,57 Kč / 1 l",,,False,,,-28% st 7. 10. – út 20. 10.,2026-10-07 - 2026-10-20,https://www.kupi.cz/letak/albert-supermarket-nabidka-ve-znackove-kvalite-3?page=15&map=216206139,https://img.kupi.cz/kupi/thumbs/gin-cucumber-gordon-s_170_340.jpg,2026-10-06T17:44:27+02:00
Albert,Alkohol,562491,Prosecco DOC Treviso Brut Mionetto 0.75 l,prosecco_doc_treviso_brut_mionetto,169.0,268.25,Kč,"225,33 Kč / 1 l",,,False,,,-37% st 7. 10. – út 13. 10.,2026-10-07 - 2026-10-13,https://www.kupi.cz/letak/albert-hypermarket-letak-652?page=36&map=216232050,https://img.kupi.cz/kupi/thumbs/prosecco-doc-treviso-brut-mionetto_170_340.png,2026-10-06T17:44:27+02:00
Albert,Alkohol,562491,Prosecco DOC Treviso Brut Mionetto 0.75 l,prosecco_doc_treviso_brut_mionetto,169.0,268.25,Kč,"225,33 Kč / 1 l",,,False,,,-37% st 7. 10. – út 20. 10.,2026-10-07 - 2026-10-20,https://www.kupi.cz/letak/albert-supermarket-nabidka-ve-znackove-kvalite-3?page=14&map=216206109,https://img.kupi.cz/kupi/thumbs/prosecco-doc-treviso-brut-mionetto_170_340.png,2026-10-06T17:44:27+02:00
Albert,Alkohol,498819,Prosecco Millesimato Brut DOC De Angeli 0.75 l,prosecco_millesimato_brut_doc_de_angeli,139.9,186.53,Kč,"186,53 Kč / 1 l",,,False,,,-25% st 7. 10. – út 13. 10.,2026-10-07 - 2026-10-13,https://www.kupi.cz/letak/albert-supermarket-letak-702?page=34&map=216235410,https://img.kupi.cz/kupi/thumbs/prosecco-millesimato-brut-doc-de-angeli_170_340.jpg,2026-10-06T17:44:27+02:00
Albert,Alkohol,271433,Vína Collection Zámecké vinařství Bzenec 0.75 l,vina_collection_zamecke_vinarstvi_bzenec,79.9,99.88,Kč,"106,53 Kč / 1 l",,,False,,,-20% dnes končí,2026-10-06,https://www.kupi.cz/letak/albert-supermarket-letak-701?page=33&map=215341839,https://img.kupi.cz/kupi/thumbs/vina-collection-zamecke-vinarstvi-bzenec_170_340.jpg,2026-10-06T17:44:27+02:00
Albert,Alkohol,410945,Míchané nápoje 0.25 l,michane_napoje,39.9,49.87,Kč,"159,60 Kč / 1 l",,,False,,,-20% st 7. 10. – út 20. 10.,2026-10-07 - 2026-10-20,https://www.kupi.cz/letak/albert-supermarket-nabidka-ve-znackove-kvalite-3?page=15&map=216206145,https://img.kupi.cz/kupi/thumbs/michane-napoje-1_170_340.png,2026-10-06T17:44:29+02:00
Albert,Alkohol,447519,Rum Legenda z Blatné 0.5 l,rum_legenda_z_blatne,179.0,248.61,Kč,"358,00 Kč / 1 l",,,False,,,-28% st 7. 10. – út 13. 10.,2026-10-07 - 2026-10-13,https://www.kupi.cz/letak/albert-supermarket-letak-702?page=35&map=216235491,https://img.kupi.cz/kupi/thumbs/rum-legenda-z-blatne_170_340.jpg,2026-10-06T17:44:29+02:00
Albert,Alkohol,532233,Vodka Jindřichohradecká Fruko Schulz 0.5 l,vodka_jindrichohradecka_fruko_schulz,99.9,188.49,Kč,"199,80 Kč / 1 l",,,False,,,-47% st 7. 10. – út 13. 10.,2026-10-07 - 2026-10-13,https://www.kupi.cz/letak/albert-hypermarket-letak-652?page=5&map=216213507,https://img.kupi.cz/kupi/thumbs/vodka-jindrichohradecka-fruko-schulz_170_340.jpg,2026-10-06T17:44:29+02:00
Albert,Alkohol,254886,Víno Clearwater Cove 0.75 l,vino_clearwater_cove,149.9,197.24,Kč,"199,87 Kč / 1 l",,,False,,,-24% st 7. 10. – út 13. 10.,2026-10-07 - 2026-10-13,https://www.kupi.cz/letak/albert-hypermarket-letak-652?page=36&map=216232071,https://img.kupi.cz/kupi/thumbs/vino-clearwater-cove_170_340.png,2026-10-06T17:44:29+02:00
Albert,Alkohol,28663,Vína Reserve B&G 0.75 l,vina_reserve_b_g,129.9,149.31,Kč,"173,20 Kč / 1 l",,,False,,,-13% st 7. 10. – út 13. 10.,2026-10-07 - 2026-10-13,https://www.kupi.cz/letak/albert-supermarket-letak-702?page=34&map=216235437,https://img.kupi.cz/kupi/thumbs/vino-bg-reserve_170_340.jpg,2026-10-06T17:44:29+02:00
Albert,Alkohol,565626,Pivo světlý ležák ochucený Proud 0.5 l,pivo_svetly_lezak_ochuceny_proud,25.9,31.59,Kč,"51,80 Kč / 1 l",,,False,,,-18% st 7. 10. – út 13. 10.,2026-10-07 - 2026-10-13,https://www.kupi.cz/letak/albert-hypermarket-letak-652?page=11&map=216230256,https://img.kupi.cz/kupi/thumbs/pivo-svetly-lezak-ochuceny-proud_170_340.jpg,2026-10-06T17:44:29+02:00
Albert,Alkohol,316106,Vodka La Bohéma 0.5 l,vodka_la_bohema,119.9,139.42,Kč,"239,80 Kč / 1 l",,,False,,,-14% st 7. 10. – út 20. 10.,2026-10-07 - 2026-10-20,https://www.kupi.cz/letak/albert-supermarket-nabidka-ve-znackove-kvalite-3?page=25&map=216206655,https://img.kupi.cz/kupi/thumbs/vodka-la-bohema_170_340.jpg,2026-10-06T17:44:29+02:00
Albert,Alkohol,231168,Vína Hardys 0.75 l,vina_hardys,89.9,99.89,Kč,"119,87 Kč / 1 l",,,False,,,-10% st 7. 10. – út 13. 10.,2026-10-07 - 2026-10-13,https://www.kupi.cz/letak/albert-hypermarket-letak-652?page=36&map=216232104,https://img.kupi.cz/kupi/thumbs/vina-hardys_170_340.jpg,2026-10-06T17:44:29+02:00
Albert,Alkohol,486879,Víno Pálava Habánské sklepy 0.75 l,vino_palava_habanske_sklepy,89.9,119.87,Kč,"119,87 Kč / 1 l",,,False,,,-25% platí do středy 28. 10.,2026-10-06 - 2026-10-28,https://www.kupi.cz/letaky/albert,https://img.kupi.cz/kupi/thumbs/vino-palava-habanske-sklepy-zemske_170_340.jpg,2026-10-06T17:44:29+02:00
Albert,Alkohol,456986,Prosecco DOC Cavit Trento 0.75 l,prosecco_doc_cavit_trento,199.0,258.44,Kč,"265,33 Kč / 1 l",,,False,,,-23% dnes končí,2026-10-06,https://www.kupi.cz/letak/albert-supermarket-letak-701?page=33&map=215341743,https://img.kupi.cz/kupi/thumbs/prosecco-doc-cavit-trento_170_340.jpg,2026-10-06T17:44:29+02:00
Albert,Alkohol,571767,Republica Mango Božkov 0.5 l,republica_mango_bozkov,179.0,314.04,Kč,"358,00 Kč / 1 l",,,False,,,-43% st 7. 10. – út 20. 10.,2026-10-07 - 2026-10-20,https://www.kupi.cz/letak/albert-supermarket-nabidka-ve-znackove-kvalite-3?page=15&map=216206154,https://img.kupi.cz/kupi/thumbs/rum-republica-mango-bozkov_170_340.png,2026-10-06T17:44:29+02:00
Albert,Alkohol,571767,Republica Mango Božkov 0.5 l,republica_mango_bozkov,179.0,314.04,Kč,"358,00 Kč / 1 l",,,False,,,-43% dnes končí,2026-10-06,https://www.kupi.cz/letak/albert-hypermarket-letak-651?page=31&map=215333391,https://img.kupi.cz/kupi/thumbs/rum-republica-mango-bozkov_170_340.png,2026-10-06T17:44:29+02:00
Albert,Alkohol,352090,Vína Víno Mikulov - přívlastková 0.75 l,vina_vino_mikulov_privlastkova,99.9,149.1,Kč,"133,20 Kč / 1 l",,,False,,,-33% st 7. 10. – út 13. 10.,2026-10-07 - 2026-10-13,https://www.kupi.cz/letak/albert-hypermarket-letak-652?page=36&map=216232056,https://img.kupi.cz/kupi/thumbs/vina-vino-mikulov-privlastkova_170_340.jpg,2026-10-06T17:44:29+02:00
Albert,Alkohol,586188,Perlivé víno Momento Bohemia Sekt 0.75 l,perlive_vino_momento_bohemia_sekt,99.9,149.1,Kč,"133,20 Kč / 1 l",,,False,,,-33% dnes končí,2026-10-06,https://www.kupi.cz/letak/albert-hypermarket-letak-651?page=31&map=215333313,https://www.kupi.cz/img/no_img/no_discounts.png,2026-10-06T17:44:29+02:00
Albert,Alkohol,500799,Víno Primitivo De Angeli 0.75 l,vino_primitivo_de_angeli,69.9,99.86,Kč,"93,20 Kč / 1 l",,,False,,,-30% dnes končí,2026-10-06,https://www.kupi.cz/letak/albert-supermarket-letak-701?page=33&map=215341878,https://www.kupi.cz/img/no_img/no_discounts.png,2026-10-06T17:44:29+02:00
Albert,Alkohol,562191,Prosecco Treviso La Contesse 0.75 l,prosecco_treviso_la_contesse,149.9,197.24,Kč,"199,87 Kč / 1 l",,,False,,,-24% st 7. 10. – út 13. 10.,2026-10-07 - 2026-10-13,https://www.kupi.cz/letak/albert-hypermarket-letak-652?page=36&map=216232047,https://www.kupi.cz/img/no_img/no_discounts.png,2026-10-06T17:44:29+02:00
Albert,Alkohol,552498,Víno Colle dei Cipressi Primitivo Puglia 0.75 l,vino_colle_dei_cipressi_primitivo_puglia,79.9,99.88,Kč,"106,53 Kč / 1 l",,,False,,,-20% st 7. 10. – út 13. 10.,2026-10-07 - 2026-10-13,https://www.kupi.cz/letak/albert-hypermarket-letak-652?page=36&map=216232101,https://www.kupi.cz/img/no_img/no_discounts.png,2026-10-06T17:44:29+02:00
