store,category,product_id,product_name,canonical_product_name,price,old_price,currency,unit_price,price_per_kg,price_per_piece,loyalty_required,loyalty_program,loyalty_price,discount_label,date_range,url,image_url,scraped_at
Albert,Trvanlivé,albert-583-25027631,3bit tyčinka čoko nut big 46g,3bit_tycinka_coko_nut_big,16.9,23.9,Kč,16.9 Kč / 46 g,367.39,,False,,,,2026-10-07 - 2026-10-13,https://albertloyaltycz-albert-service-app-prod.delhaize.eu/public/content/leaflet/v3?storeId=583,,2026-10-07T05:30:53+02:00
Albert,Trvanlivé,albert-583-22252333,3Bit tyčinka se sušenkou v mléčné čokoládě 46 g,3bit_tycinka_se_susenkou_v_mlecne_cokolade,16.9,23.9,Kč,16.9 Kč / 46 g,367.39,,False,,,,2026-10-07 - 2026-10-13,https://albertloyaltycz-albert-service-app-prod.delhaize.eu/public/content/leaflet/v3?storeId=583,https://albertloyaltycz-albert-service-app-prod.delhaize.eu/public/minio/images-products/22252333,2026-10-07T05:30:53+02:00
Albert,Albertovo pekařství,albert-583-27843932,7days croiss. choco drops 70g,7days_croiss_choco_drops,12.9,23.9,Kč,12.9 Kč / 70 g,184.29,,False,,,-46%,2026-10-07 - 2026-10-13,https://albertloyaltycz-albert-service-app-prod.delhaize.eu/public/content/leaflet/v3?storeId=583,,2026-10-07T05:30:53+02:00
Albert,Albertovo pekařství,albert-583-27859452,7Days Croissant náplň kakao a vanilka 80 g,7days_croissant_napln_kakao_a_vanilka,12.9,24.9,Kč,12.9 Kč / 80 g,161.25,,False,,,-48%,2026-10-07 - 2026-10-13,https://albertloyaltycz-albert-service-app-prod.delhaize.eu/public/content/leaflet/v3?storeId=583,https://albertloyaltycz-albert-service-app-prod.delhaize.eu/public/minio/images-products/27859452,2026-10-07T05:30:53+02:00
Albert,Albertovo pekařství,albert-583-27843949,7days double crois.kak.kok.80g,7days_double_crois_kak_kok,12.9,24.9,Kč,12.9 Kč / 80 g,161.25,,False,,,-48%,2026-10-07 - 2026-10-13,https://albertloyaltycz-albert-service-app-prod.delhaize.eu/public/content/leaflet/v3?storeId=583,,2026-10-07T05:30:53+02:00
Albert,Albertovo pekařství,albert-583-27843918,7days double crois.kak.nap.80g,7days_double_crois_kak_nap,12.9,24.9,Kč,12.9 Kč / 80 g,161.25,,False,,,-48%,2026-10-07 - 2026-10-13,https://albertloyaltycz-albert-service-app-prod.delhaize.eu/public/content/leaflet/v3?storeId=583,,2026-10-07T05:30:53+02:00
Albert,Albertovo pekařství,albert-583-27843956,7days double crois.van.viš.80g,7days_double_crois_van_vis,12.9,24.9,Kč,12.9 Kč / 80 g,161.25,,False,,,-48%,2026-10-07 - 2026-10-13,https://albertloyaltycz-albert-service-app-prod.delhaize.eu/public/content/leaflet/v3?storeId=583,,2026-10-07T05:30:53+02:00
Albert,Nápoje,albert-583-27888285,"7up zero sugar 2,25l",7up_zero_sugar,24.9,47.2,Kč,24.9 Kč / 2.25 l,,,False,,,,2026-10-07 - 2026-10-13,https://albertloyaltycz-albert-service-app-prod.delhaize.eu/public/content/leaflet/v3?storeId=583,,2026-10-07T05:30:53+02:00
Tesco,Mléčné výrobky a vejce,415,Actimel Danone 100 g,actimel_danone,49.9,83.17,Kč,"12,47 Kč / 100 g",499.0,,True,Clubcard,49.9,-40% Clubcard platí do úterý 3. 11.,2026-10-07 - 2026-11-03,https://www.kupi.cz/letak/tesco-supermarket-letak-416?page=12&map=216253743,https://img.kupi.cz/kupi/thumbs/actimel-danone-1_170_340.jpg,2026-10-07T05:31:48+02:00
Tesco,Mléčné výrobky a vejce,415,Actimel Danone 100 g,actimel_danone,79.9,128.87,Kč,"9,99 Kč / 100 g",799.0,,True,Clubcard,79.9,-38% Clubcard platí do úterý 3. 11.,2026-10-07 - 2026-11-03,https://www.kupi.cz/letak/tesco-supermarket-letak-416?page=5&map=216253188,https://img.kupi.cz/kupi/thumbs/actimel-danone-1_170_340.jpg,2026-10-07T05:31:48+02:00
Tesco,Mléčné výrobky a vejce,415,Actimel Danone 100 g,actimel_danone,89.9,138.31,Kč,"7,49 Kč / 100 g",899.0,,True,Clubcard,89.9,-35% Clubcard platí do úterý 3. 11.,2026-10-07 - 2026-11-03,https://www.kupi.cz/letak/tesco-hypermarket-letak-370?page=7&map=216579249,https://img.kupi.cz/kupi/thumbs/actimel-danone-1_170_340.jpg,2026-10-07T05:31:48+02:00
Albert,Mléčné a chlazené,albert-583-28141839,Activia kefír bílý 280 g,activia_kefir_bily,21.9,32.9,Kč,21.9 Kč / 280 g,78.21,,False,,,-33%,2026-10-07 - 2026-10-13,https://albertloyaltycz-albert-service-app-prod.delhaize.eu/public/content/leaflet/v3?storeId=583,https://albertloyaltycz-albert-service-app-prod.delhaize.eu/public/minio/images-products/28141839,2026-10-07T05:30:53+02:00
Albert,Mléčné a chlazené,albert-583-26554662,Activia náp.malina/gr.jabl 280 280 g,activia_nap_malina_gr_jabl,19.9,32.9,Kč,19.9 Kč / 280 g,71.07,,False,,,-39%,2026-10-07 - 2026-10-13,https://albertloyaltycz-albert-service-app-prod.delhaize.eu/public/content/leaflet/v3?storeId=583,,2026-10-07T05:30:53+02:00
Albert,Mléčné a chlazené,albert-583-23587571,Activia nápoj bílý 280g,activia_napoj_bily,19.9,32.9,Kč,19.9 Kč / 280 g,71.07,,False,,,-39%,2026-10-07 - 2026-10-13,https://albertloyaltycz-albert-service-app-prod.delhaize.eu/public/content/leaflet/v3?storeId=583,,2026-10-07T05:30:53+02:00
Albert,Mléčné a chlazené,albert-583-27645376,Activia nápoj br.ana.baná.270g,activia_napoj_br_ana_bana,19.9,32.9,Kč,19.9 Kč / 270 g,73.7,,False,,,-39%,2026-10-07 - 2026-10-13,https://albertloyaltycz-albert-service-app-prod.delhaize.eu/public/content/leaflet/v3?storeId=583,,2026-10-07T05:30:53+02:00
Albert,Mléčné a chlazené,albert-583-24415996,Activia nápoj les.ovoce 280g,activia_napoj_les_ovoce,19.9,32.9,Kč,19.9 Kč / 280 g,71.07,,False,,,-39%,2026-10-07 - 2026-10-13,https://albertloyaltycz-albert-service-app-prod.delhaize.eu/public/content/leaflet/v3?storeId=583,,2026-10-07T05:30:53+02:00
Albert,Trvanlivé,albert-583-23629844,Ahmad č.čaj engl.br.syp.100g,ahmad_c_caj_engl_br_syp,89.9,99.9,Kč,89.9 Kč / 100 g,899.0,,False,,,,2026-10-07 - 2026-10-13,https://albertloyaltycz-albert-service-app-prod.delhaize.eu/public/content/leaflet/v3?storeId=583,,2026-10-07T05:30:53+02:00
Albert,Trvanlivé,albert-583-23729070,Ahmad č.čaj english br.100x2g 200 g,ahmad_c_caj_english_br_100x2g,129.9,194.0,Kč,129.9 Kč / 200 g,649.5,,False,,,,2026-10-07 - 2026-10-13,https://albertloyaltycz-albert-service-app-prod.delhaize.eu/public/content/leaflet/v3?storeId=583,,2026-10-07T05:30:53+02:00
Albert,Trvanlivé,albert-583-23410268,Ahmad earl grey syp.100g,ahmad_earl_grey_syp,89.9,99.9,Kč,89.9 Kč / 100 g,899.0,,False,,,,2026-10-07 - 2026-10-13,https://albertloyaltycz-albert-service-app-prod.delhaize.eu/public/content/leaflet/v3?storeId=583,,2026-10-07T05:30:53+02:00
Albert,Trvanlivé,albert-583-24760119,Ahmad ovoc čaj citrus mix 40g,ahmad_ovoc_caj_citrus_mix,59.9,81.9,Kč,59.9 Kč / 40 g,1497.5,,False,,,,2026-10-07 - 2026-10-13,https://albertloyaltycz-albert-service-app-prod.delhaize.eu/public/content/leaflet/v3?storeId=583,,2026-10-07T05:30:53+02:00
Albert,Trvanlivé,albert-583-25143935,Ahmad ovoc čaj les.plody 40g,ahmad_ovoc_caj_les_plody,59.9,81.9,Kč,59.9 Kč / 40 g,1497.5,,False,,,,2026-10-07 - 2026-10-13,https://albertloyaltycz-albert-service-app-prod.delhaize.eu/public/content/leaflet/v3?storeId=583,,2026-10-07T05:30:53+02:00
Albert,Trvanlivé,albert-583-23410275,Ahmad Tea Earl Grey černý čaj 200 g,ahmad_tea_earl_grey_cerny_caj,129.9,194.0,Kč,129.9 Kč / 200 g,649.5,,False,,,,2026-10-07 - 2026-10-13,https://albertloyaltycz-albert-service-app-prod.delhaize.eu/public/content/leaflet/v3?storeId=583,https://albertloyaltycz-albert-service-app-prod.delhaize.eu/public/minio/images-products/23410275,2026-10-07T05:30:53+02:00
Albert,Trvanlivé,albert-583-25143959,Ahmad zel.čaj 100x2g 200 g,ahmad_zel_caj_100x2g,129.9,194.0,Kč,129.9 Kč / 200 g,649.5,,False,,,,2026-10-07 - 2026-10-13,https://albertloyaltycz-albert-service-app-prod.delhaize.eu/public/content/leaflet/v3?storeId=583,,2026-10-07T05:30:53+02:00
Albert,Trvanlivé,albert-583-23629851,Ahmad zel.čaj jasmín syp.100g,ahmad_zel_caj_jasmin_syp,89.9,99.9,Kč,89.9 Kč / 100 g,899.0,,False,,,,2026-10-07 - 2026-10-13,https://albertloyaltycz-albert-service-app-prod.delhaize.eu/public/content/leaflet/v3?storeId=583,,2026-10-07T05:30:53+02:00
Albert,Trvanlivé,albert-583-24639231,Ahmad zelený čaj 50 g,ahmad_zeleny_caj,49.9,69.9,Kč,49.9 Kč / 50 g,998.0,,False,,,,2026-10-07 - 2026-10-13,https://albertloyaltycz-albert-service-app-prod.delhaize.eu/public/content/leaflet/v3?storeId=583,,2026-10-07T05:30:53+02:00
Albert,Trvanlivé,albert-583-26728193,Airwaves cassis žvýk. dóza 64g,airwaves_cassis_zvyk_doza,59.9,79.9,Kč,59.9 Kč / 64 g,935.94,,False,,,,2026-10-07 - 2026-10-13,https://albertloyaltycz-albert-service-app-prod.delhaize.eu/public/content/leaflet/v3?storeId=583,,2026-10-07T05:30:53+02:00
Albert,Trvanlivé,albert-583-26728209,Airwaves extrem žvýk. dóza 64g,airwaves_extrem_zvyk_doza,59.9,79.9,Kč,59.9 Kč / 64 g,935.94,,False,,,,2026-10-07 - 2026-10-13,https://albertloyaltycz-albert-service-app-prod.delhaize.eu/public/content/leaflet/v3?storeId=583,,2026-10-07T05:30:53+02:00
Albert,Trvanlivé,albert-583-23681101,Airwaves žvýk. black mint 14g,airwaves_zvyk_black_mint,18.9,22.9,Kč,18.9 Kč / 14 g,1350.0,,False,,,,2026-10-07 - 2026-10-13,https://albertloyaltycz-albert-service-app-prod.delhaize.eu/public/content/leaflet/v3?storeId=583,,2026-10-07T05:30:53+02:00
Albert,Trvanlivé,albert-583-22594051,Airwaves žvýk. č. rybíz dr.16g,airwaves_zvyk_c_rybiz_dr,18.9,22.9,Kč,18.9 Kč / 16 g,1181.25,,False,,,,2026-10-07 - 2026-10-13,https://albertloyaltycz-albert-service-app-prod.delhaize.eu/public/content/leaflet/v3?storeId=583,,2026-10-07T05:30:53+02:00
Albert,Trvanlivé,albert-583-27819470,Airwaves žvýk.limet/zázvor 14g,airwaves_zvyk_limet_zazvor,18.9,22.9,Kč,18.9 Kč / 14 g,1350.0,,False,,,,2026-10-07 - 2026-10-13,https://albertloyaltycz-albert-service-app-prod.delhaize.eu/public/content/leaflet/v3?storeId=583,,2026-10-07T05:30:53+02:00
Albert,Trvanlivé,albert-583-21308253,Airwaves žvýk. m a edr. 17g,airwaves_zvyk_m_a_edr,18.9,22.9,Kč,18.9 Kč / 17 g,1111.76,,False,,,,2026-10-07 - 2026-10-13,https://albertloyaltycz-albert-service-app-prod.delhaize.eu/public/content/leaflet/v3?storeId=583,,2026-10-07T05:30:53+02:00
Albert,Trvanlivé,albert-583-25117936,Airwaves žvýkačky extreme 14g,airwaves_zvykacky_extreme,18.9,22.9,Kč,18.9 Kč / 14 g,1350.0,,False,,,,2026-10-07 - 2026-10-13,https://albertloyaltycz-albert-service-app-prod.delhaize.eu/public/content/leaflet/v3?storeId=583,,2026-10-07T05:30:53+02:00
Albert,Trvanlivé,albert-583-23323971,Alb mouka hrubá 1kg,alb_mouka_hruba,9.9,12.9,Kč,9.9 Kč / 1 kg,9.9,,False,,,,2026-10-07 - 2026-10-13,https://albertloyaltycz-albert-service-app-prod.delhaize.eu/public/content/leaflet/v3?storeId=583,,2026-10-07T05:30:53+02:00
Albert,Trvanlivé,albert-583-23323988,Alb mouka polohrubá 1kg,alb_mouka_polohruba,9.9,12.9,Kč,9.9 Kč / 1 kg,9.9,,False,,,,2026-10-07 - 2026-10-13,https://albertloyaltycz-albert-service-app-prod.delhaize.eu/public/content/leaflet/v3?storeId=583,,2026-10-07T05:30:53+02:00
Albert,Mléčné a chlazené,albert-583-27749845,Alb sýrové nitě uzené 100g,alb_syrove_nite_uzene,28.9,36.9,Kč,28.9 Kč / 100 g,289.0,,False,,,-21%,2026-10-07 - 2026-10-13,https://albertloyaltycz-albert-service-app-prod.delhaize.eu/public/content/leaflet/v3?storeId=583,,2026-10-07T05:30:53+02:00
Albert,Tržnice u Alberta,albert-583-20444372,Albertova tržnice salát ledový 1 ks,albertova_trznice_salat_ledovy,22.9,39.9,Kč,22.9 Kč / 1 ks,,22.9,False,,,-42%,2026-10-07 - 2026-10-13,https://albertloyaltycz-albert-service-app-prod.delhaize.eu/public/content/leaflet/v3?storeId=583,https://albertloyaltycz-albert-service-app-prod.delhaize.eu/public/minio/images-products/20444372,2026-10-07T05:30:53+02:00
Albert,Mléčné a chlazené,albert-583-28125303,Alpro barista ovesný nápoj 1l,alpro_barista_ovesny_napoj,54.9,84.9,Kč,54.9 Kč / 1 l,,,False,,,,2026-10-07 - 2026-10-13,https://albertloyaltycz-albert-service-app-prod.delhaize.eu/public/content/leaflet/v3?storeId=583,,2026-10-07T05:30:53+02:00
Albert,Mléčné a chlazené,albert-583-26432700,Alpro kokosový nápoj 1l,alpro_kokosovy_napoj,54.9,86.9,Kč,54.9 Kč / 1 l,,,False,,,,2026-10-07 - 2026-10-13,https://albertloyaltycz-albert-service-app-prod.delhaize.eu/public/content/leaflet/v3?storeId=583,,2026-10-07T05:30:53+02:00
Albert,Mléčné a chlazené,albert-583-27150900,Alpro kokosový nápoj nesl.1l,alpro_kokosovy_napoj_nesl,54.9,86.9,Kč,54.9 Kč / 1 l,,,False,,,,2026-10-07 - 2026-10-13,https://albertloyaltycz-albert-service-app-prod.delhaize.eu/public/content/leaflet/v3?storeId=583,,2026-10-07T05:30:53+02:00
Albert,Mléčné a chlazené,albert-583-27150924,Alpro mandl.náp.pří.vanilka 1l,alpro_mandl_nap_pri_vanilka,54.9,86.9,Kč,54.9 Kč / 1 l,,,False,,,,2026-10-07 - 2026-10-13,https://albertloyaltycz-albert-service-app-prod.delhaize.eu/public/content/leaflet/v3?storeId=583,,2026-10-07T05:30:53+02:00
Albert,Mléčné a chlazené,albert-583-27421956,Alpro mandl.nápoj barista 1l,alpro_mandl_napoj_barista,54.9,84.9,Kč,54.9 Kč / 1 l,,,False,,,,2026-10-07 - 2026-10-13,https://albertloyaltycz-albert-service-app-prod.delhaize.eu/public/content/leaflet/v3?storeId=583,,2026-10-07T05:30:53+02:00
Albert,Mléčné a chlazené,albert-583-25590241,Alpro mandlový nápoj 1l,alpro_mandlovy_napoj,54.9,86.9,Kč,54.9 Kč / 1 l,,,False,,,,2026-10-07 - 2026-10-13,https://albertloyaltycz-albert-service-app-prod.delhaize.eu/public/content/leaflet/v3?storeId=583,,2026-10-07T05:30:53+02:00
Albert,Mléčné a chlazené,albert-583-26826523,Alpro mandlový nápoj neslazený 1 l,alpro_mandlovy_napoj_neslazeny,54.9,86.9,Kč,54.9 Kč / 1 l,,,False,,,,2026-10-07 - 2026-10-13,https://albertloyaltycz-albert-service-app-prod.delhaize.eu/public/content/leaflet/v3?storeId=583,https://albertloyaltycz-albert-service-app-prod.delhaize.eu/public/minio/images-products/26826523,2026-10-07T05:30:53+02:00
Albert,Mléčné a chlazené,albert-583-27784495,Alpro ovesný náp. neslazený 1l,alpro_ovesny_nap_neslazeny,54.9,86.9,Kč,54.9 Kč / 1 l,,,False,,,,2026-10-07 - 2026-10-13,https://albertloyaltycz-albert-service-app-prod.delhaize.eu/public/content/leaflet/v3?storeId=583,,2026-10-07T05:30:53+02:00
Albert,Mléčné a chlazené,albert-583-24534109,Alpro sój.nápoj přírodní 1l,alpro_soj_napoj_prirodni,49.9,77.9,Kč,49.9 Kč / 1 l,,,False,,,,2026-10-07 - 2026-10-13,https://albertloyaltycz-albert-service-app-prod.delhaize.eu/public/content/leaflet/v3?storeId=583,,2026-10-07T05:30:53+02:00
Albert,Mléčné a chlazené,albert-583-24534116,Alpro sój.nápoj s čok.přích.1l,alpro_soj_napoj_s_cok_prich,54.9,86.9,Kč,54.9 Kč / 1 l,,,False,,,,2026-10-07 - 2026-10-13,https://albertloyaltycz-albert-service-app-prod.delhaize.eu/public/content/leaflet/v3?storeId=583,,2026-10-07T05:30:53+02:00
Albert,Mléčné a chlazené,albert-583-24534130,Alpro sój.nápoj s van.přích.1l,alpro_soj_napoj_s_van_prich,54.9,86.9,Kč,54.9 Kč / 1 l,,,False,,,,2026-10-07 - 2026-10-13,https://albertloyaltycz-albert-service-app-prod.delhaize.eu/public/content/leaflet/v3?storeId=583,,2026-10-07T05:30:53+02:00
Albert,Nápoje,albert-583-28148630,"Amundsen blue lagoo 4,5% 0,25l 250 ml",amundsen_blue_lagoo,39.9,49.9,Kč,39.9 Kč / 250 ml,,,False,,,,2026-10-07 - 2026-10-13,https://albertloyaltycz-albert-service-app-prod.delhaize.eu/public/content/leaflet/v3?storeId=583,,2026-10-07T05:30:53+02:00
Albert,Nápoje,albert-583-28147978,"Amundsen cosmo 4,5% 0,25l 250 ml",amundsen_cosmo,39.9,49.9,Kč,39.9 Kč / 250 ml,,,False,,,,2026-10-07 - 2026-10-13,https://albertloyaltycz-albert-service-app-prod.delhaize.eu/public/content/leaflet/v3?storeId=583,,2026-10-07T05:30:53+02:00
Tesco,Alkohol,252177,Amundsen Fusion 0.5 l,amundsen_fusion,139.9,179.36,Kč,"279,80 Kč / 1 l",,,True,Clubcard,139.9,-22% Clubcard platí do úterý 13. 10.,2026-10-07 - 2026-10-13,https://www.kupi.cz/letaky/tesco,https://img.kupi.cz/kupi/thumbs/amundsen-fusion_170_340.png,2026-10-07T05:32:24+02:00
Albert,Nápoje,albert-583-28148555,"Amundsen Sex on the beach 4,5% 250 ml",amundsen_sex_on_the_beach,39.9,49.9,Kč,39.9 Kč / 250 ml,,,False,,,,2026-10-07 - 2026-10-13,https://albertloyaltycz-albert-service-app-prod.delhaize.eu/public/content/leaflet/v3?storeId=583,https://albertloyaltycz-albert-service-app-prod.delhaize.eu/public/minio/images-products/28148555,2026-10-07T05:30:53+02:00
Albert,Nápoje,albert-583-28148562,"Amundsen sknny bitch 4,5%0,25l 250 ml",amundsen_sknny_bitch,39.9,49.9,Kč,39.9 Kč / 250 ml,,,False,,,,2026-10-07 - 2026-10-13,https://albertloyaltycz-albert-service-app-prod.delhaize.eu/public/content/leaflet/v3?storeId=583,,2026-10-07T05:30:53+02:00
Albert,Nápoje,albert-583-26252766,"Amundsen vodka 37,5% 0,7l",amundsen_vodka,259.0,309.0,Kč,259 Kč / 0.7 l,,,False,,,,2026-10-07 - 2026-10-13,https://albertloyaltycz-albert-service-app-prod.delhaize.eu/public/content/leaflet/v3?storeId=583,,2026-10-07T05:30:53+02:00
Albert,Nápoje,albert-583-22019790,"Amundsen vodka 37,5% 0.5 l",amundsen_vodka,169.0,239.0,Kč,169 Kč / 0.5 l,,,False,,,,2026-10-07 - 2026-10-13,https://albertloyaltycz-albert-service-app-prod.delhaize.eu/public/content/leaflet/v3?storeId=583,https://albertloyaltycz-albert-service-app-prod.delhaize.eu/public/minio/images-products/22019790,2026-10-07T05:30:53+02:00
Albert,Tržnice u Alberta,albert-583-20443443,Ananas extra sladký 1 ks,ananas,39.9,69.9,Kč,39.9 Kč / 1 ks,,39.9,False,,,-42%,2026-10-07 - 2026-10-13,https://albertloyaltycz-albert-service-app-prod.delhaize.eu/public/content/leaflet/v3?storeId=583,https://albertloyaltycz-albert-service-app-prod.delhaize.eu/public/minio/images-products/20443443,2026-10-07T05:30:53+02:00
Albert,Trvanlivé,albert-583-21772504,Giana ananas kousky 565/340 g,ananas,39.9,59.9,Kč,39.9 Kč / 340 g,117.35,,False,,,,2026-10-07 - 2026-10-13,https://albertloyaltycz-albert-service-app-prod.delhaize.eu/public/content/leaflet/v3?storeId=583,,2026-10-07T05:30:53+02:00
Albert,Trvanlivé,albert-583-25419740,Loyd čaj ananas hruš.pyr.40g,ananas,26.9,44.9,Kč,26.9 Kč / 40 g,672.5,,False,,,,2026-10-07 - 2026-10-13,https://albertloyaltycz-albert-service-app-prod.delhaize.eu/public/content/leaflet/v3?storeId=583,,2026-10-07T05:30:53+02:00
Albert,Mléčné a chlazené,albert-583-28117148,Mini Twister ananas multipack 400 ml,ananas,99.9,136.9,Kč,99.9 Kč / 400 ml,,,False,,,,2026-10-07 - 2026-10-13,https://albertloyaltycz-albert-service-app-prod.delhaize.eu/public/content/leaflet/v3?storeId=583,https://albertloyaltycz-albert-service-app-prod.delhaize.eu/public/minio/images-products/28117148,2026-10-07T05:30:53+02:00
Tesco,Ovoce a zelenina,99,Ananas 1 ks,ananas,44.9,74.83,Kč,"44,90 Kč / 1 ks",,44.9,True,Clubcard,44.9,-40% Clubcard platí do úterý 13. 10.,2026-10-07 - 2026-10-13,https://www.kupi.cz/letak/tesco-hypermarket-letak-370?page=3&map=216577866,https://img.kupi.cz/kupi/thumbs/ananas-2_170_340.jpg,2026-10-07T05:31:43+02:00
Albert,Uzeniny a lahůdky,albert-583-27935835,Albert Anglická slanina 150 g,anglicka_slanina,34.9,45.9,Kč,34.9 Kč / 150 g,232.67,,False,,,-23%,2026-10-07 - 2026-10-13,https://albertloyaltycz-albert-service-app-prod.delhaize.eu/public/content/leaflet/v3?storeId=583,https://albertloyaltycz-albert-service-app-prod.delhaize.eu/public/minio/images-products/27935835,2026-10-07T05:30:53+02:00
Albert,Uzeniny a lahůdky,albert-583-27704608,Anglická slanina 100 g,anglicka_slanina,19.9,24.9,Kč,19.9 Kč / 100 g,199.0,,False,,,-20%,2026-10-07 - 2026-10-13,https://albertloyaltycz-albert-service-app-prod.delhaize.eu/public/content/leaflet/v3?storeId=583,https://albertloyaltycz-albert-service-app-prod.delhaize.eu/public/minio/images-products/27704608,2026-10-07T05:30:53+02:00
Tesco,"Maso, uzeniny a ryby",128781,Anglická slanina lisovaná 100 g,anglicka_slanina_lisovana,19.9,24.87,Kč,"19,90 Kč / 100 g",199.0,,True,Clubcard,19.9,-20% Clubcard po 12. 10. – út 13. 10.,2026-10-12 - 2026-10-13,https://www.kupi.cz/letak/tesco-hypermarket-letak-370?page=14&map=216580308,https://img.kupi.cz/kupi/thumbs/anglicka-slanina-lisovana_170_340.png,2026-10-07T05:31:55+02:00
Billa,"Maso, uzeniny a ryby",17620,Anglická slanina speciál 100 g,anglicka_slanina_special,19.9,24.87,Kč,"19,90 Kč / 100 g",199.0,,False,,,-20% platí do úterý 13. 10.,2026-10-07 - 2026-10-13,https://www.kupi.cz/letak/billa-velky-letak-292?map=216581976,https://img.kupi.cz/kupi/thumbs/anglicka-slanina-special_170_340.jpg,2026-10-07T05:31:08+02:00
Tesco,"Maso, uzeniny a ryby",17620,Anglická slanina speciál 100 g,anglicka_slanina_special,19.9,22.87,Kč,"19,90 Kč / 100 g",199.0,,True,Clubcard,19.9,-13% Clubcard platí do úterý 20. 10.,2026-10-07 - 2026-10-20,https://www.kupi.cz/letak/tesco-hypermarket-letak-370?page=5&map=216578847,https://img.kupi.cz/kupi/thumbs/anglicka-slanina-special_170_340.jpg,2026-10-07T05:31:55+02:00
Tesco,"Maso, uzeniny a ryby",2052,Anglická slanina speciál Tesco 350 g,anglicka_slanina_special,74.9,93.62,Kč,"21,40 Kč / 100 g",214.0,,True,Clubcard,74.9,-20% Clubcard platí do úterý 20. 10.,2026-10-07 - 2026-10-20,https://www.kupi.cz/letak/tesco-supermarket-letak-416?page=13&map=216253752,https://img.kupi.cz/kupi/thumbs/anglicka-slanina-special-tesco-2_170_340.jpg,2026-10-07T05:31:55+02:00
Tesco,"Maso, uzeniny a ryby",2052,Anglická slanina speciál Tesco 350 g,anglicka_slanina_special,74.9,,Kč,"21,40 Kč / 100 g",214.0,,True,Clubcard,74.9,Clubcard platí do úterý 20. 10.,2026-10-07 - 2026-10-20,https://www.kupi.cz/letak/tesco-hypermarket-letak-370?page=5&map=216578901,https://img.kupi.cz/kupi/thumbs/anglicka-slanina-special-tesco-2_170_340.jpg,2026-10-07T05:31:55+02:00
Tesco,"Maso, uzeniny a ryby",2052,Anglická slanina speciál Tesco 350 g,anglicka_slanina_special,93.9,,Kč,"26,83 Kč / 100 g",268.3,,False,,,platí do úterý 20. 10.,2026-10-07 - 2026-10-20,https://www.kupi.cz/letak/tesco-hypermarket-letak-370?page=5&map=216578853,https://img.kupi.cz/kupi/thumbs/anglicka-slanina-special-tesco-2_170_340.jpg,2026-10-07T05:31:55+02:00
Billa,Pečivo,2442,Anglický rohlík 120 g,anglicky_rohlik,22.9,25.73,Kč,"19,08 Kč / 100 g",190.8,,True,Billa Club,22.9,-11% Billa Club platí do úterý 13. 10.,2026-10-07 - 2026-10-13,https://www.kupi.cz/letak/billa-velky-letak-292?page=10&map=216582552,https://img.kupi.cz/kupi/thumbs/anglicky-rohlik_170_340.png,2026-10-07T05:30:59+02:00
Tesco,Alkohol,1172,Aperitiv Aperol 0.7 l,aperitiv_aperol,269.9,317.53,Kč,"385,57 Kč / 1 l",,,True,Clubcard,269.9,-15% Clubcard platí do úterý 13. 10.,2026-10-07 - 2026-10-13,https://www.kupi.cz/letaky/tesco,https://img.kupi.cz/kupi/thumbs/aperitiv-aperol_170_340.jpg,2026-10-07T05:32:22+02:00
Billa,Alkohol,505,Aperitiv Bianco Cinzano 0.75 l,aperitiv_bianco_cinzano,199.9,,Kč,"266,53 Kč / 1 l",,,False,,,platí do úterý 20. 10.,2026-10-07 - 2026-10-20,https://www.kupi.cz/letak/billa-letak-italie-u-vas-doma?page=14&map=215641689,https://img.kupi.cz/kupi/thumbs/aperitiv-bianco-cinzano-1_170_340.jpg,2026-10-07T05:31:35+02:00
Billa,Alkohol,521325,Aperitivo Limonce 0.7 l,aperitivo_limonce,199.9,,Kč,"285,57 Kč / 1 l",,,False,,,platí do úterý 20. 10.,2026-10-07 - 2026-10-20,https://www.kupi.cz/letak/billa-letak-italie-u-vas-doma?page=15&map=215641761,https://img.kupi.cz/kupi/thumbs/aperitivo-limonce_170_340.png,2026-10-07T05:31:36+02:00
Tesco,Alkohol,521325,Aperitivo Limonce 0.7 l,aperitivo_limonce,199.9,277.64,Kč,"285,57 Kč / 1 l",,,True,Clubcard,199.9,-28% Clubcard platí do úterý 13. 10.,2026-10-07 - 2026-10-13,https://www.kupi.cz/letak/tesco-hypermarket-znacky-ktere-mate-radi-2?page=2&map=215325897,https://img.kupi.cz/kupi/thumbs/aperitivo-limonce_170_340.png,2026-10-07T05:32:26+02:00
Albert,Mléčné a chlazené,albert-583-27627303,Apetito pl.do toustů gouda130g,apetito_pl_do_toustu_gouda130g,33.9,42.9,Kč,33.9 Kč / 130 g,260.77,,False,,,,2026-10-07 - 2026-10-13,https://albertloyaltycz-albert-service-app-prod.delhaize.eu/public/content/leaflet/v3?storeId=583,,2026-10-07T05:30:53+02:00
Albert,Mléčné a chlazené,albert-583-28138891,Apetito rozplývavé gouda 190 g,apetito_rozplyvave_gouda,44.9,72.9,Kč,44.9 Kč / 190 g,236.32,,False,,,,2026-10-07 - 2026-10-13,https://albertloyaltycz-albert-service-app-prod.delhaize.eu/public/content/leaflet/v3?storeId=583,https://albertloyaltycz-albert-service-app-prod.delhaize.eu/public/minio/images-products/28138891,2026-10-07T05:30:53+02:00
Albert,Mléčné a chlazené,albert-583-28138884,Apetito rozplývavé smetanové 190 g,apetito_rozplyvave_smetanove,44.9,72.9,Kč,44.9 Kč / 190 g,236.32,,False,,,,2026-10-07 - 2026-10-13,https://albertloyaltycz-albert-service-app-prod.delhaize.eu/public/content/leaflet/v3?storeId=583,https://albertloyaltycz-albert-service-app-prod.delhaize.eu/public/minio/images-products/28138884,2026-10-07T05:30:53+02:00
Albert,Mléčné a chlazené,albert-583-28129561,Apetito smetanové xxl 187g,apetito_smetanove_xxl,44.9,72.9,Kč,44.9 Kč / 187 g,240.11,,False,,,,2026-10-07 - 2026-10-13,https://albertloyaltycz-albert-service-app-prod.delhaize.eu/public/content/leaflet/v3?storeId=583,,2026-10-07T05:30:53+02:00
Albert,Nápoje,albert-583-20717360,Aquila kojenecká voda neperlivá 1.5 l,aquila_kojenecka_voda_neperliva,11.9,17.9,Kč,11.9 Kč / 1.5 l,,,False,,,,2026-10-07 - 2026-10-13,https://albertloyaltycz-albert-service-app-prod.delhaize.eu/public/content/leaflet/v3?storeId=583,https://albertloyaltycz-albert-service-app-prod.delhaize.eu/public/minio/images-products/20717360,2026-10-07T05:30:53+02:00
Albert,Nápoje,albert-583-20717247,"Aquila ledový čaj citron 1,5l",aquila_ledovy_caj_citron,23.9,29.9,Kč,23.9 Kč / 1.5 l,,,False,,,,2026-10-07 - 2026-10-13,https://albertloyaltycz-albert-service-app-prod.delhaize.eu/public/content/leaflet/v3?storeId=583,,2026-10-07T05:30:53+02:00
Albert,Nápoje,albert-583-25922707,Asconi Muscat 0.75 l,asconi_muscat,89.9,109.9,Kč,89.9 Kč / 0.75 l,,,False,,,,2026-10-07 - 2026-10-13,https://albertloyaltycz-albert-service-app-prod.delhaize.eu/public/content/leaflet/v3?storeId=583,https://albertloyaltycz-albert-service-app-prod.delhaize.eu/public/minio/images-products/25922707,2026-10-07T05:30:53+02:00
Albert,Trvanlivé,albert-583-24889599,At rýžové nudle 300g,at_ryzove_nudle,48.9,57.9,Kč,48.9 Kč / 300 g,163.0,,False,,,-15%,2026-10-07 - 2026-10-13,https://albertloyaltycz-albert-service-app-prod.delhaize.eu/public/content/leaflet/v3?storeId=583,,2026-10-07T05:30:53+02:00
Albert,Uzeniny a lahůdky,albert-583-25516289,Aum dunajská klobása 400g,aum_dunajska_klobasa,89.9,109.9,Kč,89.9 Kč / 400 g,224.75,,False,,,-18%,2026-10-07 - 2026-10-13,https://albertloyaltycz-albert-service-app-prod.delhaize.eu/public/content/leaflet/v3?storeId=583,,2026-10-07T05:30:53+02:00
Albert,Uzeniny a lahůdky,albert-583-26976150,Aum gothajský salám 400g,aum_gothajsky_salam,59.9,68.9,Kč,59.9 Kč / 400 g,149.75,,False,,,-13%,2026-10-07 - 2026-10-13,https://albertloyaltycz-albert-service-app-prod.delhaize.eu/public/content/leaflet/v3?storeId=583,,2026-10-07T05:30:53+02:00
Albert,Uzeniny a lahůdky,albert-583-26700984,Aum kladenská pečeně cca 600g 100 g,aum_kladenska_pecene_cca,22.9,27.9,Kč,22.9 Kč / 100 g,229.0,,False,,,-17%,2026-10-07 - 2026-10-13,https://albertloyaltycz-albert-service-app-prod.delhaize.eu/public/content/leaflet/v3?storeId=583,,2026-10-07T05:30:53+02:00
Albert,Uzeniny a lahůdky,albert-583-24630337,Aum kovářská klobása 140g,aum_kovarska_klobasa,44.9,55.9,Kč,44.9 Kč / 140 g,320.71,,False,,,-19%,2026-10-07 - 2026-10-13,https://albertloyaltycz-albert-service-app-prod.delhaize.eu/public/content/leaflet/v3?storeId=583,,2026-10-07T05:30:53+02:00
Albert,Uzeniny a lahůdky,albert-583-26115948,Aum kuřecí párky 200g,aum_kureci_parky,21.9,39.9,Kč,21.9 Kč / 200 g,109.5,,False,,,-45%,2026-10-07 - 2026-10-13,https://albertloyaltycz-albert-service-app-prod.delhaize.eu/public/content/leaflet/v3?storeId=583,,2026-10-07T05:30:53+02:00
Albert,Uzeniny a lahůdky,albert-583-28011590,Aum kuřecí šunka výběrová 100g,aum_kureci_sunka_vyberova,26.9,29.9,Kč,26.9 Kč / 100 g,269.0,,False,,,-10%,2026-10-07 - 2026-10-13,https://albertloyaltycz-albert-service-app-prod.delhaize.eu/public/content/leaflet/v3?storeId=583,,2026-10-07T05:30:53+02:00
Albert,Uzeniny a lahůdky,albert-583-25964523,Aum lovecký salám 75g,aum_lovecky_salam,21.9,24.9,Kč,21.9 Kč / 75 g,292.0,,False,,,-12%,2026-10-07 - 2026-10-13,https://albertloyaltycz-albert-service-app-prod.delhaize.eu/public/content/leaflet/v3?storeId=583,,2026-10-07T05:30:53+02:00
Albert,Uzeniny a lahůdky,albert-583-25516272,Aum pikantní klobása 400g,aum_pikantni_klobasa,89.9,109.9,Kč,89.9 Kč / 400 g,224.75,,False,,,-18%,2026-10-07 - 2026-10-13,https://albertloyaltycz-albert-service-app-prod.delhaize.eu/public/content/leaflet/v3?storeId=583,,2026-10-07T05:30:53+02:00
Albert,Uzeniny a lahůdky,albert-583-25258646,Aum poličan 100g,aum_polican,24.9,29.9,Kč,24.9 Kč / 100 g,249.0,,False,,,-16%,2026-10-07 - 2026-10-13,https://albertloyaltycz-albert-service-app-prod.delhaize.eu/public/content/leaflet/v3?storeId=583,,2026-10-07T05:30:53+02:00
Albert,Uzeniny a lahůdky,albert-583-26988412,Aum salám kuřecí junior 400g,aum_salam_kureci_junior,34.9,41.9,Kč,34.9 Kč / 400 g,87.25,,False,,,-16%,2026-10-07 - 2026-10-13,https://albertloyaltycz-albert-service-app-prod.delhaize.eu/public/content/leaflet/v3?storeId=583,,2026-10-07T05:30:53+02:00
Albert,Uzeniny a lahůdky,albert-583-27279717,Aum šunka nejvyšší jakosti200g,aum_sunka_nejvyssi_jakosti200g,56.9,63.9,Kč,56.9 Kč / 200 g,284.5,,False,,,-10%,2026-10-07 - 2026-10-13,https://albertloyaltycz-albert-service-app-prod.delhaize.eu/public/content/leaflet/v3?storeId=583,,2026-10-07T05:30:53+02:00
Albert,Uzeniny a lahůdky,albert-583-27808207,Aum šunka standard 100g,aum_sunka_standard,18.9,22.9,Kč,18.9 Kč / 100 g,189.0,,False,,,-17%,2026-10-07 - 2026-10-13,https://albertloyaltycz-albert-service-app-prod.delhaize.eu/public/content/leaflet/v3?storeId=583,,2026-10-07T05:30:53+02:00
Albert,Uzeniny a lahůdky,albert-583-26700991,Aum uz. rolovaná plec cca600g 100 g,aum_uz_rolovana_plec_cca600g,20.9,23.9,Kč,20.9 Kč / 100 g,209.0,,False,,,-12%,2026-10-07 - 2026-10-13,https://albertloyaltycz-albert-service-app-prod.delhaize.eu/public/content/leaflet/v3?storeId=583,,2026-10-07T05:30:53+02:00
Albert,Uzeniny a lahůdky,albert-583-26700977,Aum vepřová krkovička cca 600g 100 g,aum_veprova_krkovicka_cca,20.9,24.9,Kč,20.9 Kč / 100 g,209.0,,False,,,-16%,2026-10-07 - 2026-10-13,https://albertloyaltycz-albert-service-app-prod.delhaize.eu/public/content/leaflet/v3?storeId=583,,2026-10-07T05:30:53+02:00
Albert,Uzeniny a lahůdky,albert-583-27921180,Aup anglická slanina 94% 100g,aup_anglicka_slanina,28.9,32.9,Kč,28.9 Kč / 100 g,289.0,,False,,,-12%,2026-10-07 - 2026-10-13,https://albertloyaltycz-albert-service-app-prod.delhaize.eu/public/content/leaflet/v3?storeId=583,,2026-10-07T05:30:53+02:00
Albert,Uzeniny a lahůdky,albert-583-27937471,Aup mistrovská klobása 350g,aup_mistrovska_klobasa,89.9,106.9,Kč,89.9 Kč / 350 g,256.86,,False,,,-15%,2026-10-07 - 2026-10-13,https://albertloyaltycz-albert-service-app-prod.delhaize.eu/public/content/leaflet/v3?storeId=583,,2026-10-07T05:30:53+02:00
Albert,Uzeniny a lahůdky,albert-583-27323359,Avi cibulové kroužky 450g,avi_cibulove_krouzky,56.9,74.9,Kč,56.9 Kč / 450 g,126.44,,False,,,,2026-10-07 - 2026-10-13,https://albertloyaltycz-albert-service-app-prod.delhaize.eu/public/content/leaflet/v3?storeId=583,,2026-10-07T05:30:53+02:00
Albert,Uzeniny a lahůdky,albert-583-25692914,Aviko Zig Zag hranolky vlnkované 450 g,aviko_zig_zag_hranolky_vlnkovane,39.9,48.9,Kč,39.9 Kč / 450 g,88.67,,False,,,,2026-10-07 - 2026-10-13,https://albertloyaltycz-albert-service-app-prod.delhaize.eu/public/content/leaflet/v3?storeId=583,https://albertloyaltycz-albert-service-app-prod.delhaize.eu/public/minio/images-products/25692914,2026-10-07T05:30:53+02:00
Billa,Ovoce a zelenina,500961,Avokádo Billa Bonvia Premium 1 ks,avokado,29.9,49.83,Kč,"29,90 Kč / 1 ks",,29.9,False,,,-40% po 12. 10. – út 13. 10.,2026-10-12 - 2026-10-13,https://www.kupi.cz/letak/billa-maly-letak-721?page=8&map=216583830,https://img.kupi.cz/kupi/thumbs/avokado-billa-bonvia-premium_170_340.jpg,2026-10-07T05:30:57+02:00
Tesco,Ovoce a zelenina,57874,Avokádo Tesco Finest 1 ks,avokado,29.9,34.77,Kč,"29,90 Kč / 1 ks",,29.9,False,,,-14% platí do úterý 13. 10.,2026-10-07 - 2026-10-13,https://www.kupi.cz/letak/tesco-hypermarket-letak-370?page=3&map=216577737,https://img.kupi.cz/kupi/thumbs/avokado-tesco-finest-1_170_340.jpg,2026-10-07T05:31:43+02:00
Tesco,Mražené a instantní potraviny,586260,Obalovací směsi Air Fryer Avokádo 30 g,avokado,18.9,21.72,Kč,"63,00 Kč / 100 g",630.0,,True,Clubcard,18.9,-13% Clubcard st 14. 10. – út 27. 10.,2026-10-14 - 2026-10-27,https://www.kupi.cz/letak/tesco-hypermarket-znacky-ktere-mate-radi-2?page=15&map=216192381,https://www.kupi.cz/img/no_img/no_discounts.png,2026-10-07T05:32:04+02:00
Albert,Nápoje,albert-583-23743366,B&G Merlot 0.75 l,b_g_merlot,129.9,149.9,Kč,129.9 Kč / 0.75 l,,,False,,,-13%,2026-10-07 - 2026-10-13,https://albertloyaltycz-albert-service-app-prod.delhaize.eu/public/content/leaflet/v3?storeId=583,https://albertloyaltycz-albert-service-app-prod.delhaize.eu/public/minio/images-products/23743366,2026-10-07T05:30:53+02:00
Albert,Tržnice u Alberta,albert-583-26775524,Albert baby špenát 125 g,baby_spenat,29.9,34.9,Kč,29.9 Kč / 125 g,239.2,,False,,,-14%,2026-10-07 - 2026-10-13,https://albertloyaltycz-albert-service-app-prod.delhaize.eu/public/content/leaflet/v3?storeId=583,https://albertloyaltycz-albert-service-app-prod.delhaize.eu/public/minio/images-products/26775524,2026-10-07T05:30:53+02:00
Albert,Nápoje,albert-583-21265662,"Bacardi Carta Blanca 37,5% 0.7 l",bacardi_carta_blanca,299.0,519.0,Kč,299 Kč / 0.7 l,,,False,,,,2026-10-07 - 2026-10-13,https://albertloyaltycz-albert-service-app-prod.delhaize.eu/public/content/leaflet/v3?storeId=583,https://albertloyaltycz-albert-service-app-prod.delhaize.eu/public/minio/images-products/21265662,2026-10-07T05:30:53+02:00
Billa,Pečivo,192,Bageta francouzská 115 g,bageta_francouzska,9.9,11.79,Kč,"8,61 Kč / 100 g",86.1,,True,Billa Club,9.9,-16% Billa Club platí do úterý 13. 10.,2026-10-07 - 2026-10-13,https://www.kupi.cz/letak/billa-velky-letak-292?page=10&map=216582546,https://img.kupi.cz/kupi/thumbs/bageta-francouzska_170_340.png,2026-10-07T05:30:59+02:00
Tesco,Pečivo,587745,Bageta rustikální Tesco finest 260 g,bageta_rustikalni_finest,22.9,29.74,Kč,"8,81 Kč / 100 g",88.1,,False,,,-23% platí do úterý 13. 10.,2026-10-07 - 2026-10-13,https://www.kupi.cz/letak/tesco-hypermarket-letak-370?page=4&map=216578262,https://www.kupi.cz/img/no_img/no_discounts.png,2026-10-07T05:31:46+02:00
Albert,Nápoje,albert-583-21405020,Baileys Original Irish Cream 17% 0.7 l,baileys_original_irish_cream,349.0,529.0,Kč,349 Kč / 0.7 l,,,False,,,,2026-10-07 - 2026-10-13,https://albertloyaltycz-albert-service-app-prod.delhaize.eu/public/content/leaflet/v3?storeId=583,https://albertloyaltycz-albert-service-app-prod.delhaize.eu/public/minio/images-products/21405020,2026-10-07T05:30:53+02:00
Albert,Nápoje,albert-583-27951781,"Baileys tiramisu 17% 0,7l",baileys_tiramisu,349.0,549.0,Kč,349 Kč / 0.7 l,,,False,,,,2026-10-07 - 2026-10-13,https://albertloyaltycz-albert-service-app-prod.delhaize.eu/public/content/leaflet/v3?storeId=583,,2026-10-07T05:30:53+02:00
Billa,Mléčné výrobky a vejce,2705,Balkánský sýr Madeta 115 g,balkansky_syr_madeta,29.9,36.46,Kč,"26,00 Kč / 100 g",260.0,,False,,,-18% platí do úterý 13. 10.,2026-10-07 - 2026-10-13,https://www.kupi.cz/letak/billa-velky-letak-292?page=22&map=216582885,https://img.kupi.cz/kupi/thumbs/balkansky-syr-madeta_170_340.jpg,2026-10-07T05:31:03+02:00
Tesco,Mléčné výrobky a vejce,2705,Balkánský sýr Madeta 115 g,balkansky_syr_madeta,29.9,36.46,Kč,"26,00 Kč / 100 g",260.0,,True,Clubcard,29.9,-18% Clubcard platí do úterý 20. 10.,2026-10-07 - 2026-10-20,https://www.kupi.cz/letak/tesco-hypermarket-letak-370?page=19&map=216580530,https://img.kupi.cz/kupi/thumbs/balkansky-syr-madeta_170_340.jpg,2026-10-07T05:31:48+02:00
Billa,Mléčné výrobky a vejce,47697,Balkánský sýr Président 250 g,balkansky_syr_president,56.9,72.03,Kč,"22,76 Kč / 100 g",227.6,,False,,,-21% platí do úterý 13. 10.,2026-10-07 - 2026-10-13,https://www.kupi.cz/letak/billa-velky-letak-292?page=25&map=216582969,https://img.kupi.cz/kupi/thumbs/balkansky-syr-president_170_340.jpg,2026-10-07T05:31:04+02:00
Albert,Mléčné a chlazené,albert-583-28137689,Balsýr Žirovnický sýr balkánského typu 200 g,balsyr_zirovnicky_syr_balkanskeho_typu,39.9,59.9,Kč,39.9 Kč / 200 g,199.5,,False,,,-33%,2026-10-07 - 2026-10-13,https://albertloyaltycz-albert-service-app-prod.delhaize.eu/public/content/leaflet/v3?storeId=583,https://albertloyaltycz-albert-service-app-prod.delhaize.eu/public/minio/images-products/28137689,2026-10-07T05:30:53+02:00
Albert,Mléčné a chlazené,albert-583-27249802,Bambino Originál 100 g,bambino_original,26.9,36.9,Kč,26.9 Kč / 100 g,269.0,,False,,,,2026-10-07 - 2026-10-13,https://albertloyaltycz-albert-service-app-prod.delhaize.eu/public/content/leaflet/v3?storeId=583,https://albertloyaltycz-albert-service-app-prod.delhaize.eu/public/minio/images-products/27249802,2026-10-07T05:30:53+02:00
Albert,Tržnice u Alberta,albert-583-23707023,Emma banán plátky sušené 100 g,banany,17.9,24.9,Kč,17.9 Kč / 100 g,179.0,,False,,,,2026-10-07 - 2026-10-13,https://albertloyaltycz-albert-service-app-prod.delhaize.eu/public/content/leaflet/v3?storeId=583,https://albertloyaltycz-albert-service-app-prod.delhaize.eu/public/minio/images-products/23707023,2026-10-07T05:30:53+02:00
Billa,Ovoce a zelenina,433794,Banány Billa Bonvia 1 kg,banany,19.9,39.8,Kč,"19,90 Kč / 1 kg",19.9,,True,Billa Club,19.9,-50% Billa Club po 12. 10. – út 13. 10.,2026-10-12 - 2026-10-13,https://www.kupi.cz/letak/billa-maly-letak-721?page=8&map=216583827,https://img.kupi.cz/kupi/thumbs/banany-billa-bonvia_170_340.jpg,2026-10-07T05:30:57+02:00
Tesco,Sladkosti a slané snacky,713,Tyčinka Banány v čokoládě Orion 45 g,banany,12.9,25.8,Kč,"28,67 Kč / 100 g",286.7,,True,Clubcard,12.9,-50% Clubcard platí do úterý 3. 11.,2026-10-07 - 2026-11-03,https://www.kupi.cz/letak/tesco-supermarket-letak-416?page=7&map=216253254,https://img.kupi.cz/kupi/thumbs/tycinka-banany-v-cokolade-orion_170_340.png,2026-10-07T05:32:16+02:00
Albert,Trvanlivé,albert-583-27581124,Barilla base bolognese 400g,barilla_base_bolognese,59.9,79.9,Kč,59.9 Kč / 400 g,149.75,,False,,,,2026-10-07 - 2026-10-13,https://albertloyaltycz-albert-service-app-prod.delhaize.eu/public/content/leaflet/v3?storeId=583,,2026-10-07T05:30:53+02:00
Albert,Trvanlivé,albert-583-26967110,Barilla kolínka semolinové těstoviny 0.5 kg,barilla_kolinka_semolinove_testoviny,29.9,64.9,Kč,29.9 Kč / 0.5 kg,59.8,,False,,,,2026-10-07 - 2026-10-13,https://albertloyaltycz-albert-service-app-prod.delhaize.eu/public/content/leaflet/v3?storeId=583,https://albertloyaltycz-albert-service-app-prod.delhaize.eu/public/minio/images-products/26967110,2026-10-07T05:30:53+02:00
Albert,Trvanlivé,albert-583-27974148,Barilla tortiglioni 500g 0.5 kg,barilla_tortiglioni,29.9,64.9,Kč,29.9 Kč / 0.5 kg,59.8,,False,,,,2026-10-07 - 2026-10-13,https://albertloyaltycz-albert-service-app-prod.delhaize.eu/public/content/leaflet/v3?storeId=583,,2026-10-07T05:30:53+02:00
Billa,Lahůdky,588171,Bavorská sekaná v bulce 150 g,bavorska_sekana_v_bulce,34.9,39.66,Kč,"23,27 Kč / 100 g",232.7,,False,,,-12% čt 8. 10. – ne 11. 10.,2026-10-08 - 2026-10-11,https://www.kupi.cz/letak/billa-velky-letak-292?page=36&map=216584451,https://www.kupi.cz/img/no_img/no_discounts.png,2026-10-07T05:31:11+02:00
Albert,Trvanlivé,albert-583-28007944,Bch z pece s přích.sm&cib.100g,bch_z_pece_s_prich_sm_cib,29.9,49.9,Kč,29.9 Kč / 100 g,299.0,,False,,,,2026-10-07 - 2026-10-13,https://albertloyaltycz-albert-service-app-prod.delhaize.eu/public/content/leaflet/v3?storeId=583,,2026-10-07T05:30:53+02:00
Tesco,Sladkosti a slané snacky,687,BeBe Brumík Opavia,bebe_brumik_opavia,64.9,94.06,Kč,"21,63 Kč / 100 g",216.3,,True,Clubcard,64.9,-31% Clubcard platí do úterý 13. 10.,2026-10-07 - 2026-10-13,https://www.kupi.cz/letak/tesco-hypermarket-letak-370?page=17&map=216580398,https://img.kupi.cz/kupi/thumbs/bebe-brumik-opavia_170_340.jpg,2026-10-07T05:32:14+02:00
Tesco,Sladkosti a slané snacky,687,BeBe Brumík Opavia,bebe_brumik_opavia,8.9,13.48,Kč,"29,67 Kč / 100 g",296.7,,True,Clubcard,8.9,-34% Clubcard platí do úterý 20. 10.,2026-10-07 - 2026-10-20,https://www.kupi.cz/letak/tesco-supermarket-letak-416?page=13&map=216253800,https://img.kupi.cz/kupi/thumbs/bebe-brumik-opavia_170_340.jpg,2026-10-07T05:32:14+02:00
Albert,Trvanlivé,albert-583-20316853,Bebe club suš.máslo.přích.140g,bebe_club_sus_maslo_prich,24.9,35.9,Kč,24.9 Kč / 140 g,177.86,,False,,,,2026-10-07 - 2026-10-13,https://albertloyaltycz-albert-service-app-prod.delhaize.eu/public/content/leaflet/v3?storeId=583,,2026-10-07T05:30:53+02:00
Albert,Trvanlivé,albert-583-26885841,Bebe dr mini med a čoko 300g,bebe_dr_mini_med_a_coko,67.9,89.9,Kč,67.9 Kč / 300 g,226.33,,False,,,,2026-10-07 - 2026-10-13,https://albertloyaltycz-albert-service-app-prod.delhaize.eu/public/content/leaflet/v3?storeId=583,,2026-10-07T05:30:53+02:00
Billa,Alkohol,981,Becherovka 0.5 l,becherovka,179.9,,Kč,"359,80 Kč / 1 l",,,False,,,platí do úterý 13. 10.,2026-10-07 - 2026-10-13,https://www.kupi.cz/letak/billa-maly-letak-721?page=6&map=216583689,https://img.kupi.cz/kupi/thumbs/becherovka_170_340.jpg,2026-10-07T05:31:34+02:00
Albert,Nápoje,albert-583-28001836,Becherovka Fruit&Herbs Grape&Hops 20% 0.5 l,becherovka_fruit_herbs_grape_hops,149.9,249.0,Kč,149.9 Kč / 0.5 l,,,False,,,,2026-10-07 - 2026-10-13,https://albertloyaltycz-albert-service-app-prod.delhaize.eu/public/content/leaflet/v3?storeId=583,https://albertloyaltycz-albert-service-app-prod.delhaize.eu/public/minio/images-products/28001836,2026-10-07T05:30:53+02:00
Albert,Nápoje,albert-583-27869840,Becherovka Fruit&Herbs Orange&Ginger 20% 0.5 l,becherovka_fruit_herbs_orange_ginger,149.9,249.0,Kč,149.9 Kč / 0.5 l,,,False,,,,2026-10-07 - 2026-10-13,https://albertloyaltycz-albert-service-app-prod.delhaize.eu/public/content/leaflet/v3?storeId=583,https://albertloyaltycz-albert-service-app-prod.delhaize.eu/public/minio/images-products/27869840,2026-10-07T05:30:53+02:00
Billa,Alkohol,511479,Becherovka ochucená 0.5 l,becherovka_ochucena,179.9,,Kč,"359,80 Kč / 1 l",,,False,,,platí do úterý 13. 10.,2026-10-07 - 2026-10-13,https://www.kupi.cz/letak/billa-velky-letak-292?page=30&map=216583170,https://img.kupi.cz/kupi/thumbs/becherovka-ochucena_170_340.png,2026-10-07T05:31:36+02:00
Albert,Nápoje,albert-583-20315665,Becherovka Originál 38% 0.5 l,becherovka_original,179.0,249.0,Kč,179 Kč / 0.5 l,,,False,,,,2026-10-07 - 2026-10-13,https://albertloyaltycz-albert-service-app-prod.delhaize.eu/public/content/leaflet/v3?storeId=583,https://albertloyaltycz-albert-service-app-prod.delhaize.eu/public/minio/images-products/20315665,2026-10-07T05:30:53+02:00
Albert,Mléčné a chlazené,albert-583-27249840,Ben & Jerry's Cookie Dough 465 ml,ben_jerry_s_cookie_dough,139.9,243.0,Kč,139.9 Kč / 465 ml,,,False,,,,2026-10-07 - 2026-10-13,https://albertloyaltycz-albert-service-app-prod.delhaize.eu/public/content/leaflet/v3?storeId=583,https://albertloyaltycz-albert-service-app-prod.delhaize.eu/public/minio/images-products/27249840,2026-10-07T05:30:53+02:00
Albert,Trvanlivé,albert-583-25930986,Bílé fazole v kari om 430g,bile_fazole_v_kari_om,38.8,69.9,Kč,38.8 Kč / 430 g,90.23,,False,,,,2026-10-07 - 2026-10-13,https://albertloyaltycz-albert-service-app-prod.delhaize.eu/public/content/leaflet/v3?storeId=583,,2026-10-07T05:30:53+02:00
Tesco,Mléčné výrobky a vejce,216,Bílý jogurt Activia Danone 120 g,bily_jogurt_activia_danone,44.9,71.27,Kč,"9,35 Kč / 100 g",374.17,,True,Clubcard,44.9,-37% Clubcard platí do úterý 3. 11.,2026-10-07 - 2026-11-03,https://www.kupi.cz/letak/tesco-supermarket-letak-416?page=12&map=216253692,https://img.kupi.cz/kupi/thumbs/bily-jogurt-activia-danone_170_340.png,2026-10-07T05:31:48+02:00
Tesco,Mléčné výrobky a vejce,216,Bílý jogurt Activia Danone 120 g,bily_jogurt_activia_danone,10.9,19.82,Kč,"9,08 Kč / 100 g",90.8,,True,Clubcard,10.9,-45% Clubcard st 14. 10. – út 27. 10.,2026-10-14 - 2026-10-27,https://www.kupi.cz/letak/tesco-hypermarket-znacky-ktere-mate-radi-2?page=8&map=215326902,https://img.kupi.cz/kupi/thumbs/bily-jogurt-activia-danone_170_340.png,2026-10-07T05:31:48+02:00
Billa,Mléčné výrobky a vejce,3553,Bílý jogurt Klasik Olma 150 g,bily_jogurt_klasik_olma,8.9,11.87,Kč,"5,93 Kč / 100 g",59.3,,False,,,-25% platí do úterý 13. 10.,2026-10-07 - 2026-10-13,https://www.kupi.cz/letak/billa-maly-letak-721?page=4&map=216583566,https://img.kupi.cz/kupi/thumbs/bily-jogurt-klasik-olma-1_170_340.png,2026-10-07T05:31:03+02:00
Tesco,Mléčné výrobky a vejce,3553,Bílý jogurt Klasik Olma 150 g,bily_jogurt_klasik_olma,8.9,10.85,Kč,"5,93 Kč / 100 g",59.3,,True,Clubcard,8.9,-18% Clubcard platí do úterý 13. 10.,2026-10-07 - 2026-10-13,https://www.kupi.cz/letak/tesco-supermarket-letak-416?page=12&map=216253737,https://img.kupi.cz/kupi/thumbs/bily-jogurt-klasik-olma-1_170_340.png,2026-10-07T05:31:48+02:00
Tesco,Mléčné výrobky a vejce,238164,Bílý jogurt řeckého typu Athentikos Mlékárna Kunín 140 g,bily_jogurt_reckeho_typu_athentikos_mlekarna_kunin,15.9,21.78,Kč,"11,36 Kč / 100 g",113.6,,True,Clubcard,15.9,-27% Clubcard platí do úterý 13. 10.,2026-10-07 - 2026-10-13,https://www.kupi.cz/letaky/tesco,https://img.kupi.cz/kupi/thumbs/bily-jogurt-reckeho-typu-athentikos-kunin_170_340.jpg,2026-10-07T05:31:50+02:00
Tesco,Mléčné výrobky a vejce,368015,Bílý jogurt řeckého typu Zvolenský 125 g,bily_jogurt_reckeho_typu_zvolensky,14.9,20.69,Kč,"11,92 Kč / 100 g",119.2,,True,Clubcard,14.9,-28% Clubcard platí do úterý 20. 10.,2026-10-07 - 2026-10-20,https://www.kupi.cz/letak/tesco-hypermarket-letak-370?page=4&map=216578478,https://img.kupi.cz/kupi/thumbs/bily-jogurt-reckeho-typu-zvolensky_170_340.jpg,2026-10-07T05:31:53+02:00
Tesco,Mléčné výrobky a vejce,46961,Bílý jogurt řecký 0% Milko 1000 g,bily_jogurt_recky_milko,69.9,118.47,Kč,"6,99 Kč / 100 g",69.9,,True,Clubcard,69.9,-41% Clubcard platí do úterý 13. 10.,2026-10-07 - 2026-10-13,https://www.kupi.cz/letak/tesco-supermarket-letak-416?page=5&map=216253176,https://img.kupi.cz/kupi/thumbs/jogurt-recky-neochuceny-milko_170_340.jpg,2026-10-07T05:31:48+02:00
Billa,Mléčné výrobky a vejce,4801,Bílý jogurt selský Hollandia 500 g,bily_jogurt_selsky_hollandia,16.9,31.89,Kč,"3,38 Kč / 100 g",33.8,,True,Billa Club,16.9,-47% Billa Club po 12. 10. – út 13. 10.,2026-10-12 - 2026-10-13,https://www.kupi.cz/letak/billa-maly-letak-721?page=8&map=216583842,https://img.kupi.cz/kupi/thumbs/bily-jogurt-selsky-hollandia_170_340.png,2026-10-07T05:31:01+02:00
Albert,Nápoje,albert-583-25536591,"Birell lim.mal.0,5l pl 0.5 l",birell_lim_mal_pl,18.9,24.9,Kč,18.9 Kč / 0.5 l,,,False,,,,2026-10-07 - 2026-10-13,https://albertloyaltycz-albert-service-app-prod.delhaize.eu/public/content/leaflet/v3?storeId=583,,2026-10-07T05:30:53+02:00
Albert,Nápoje,albert-583-26543116,"Birell polotm. citron 0,5l pl 0.5 l",birell_polotm_citron_pl,18.9,24.9,Kč,18.9 Kč / 0.5 l,,,False,,,,2026-10-07 - 2026-10-13,https://albertloyaltycz-albert-service-app-prod.delhaize.eu/public/content/leaflet/v3?storeId=583,,2026-10-07T05:30:53+02:00
Albert,Nápoje,albert-583-26297903,Birell Pomelo a grep nealko. 0.5 l,birell_pomelo_a_grep_nealko,18.9,24.9,Kč,18.9 Kč / 0.5 l,,,False,,,,2026-10-07 - 2026-10-13,https://albertloyaltycz-albert-service-app-prod.delhaize.eu/public/content/leaflet/v3?storeId=583,https://albertloyaltycz-albert-service-app-prod.delhaize.eu/public/minio/images-products/26297903,2026-10-07T05:30:53+02:00
Albert,Nápoje,albert-583-28116851,"Birell s.cit.0,5l pl 0.5 l",birell_s_cit_pl,18.9,24.9,Kč,18.9 Kč / 0.5 l,,,False,,,,2026-10-07 - 2026-10-13,https://albertloyaltycz-albert-service-app-prod.delhaize.eu/public/content/leaflet/v3?storeId=583,,2026-10-07T05:30:53+02:00
Albert,Nápoje,albert-583-20403188,Birell Světlý nealko. 0.5 l,birell_svetly_nealko,13.9,20.9,Kč,13.9 Kč / 0.5 l,,,False,,,,2026-10-07 - 2026-10-13,https://albertloyaltycz-albert-service-app-prod.delhaize.eu/public/content/leaflet/v3?storeId=583,https://albertloyaltycz-albert-service-app-prod.delhaize.eu/public/minio/images-products/20403188,2026-10-07T05:30:53+02:00
Albert,Nápoje,albert-583-27605882,"Birgo citron limeta 0,5l pl 0.5 l",birgo_citron_limeta_pl,15.9,23.9,Kč,15.9 Kč / 0.5 l,,,False,,,,2026-10-07 - 2026-10-13,https://albertloyaltycz-albert-service-app-prod.delhaize.eu/public/content/leaflet/v3?storeId=583,,2026-10-07T05:30:53+02:00
Albert,Nápoje,albert-583-27605899,"Birgo grapefruit 0,5l pl 0.5 l",birgo_grapefruit_pl,15.9,23.9,Kč,15.9 Kč / 0.5 l,,,False,,,,2026-10-07 - 2026-10-13,https://albertloyaltycz-albert-service-app-prod.delhaize.eu/public/content/leaflet/v3?storeId=583,,2026-10-07T05:30:53+02:00
Albert,Nápoje,albert-583-28115502,"Birgo li.ma.0,5l pl 0.5 l",birgo_li_ma_pl,15.9,23.9,Kč,15.9 Kč / 0.5 l,,,False,,,,2026-10-07 - 2026-10-13,https://albertloyaltycz-albert-service-app-prod.delhaize.eu/public/content/leaflet/v3?storeId=583,,2026-10-07T05:30:53+02:00
Albert,Nápoje,albert-583-27605905,Birgo Mango a limetka 0.5 l,birgo_mango_a_limetka,15.9,23.9,Kč,15.9 Kč / 0.5 l,,,False,,,,2026-10-07 - 2026-10-13,https://albertloyaltycz-albert-service-app-prod.delhaize.eu/public/content/leaflet/v3?storeId=583,https://albertloyaltycz-albert-service-app-prod.delhaize.eu/public/minio/images-products/27605905,2026-10-07T05:30:53+02:00
Albert,Nápoje,albert-583-28115472,"Birgo pom.gr.0,5l pl 0.5 l",birgo_pom_gr_pl,15.9,23.9,Kč,15.9 Kč / 0.5 l,,,False,,,,2026-10-07 - 2026-10-13,https://albertloyaltycz-albert-service-app-prod.delhaize.eu/public/content/leaflet/v3?storeId=583,,2026-10-07T05:30:53+02:00
Albert,Mléčné a chlazené,albert-583-25433678,Blaťácké zlato vlaš.ořech 120g,blatacke_zlato_vlas_orech,32.9,38.9,Kč,32.9 Kč / 120 g,274.17,,False,,,-15%,2026-10-07 - 2026-10-13,https://albertloyaltycz-albert-service-app-prod.delhaize.eu/public/content/leaflet/v3?storeId=583,,2026-10-07T05:30:53+02:00
Albert,Mléčné a chlazené,albert-583-25433661,Blaťácké zlato zel.pepř 120g,blatacke_zlato_zel_pepr,32.9,38.9,Kč,32.9 Kč / 120 g,274.17,,False,,,-15%,2026-10-07 - 2026-10-13,https://albertloyaltycz-albert-service-app-prod.delhaize.eu/public/content/leaflet/v3?storeId=583,,2026-10-07T05:30:53+02:00
Albert,Trvanlivé,albert-583-28171331,Blp čočkové chipsy smetana 55g,blp_cockove_chipsy_smetana,23.9,34.9,Kč,23.9 Kč / 55 g,434.55,,False,,,,2026-10-07 - 2026-10-13,https://albertloyaltycz-albert-service-app-prod.delhaize.eu/public/content/leaflet/v3?storeId=583,,2026-10-07T05:30:53+02:00
Albert,Trvanlivé,albert-583-28171324,Blp čočkové chipsy sůl 55g,blp_cockove_chipsy_sul,23.9,34.9,Kč,23.9 Kč / 55 g,434.55,,False,,,,2026-10-07 - 2026-10-13,https://albertloyaltycz-albert-service-app-prod.delhaize.eu/public/content/leaflet/v3?storeId=583,,2026-10-07T05:30:53+02:00
Billa,Pečivo,526908,Bochník chalupář do trouby Penam 500 g,bochnik_chalupar_do_trouby_penam,29.9,35.6,Kč,"5,98 Kč / 100 g",59.8,,True,Billa Club,29.9,-16% Billa Club platí do úterý 13. 10.,2026-10-07 - 2026-10-13,https://www.kupi.cz/letak/billa-velky-letak-292?page=10&map=216582564,https://img.kupi.cz/kupi/thumbs/bochnik-chalupar-do-trouby-penam_170_340.jpg,2026-10-07T05:30:59+02:00
Albert,Trvanlivé,albert-583-28007937,Boh.ch.z pece s přích.papr100g,boh_ch_z_pece_s_prich_papr100g,29.9,49.9,Kč,29.9 Kč / 100 g,299.0,,False,,,,2026-10-07 - 2026-10-13,https://albertloyaltycz-albert-service-app-prod.delhaize.eu/public/content/leaflet/v3?storeId=583,,2026-10-07T05:30:53+02:00
Albert,Trvanlivé,albert-583-27850244,Boh.chips č.sýr a jar.cib.130g,boh_chips_c_syr_a_jar_cib,34.9,49.9,Kč,34.9 Kč / 130 g,268.46,,False,,,,2026-10-07 - 2026-10-13,https://albertloyaltycz-albert-service-app-prod.delhaize.eu/public/content/leaflet/v3?storeId=583,,2026-10-07T05:30:53+02:00
Albert,Trvanlivé,albert-583-27228067,Boh.chips příchuť slanina 130g,boh_chips_prichut_slanina,34.9,49.9,Kč,34.9 Kč / 130 g,268.46,,False,,,,2026-10-07 - 2026-10-13,https://albertloyaltycz-albert-service-app-prod.delhaize.eu/public/content/leaflet/v3?storeId=583,,2026-10-07T05:30:53+02:00
Albert,Trvanlivé,albert-583-27228081,Boh.chips příchuť sm.cib.130g,boh_chips_prichut_sm_cib,34.9,49.9,Kč,34.9 Kč / 130 g,268.46,,False,,,,2026-10-07 - 2026-10-13,https://albertloyaltycz-albert-service-app-prod.delhaize.eu/public/content/leaflet/v3?storeId=583,,2026-10-07T05:30:53+02:00
Albert,Trvanlivé,albert-583-27228128,Boh. chips příchuť špíz 130g,boh_chips_prichut_spiz,34.9,49.9,Kč,34.9 Kč / 130 g,268.46,,False,,,,2026-10-07 - 2026-10-13,https://albertloyaltycz-albert-service-app-prod.delhaize.eu/public/content/leaflet/v3?storeId=583,,2026-10-07T05:30:53+02:00
Albert,Trvanlivé,albert-583-27895450,Boh.extra pražené arašídy 135g,boh_extra_prazene_arasidy,44.9,64.9,Kč,44.9 Kč / 135 g,332.59,,False,,,,2026-10-07 - 2026-10-13,https://albertloyaltycz-albert-service-app-prod.delhaize.eu/public/content/leaflet/v3?storeId=583,,2026-10-07T05:30:53+02:00
Albert,Nápoje,albert-583-20454289,"Bohem.sekt brut 0,75l",bohem_sekt_brut,99.9,179.0,Kč,99.9 Kč / 0.75 l,,,False,,,,2026-10-09 - 2026-10-11,https://albertloyaltycz-albert-service-app-prod.delhaize.eu/public/content/leaflet/v3?storeId=583,,2026-10-07T05:30:53+02:00
Albert,Nápoje,albert-583-27610596,"Bohem.sekt ice pink 0,75l",bohem_sekt_ice_pink,119.9,179.0,Kč,119.9 Kč / 0.75 l,,,False,,,,2026-10-07 - 2026-10-13,https://albertloyaltycz-albert-service-app-prod.delhaize.eu/public/content/leaflet/v3?storeId=583,,2026-10-07T05:30:53+02:00
Albert,Nápoje,albert-583-20454265,"Bohem.sekt rosé demi sec 0,75l",bohem_sekt_rose_demi_sec,99.9,179.0,Kč,99.9 Kč / 0.75 l,,,False,,,,2026-10-09 - 2026-10-11,https://albertloyaltycz-albert-service-app-prod.delhaize.eu/public/content/leaflet/v3?storeId=583,,2026-10-07T05:30:53+02:00
Albert,Trvanlivé,albert-583-27895504,Bohemia arašídy nesolené 200g,bohemia_arasidy_nesolene,39.9,59.9,Kč,39.9 Kč / 200 g,199.5,,False,,,,2026-10-07 - 2026-10-13,https://albertloyaltycz-albert-service-app-prod.delhaize.eu/public/content/leaflet/v3?storeId=583,,2026-10-07T05:30:53+02:00
Albert,Trvanlivé,albert-583-20303549,Bohemia arašídy solené 100g,bohemia_arasidy_solene,21.9,32.9,Kč,21.9 Kč / 100 g,219.0,,False,,,,2026-10-07 - 2026-10-13,https://albertloyaltycz-albert-service-app-prod.delhaize.eu/public/content/leaflet/v3?storeId=583,,2026-10-07T05:30:53+02:00
Albert,Trvanlivé,albert-583-27895481,Bohemia arašídy solené 200 g,bohemia_arasidy_solene,39.9,59.9,Kč,39.9 Kč / 200 g,199.5,,False,,,,2026-10-07 - 2026-10-13,https://albertloyaltycz-albert-service-app-prod.delhaize.eu/public/content/leaflet/v3?storeId=583,https://albertloyaltycz-albert-service-app-prod.delhaize.eu/public/minio/images-products/27895481,2026-10-07T05:30:53+02:00
Albert,Trvanlivé,albert-583-27895498,Bohemia arašídy solené 400g,bohemia_arasidy_solene,59.9,89.9,Kč,59.9 Kč / 400 g,149.75,,False,,,,2026-10-07 - 2026-10-13,https://albertloyaltycz-albert-service-app-prod.delhaize.eu/public/content/leaflet/v3?storeId=583,,2026-10-07T05:30:53+02:00
Albert,Trvanlivé,albert-583-27228098,Bohemia Chips Solené 130 g,bohemia_chips_solene,34.9,49.9,Kč,34.9 Kč / 130 g,268.46,,False,,,,2026-10-07 - 2026-10-13,https://albertloyaltycz-albert-service-app-prod.delhaize.eu/public/content/leaflet/v3?storeId=583,https://albertloyaltycz-albert-service-app-prod.delhaize.eu/public/minio/images-products/27228098,2026-10-07T05:30:53+02:00
Albert,Trvanlivé,albert-583-28007920,Bohemia Chips Z pece mořská sůl 100 g,bohemia_chips_z_pece_morska_sul,29.9,49.9,Kč,29.9 Kč / 100 g,299.0,,False,,,,2026-10-07 - 2026-10-13,https://albertloyaltycz-albert-service-app-prod.delhaize.eu/public/content/leaflet/v3?storeId=583,https://albertloyaltycz-albert-service-app-prod.delhaize.eu/public/minio/images-products/28007920,2026-10-07T05:30:53+02:00
Albert,Nápoje,albert-583-27871928,Bohemia Ice Sekt 0.75 l,bohemia_ice_sekt,119.9,179.0,Kč,119.9 Kč / 0.75 l,,,False,,,,2026-10-07 - 2026-10-13,https://albertloyaltycz-albert-service-app-prod.delhaize.eu/public/content/leaflet/v3?storeId=583,https://albertloyaltycz-albert-service-app-prod.delhaize.eu/public/minio/images-products/27871928,2026-10-07T05:30:53+02:00
Albert,Trvanlivé,albert-583-27895535,Bohemia kešu 125g,bohemia_kesu,79.9,99.9,Kč,79.9 Kč / 125 g,639.2,,False,,,,2026-10-07 - 2026-10-13,https://albertloyaltycz-albert-service-app-prod.delhaize.eu/public/content/leaflet/v3?storeId=583,,2026-10-07T05:30:53+02:00
Albert,Trvanlivé,albert-583-27895573,Bohemia kotlíkové brambůrky mořská sůl 100 g,bohemia_kotlikove_bramburky_morska_sul,39.9,49.9,Kč,39.9 Kč / 100 g,399.0,,False,,,,2026-10-07 - 2026-10-13,https://albertloyaltycz-albert-service-app-prod.delhaize.eu/public/content/leaflet/v3?storeId=583,https://albertloyaltycz-albert-service-app-prod.delhaize.eu/public/minio/images-products/27895573,2026-10-07T05:30:53+02:00
Albert,Trvanlivé,albert-583-27895528,Bohemia mandle 125g,bohemia_mandle,59.9,79.9,Kč,59.9 Kč / 125 g,479.2,,False,,,,2026-10-07 - 2026-10-13,https://albertloyaltycz-albert-service-app-prod.delhaize.eu/public/content/leaflet/v3?storeId=583,,2026-10-07T05:30:53+02:00
Albert,Nápoje,albert-583-28007258,Bohemia Mini 250 ml,bohemia_mini,29.9,43.9,Kč,29.9 Kč / 250 ml,,,False,,,,2026-10-07 - 2026-10-13,https://albertloyaltycz-albert-service-app-prod.delhaize.eu/public/content/leaflet/v3?storeId=583,https://albertloyaltycz-albert-service-app-prod.delhaize.eu/public/minio/images-products/28007258,2026-10-07T05:30:53+02:00
Albert,Nápoje,albert-583-28128434,Bohemia Mini Rosé 250 ml,bohemia_mini_rose,29.9,43.9,Kč,29.9 Kč / 250 ml,,,False,,,,2026-10-07 - 2026-10-13,https://albertloyaltycz-albert-service-app-prod.delhaize.eu/public/content/leaflet/v3?storeId=583,https://albertloyaltycz-albert-service-app-prod.delhaize.eu/public/minio/images-products/28128434,2026-10-07T05:30:53+02:00
Albert,Nápoje,albert-583-24681247,"Bohemia nealko 0,75l",bohemia_nealko,99.9,179.0,Kč,99.9 Kč / 0.75 l,,,False,,,,2026-10-09 - 2026-10-11,https://albertloyaltycz-albert-service-app-prod.delhaize.eu/public/content/leaflet/v3?storeId=583,,2026-10-07T05:30:53+02:00
Albert,Trvanlivé,albert-583-27895511,Bohemia pistácie 125g,bohemia_pistacie,79.9,99.9,Kč,79.9 Kč / 125 g,639.2,,False,,,,2026-10-07 - 2026-10-13,https://albertloyaltycz-albert-service-app-prod.delhaize.eu/public/content/leaflet/v3?storeId=583,,2026-10-07T05:30:53+02:00
Billa,Alkohol,15285,Bohemia Sekt Brut 0.75 l,bohemia_sekt_brut,109.9,,Kč,"146,53 Kč / 1 l",,,False,,,po 12. 10. – út 13. 10.,2026-10-12 - 2026-10-13,https://www.kupi.cz/letak/billa-maly-letak-721?page=8&map=216583860,https://img.kupi.cz/kupi/thumbs/bohemia-sekt-brut-4_170_340.jpg,2026-10-07T05:31:34+02:00
Albert,Nápoje,albert-583-20454227,Bohemia Sekt Demi Sec 0.75 l,bohemia_sekt_demi_sec,99.9,179.0,Kč,99.9 Kč / 0.75 l,,,False,,,,2026-10-09 - 2026-10-11,https://albertloyaltycz-albert-service-app-prod.delhaize.eu/public/content/leaflet/v3?storeId=583,https://albertloyaltycz-albert-service-app-prod.delhaize.eu/public/minio/images-products/20454227,2026-10-07T05:30:53+02:00
Billa,Alkohol,6018,Bohemia Sekt Demi Sec 0.75 l,bohemia_sekt_demi_sec,109.9,,Kč,"146,53 Kč / 1 l",,,False,,,po 12. 10. – út 13. 10.,2026-10-12 - 2026-10-13,https://www.kupi.cz/letak/billa-maly-letak-721?page=8&map=216583857,https://img.kupi.cz/kupi/thumbs/bohemia-sekt-demi-sec-1_170_340.png,2026-10-07T05:31:34+02:00
Albert,Nápoje,albert-583-27266120,Bohemia Sekt Ice 0.75 l,bohemia_sekt_ice,119.9,179.0,Kč,119.9 Kč / 0.75 l,,,False,,,,2026-10-07 - 2026-10-13,https://albertloyaltycz-albert-service-app-prod.delhaize.eu/public/content/leaflet/v3?storeId=583,https://albertloyaltycz-albert-service-app-prod.delhaize.eu/public/minio/images-products/27266120,2026-10-07T05:30:53+02:00
Tesco,Alkohol,515283,Bohemia Sekt mini 0.25 l,bohemia_sekt_mini,29.9,39.87,Kč,"119,60 Kč / 1 l",,,True,Clubcard,29.9,-25% Clubcard platí do neděle 25. 10.,2026-10-07 - 2026-10-25,https://www.kupi.cz/letaky/tesco,https://img.kupi.cz/kupi/thumbs/bohemia-sekt-mini-1_170_340.png,2026-10-07T05:32:24+02:00
Albert,Mléčné a chlazené,albert-583-20455224,Bohemilk slad.smetana12% 500ml 0.5 l,bohemilk_slad_smetana12,39.9,46.9,Kč,39.9 Kč / 0.5 l,,,False,,,-14%,2026-10-07 - 2026-10-13,https://albertloyaltycz-albert-service-app-prod.delhaize.eu/public/content/leaflet/v3?storeId=583,,2026-10-07T05:30:53+02:00
Albert,Mléčné a chlazené,albert-583-20455163,Bohemilk Tradiční smetana ke šlehání 33% 250 ml,bohemilk_tradicni_smetana_ke_slehani,25.9,46.9,Kč,25.9 Kč / 250 ml,,,False,,,-44%,2026-10-07 - 2026-10-13,https://albertloyaltycz-albert-service-app-prod.delhaize.eu/public/content/leaflet/v3?storeId=583,https://albertloyaltycz-albert-service-app-prod.delhaize.eu/public/minio/images-products/20455163,2026-10-07T05:30:53+02:00
Albert,Trvanlivé,albert-583-24940634,Bona vita müsli čokoláda750g 0.75 kg,bona_vita_musli_cokolada750g,59.9,104.9,Kč,59.9 Kč / 0.75 kg,79.87,,False,,,,2026-10-07 - 2026-10-13,https://albertloyaltycz-albert-service-app-prod.delhaize.eu/public/content/leaflet/v3?storeId=583,,2026-10-07T05:30:53+02:00
Albert,Trvanlivé,albert-583-25509571,Bonavita Müsli křupavé 3 druhy čokolády 0.7 kg,bonavita_musli_krupave_druhy_cokolady,59.9,104.9,Kč,59.9 Kč / 0.7 kg,85.57,,True,Můj Albert,59.9,Můj Albert,2026-10-07 - 2026-10-13,https://albertloyaltycz-albert-service-app-prod.delhaize.eu/public/content/leaflet/v3?storeId=583,https://albertloyaltycz-albert-service-app-prod.delhaize.eu/public/minio/images-products/25509571,2026-10-07T05:30:53+02:00
Albert,Trvanlivé,albert-583-25509571,Bonavita Müsli křupavé 3 druhy čokolády 0.7 kg,bonavita_musli_krupave_druhy_cokolady,69.9,104.9,Kč,69.9 Kč / 0.7 kg,99.86,,False,,,,2026-10-07 - 2026-10-13,https://albertloyaltycz-albert-service-app-prod.delhaize.eu/public/content/leaflet/v3?storeId=583,https://albertloyaltycz-albert-service-app-prod.delhaize.eu/public/minio/images-products/25509571,2026-10-07T05:30:53+02:00
Tesco,Sladkosti a slané snacky,411092,Bonboniéra Lovelies Merci 185 g,bonboniera_lovelies_merci,89.9,138.31,Kč,"48,59 Kč / 100 g",485.9,,True,Clubcard,89.9,-35% Clubcard platí do úterý 13. 10.,2026-10-07 - 2026-10-13,https://www.kupi.cz/letak/tesco-supermarket-letak-416?page=13&map=216253803,https://img.kupi.cz/kupi/thumbs/bonboniera-lovelies-merci_170_340.jpg,2026-10-07T05:32:16+02:00
Billa,Sladkosti a slané snacky,2632,Bonboniéra Mon Cheri Ferrero 157.5 g,bonboniera_mon_cheri_ferrero,119.9,,Kč,"76,13 Kč / 100 g",761.3,,False,,,platí do úterý 13. 10.,2026-10-07 - 2026-10-13,https://www.kupi.cz/letak/billa-velky-letak-292?page=14&map=216582648,https://img.kupi.cz/kupi/thumbs/pralinky-mon-cheri_170_340.jpg,2026-10-07T05:31:29+02:00
Tesco,Sladkosti a slané snacky,475,Bonboniéra Raffaello Ferrero 150 g,bonboniera_raffaello_ferrero,89.9,157.72,Kč,"59,93 Kč / 100 g",599.3,,True,Clubcard,89.9,-43% Clubcard platí do úterý 13. 10.,2026-10-07 - 2026-10-13,https://www.kupi.cz/letak/tesco-hypermarket-letak-370?page=9&map=216579498,https://img.kupi.cz/kupi/thumbs/bonboniera-raffaello-ferrero_170_340.jpg,2026-10-07T05:32:14+02:00
Billa,Sladkosti a slané snacky,478,Bonboniéra Rocher Ferrero 200 g,bonboniera_rocher_ferrero,169.9,,Kč,"84,95 Kč / 100 g",849.5,,False,,,platí do úterý 13. 10.,2026-10-07 - 2026-10-13,https://www.kupi.cz/letak/billa-maly-letak-721?page=5&map=216583632,https://img.kupi.cz/kupi/thumbs/bonboniera-rocher-ferrero_170_340.jpg,2026-10-07T05:31:29+02:00
Tesco,Sladkosti a slané snacky,478,Bonboniéra Rocher Ferrero 100 g,bonboniera_rocher_ferrero,99.9,133.2,Kč,"99,90 Kč / 100 g",999.0,,True,Clubcard,99.9,-25% Clubcard platí do úterý 20. 10.,2026-10-07 - 2026-10-20,https://www.kupi.cz/letak/tesco-hypermarket-letak-370?page=9&map=216579483,https://img.kupi.cz/kupi/thumbs/bonboniera-rocher-ferrero_170_340.jpg,2026-10-07T05:32:14+02:00
Billa,Sladkosti a slané snacky,269,Bonbony JoJo 60 g,bonbony_jojo,17.9,,Kč,"29,83 Kč / 100 g",298.3,,False,,,platí do úterý 13. 10.,2026-10-07 - 2026-10-13,https://www.kupi.cz/letak/billa-velky-letak-292?page=26&map=216583014,https://img.kupi.cz/kupi/thumbs/bonbony-jojo-1_170_340.jpg,2026-10-07T05:31:29+02:00
Tesco,Sladkosti a slané snacky,269,Bonbony JoJo 80 g,bonbony_jojo,13.9,29.57,Kč,"17,38 Kč / 100 g",173.8,,True,Clubcard,13.9,-53% Clubcard platí do úterý 13. 10.,2026-10-07 - 2026-10-13,https://www.kupi.cz/letak/tesco-hypermarket-letak-370?page=5&map=216579171,https://img.kupi.cz/kupi/thumbs/bonbony-jojo-1_170_340.jpg,2026-10-07T05:32:14+02:00
Tesco,Sladkosti a slané snacky,269,Bonbony JoJo 80 g,bonbony_jojo,16.9,29.65,Kč,"21,12 Kč / 100 g",211.2,,True,Clubcard,16.9,-43% Clubcard platí do neděle 1. 11.,2026-10-07 - 2026-11-01,https://www.kupi.cz/letak/tesco-supermarket-letak-416?page=4&map=216253008,https://img.kupi.cz/kupi/thumbs/bonbony-jojo-1_170_340.jpg,2026-10-07T05:32:14+02:00
Tesco,Sladkosti a slané snacky,1235,Bonbony želé Haribo 100 g,bonbony_zele_haribo,16.9,23.8,Kč,"16,90 Kč / 100 g",169.0,,True,Clubcard,16.9,-29% Clubcard platí do úterý 13. 10.,2026-10-07 - 2026-10-13,https://www.kupi.cz/letak/tesco-hypermarket-letak-370?page=26&map=216580374,https://img.kupi.cz/kupi/thumbs/bonbony-haribo-1_170_340.jpg,2026-10-07T05:32:14+02:00
Albert,Trvanlivé,albert-583-20472504,Bonduel.fazole lusky kr400/200 200 g,bonduel_fazole_lusky_kr400,24.9,49.9,Kč,24.9 Kč / 200 g,124.5,,False,,,,2026-10-07 - 2026-10-13,https://albertloyaltycz-albert-service-app-prod.delhaize.eu/public/content/leaflet/v3?storeId=583,,2026-10-07T05:30:53+02:00
Albert,Trvanlivé,albert-583-25781533,Bonduel.hrášek vapeur 320/280 280 g,bonduel_hrasek_vapeur,34.9,57.9,Kč,34.9 Kč / 280 g,124.64,,False,,,,2026-10-07 - 2026-10-13,https://albertloyaltycz-albert-service-app-prod.delhaize.eu/public/content/leaflet/v3?storeId=583,,2026-10-07T05:30:53+02:00
Albert,Trvanlivé,albert-583-25287431,Bonduel.zel.směs texas 340/285 285 g,bonduel_zel_smes_texas,32.9,58.9,Kč,32.9 Kč / 285 g,115.44,,False,,,,2026-10-07 - 2026-10-13,https://albertloyaltycz-albert-service-app-prod.delhaize.eu/public/content/leaflet/v3?storeId=583,,2026-10-07T05:30:53+02:00
Albert,Trvanlivé,albert-583-25853926,Bonduelle bon m.mexicana 430g,bonduelle_bon_m_mexicana,34.9,69.9,Kč,34.9 Kč / 430 g,81.16,,False,,,,2026-10-07 - 2026-10-13,https://albertloyaltycz-albert-service-app-prod.delhaize.eu/public/content/leaflet/v3?storeId=583,,2026-10-07T05:30:53+02:00
Albert,Trvanlivé,albert-583-25781595,Bonduelle cizrna vapeur310/265 265 g,bonduelle_cizrna_vapeur310,29.9,55.9,Kč,29.9 Kč / 265 g,112.83,,False,,,,2026-10-07 - 2026-10-13,https://albertloyaltycz-albert-service-app-prod.delhaize.eu/public/content/leaflet/v3?storeId=583,,2026-10-07T05:30:53+02:00
Albert,Trvanlivé,albert-583-20305840,Bonduelle Gold zlatá kukuřice 285 g,bonduelle_gold_zlata_kukurice,28.9,34.9,Kč,28.9 Kč / 285 g,101.4,,True,Můj Albert,28.9,-17% Můj Albert,2026-10-07 - 2026-10-13,https://albertloyaltycz-albert-service-app-prod.delhaize.eu/public/content/leaflet/v3?storeId=583,https://albertloyaltycz-albert-service-app-prod.delhaize.eu/public/minio/images-products/20305840,2026-10-07T05:30:53+02:00
Albert,Trvanlivé,albert-583-20305840,Bonduelle Gold zlatá kukuřice 285 g,bonduelle_gold_zlata_kukurice,34.9,34.9,Kč,34.9 Kč / 285 g,122.46,,False,,,,2026-10-07 - 2026-10-13,https://albertloyaltycz-albert-service-app-prod.delhaize.eu/public/content/leaflet/v3?storeId=583,https://albertloyaltycz-albert-service-app-prod.delhaize.eu/public/minio/images-products/20305840,2026-10-07T05:30:53+02:00
Albert,Trvanlivé,albert-583-20323691,Bonduelle hrášek jemný 400/265 265 g,bonduelle_hrasek_jemny,24.9,46.9,Kč,24.9 Kč / 265 g,93.96,,False,,,,2026-10-07 - 2026-10-13,https://albertloyaltycz-albert-service-app-prod.delhaize.eu/public/content/leaflet/v3?storeId=583,,2026-10-07T05:30:53+02:00
Albert,Trvanlivé,albert-583-25287424,Bonduelle zel.směs trio400/265 265 g,bonduelle_zel_smes_trio400,32.9,58.9,Kč,32.9 Kč / 265 g,124.15,,False,,,,2026-10-07 - 2026-10-13,https://albertloyaltycz-albert-service-app-prod.delhaize.eu/public/content/leaflet/v3?storeId=583,,2026-10-07T05:30:53+02:00
Albert,Mléčné a chlazené,albert-583-27967621,Boneco tatarská omáčka 0.5 l,boneco_tatarska_omacka,49.9,89.9,Kč,49.9 Kč / 0.5 l,,,False,,,,2026-10-07 - 2026-10-13,https://albertloyaltycz-albert-service-app-prod.delhaize.eu/public/content/leaflet/v3?storeId=583,https://albertloyaltycz-albert-service-app-prod.delhaize.eu/public/minio/images-products/27967621,2026-10-07T05:30:53+02:00
Albert,Mléčné a chlazené,albert-583-28140085,Activia kefír borůvka 280 ml,boruvky,21.9,32.9,Kč,21.9 Kč / 280 ml,,,False,,,-33%,2026-10-07 - 2026-10-13,https://albertloyaltycz-albert-service-app-prod.delhaize.eu/public/content/leaflet/v3?storeId=583,https://albertloyaltycz-albert-service-app-prod.delhaize.eu/public/minio/images-products/28140085,2026-10-07T05:30:53+02:00
Albert,Mléčné a chlazené,albert-583-27703649,Activia nápoj borůvka 280g,boruvky,19.9,32.9,Kč,19.9 Kč / 280 g,71.07,,False,,,-39%,2026-10-07 - 2026-10-13,https://albertloyaltycz-albert-service-app-prod.delhaize.eu/public/content/leaflet/v3?storeId=583,,2026-10-07T05:30:53+02:00
Albert,Tržnice u Alberta,albert-583-20442248,Albert borůvky vanička 250 g,boruvky,69.9,99.9,Kč,69.9 Kč / 250 g,279.6,,False,,,-30%,2026-10-07 - 2026-10-13,https://albertloyaltycz-albert-service-app-prod.delhaize.eu/public/content/leaflet/v3?storeId=583,https://albertloyaltycz-albert-service-app-prod.delhaize.eu/public/minio/images-products/20442248,2026-10-07T05:30:53+02:00
Albert,Mléčné a chlazené,albert-583-27623022,Carte d or dezert borůvka 140g,boruvky,15.9,24.9,Kč,15.9 Kč / 140 g,113.57,,False,,,-36%,2026-10-07 - 2026-10-13,https://albertloyaltycz-albert-service-app-prod.delhaize.eu/public/content/leaflet/v3?storeId=583,,2026-10-07T05:30:53+02:00
Albert,Mléčné a chlazené,albert-583-23498051,Hollan.selský jog.borůvka 200g,boruvky,9.9,21.9,Kč,9.9 Kč / 200 g,49.5,,False,,,-54%,2026-10-07 - 2026-10-13,https://albertloyaltycz-albert-service-app-prod.delhaize.eu/public/content/leaflet/v3?storeId=583,,2026-10-07T05:30:53+02:00
Albert,Trvanlivé,albert-583-27983836,Jojo borůvky 80g,boruvky,15.9,25.9,Kč,15.9 Kč / 80 g,198.75,,False,,,,2026-10-07 - 2026-10-13,https://albertloyaltycz-albert-service-app-prod.delhaize.eu/public/content/leaflet/v3?storeId=583,,2026-10-07T05:30:53+02:00
Albert,Trvanlivé,albert-583-24016322,Ovesné sušenky borůvka 60g,boruvky,13.9,14.9,Kč,13.9 Kč / 60 g,231.67,,False,,,,2026-10-07 - 2026-10-13,https://albertloyaltycz-albert-service-app-prod.delhaize.eu/public/content/leaflet/v3?storeId=583,,2026-10-07T05:30:53+02:00
Albert,Trvanlivé,albert-583-25173024,Schwartau borůvka extra 340g,boruvky,69.9,119.9,Kč,69.9 Kč / 340 g,205.59,,False,,,,2026-10-07 - 2026-10-13,https://albertloyaltycz-albert-service-app-prod.delhaize.eu/public/content/leaflet/v3?storeId=583,,2026-10-07T05:30:53+02:00
Albert,Trvanlivé,albert-583-27035771,Sunar do ručič.borůvka 100g,boruvky,22.9,33.9,Kč,22.9 Kč / 100 g,229.0,,False,,,,2026-10-07 - 2026-10-13,https://albertloyaltycz-albert-service-app-prod.delhaize.eu/public/content/leaflet/v3?storeId=583,,2026-10-07T05:30:53+02:00
Tesco,Ovoce a zelenina,513237,Borůvky Tesco Finest 125 g,boruvky,59.9,79.87,Kč,"47,92 Kč / 100 g",479.2,,False,,,-25% platí do úterý 13. 10.,2026-10-07 - 2026-10-13,https://www.kupi.cz/letak/tesco-supermarket-letak-416?page=3&map=216252912,https://img.kupi.cz/kupi/thumbs/boruvky-tesco-finest_170_340.png,2026-10-07T05:31:44+02:00
Albert,Nápoje,albert-583-26642543,"Božkov bílý 30% 0,5l",bozkov_bily,149.9,219.0,Kč,149.9 Kč / 0.5 l,,,False,,,,2026-10-07 - 2026-10-13,https://albertloyaltycz-albert-service-app-prod.delhaize.eu/public/content/leaflet/v3?storeId=583,,2026-10-07T05:30:53+02:00
Tesco,Alkohol,675,Božkov Original Tuzemský 0.7 l,bozkov_original_tuzemsky,219.9,274.88,Kč,"314,14 Kč / 1 l",,,True,Clubcard,219.9,-20% Clubcard platí do úterý 20. 10.,2026-10-07 - 2026-10-20,https://www.kupi.cz/letak/tesco-supermarket-letak-416?page=14&map=216253911,https://img.kupi.cz/kupi/thumbs/bozkov-original-tuzemsky-1_170_340.jpg,2026-10-07T05:32:22+02:00
Tesco,Alkohol,343117,Božkov Republica 0.5 l,bozkov_republica,199.9,317.3,Kč,"399,80 Kč / 1 l",,,True,Clubcard,199.9,-37% Clubcard platí do úterý 13. 10.,2026-10-07 - 2026-10-13,https://www.kupi.cz/letaky/tesco,https://img.kupi.cz/kupi/thumbs/bozkov-republica_170_340.jpg,2026-10-07T05:32:24+02:00
Albert,Nápoje,albert-583-28147893,Božkov Republica Mango 20% 0.5 l,bozkov_republica_mango,179.0,319.0,Kč,179 Kč / 0.5 l,,,False,,,,2026-10-07 - 2026-10-13,https://albertloyaltycz-albert-service-app-prod.delhaize.eu/public/content/leaflet/v3?storeId=583,https://albertloyaltycz-albert-service-app-prod.delhaize.eu/public/minio/images-products/28147893,2026-10-07T05:30:53+02:00
Albert,Nápoje,albert-583-26692616,"Božkov speciál kávový 30% 0,5l",bozkov_special_kavovy,149.9,219.0,Kč,149.9 Kč / 0.5 l,,,False,,,,2026-10-07 - 2026-10-13,https://albertloyaltycz-albert-service-app-prod.delhaize.eu/public/content/leaflet/v3?storeId=583,,2026-10-07T05:30:53+02:00
Albert,Nápoje,albert-583-26344270,"Božkov speciál mandlov.30%0,5l",bozkov_special_mandlov,149.9,219.0,Kč,149.9 Kč / 0.5 l,,,False,,,,2026-10-07 - 2026-10-13,https://albertloyaltycz-albert-service-app-prod.delhaize.eu/public/content/leaflet/v3?storeId=583,,2026-10-07T05:30:53+02:00
Billa,Alkohol,452444,Božkov Standard 0.5 l,bozkov_standard,98.9,,Kč,"197,80 Kč / 1 l",,,False,,,ve st 7. 10.,2026-10-07 - 2026-10-07,https://www.kupi.cz/letak/billa-velky-letak-292?map=216581964,https://img.kupi.cz/kupi/thumbs/bozkov-standard_170_340.png,2026-10-07T05:31:34+02:00
Albert,Nápoje,albert-583-28064916,Božkov Tradiční 33% 0.5 l,bozkov_tradicni,129.9,199.0,Kč,129.9 Kč / 0.5 l,,,False,,,,2026-10-07 - 2026-10-13,https://albertloyaltycz-albert-service-app-prod.delhaize.eu/public/content/leaflet/v3?storeId=583,https://albertloyaltycz-albert-service-app-prod.delhaize.eu/public/minio/images-products/28064916,2026-10-07T05:30:53+02:00
Albert,Nápoje,albert-583-28064923,"Božkov tradiční 33% 0,7l nový 0.7 l",bozkov_tradicni_novy,209.0,264.0,Kč,209 Kč / 0.7 l,,,False,,,,2026-10-07 - 2026-10-13,https://albertloyaltycz-albert-service-app-prod.delhaize.eu/public/content/leaflet/v3?storeId=583,,2026-10-07T05:30:53+02:00
Albert,Uzeniny a lahůdky,albert-583-28158561,Bramborové lokše 400 g,bramborove_lokse,49.9,59.9,Kč,49.9 Kč / 400 g,124.75,,False,,,-16%,2026-10-07 - 2026-10-13,https://albertloyaltycz-albert-service-app-prod.delhaize.eu/public/content/leaflet/v3?storeId=583,https://albertloyaltycz-albert-service-app-prod.delhaize.eu/public/minio/images-products/28158561,2026-10-07T05:30:53+02:00
Billa,Vaření a pečení,101924,Bramborové noky Ciemme 500 g,bramborove_noky_ciemme,17.9,31.4,Kč,"3,58 Kč / 100 g",35.8,,False,,,-43% čt 8. 10. – ne 11. 10.,2026-10-08 - 2026-10-11,https://www.kupi.cz/letak/billa-maly-letak-721?page=7&map=216583812,https://img.kupi.cz/kupi/thumbs/noky-ciemme_170_340.jpg,2026-10-07T05:31:25+02:00
Tesco,Sladkosti a slané snacky,580035,Bramborový snack Sidechips 75 g,bramborovy_snack_sidechips,29.9,39.87,Kč,"39,87 Kč / 100 g",398.7,,True,Clubcard,29.9,-25% Clubcard platí do úterý 13. 10.,2026-10-07 - 2026-10-13,https://www.kupi.cz/letaky/tesco,https://www.kupi.cz/img/no_img/no_discounts.png,2026-10-07T05:32:17+02:00
Albert,Trvanlivé,albert-583-27802618,Koř. americké brambory 25g,brambory,15.9,20.9,Kč,15.9 Kč / 25 g,636.0,,False,,,,2026-10-07 - 2026-10-13,https://albertloyaltycz-albert-service-app-prod.delhaize.eu/public/content/leaflet/v3?storeId=583,,2026-10-07T05:30:53+02:00
Billa,Ovoce a zelenina,52679,Brambory konzumní pozdní Česká farma 1 kg,brambory,11.9,19.83,Kč,"11,90 Kč / 1 kg",11.9,,False,,,-40% platí do úterý 13. 10.,2026-10-07 - 2026-10-13,https://www.kupi.cz/letak/billa-velky-letak-292?page=4&map=216582480,https://img.kupi.cz/kupi/thumbs/brambory-konzumni-pozdni-ceska-farma_170_340.jpg,2026-10-07T05:30:57+02:00
Tesco,Sladkosti a slané snacky,7930,Brambůrky moravské Petr Hobža 175 g,bramburky_moravske_petr_hobza,29.9,45.3,Kč,"17,09 Kč / 100 g",170.9,,True,Clubcard,29.9,-34% Clubcard platí do úterý 20. 10.,2026-10-07 - 2026-10-20,https://www.kupi.cz/letak/tesco-hypermarket-letak-370?page=9&map=216579501,https://img.kupi.cz/kupi/thumbs/bramburky-moravske-petr-hobza_170_340.jpg,2026-10-07T05:32:16+02:00
Tesco,Alkohol,313,Brandy 5* Metaxa 0.7 l,brandy_metaxa,319.9,,Kč,"457,00 Kč / 1 l",,,True,Clubcard,319.9,Clubcard platí do úterý 20. 10.,2026-10-07 - 2026-10-20,https://www.kupi.cz/letak/tesco-hypermarket-letak-370?page=23&map=216580851,https://img.kupi.cz/kupi/thumbs/brandy-5-metaxa_170_340.png,2026-10-07T05:32:23+02:00
Albert,Nápoje,albert-583-25882681,Braník Jedenáctka 2 l,branik_jedenactka,42.9,69.9,Kč,42.9 Kč / 2 l,,,False,,,,2026-10-07 - 2026-10-13,https://albertloyaltycz-albert-service-app-prod.delhaize.eu/public/content/leaflet/v3?storeId=583,https://albertloyaltycz-albert-service-app-prod.delhaize.eu/public/minio/images-products/25882681,2026-10-07T05:30:53+02:00
Albert,Nápoje,albert-583-20403096,Braník Světlý výčepní pivo 10 0.5 l,branik_svetly_vycepni_pivo,9.9,14.9,Kč,9.9 Kč / 0.5 l,,,False,,,,2026-10-07 - 2026-10-13,https://albertloyaltycz-albert-service-app-prod.delhaize.eu/public/content/leaflet/v3?storeId=583,https://albertloyaltycz-albert-service-app-prod.delhaize.eu/public/minio/images-products/20403096,2026-10-07T05:30:53+02:00
Billa,Ovoce a zelenina,391,Brokolice 1 ks,brokolice,29.9,44.63,Kč,"29,90 Kč / 1 ks",,29.9,False,,,-33% platí do úterý 13. 10.,2026-10-07 - 2026-10-13,https://www.kupi.cz/letak/billa-velky-letak-292?page=5&map=216582513,https://img.kupi.cz/kupi/thumbs/brokolice_170_340.jpg,2026-10-07T05:30:57+02:00
Albert,Trvanlivé,albert-583-27172049,Ahmad malina&broskev 36g,broskve,59.9,81.9,Kč,59.9 Kč / 36 g,1663.89,,False,,,,2026-10-07 - 2026-10-13,https://albertloyaltycz-albert-service-app-prod.delhaize.eu/public/content/leaflet/v3?storeId=583,,2026-10-07T05:30:53+02:00
Albert,Nápoje,albert-583-20717315,Aquila ledový čaj černý broskev 1.5 l,broskve,23.9,29.9,Kč,23.9 Kč / 1.5 l,,,False,,,,2026-10-07 - 2026-10-13,https://albertloyaltycz-albert-service-app-prod.delhaize.eu/public/content/leaflet/v3?storeId=583,https://albertloyaltycz-albert-service-app-prod.delhaize.eu/public/minio/images-products/20717315,2026-10-07T05:30:53+02:00
Albert,Trvanlivé,albert-583-21247866,Giana broskve 410/210g,broskve,29.9,54.9,Kč,29.9 Kč / 210 g,142.38,,False,,,,2026-10-07 - 2026-10-13,https://albertloyaltycz-albert-service-app-prod.delhaize.eu/public/content/leaflet/v3?storeId=583,,2026-10-07T05:30:53+02:00
Albert,Trvanlivé,albert-583-21261251,Giana broskve 820/470g,broskve,44.9,95.3,Kč,44.9 Kč / 470 g,95.53,,False,,,,2026-10-07 - 2026-10-13,https://albertloyaltycz-albert-service-app-prod.delhaize.eu/public/content/leaflet/v3?storeId=583,,2026-10-07T05:30:53+02:00
Albert,Trvanlivé,albert-583-25849530,Giana broskve loup.půl.700/385 385 g,broskve,49.9,82.9,Kč,49.9 Kč / 385 g,129.61,,False,,,,2026-10-07 - 2026-10-13,https://albertloyaltycz-albert-service-app-prod.delhaize.eu/public/content/leaflet/v3?storeId=583,,2026-10-07T05:30:53+02:00
Albert,Nápoje,albert-583-22941886,"Lipton broskev 1,5l",broskve,24.9,41.9,Kč,24.9 Kč / 1.5 l,,,False,,,,2026-10-07 - 2026-10-13,https://albertloyaltycz-albert-service-app-prod.delhaize.eu/public/content/leaflet/v3?storeId=583,,2026-10-07T05:30:53+02:00
Albert,Nápoje,albert-583-22105783,"Mattoni miner. broskev 1,5l",broskve,14.9,19.9,Kč,14.9 Kč / 1.5 l,,,False,,,,2026-10-07 - 2026-10-13,https://albertloyaltycz-albert-service-app-prod.delhaize.eu/public/content/leaflet/v3?storeId=583,,2026-10-07T05:30:53+02:00
Albert,Trvanlivé,albert-583-23271708,Os hello broskev 190 g,broskve,11.9,18.9,Kč,11.9 Kč / 190 g,62.63,,False,,,,2026-10-07 - 2026-10-13,https://albertloyaltycz-albert-service-app-prod.delhaize.eu/public/content/leaflet/v3?storeId=583,,2026-10-07T05:30:53+02:00
Albert,Trvanlivé,albert-583-26515274,"Kubík ovocná kapsička broskev, jablko, mrkev 100 g",broskve_jablka_mrkev,9.9,14.9,Kč,9.9 Kč / 100 g,99.0,,False,,,,2026-10-07 - 2026-10-13,https://albertloyaltycz-albert-service-app-prod.delhaize.eu/public/content/leaflet/v3?storeId=583,https://albertloyaltycz-albert-service-app-prod.delhaize.eu/public/minio/images-products/26515274,2026-10-07T05:30:53+02:00
Billa,Ovoce a zelenina,455063,Brusinky Fieldstone 200 g,brusinky_fieldstone,49.9,79.21,Kč,"24,95 Kč / 100 g",249.5,,False,,,-37% platí do úterý 13. 10.,2026-10-07 - 2026-10-13,https://www.kupi.cz/letak/billa-velky-letak-292?page=5&map=216582498,https://img.kupi.cz/kupi/thumbs/brusinky-fieldstone_170_340.jpg,2026-10-07T05:30:58+02:00
Billa,Zdravá výživa,38371,Brusinky sušené Dr.Ensa 500 g,brusinky_susene_dr_ensa,99.9,,Kč,"19,98 Kč / 100 g",199.8,,False,,,platí do úterý 13. 10.,2026-10-07 - 2026-10-13,https://www.kupi.cz/letak/billa-velky-letak-292?page=18&map=216582792,https://img.kupi.cz/kupi/thumbs/brusinky-dr-ensa_170_340.jpg,2026-10-07T05:31:31+02:00
Tesco,Pečivo,38635,Buchtičky české Tesco 360 g,buchticky_ceske,31.9,44.31,Kč,"8,86 Kč / 100 g",88.6,,True,Clubcard,31.9,-28% Clubcard platí do úterý 13. 10.,2026-10-07 - 2026-10-13,https://www.kupi.cz/letak/tesco-hypermarket-letak-370?page=4&map=216578214,https://img.kupi.cz/kupi/thumbs/buchticky-ceske-tesco_170_340.png,2026-10-07T05:31:46+02:00
Albert,Nápoje,albert-583-27269848,"Budvar 33 sv. ležák 0,5l plech 0.5 l",budvar_sv_lezak_plech,19.9,32.9,Kč,19.9 Kč / 0.5 l,,,False,,,,2026-10-07 - 2026-10-13,https://albertloyaltycz-albert-service-app-prod.delhaize.eu/public/content/leaflet/v3?storeId=583,,2026-10-07T05:30:53+02:00
Albert,Nápoje,albert-583-25063578,Budweiser Budvar Original světlý ležák 12 0.5 l,budweiser_budvar_original_svetly_lezak,19.9,32.9,Kč,19.9 Kč / 0.5 l,,,False,,,,2026-10-07 - 2026-10-13,https://albertloyaltycz-albert-service-app-prod.delhaize.eu/public/content/leaflet/v3?storeId=583,https://albertloyaltycz-albert-service-app-prod.delhaize.eu/public/minio/images-products/25063578,2026-10-07T05:30:53+02:00
Albert,Nápoje,albert-583-20298128,Budweiser Budvar světlé výčepní 10 0.5 l,budweiser_budvar_svetle_vycepni,9.9,17.9,Kč,9.9 Kč / 0.5 l,,,False,,,,2026-10-07 - 2026-10-13,https://albertloyaltycz-albert-service-app-prod.delhaize.eu/public/content/leaflet/v3?storeId=583,https://albertloyaltycz-albert-service-app-prod.delhaize.eu/public/minio/images-products/20298128,2026-10-07T05:30:53+02:00
Albert,Trvanlivé,albert-583-27796412,Buj.masox 6 kost.vitana 66g,buj_masox_kost_vitana,24.9,38.9,Kč,24.9 Kč / 66 g,377.27,,False,,,,2026-10-07 - 2026-10-13,https://albertloyaltycz-albert-service-app-prod.delhaize.eu/public/content/leaflet/v3?storeId=583,,2026-10-07T05:30:53+02:00
Billa,Vaření a pečení,762,Bujon Masox Vitana 10 ks,bujon_masox_vitana,24.9,,Kč,"2,49 Kč / 1 ks",,2.49,False,,,platí do úterý 13. 10.,2026-10-07 - 2026-10-13,https://www.kupi.cz/letak/billa-velky-letak-292?page=27&map=216583041,https://img.kupi.cz/kupi/thumbs/bujon-masox-vitana_170_340.png,2026-10-07T05:31:23+02:00
Albert,Nápoje,albert-583-27758663,Bumbu Original 40% 0.7 l,bumbu_original,899.0,1099.0,Kč,899 Kč / 0.7 l,,,False,,,,2026-10-07 - 2026-10-13,https://albertloyaltycz-albert-service-app-prod.delhaize.eu/public/content/leaflet/v3?storeId=583,https://albertloyaltycz-albert-service-app-prod.delhaize.eu/public/minio/images-products/27758663,2026-10-07T05:30:53+02:00
Albert,Nápoje,albert-583-27869987,Bumbu XO 40% 0.7 l,bumbu_xo,999.0,1259.0,Kč,999 Kč / 0.7 l,,,False,,,,2026-10-07 - 2026-10-13,https://albertloyaltycz-albert-service-app-prod.delhaize.eu/public/content/leaflet/v3?storeId=583,https://albertloyaltycz-albert-service-app-prod.delhaize.eu/public/minio/images-products/27869987,2026-10-07T05:30:53+02:00
Billa,Alkohol,669,Bylinný likér Jägermeister 0.7 l,bylinny_liker_jagermeister,319.9,,Kč,"457,00 Kč / 1 l",,,False,,,platí do úterý 13. 10.,2026-10-07 - 2026-10-13,https://www.kupi.cz/letak/billa-maly-letak-721?page=6&map=216583662,https://img.kupi.cz/kupi/thumbs/bylinny-liker-jagermeister_170_340.jpg,2026-10-07T05:31:34+02:00
Tesco,Alkohol,669,Bylinný likér Jägermeister 0.7 l,bylinny_liker_jagermeister,329.9,428.44,Kč,"471,29 Kč / 1 l",,,True,Clubcard,329.9,-23% Clubcard platí do úterý 20. 10.,2026-10-07 - 2026-10-20,https://www.kupi.cz/letak/tesco-supermarket-letak-416?page=7&map=216253263,https://img.kupi.cz/kupi/thumbs/bylinny-liker-jagermeister_170_340.jpg,2026-10-07T05:32:22+02:00
Tesco,Nealko nápoje,467,Čaj bylinný Funkční Teekanne 20 g,caj_bylinny_funkcni_teekanne,32.9,45.69,Kč,"164,50 Kč / 100 g",1645.0,,True,Clubcard,32.9,-28% Clubcard platí do úterý 13. 10.,2026-10-07 - 2026-10-13,https://www.kupi.cz/letak/tesco-hypermarket-znacky-ktere-mate-radi-2?page=22&map=215328054,https://img.kupi.cz/kupi/thumbs/caj-bylinny-funkcni-teekanne-1_170_340.jpg,2026-10-07T05:32:07+02:00
Tesco,Nealko nápoje,688,Čaj černý Ranní Pickwick 175 g,caj_cerny_ranni_pickwick,119.9,149.88,Kč,"68,51 Kč / 100 g",685.1,,True,Clubcard,119.9,-20% Clubcard platí do úterý 13. 10.,2026-10-07 - 2026-10-13,https://www.kupi.cz/letaky/tesco,https://img.kupi.cz/kupi/thumbs/caj-ranni-pickwick_170_340.jpg,2026-10-07T05:32:07+02:00
Tesco,Nealko nápoje,12057,Čaj Dilmah 50 g,caj_dilmah,59.9,92.15,Kč,"119,80 Kč / 100 g",1198.0,,True,Clubcard,59.9,-35% Clubcard platí do úterý 3. 11.,2026-10-07 - 2026-11-03,https://www.kupi.cz/letak/tesco-hypermarket-letak-370?page=22&map=216580737,https://img.kupi.cz/kupi/thumbs/caj-dilmah-1_170_340.jpg,2026-10-07T05:32:07+02:00
Tesco,Nealko nápoje,555453,Čaj Love Teekanne 45 g,caj_love_teekanne,32.9,44.46,Kč,"73,11 Kč / 100 g",731.1,,True,Clubcard,32.9,-26% Clubcard platí do úterý 13. 10.,2026-10-07 - 2026-10-13,https://www.kupi.cz/letak/tesco-hypermarket-znacky-ktere-mate-radi-2?page=22&map=215328042,https://www.kupi.cz/img/no_img/no_discounts.png,2026-10-07T05:32:09+02:00
Tesco,Nealko nápoje,710,Čaj ovocný Teekanne,caj_ovocny_teekanne,32.9,44.46,Kč,"65,80 Kč / 100 g",658.0,,True,Clubcard,32.9,-26% Clubcard platí do úterý 13. 10.,2026-10-07 - 2026-10-13,https://www.kupi.cz/letak/tesco-hypermarket-znacky-ktere-mate-radi-2?page=22&map=215328045,https://img.kupi.cz/kupi/thumbs/caj-ovocny-world-of-fruits-teekanne_170_340.jpg,2026-10-07T05:32:06+02:00
Tesco,Nealko nápoje,710,Čaj ovocný Teekanne,caj_ovocny_teekanne,32.9,44.46,Kč,"73,11 Kč / 100 g",731.1,,True,Clubcard,32.9,-26% Clubcard platí do úterý 13. 10.,2026-10-07 - 2026-10-13,https://www.kupi.cz/letak/tesco-hypermarket-znacky-ktere-mate-radi-2?page=22&map=215328048,https://img.kupi.cz/kupi/thumbs/caj-ovocny-world-of-fruits-teekanne_170_340.jpg,2026-10-07T05:32:06+02:00
Tesco,Nealko nápoje,267,Čaj zelený Teekanne 35 g,caj_zeleny_teekanne,32.9,44.46,Kč,"94,00 Kč / 100 g",940.0,,True,Clubcard,32.9,-26% Clubcard platí do úterý 13. 10.,2026-10-07 - 2026-10-13,https://www.kupi.cz/letak/tesco-hypermarket-znacky-ktere-mate-radi-2?page=22&map=215328051,https://img.kupi.cz/kupi/thumbs/caj-zeleny-teekanne_170_340.jpg,2026-10-07T05:32:07+02:00
Tesco,Nealko nápoje,478860,Čaje bio Cupper 40 g,caje_bio_cupper,89.9,109.63,Kč,"224,75 Kč / 100 g",2247.5,,True,Clubcard,89.9,-18% Clubcard platí do úterý 27. 10.,2026-10-07 - 2026-10-27,https://www.kupi.cz/letak/tesco-hypermarket-znacky-ktere-mate-radi-2?page=18&map=215327391,https://img.kupi.cz/kupi/thumbs/caje-bio-cupper_170_340.jpg,2026-10-07T05:32:09+02:00
Tesco,Nealko nápoje,35793,Čaje Lipton 50 g,caje_lipton,29.9,51.55,Kč,"59,80 Kč / 100 g",598.0,,True,Clubcard,29.9,-42% Clubcard platí do úterý 20. 10.,2026-10-07 - 2026-10-20,https://www.kupi.cz/letak/tesco-hypermarket-letak-370?page=12&map=216580218,https://img.kupi.cz/kupi/thumbs/caje-lipton_170_340.jpg,2026-10-07T05:32:07+02:00
Albert,Nápoje,albert-583-26430287,Canti Chardonnay 0.75 l,canti_chardonnay,79.9,129.9,Kč,79.9 Kč / 0.75 l,,,False,,,,2026-10-07 - 2026-10-13,https://albertloyaltycz-albert-service-app-prod.delhaize.eu/public/content/leaflet/v3?storeId=583,https://albertloyaltycz-albert-service-app-prod.delhaize.eu/public/minio/images-products/26430287,2026-10-07T05:30:53+02:00
Albert,Nápoje,albert-583-26430270,"Canti merlot rosé 0,75l",canti_merlot_rose,79.9,129.9,Kč,79.9 Kč / 0.75 l,,,False,,,,2026-10-07 - 2026-10-13,https://albertloyaltycz-albert-service-app-prod.delhaize.eu/public/content/leaflet/v3?storeId=583,,2026-10-07T05:30:53+02:00
Albert,Nápoje,albert-583-28057734,"Cappy orange nectar 0,33l 330 ml",cappy_orange_nectar,29.9,36.9,Kč,29.9 Kč / 330 ml,,,False,,,,2026-10-07 - 2026-10-13,https://albertloyaltycz-albert-service-app-prod.delhaize.eu/public/content/leaflet/v3?storeId=583,,2026-10-07T05:30:53+02:00
Albert,Nápoje,albert-583-28059059,Cappy orange nectar 1l,cappy_orange_nectar,34.9,64.9,Kč,34.9 Kč / 1 l,,,False,,,,2026-10-07 - 2026-10-13,https://albertloyaltycz-albert-service-app-prod.delhaize.eu/public/content/leaflet/v3?storeId=583,,2026-10-07T05:30:53+02:00
Albert,Nápoje,albert-583-25822144,Cappy pomeranč 100% 1l,cappy_pomeranc,49.9,79.9,Kč,49.9 Kč / 1 l,,,False,,,,2026-10-07 - 2026-10-13,https://albertloyaltycz-albert-service-app-prod.delhaize.eu/public/content/leaflet/v3?storeId=583,,2026-10-07T05:30:53+02:00
Albert,Nápoje,albert-583-25772395,Cappy Pulpy Pomeranč 1 l,cappy_pulpy_pomeranc,29.9,44.9,Kč,29.9 Kč / 1 l,,,False,,,,2026-10-07 - 2026-10-13,https://albertloyaltycz-albert-service-app-prod.delhaize.eu/public/content/leaflet/v3?storeId=583,https://albertloyaltycz-albert-service-app-prod.delhaize.eu/public/minio/images-products/25772395,2026-10-07T05:30:53+02:00
Albert,Nápoje,albert-583-24252591,Captain Morgan Spiced 35% 0.7 l,captain_morgan_spiced,299.0,499.0,Kč,299 Kč / 0.7 l,,,False,,,,2026-10-07 - 2026-10-13,https://albertloyaltycz-albert-service-app-prod.delhaize.eu/public/content/leaflet/v3?storeId=583,https://albertloyaltycz-albert-service-app-prod.delhaize.eu/public/minio/images-products/24252591,2026-10-07T05:30:53+02:00
Albert,Mléčné a chlazené,albert-583-27623046,Carte d or dezert stracci 140g,carte_d_or_dezert_stracci,15.9,24.9,Kč,15.9 Kč / 140 g,113.57,,False,,,-36%,2026-10-07 - 2026-10-13,https://albertloyaltycz-albert-service-app-prod.delhaize.eu/public/content/leaflet/v3?storeId=583,,2026-10-07T05:30:53+02:00
Albert,Mléčné a chlazené,albert-583-27623039,Carte d'Or smetanový dezert Salted Caramel 140 g,carte_d_or_smetanovy_dezert_salted_caramel,15.9,24.9,Kč,15.9 Kč / 140 g,113.57,,False,,,-36%,2026-10-07 - 2026-10-13,https://albertloyaltycz-albert-service-app-prod.delhaize.eu/public/content/leaflet/v3?storeId=583,https://albertloyaltycz-albert-service-app-prod.delhaize.eu/public/minio/images-products/27623039,2026-10-07T05:30:53+02:00
Albert,Nápoje,albert-583-26804156,"Cavit prosecco doc 0,75l",cavit_prosecco_doc,199.0,259.0,Kč,199 Kč / 0.75 l,,,False,,,,2026-10-07 - 2026-10-13,https://albertloyaltycz-albert-service-app-prod.delhaize.eu/public/content/leaflet/v3?storeId=583,,2026-10-07T05:30:53+02:00
Albert,Uzeniny a lahůdky,albert-583-27517383,Cch herkules 100g,cch_herkules,26.9,32.9,Kč,26.9 Kč / 100 g,269.0,,False,,,-18%,2026-10-07 - 2026-10-13,https://albertloyaltycz-albert-service-app-prod.delhaize.eu/public/content/leaflet/v3?storeId=583,,2026-10-07T05:30:53+02:00
Albert,Uzeniny a lahůdky,albert-583-27889442,Cch mistrovská šunka 100g,cch_mistrovska_sunka,32.9,36.9,Kč,32.9 Kč / 100 g,329.0,,False,,,-10%,2026-10-07 - 2026-10-13,https://albertloyaltycz-albert-service-app-prod.delhaize.eu/public/content/leaflet/v3?storeId=583,,2026-10-07T05:30:53+02:00
Albert,Uzeniny a lahůdky,albert-583-27934715,Cch poličan 75g,cch_polican,24.9,29.9,Kč,24.9 Kč / 75 g,332.0,,False,,,-16%,2026-10-07 - 2026-10-13,https://albertloyaltycz-albert-service-app-prod.delhaize.eu/public/content/leaflet/v3?storeId=583,,2026-10-07T05:30:53+02:00
Albert,Uzeniny a lahůdky,albert-583-27859193,Cch pražská šunka 130g,cch_prazska_sunka,39.9,48.9,Kč,39.9 Kč / 130 g,306.92,,False,,,-18%,2026-10-07 - 2026-10-13,https://albertloyaltycz-albert-service-app-prod.delhaize.eu/public/content/leaflet/v3?storeId=583,,2026-10-07T05:30:53+02:00
Albert,Uzeniny a lahůdky,albert-583-26863078,Cch sunka dusena stan. tk 100g,cch_sunka_dusena_stan_tk,25.9,31.9,Kč,25.9 Kč / 100 g,259.0,,False,,,-18%,2026-10-07 - 2026-10-13,https://albertloyaltycz-albert-service-app-prod.delhaize.eu/public/content/leaflet/v3?storeId=583,,2026-10-07T05:30:53+02:00
Albert,Uzeniny a lahůdky,albert-583-26863092,Cch sunka nejvyssi jak.tk 80g,cch_sunka_nejvyssi_jak_tk,28.9,33.9,Kč,28.9 Kč / 80 g,361.25,,False,,,-14%,2026-10-07 - 2026-10-13,https://albertloyaltycz-albert-service-app-prod.delhaize.eu/public/content/leaflet/v3?storeId=583,,2026-10-07T05:30:53+02:00
Albert,Uzeniny a lahůdky,albert-583-27859186,Cch šunka od kosti 130g,cch_sunka_od_kosti,39.9,48.9,Kč,39.9 Kč / 130 g,306.92,,False,,,-18%,2026-10-07 - 2026-10-13,https://albertloyaltycz-albert-service-app-prod.delhaize.eu/public/content/leaflet/v3?storeId=583,,2026-10-07T05:30:53+02:00
Albert,Uzeniny a lahůdky,albert-583-27866429,Cch šunkový salám 100g,cch_sunkovy_salam,18.9,21.9,Kč,18.9 Kč / 100 g,189.0,,False,,,-13%,2026-10-07 - 2026-10-13,https://albertloyaltycz-albert-service-app-prod.delhaize.eu/public/content/leaflet/v3?storeId=583,,2026-10-07T05:30:53+02:00
Albert,Uzeniny a lahůdky,albert-583-27511237,Cch turistický salám kráj.100g,cch_turisticky_salam_kraj,27.9,35.9,Kč,27.9 Kč / 100 g,279.0,,False,,,-22%,2026-10-07 - 2026-10-13,https://albertloyaltycz-albert-service-app-prod.delhaize.eu/public/content/leaflet/v3?storeId=583,,2026-10-07T05:30:53+02:00
Albert,Uzeniny a lahůdky,albert-583-27520970,Cch vídeňské párky 200g,cch_videnske_parky,55.9,62.9,Kč,55.9 Kč / 200 g,279.5,,False,,,-11%,2026-10-07 - 2026-10-13,https://albertloyaltycz-albert-service-app-prod.delhaize.eu/public/content/leaflet/v3?storeId=583,,2026-10-07T05:30:53+02:00
Albert,Uzeniny a lahůdky,albert-583-27520987,Cch vídeňské párky 2x200g 400 g,cch_videnske_parky_2x200g,92.9,112.9,Kč,92.9 Kč / 400 g,232.25,,False,,,-17%,2026-10-07 - 2026-10-13,https://albertloyaltycz-albert-service-app-prod.delhaize.eu/public/content/leaflet/v3?storeId=583,,2026-10-07T05:30:53+02:00
Albert,Uzeniny a lahůdky,albert-583-27520888,Cch vysočina 100g,cch_vysocina,24.9,29.9,Kč,24.9 Kč / 100 g,249.0,,False,,,-16%,2026-10-07 - 2026-10-13,https://albertloyaltycz-albert-service-app-prod.delhaize.eu/public/content/leaflet/v3?storeId=583,,2026-10-07T05:30:53+02:00
Tesco,Vaření a pečení,108138,Čekankový sirup 4Slim 350 g,cekankovy_sirup_4slim,79.9,133.17,Kč,"22,83 Kč / 100 g",228.3,,True,Clubcard,79.9,-40% Clubcard platí do středy 28. 10.,2026-10-07 - 2026-10-28,https://www.kupi.cz/letak/tesco-hypermarket-znacky-ktere-mate-radi-2?page=10&map=215327007,https://img.kupi.cz/kupi/thumbs/cekankovy-sirup-4slim_170_340.png,2026-10-07T05:32:11+02:00
Billa,Ovoce a zelenina,424452,Celer bulva Česká farma 1 kg,celer_bulva_ceska_farma,19.9,34.31,Kč,"19,90 Kč / 1 kg",19.9,,False,,,-42% platí do úterý 13. 10.,2026-10-07 - 2026-10-13,https://www.kupi.cz/letak/billa-velky-letak-292?page=4&map=216582468,https://img.kupi.cz/kupi/thumbs/celer-bulva-ceska-farma_170_340.jpg,2026-10-07T05:30:58+02:00
Albert,Nápoje,albert-583-23395749,"Cell.bis. chardonnay 0,75l",cell_bis_chardonnay,69.9,99.9,Kč,69.9 Kč / 0.75 l,,,False,,,,2026-10-07 - 2026-10-13,https://albertloyaltycz-albert-service-app-prod.delhaize.eu/public/content/leaflet/v3?storeId=583,,2026-10-07T05:30:53+02:00
Albert,Nápoje,albert-583-28046714,"Cell.bis. muškát ottonel 0,75l",cell_bis_muskat_ottonel,69.9,99.9,Kč,69.9 Kč / 0.75 l,,,False,,,,2026-10-07 - 2026-10-13,https://albertloyaltycz-albert-service-app-prod.delhaize.eu/public/content/leaflet/v3?storeId=583,,2026-10-07T05:30:53+02:00
Albert,Nápoje,albert-583-27493403,"Cell.bis. ruland. šedé 0,75l",cell_bis_ruland_sede,69.9,99.9,Kč,69.9 Kč / 0.75 l,,,False,,,-30%,2026-10-07 - 2026-10-13,https://albertloyaltycz-albert-service-app-prod.delhaize.eu/public/content/leaflet/v3?storeId=583,,2026-10-07T05:30:53+02:00
Albert,Nápoje,albert-583-23305816,"Cell.bis. veltlín.zelené 0,75l",cell_bis_veltlin_zelene,69.9,99.9,Kč,69.9 Kč / 0.75 l,,,False,,,,2026-10-07 - 2026-10-13,https://albertloyaltycz-albert-service-app-prod.delhaize.eu/public/content/leaflet/v3?storeId=583,,2026-10-07T05:30:53+02:00
Albert,Nápoje,albert-583-24865654,Cellarium Bisencii Tramín červený 0.75 l,cellarium_bisencii_tramin_cerveny,69.9,99.9,Kč,69.9 Kč / 0.75 l,,,False,,,,2026-10-07 - 2026-10-13,https://albertloyaltycz-albert-service-app-prod.delhaize.eu/public/content/leaflet/v3?storeId=583,https://albertloyaltycz-albert-service-app-prod.delhaize.eu/public/minio/images-products/24865654,2026-10-07T05:30:53+02:00
Tesco,Zdravá výživa,567873,Cereálie Myslík Super kuličky Emco 300 g,cerealie_myslik_super_kulicky_emco,79.9,119.25,Kč,"26,63 Kč / 100 g",266.3,,True,Clubcard,79.9,-33% Clubcard platí do úterý 13. 10.,2026-10-07 - 2026-10-13,https://www.kupi.cz/letaky/tesco,https://img.kupi.cz/kupi/thumbs/cerealie-myslik-emco_170_340.jpg,2026-10-07T05:32:19+02:00
Billa,Zdravá výživa,564126,Cereálie Protein Nestlé 340 g,cerealie_protein_nestle,79.9,128.87,Kč,"23,50 Kč / 100 g",235.0,,True,Billa Club,79.9,-38% Billa Club platí do úterý 13. 10.,2026-10-07 - 2026-10-13,https://www.kupi.cz/letak/billa-velky-letak-292?page=26&map=216583032,https://img.kupi.cz/kupi/thumbs/cerealie-protein-nestle_170_340.jpg,2026-10-07T05:31:32+02:00
Albert,Tržnice u Alberta,albert-583-28060345,Albert čerstvá šťáva mix červeného ovoce 2 l,cerstva_stava_mix_cerveneho_ovoce,99.9,129.9,Kč,99.9 Kč / 2 l,,,False,,,-23%,2026-10-07 - 2026-10-13,https://albertloyaltycz-albert-service-app-prod.delhaize.eu/public/content/leaflet/v3?storeId=583,https://albertloyaltycz-albert-service-app-prod.delhaize.eu/public/minio/images-products/28060345,2026-10-07T05:30:53+02:00
Albert,Tržnice u Alberta,albert-583-28060352,Albert čerstvá šťáva pomeranč a mango 2 l,cerstva_stava_pomeranc_a_mango,99.9,129.9,Kč,99.9 Kč / 2 l,,,False,,,-23%,2026-10-07 - 2026-10-13,https://albertloyaltycz-albert-service-app-prod.delhaize.eu/public/content/leaflet/v3?storeId=583,https://albertloyaltycz-albert-service-app-prod.delhaize.eu/public/minio/images-products/28060352,2026-10-07T05:30:53+02:00
Lidl,Ovoce a zelenina,10055762,Čerstvé fíky,cerstve_fiky,6.9,14.9,Kč,6.9 Kč / 1 ks,,6.9,False,,,-53%,2026-10-08 - 2026-10-11,https://www.lidl.cz/p/cerstve-fiky/p10055762,https://imgproxy-retcat.assets.schwarz/3gNrQKE4MoI9qtGwwlZKcYA0IAnutxKjDJS7GamSXZw/sm:0/exar:1:ce/w:427/h:320/cz/M6Ly9wcm9kLWNhd/GFsb2ctbWVkaWEvaW50L0I5MDEwODYwNzUxMzc5RjI0RkFENTE2QT/dDRjgyQzQ1RUMwODg1NzJCMDg0RjBCMTcxRjlEOUMzNzgzNkQxMjcucG5n.png,2026-10-07T05:31:40+02:00
Albert,Trvanlivé,albert-583-20324544,Červ.faz.v chilli om.430/200g,cerv_faz_v_chilli_om,29.9,69.9,Kč,29.9 Kč / 200 g,149.5,,False,,,,2026-10-07 - 2026-10-13,https://albertloyaltycz-albert-service-app-prod.delhaize.eu/public/content/leaflet/v3?storeId=583,,2026-10-07T05:30:53+02:00
Albert,Trvanlivé,albert-583-25930993,Červená faz.barbecue 430g,cervena_faz_barbecue,35.9,69.9,Kč,35.9 Kč / 430 g,83.49,,False,,,,2026-10-07 - 2026-10-13,https://albertloyaltycz-albert-service-app-prod.delhaize.eu/public/content/leaflet/v3?storeId=583,,2026-10-07T05:30:53+02:00
Tesco,Konzervy,421038,Červená řepa s křenem Beavia 350 g,cervena_repa_s_krenem_beavia,109.9,,Kč,"31,40 Kč / 100 g",314.0,,True,Clubcard,109.9,Clubcard platí do úterý 27. 10.,2026-10-07 - 2026-10-27,https://www.kupi.cz/letak/tesco-hypermarket-znacky-ktere-mate-radi-2?page=8&map=215326926,https://img.kupi.cz/kupi/thumbs/cervena-repa-s-krenem-beavia_170_340.jpg,2026-10-07T05:32:02+02:00
Albert,Trvanlivé,albert-583-27797792,Český med květo.pastovaný 500g 0.5 kg,cesky_med_kveto_pastovany,99.9,114.9,Kč,99.9 Kč / 0.5 kg,199.8,,False,,,-13%,2026-10-07 - 2026-10-13,https://albertloyaltycz-albert-service-app-prod.delhaize.eu/public/content/leaflet/v3?storeId=583,,2026-10-07T05:30:53+02:00
Albert,Trvanlivé,albert-583-27797785,Český med květový pastovaný 90 0.9 kg,cesky_med_kvetovy_pastovany,149.9,199.0,Kč,149.9 Kč / 0.9 kg,166.56,,False,,,-24%,2026-10-07 - 2026-10-13,https://albertloyaltycz-albert-service-app-prod.delhaize.eu/public/content/leaflet/v3?storeId=583,,2026-10-07T05:30:53+02:00
Albert,Trvanlivé,albert-583-28008880,Český med smíšený 500g 0.5 kg,cesky_med_smiseny,124.9,149.9,Kč,124.9 Kč / 0.5 kg,249.8,,False,,,-16%,2026-10-07 - 2026-10-13,https://albertloyaltycz-albert-service-app-prod.delhaize.eu/public/content/leaflet/v3?storeId=583,,2026-10-07T05:30:53+02:00
Billa,Ovoce a zelenina,49611,Česnek Česká farma 200 g,cesnek_ceska_farma,29.9,39.87,Kč,"14,95 Kč / 100 g",149.5,,False,,,-25% platí do úterý 13. 10.,2026-10-07 - 2026-10-13,https://www.kupi.cz/letak/billa-velky-letak-292?page=4&map=216582477,https://img.kupi.cz/kupi/thumbs/cesnek-ceska-farma_170_340.jpg,2026-10-07T05:30:58+02:00
Albert,Uzeniny a lahůdky,albert-583-27869963,Česneková pomazánka se sýrem 100 g,cesnekova_pomazanka_se_syrem,16.9,20.9,Kč,16.9 Kč / 100 g,169.0,,False,,,-19%,2026-10-07 - 2026-10-13,https://albertloyaltycz-albert-service-app-prod.delhaize.eu/public/content/leaflet/v3?storeId=583,https://albertloyaltycz-albert-service-app-prod.delhaize.eu/public/minio/images-products/27869963,2026-10-07T05:30:53+02:00
Albert,Albertovo pekařství,albert-583-28102229,Česnekový chléb z kamenné pece 405 g,cesnekovy_chleb_z_kamenne_pece,33.9,39.9,Kč,33.9 Kč / 405 g,83.7,,False,,,-15%,2026-10-07 - 2026-10-13,https://albertloyaltycz-albert-service-app-prod.delhaize.eu/public/content/leaflet/v3?storeId=583,https://albertloyaltycz-albert-service-app-prod.delhaize.eu/public/minio/images-products/28102229,2026-10-07T05:30:53+02:00
Billa,Pečivo,270131,Chalupářský bochník 500 g,chaluparsky_bochnik,29.9,35.6,Kč,"5,98 Kč / 100 g",59.8,,True,Billa Club,29.9,-16% Billa Club platí do úterý 13. 10.,2026-10-07 - 2026-10-13,https://www.kupi.cz/letak/billa-velky-letak-292?page=10&map=216582558,https://img.kupi.cz/kupi/thumbs/chaluparsky-bochnik_170_340.png,2026-10-07T05:30:59+02:00
Albert,Nápoje,albert-583-27198230,"Château tour ch.bordeaux 0,75l",chateau_tour_ch_bordeaux,159.0,339.0,Kč,159 Kč / 0.75 l,,,False,,,,2026-10-07 - 2026-10-13,https://albertloyaltycz-albert-service-app-prod.delhaize.eu/public/content/leaflet/v3?storeId=583,,2026-10-07T05:30:53+02:00
Albert,Trvanlivé,albert-583-27725955,Cheerios 375g,cheerios,74.9,119.9,Kč,74.9 Kč / 375 g,199.73,,False,,,,2026-10-07 - 2026-10-13,https://albertloyaltycz-albert-service-app-prod.delhaize.eu/public/content/leaflet/v3?storeId=583,,2026-10-07T05:30:53+02:00
Billa,Mražené a instantní potraviny,317969,Cheesecake mražený Dortie's 550 g,cheesecake_mrazeny_dortie_s,139.9,189.05,Kč,"25,44 Kč / 100 g",254.4,,False,,,-26% platí do úterý 13. 10.,2026-10-07 - 2026-10-13,https://www.kupi.cz/letak/billa-velky-letak-292?page=24&map=216582957,https://img.kupi.cz/kupi/thumbs/cheesecake-mrazeny-dorties_170_340.jpg,2026-10-07T05:31:15+02:00
Billa,Mražené a instantní potraviny,552606,Cheesecake mražený Lučina Dortie's 510 g,cheesecake_mrazeny_lucina_dortie_s,169.9,,Kč,"33,31 Kč / 100 g",333.1,,False,,,platí do úterý 13. 10.,2026-10-07 - 2026-10-13,https://www.kupi.cz/letak/billa-velky-letak-292?page=24&map=216582954,https://img.kupi.cz/kupi/thumbs/cheesecake-mrazeny-lucina-dorties_170_340.jpg,2026-10-07T05:31:15+02:00
Albert,Nápoje,albert-583-27198292,"Chianti classico riserva 0,75l",chianti_classico_riserva,224.0,299.0,Kč,224 Kč / 0.75 l,,,False,,,,2026-10-07 - 2026-10-13,https://albertloyaltycz-albert-service-app-prod.delhaize.eu/public/content/leaflet/v3?storeId=583,,2026-10-07T05:30:53+02:00
Tesco,Vaření a pečení,9701,Chilli omáčka sladká Exotic food 725 ml,chilli_omacka_sladka_exotic_food,79.9,109.45,Kč,"11,02 Kč / 100 ml",,,True,Clubcard,79.9,-27% Clubcard platí do úterý 27. 10.,2026-10-07 - 2026-10-27,https://www.kupi.cz/letak/tesco-hypermarket-znacky-ktere-mate-radi-2?page=18&map=215327376,https://img.kupi.cz/kupi/thumbs/chilli-omacka-sladka-exotic-food_170_340.jpg,2026-10-07T05:32:11+02:00
Albert,Trvanlivé,albert-583-27305171,Chio slaný popcorn 80g,chio_slany_popcorn,16.9,19.9,Kč,16.9 Kč / 80 g,211.25,,False,,,,2026-10-07 - 2026-10-13,https://albertloyaltycz-albert-service-app-prod.delhaize.eu/public/content/leaflet/v3?storeId=583,,2026-10-07T05:30:53+02:00
Albert,Trvanlivé,albert-583-27690048,Chio tortillas Nacho Cheese 110 g,chio_tortillas_nacho_cheese,29.9,44.9,Kč,29.9 Kč / 110 g,271.82,,False,,,,2026-10-07 - 2026-10-13,https://albertloyaltycz-albert-service-app-prod.delhaize.eu/public/content/leaflet/v3?storeId=583,https://albertloyaltycz-albert-service-app-prod.delhaize.eu/public/minio/images-products/27690048,2026-10-07T05:30:53+02:00
Albert,Trvanlivé,albert-583-27690055,Chio tortillas salt 110g,chio_tortillas_salt,29.9,44.9,Kč,29.9 Kč / 110 g,271.82,,False,,,,2026-10-07 - 2026-10-13,https://albertloyaltycz-albert-service-app-prod.delhaize.eu/public/content/leaflet/v3?storeId=583,,2026-10-07T05:30:53+02:00
Albert,Trvanlivé,albert-583-27376966,Chips lays jarní cibulka 60g,chips_lays_jarni_cibulka,27.9,34.9,Kč,27.9 Kč / 60 g,465.0,,False,,,,2026-10-07 - 2026-10-13,https://albertloyaltycz-albert-service-app-prod.delhaize.eu/public/content/leaflet/v3?storeId=583,,2026-10-07T05:30:53+02:00
Tesco,Sladkosti a slané snacky,286,Chipsy Bohemia Chips,chipsy_bohemia_chips,37.9,59.22,Kč,"31,58 Kč / 100 g",315.8,,True,Clubcard,37.9,-36% Clubcard platí do úterý 13. 10.,2026-10-07 - 2026-10-13,https://www.kupi.cz/letak/tesco-supermarket-letak-416?page=13&map=216253806,https://img.kupi.cz/kupi/thumbs/chipsy-bohemia-chips_170_340.png,2026-10-07T05:32:14+02:00
Tesco,Sladkosti a slané snacky,286,Chipsy Bohemia Chips,chipsy_bohemia_chips,49.9,77.97,Kč,"24,95 Kč / 100 g",249.5,,True,Clubcard,49.9,-36% Clubcard platí do úterý 20. 10.,2026-10-07 - 2026-10-20,https://www.kupi.cz/letak/tesco-hypermarket-letak-370?page=17&map=216580404,https://img.kupi.cz/kupi/thumbs/chipsy-bohemia-chips_170_340.png,2026-10-07T05:32:14+02:00
Tesco,Sladkosti a slané snacky,81,Chipsy Lay's,chipsy_lay_s,29.9,,Kč,"23,00 Kč / 100 g",230.0,,False,,,platí do úterý 13. 10.,2026-10-07 - 2026-10-13,https://www.kupi.cz/letak/tesco-supermarket-letak-416?page=9&map=216253377,https://img.kupi.cz/kupi/thumbs/chipsy-lays_170_340.jpg,2026-10-07T05:32:14+02:00
Tesco,Sladkosti a slané snacky,81,Chipsy Lay's,chipsy_lay_s,59.9,78.82,Kč,"23,96 Kč / 100 g",239.6,,True,Clubcard,59.9,-24% Clubcard platí do úterý 13. 10.,2026-10-07 - 2026-10-13,https://www.kupi.cz/letaky/tesco,https://img.kupi.cz/kupi/thumbs/chipsy-lays_170_340.jpg,2026-10-07T05:32:14+02:00
Billa,Pečivo,554586,Chléb bez lepku Panfette Nutrifree 300 g,chleb_bez_lepku_panfette_nutrifree,99.9,118.93,Kč,"33,30 Kč / 100 g",333.0,,True,Billa Club,99.9,-16% Billa Club platí do úterý 20. 10.,2026-10-07 - 2026-10-20,https://www.kupi.cz/letak/billa-letak-italie-u-vas-doma?page=12&map=215641656,https://img.kupi.cz/kupi/thumbs/chleb-bez-lepku-panfette-nutrifree_170_340.jpg,2026-10-07T05:30:59+02:00
Billa,Pečivo,549159,Chléb dýňový kváskový Kvasko Minit 400 g,chleb_dynovy_kvaskovy_kvasko_minit,49.9,59.4,Kč,"12,47 Kč / 100 g",124.7,,True,Billa Club,49.9,-16% Billa Club platí do úterý 13. 10.,2026-10-07 - 2026-10-13,https://www.kupi.cz/letak/billa-velky-letak-292?page=8&map=216582531,https://img.kupi.cz/kupi/thumbs/chleb-dynovy-kvaskovy-kvasko_170_340.jpg,2026-10-07T05:30:59+02:00
Albert,Albertovo pekařství,albert-583-27275962,Chléb mlynářský žitný 0.5 kg,chleb_mlynarsky_zitny,33.9,,Kč,33.9 Kč / 0.5 kg,67.8,,True,Můj Albert,33.9,Můj Albert,2026-10-07 - 2026-10-13,https://albertloyaltycz-albert-service-app-prod.delhaize.eu/public/content/leaflet/v3?storeId=583,https://albertloyaltycz-albert-service-app-prod.delhaize.eu/public/minio/images-products/27275962,2026-10-07T05:30:53+02:00
Albert,Albertovo pekařství,albert-583-27275962,Chléb mlynářský žitný 0.5 kg,chleb_mlynarsky_zitny,39.9,,Kč,39.9 Kč / 0.5 kg,79.8,,False,,,,2026-10-07 - 2026-10-13,https://albertloyaltycz-albert-service-app-prod.delhaize.eu/public/content/leaflet/v3?storeId=583,https://albertloyaltycz-albert-service-app-prod.delhaize.eu/public/minio/images-products/27275962,2026-10-07T05:30:53+02:00
Tesco,Pečivo,443025,Chléb řemeslný bochník Odkolek 800 g,chleb_remeslny_bochnik_odkolek,34.9,39.66,Kč,"4,36 Kč / 100 g",43.6,,True,Clubcard,34.9,-12% Clubcard platí do úterý 13. 10.,2026-10-07 - 2026-10-13,https://www.kupi.cz/letak/tesco-hypermarket-letak-370?page=4&map=216578220,https://img.kupi.cz/kupi/thumbs/chleb-remeslny-bochnik-odkolek-1_170_340.jpg,2026-10-07T05:31:46+02:00
Billa,Pečivo,587925,Chléb Slovanské žito Odkolek 400 g,chleb_slovanske_zito_odkolek,29.9,36.46,Kč,"7,47 Kč / 100 g",74.7,,True,Billa Club,29.9,-18% Billa Club platí do úterý 13. 10.,2026-10-07 - 2026-10-13,https://www.kupi.cz/letak/billa-velky-letak-292?page=10&map=216582573,https://img.kupi.cz/kupi/thumbs/chleb-slovanske-zito-odkolek_170_340.jpg,2026-10-07T05:30:59+02:00
Tesco,Pečivo,587793,Chléb tmavý s čedarem 350 g,chleb_tmavy_s_cedarem,39.9,49.87,Kč,"11,40 Kč / 100 g",114.0,,True,Clubcard,39.9,-20% Clubcard platí do úterý 3. 11.,2026-10-07 - 2026-11-03,https://www.kupi.cz/letak/tesco-hypermarket-letak-370?page=18&map=216580425,https://www.kupi.cz/img/no_img/no_discounts.png,2026-10-07T05:31:46+02:00
Tesco,Pečivo,316235,Chléb žitný kváskový Breadway 400 g,chleb_zitny_kvaskovy_breadway,29.9,38.83,Kč,"7,47 Kč / 100 g",74.7,,True,Clubcard,29.9,-23% Clubcard platí do úterý 13. 10.,2026-10-07 - 2026-10-13,https://www.kupi.cz/letak/tesco-hypermarket-letak-370?page=18&map=216580428,https://img.kupi.cz/kupi/thumbs/chleb-zitny-kvaskovy-breadway-1_170_340.jpg,2026-10-07T05:31:46+02:00
Albert,Uzeniny a lahůdky,albert-583-28133896,Chlebíčková pomazánka 100 g,chlebickova_pomazanka,15.9,19.9,Kč,15.9 Kč / 100 g,159.0,,False,,,-20%,2026-10-07 - 2026-10-13,https://albertloyaltycz-albert-service-app-prod.delhaize.eu/public/content/leaflet/v3?storeId=583,https://albertloyaltycz-albert-service-app-prod.delhaize.eu/public/minio/images-products/28133896,2026-10-07T05:30:53+02:00
Tesco,Zdravá výživa,3495,Chlebíčky Cornies Racio 115 g,chlebicky_cornies_racio,14.9,25.69,Kč,"12,96 Kč / 100 g",129.6,,True,Clubcard,14.9,-42% Clubcard platí do úterý 27. 10.,2026-10-07 - 2026-10-27,https://www.kupi.cz/letak/tesco-hypermarket-znacky-ktere-mate-radi-2?page=20&map=215327973,https://img.kupi.cz/kupi/thumbs/chlebicky-cornies-racio_170_340.jpg,2026-10-07T05:32:19+02:00
Albert,Trvanlivé,albert-583-27725931,Chocapic 375g,chocapic,74.9,119.9,Kč,74.9 Kč / 375 g,199.73,,False,,,,2026-10-07 - 2026-10-13,https://albertloyaltycz-albert-service-app-prod.delhaize.eu/public/content/leaflet/v3?storeId=583,,2026-10-07T05:30:53+02:00
Albert,Mléčné a chlazené,albert-583-24765657,Choceňské Tradiční pomazánkové neochucené 150 g,chocenske_tradicni_pomazankove_neochucene,32.9,43.9,Kč,32.9 Kč / 150 g,219.33,,False,,,-25%,2026-10-07 - 2026-10-13,https://albertloyaltycz-albert-service-app-prod.delhaize.eu/public/content/leaflet/v3?storeId=583,https://albertloyaltycz-albert-service-app-prod.delhaize.eu/public/minio/images-products/24765657,2026-10-07T05:30:53+02:00
Tesco,Mléčné výrobky a vejce,182128,Choco snack Milka 27 g,choco_snack_milka,16.9,24.85,Kč,"62,59 Kč / 100 g",625.9,,True,Clubcard,16.9,-32% Clubcard platí do úterý 13. 10.,2026-10-07 - 2026-10-13,https://www.kupi.cz/letak/tesco-hypermarket-letak-370?page=4&map=216578589,https://img.kupi.cz/kupi/thumbs/choco-snack-milka_170_340.jpg,2026-10-07T05:31:50+02:00
Tesco,Ovoce a zelenina,914,Cibule kuchyňská žlutá 1 kg,cibule_kuchynska_zluta,13.9,19.86,Kč,"13,90 Kč / 1 kg",13.9,,True,Clubcard,13.9,-30% Clubcard platí do úterý 13. 10.,2026-10-07 - 2026-10-13,https://www.kupi.cz/letak/tesco-hypermarket-letak-370?page=3&map=216577869,https://img.kupi.cz/kupi/thumbs/cibule-kuchynska-zluta_170_340.jpg,2026-10-07T05:31:43+02:00
Lidl,Ovoce a zelenina,10055002,Cibule žlutá,cibule_zluta,11.9,24.9,Kč,11.9 Kč / 1 kg,11.9,,False,,,-52%,2026-10-08 - 2026-10-11,https://www.lidl.cz/p/cibule-zluta/p10055002,https://imgproxy-retcat.assets.schwarz/goeDbnAO715To2Cm4uH46euRKh31bVhliEiSMzigldQ/sm:0/exar:1:ce/w:427/h:320/cz/M6Ly9wcm9kLWNhd/GFsb2ctbWVkaWEvaW50LzVCNjA1ODJDNzMyRTgxRUZDQkFGM0VENz/BEMDc4RTAwQTk0N0NBODA1RTA4N0E3QjM5RkU4NDIzOURBQTk3M0EucG5n.png,2026-10-07T05:31:40+02:00
Billa,Ovoce a zelenina,83475,Cibule žlutá Česká Farma 1 kg,cibule_zluta_ceska_farma,16.9,24.85,Kč,"16,90 Kč / 1 kg",16.9,,False,,,-32% platí do úterý 13. 10.,2026-10-07 - 2026-10-13,https://www.kupi.cz/letak/billa-velky-letak-292?page=4&map=216582474,https://img.kupi.cz/kupi/thumbs/cibule-zluta-ceska-farma-1_170_340.jpg,2026-10-07T05:30:57+02:00
Tesco,Alkohol,614,Cider Frisco 0.33 l,cider_frisco,17.9,24.86,Kč,"54,24 Kč / 1 l",,,True,Clubcard,17.9,-28% Clubcard platí do úterý 13. 10.,2026-10-07 - 2026-10-13,https://www.kupi.cz/letak/tesco-supermarket-letak-416?page=14&map=216253866,https://img.kupi.cz/kupi/thumbs/cider-frisco_170_340.jpg,2026-10-07T05:32:22+02:00
Albert,Trvanlivé,albert-583-27725962,Cini minis 375g,cini_minis,74.9,119.9,Kč,74.9 Kč / 375 g,199.73,,False,,,,2026-10-07 - 2026-10-13,https://albertloyaltycz-albert-service-app-prod.delhaize.eu/public/content/leaflet/v3?storeId=583,,2026-10-07T05:30:53+02:00
Billa,Ovoce a zelenina,2388,Citrony 0.5 kg,citrony,24.9,39.52,Kč,"49,80 Kč / 1 kg",49.8,,False,,,-37% platí do úterý 13. 10.,2026-10-07 - 2026-10-13,https://www.kupi.cz/letak/billa-maly-letak-721?page=3&map=216583482,https://img.kupi.cz/kupi/thumbs/citrony_170_340.jpg,2026-10-07T05:30:57+02:00
Tesco,Ovoce a zelenina,2388,Citrony 1 kg,citrony,34.9,69.8,Kč,"34,90 Kč / 1 kg",34.9,,False,,,-50% platí do úterý 13. 10.,2026-10-07 - 2026-10-13,https://www.kupi.cz/letak/tesco-supermarket-letak-416?page=3&map=216252918,https://img.kupi.cz/kupi/thumbs/citrony_170_340.jpg,2026-10-07T05:31:43+02:00
Billa,Ovoce a zelenina,2163,Citrony Clever 0.5 kg,citrony_clever,24.9,39.52,Kč,"49,80 Kč / 1 kg",49.8,,False,,,-37% platí do úterý 13. 10.,2026-10-07 - 2026-10-13,https://www.kupi.cz/letak/billa-velky-letak-292?page=5&map=216582495,https://img.kupi.cz/kupi/thumbs/citrony-clever_170_340.jpg,2026-10-07T05:30:57+02:00
Albert,Tržnice u Alberta,albert-583-20440527,Citróny volné 1 kg,citrony_volne,26.9,69.9,Kč,26.9 Kč / 1 kg,26.9,,False,,,-61%,2026-10-09 - 2026-10-11,https://albertloyaltycz-albert-service-app-prod.delhaize.eu/public/content/leaflet/v3?storeId=583,https://albertloyaltycz-albert-service-app-prod.delhaize.eu/public/minio/images-products/20440527,2026-10-07T05:30:53+02:00
Billa,Konzervy,88581,Cizrna Billa 540 g,cizrna,24.9,36.62,Kč,"4,61 Kč / 100 g",46.1,,False,,,-32% platí do úterý 20. 10.,2026-10-07 - 2026-10-20,https://www.kupi.cz/letak/billa-letak-italie-u-vas-doma?page=7&map=215641380,https://img.kupi.cz/kupi/thumbs/cizrna-billa-1_170_340.png,2026-10-07T05:31:13+02:00
Albert,Nápoje,albert-583-27908587,Clan Campbell 40% 0.7 l,clan_campbell,269.0,429.0,Kč,269 Kč / 0.7 l,,,False,,,,2026-10-07 - 2026-10-13,https://albertloyaltycz-albert-service-app-prod.delhaize.eu/public/content/leaflet/v3?storeId=583,https://albertloyaltycz-albert-service-app-prod.delhaize.eu/public/minio/images-products/27908587,2026-10-07T05:30:53+02:00
Albert,Nápoje,albert-583-22269447,Coca-Cola 1.5 l,coca_cola,32.9,44.9,Kč,32.9 Kč / 1.5 l,,,False,,,,2026-10-07 - 2026-10-13,https://albertloyaltycz-albert-service-app-prod.delhaize.eu/public/content/leaflet/v3?storeId=583,https://albertloyaltycz-albert-service-app-prod.delhaize.eu/public/minio/images-products/22269447,2026-10-07T05:30:53+02:00
Albert,Nápoje,albert-583-27983034,"Coca-cola cherry 1,5 l",coca_cola_cherry,32.9,44.9,Kč,32.9 Kč / 1.5 l,,,False,,,,2026-10-07 - 2026-10-13,https://albertloyaltycz-albert-service-app-prod.delhaize.eu/public/content/leaflet/v3?storeId=583,,2026-10-07T05:30:53+02:00
Albert,Nápoje,albert-583-27728888,"Coca-cola vanilla 1,5l",coca_cola_vanilla,32.9,44.9,Kč,32.9 Kč / 1.5 l,,,False,,,,2026-10-07 - 2026-10-13,https://albertloyaltycz-albert-service-app-prod.delhaize.eu/public/content/leaflet/v3?storeId=583,,2026-10-07T05:30:53+02:00
Albert,Nápoje,albert-583-25637199,Coca-cola zero 1.5l,coca_cola_zero,32.9,44.9,Kč,32.9 Kč / 1.5 l,,,False,,,,2026-10-07 - 2026-10-13,https://albertloyaltycz-albert-service-app-prod.delhaize.eu/public/content/leaflet/v3?storeId=583,,2026-10-07T05:30:53+02:00
Albert,Nápoje,albert-583-28135395,Coca Cola Zero Zero 1.5 l,coca_cola_zero_zero,32.9,44.9,Kč,32.9 Kč / 1.5 l,,,False,,,,2026-10-07 - 2026-10-13,https://albertloyaltycz-albert-service-app-prod.delhaize.eu/public/content/leaflet/v3?storeId=583,https://albertloyaltycz-albert-service-app-prod.delhaize.eu/public/minio/images-products/28135395,2026-10-07T05:30:53+02:00
Albert,Trvanlivé,albert-583-27853351,Čočk. chipsy sweet chilli 65g,cock_chipsy_sweet_chilli,23.9,28.9,Kč,23.9 Kč / 65 g,367.69,,False,,,,2026-10-07 - 2026-10-13,https://albertloyaltycz-albert-service-app-prod.delhaize.eu/public/content/leaflet/v3?storeId=583,,2026-10-07T05:30:53+02:00
Billa,Vaření a pečení,6747,Čočka červená Lagris 1000 g,cocka_cervena_lagris,59.9,,Kč,"5,99 Kč / 100 g",59.9,,False,,,platí do úterý 13. 10.,2026-10-07 - 2026-10-13,https://www.kupi.cz/letak/billa-velky-letak-292?page=19&map=216582831,https://img.kupi.cz/kupi/thumbs/cocka-cervena-lagris_170_340.png,2026-10-07T05:31:24+02:00
Tesco,Vaření a pečení,6744,Čočka Lagris 500 g,cocka_lagris,32.9,43.87,Kč,"6,58 Kč / 100 g",65.8,,True,Clubcard,32.9,-25% Clubcard platí do neděle 25. 10.,2026-10-07 - 2026-10-25,https://www.kupi.cz/letaky/tesco,https://img.kupi.cz/kupi/thumbs/cocka-lagris_170_340.png,2026-10-07T05:32:11+02:00
Tesco,Sladkosti a slané snacky,33738,Čokoláda Carla 90 g,cokolada_carla,79.9,128.87,Kč,"88,78 Kč / 100 g",887.8,,True,Clubcard,79.9,-38% Clubcard platí do úterý 13. 10.,2026-10-07 - 2026-10-13,https://www.kupi.cz/letak/tesco-hypermarket-letak-370?page=22&map=216580719,https://img.kupi.cz/kupi/thumbs/cokolada-carla_170_340.png,2026-10-07T05:32:16+02:00
Billa,Sladkosti a slané snacky,1700,Čokoláda Excellence Lindt 100 g,cokolada_excellence_lindt,79.9,,Kč,"79,90 Kč / 100 g",799.0,,False,,,platí do úterý 13. 10.,2026-10-07 - 2026-10-13,https://www.kupi.cz/letak/billa-velky-letak-292?page=26&map=216583002,https://img.kupi.cz/kupi/thumbs/cokolada-excellence-lindt-1_170_340.jpg,2026-10-07T05:31:29+02:00
Billa,Sladkosti a slané snacky,573987,Čokoláda Lindt Gold 300 g,cokolada_lindt_gold,139.9,237.12,Kč,"46,63 Kč / 100 g",466.3,,False,,,-41% platí do úterý 13. 10.,2026-10-07 - 2026-10-13,https://www.kupi.cz/letak/billa-maly-letak-721?page=2&map=216583326,https://img.kupi.cz/kupi/thumbs/cokolada-lindt-gold_170_340.jpg,2026-10-07T05:31:30+02:00
Tesco,Sladkosti a slané snacky,681,Čokoláda Milka,cokolada_milka,29.9,39.87,Kč,"29,90 Kč / 100 g",299.0,,True,Clubcard,29.9,-25% Clubcard platí do úterý 20. 10.,2026-10-07 - 2026-10-20,https://www.kupi.cz/letak/tesco-hypermarket-letak-370?page=9&map=216579495,https://img.kupi.cz/kupi/thumbs/cokolada-milka-2_170_340.jpg,2026-10-07T05:32:14+02:00
Tesco,Sladkosti a slané snacky,681,Čokoláda Milka,cokolada_milka,29.9,39.87,Kč,"33,22 Kč / 100 g",332.2,,True,Clubcard,29.9,-25% Clubcard platí do úterý 20. 10.,2026-10-07 - 2026-10-20,https://www.kupi.cz/letak/tesco-supermarket-letak-416?page=13&map=216253797,https://img.kupi.cz/kupi/thumbs/cokolada-milka-2_170_340.jpg,2026-10-07T05:32:14+02:00
Billa,Vaření a pečení,583446,Čokoláda na pečení Dr.Oetker 150 g,cokolada_na_peceni_dr_oetker,54.9,69.49,Kč,"36,60 Kč / 100 g",366.0,,False,,,-21% platí do úterý 13. 10.,2026-10-07 - 2026-10-13,https://www.kupi.cz/letak/billa-velky-letak-292?page=16&map=216582729,https://img.kupi.cz/kupi/thumbs/cokolada-na-peceni-droetker_170_340.jpg,2026-10-07T05:31:27+02:00
Tesco,Sladkosti a slané snacky,1245,Čokoláda Studentská pečeť Orion 170 g,cokolada_studentska_pecet_orion,54.9,99.82,Kč,"32,29 Kč / 100 g",322.9,,True,Clubcard,54.9,-45% Clubcard platí do úterý 13. 10.,2026-10-07 - 2026-10-13,https://www.kupi.cz/letak/tesco-hypermarket-letak-370?page=9&map=216579492,https://img.kupi.cz/kupi/thumbs/cokolada-studentska-pecet-orion_170_340.png,2026-10-07T05:32:14+02:00
Billa,Sladkosti a slané snacky,839,Čokoláda Toblerone 100 g,cokolada_toblerone,49.9,83.17,Kč,"49,90 Kč / 100 g",499.0,,True,Billa Club,49.9,-40% Billa Club platí do úterý 13. 10.,2026-10-07 - 2026-10-13,https://www.kupi.cz/letak/billa-maly-letak-721?page=5&map=216583620,https://img.kupi.cz/kupi/thumbs/cokolada-toblerone-1_170_340.jpg,2026-10-07T05:31:29+02:00
Billa,Nealko nápoje,142439,Cola Royal Crown 0.33 l,cola_royal_crown,19.9,24.87,Kč,"60,30 Kč / 1 l",,,False,,,-20% platí do úterý 20. 10.,2026-10-07 - 2026-10-20,https://www.kupi.cz/letak/billa-letak-italie-u-vas-doma?page=11&map=215641575,https://img.kupi.cz/kupi/thumbs/cola-crown-royal_170_340.jpg,2026-10-07T05:31:17+02:00
Albert,Trvanlivé,albert-583-27725917,Cookie crisp 375g,cookie_crisp,74.9,119.9,Kč,74.9 Kč / 375 g,199.73,,False,,,,2026-10-07 - 2026-10-13,https://albertloyaltycz-albert-service-app-prod.delhaize.eu/public/content/leaflet/v3?storeId=583,,2026-10-07T05:30:53+02:00
Albert,Nápoje,albert-583-27872321,"Cool energy pom.grep 0,5l pl 0.5 l",cool_energy_pom_grep_pl,16.9,25.9,Kč,16.9 Kč / 0.5 l,,,False,,,,2026-10-07 - 2026-10-13,https://albertloyaltycz-albert-service-app-prod.delhaize.eu/public/content/leaflet/v3?storeId=583,,2026-10-07T05:30:53+02:00
Albert,Nápoje,albert-583-28140009,Cool+ iso passion fruit 0.5 l,cool_iso_passion_fruit,16.9,25.9,Kč,16.9 Kč / 0.5 l,,,False,,,,2026-10-07 - 2026-10-13,https://albertloyaltycz-albert-service-app-prod.delhaize.eu/public/content/leaflet/v3?storeId=583,https://albertloyaltycz-albert-service-app-prod.delhaize.eu/public/minio/images-products/28140009,2026-10-07T05:30:53+02:00
Albert,Nápoje,albert-583-27872048,"Cool vit. anan.man.0% 0,5l pl 0.5 l",cool_vit_anan_man_pl,16.9,25.9,Kč,16.9 Kč / 0.5 l,,,False,,,,2026-10-07 - 2026-10-13,https://albertloyaltycz-albert-service-app-prod.delhaize.eu/public/content/leaflet/v3?storeId=583,,2026-10-07T05:30:53+02:00
Albert,Mléčné a chlazené,albert-583-27971383,Cornetto Classico kornout 125 ml,cornetto_classico_kornout,25.9,39.9,Kč,25.9 Kč / 125 ml,,,False,,,,2026-10-07 - 2026-10-13,https://albertloyaltycz-albert-service-app-prod.delhaize.eu/public/content/leaflet/v3?storeId=583,https://albertloyaltycz-albert-service-app-prod.delhaize.eu/public/minio/images-products/27971383,2026-10-07T05:30:53+02:00
Albert,Mléčné a chlazené,albert-583-27980347,Cornetto Classico multipack 0.54 l,cornetto_classico_multipack,99.9,169.0,Kč,99.9 Kč / 0.54 l,,,False,,,,2026-10-07 - 2026-10-13,https://albertloyaltycz-albert-service-app-prod.delhaize.eu/public/content/leaflet/v3?storeId=583,https://albertloyaltycz-albert-service-app-prod.delhaize.eu/public/minio/images-products/27980347,2026-10-07T05:30:53+02:00
Albert,Trvanlivé,albert-583-25946086,Cornies mořská sůl 115g,cornies_morska_sul,19.9,24.9,Kč,19.9 Kč / 115 g,173.04,,False,,,,2026-10-07 - 2026-10-13,https://albertloyaltycz-albert-service-app-prod.delhaize.eu/public/content/leaflet/v3?storeId=583,,2026-10-07T05:30:53+02:00
Albert,Trvanlivé,albert-583-21459054,Corny big čokoládová 50g,corny_big_cokoladova,15.9,22.9,Kč,15.9 Kč / 50 g,318.0,,False,,,,2026-10-07 - 2026-10-13,https://albertloyaltycz-albert-service-app-prod.delhaize.eu/public/content/leaflet/v3?storeId=583,,2026-10-07T05:30:53+02:00
Albert,Trvanlivé,albert-583-25254655,Corny big kokos 50g,corny_big_kokos,15.9,22.9,Kč,15.9 Kč / 50 g,318.0,,False,,,,2026-10-07 - 2026-10-13,https://albertloyaltycz-albert-service-app-prod.delhaize.eu/public/content/leaflet/v3?storeId=583,,2026-10-07T05:30:53+02:00
Albert,Trvanlivé,albert-583-21459061,Corny big ořechová 50g,corny_big_orechova,15.9,22.9,Kč,15.9 Kč / 50 g,318.0,,False,,,,2026-10-07 - 2026-10-13,https://albertloyaltycz-albert-service-app-prod.delhaize.eu/public/content/leaflet/v3?storeId=583,,2026-10-07T05:30:53+02:00
Albert,Trvanlivé,albert-583-22659682,Corny Big tyčinka čokoládovo-banánová 50 g,corny_big_tycinka_cokoladovo_bananova,15.9,22.9,Kč,15.9 Kč / 50 g,318.0,,False,,,,2026-10-07 - 2026-10-13,https://albertloyaltycz-albert-service-app-prod.delhaize.eu/public/content/leaflet/v3?storeId=583,https://albertloyaltycz-albert-service-app-prod.delhaize.eu/public/minio/images-products/22659682,2026-10-07T05:30:53+02:00
Albert,Trvanlivé,albert-583-26623542,Corny protein čokoláda 35g,corny_protein_cokolada,29.9,35.9,Kč,29.9 Kč / 35 g,854.29,,False,,,,2026-10-07 - 2026-10-13,https://albertloyaltycz-albert-service-app-prod.delhaize.eu/public/content/leaflet/v3?storeId=583,,2026-10-07T05:30:53+02:00
Albert,Trvanlivé,albert-583-27875414,Corny protein slaný karamel50g,corny_protein_slany_karamel50g,29.9,49.9,Kč,29.9 Kč / 50 g,598.0,,False,,,,2026-10-07 - 2026-10-13,https://albertloyaltycz-albert-service-app-prod.delhaize.eu/public/content/leaflet/v3?storeId=583,,2026-10-07T05:30:53+02:00
Albert,Nápoje,albert-583-28164302,Corona Extra 330 ml,corona_extra,29.9,42.9,Kč,29.9 Kč / 330 ml,,,False,,,,2026-10-07 - 2026-10-13,https://albertloyaltycz-albert-service-app-prod.delhaize.eu/public/content/leaflet/v3?storeId=583,https://albertloyaltycz-albert-service-app-prod.delhaize.eu/public/minio/images-products/28164302,2026-10-07T05:30:53+02:00
Albert,Trvanlivé,albert-583-27389966,Crema e gusto zrn.k.1000g 1 kg,crema_e_gusto_zrn_k,449.0,549.0,Kč,449 Kč / 1 kg,449.0,,False,,,,2026-10-07 - 2026-10-13,https://albertloyaltycz-albert-service-app-prod.delhaize.eu/public/content/leaflet/v3?storeId=583,,2026-10-07T05:30:53+02:00
Albert,Trvanlivé,albert-583-23913066,Créme olé s přích.vanilka 50g,creme_ole_s_prich_vanilka,19.9,25.9,Kč,19.9 Kč / 50 g,398.0,,False,,,-23%,2026-10-07 - 2026-10-13,https://albertloyaltycz-albert-service-app-prod.delhaize.eu/public/content/leaflet/v3?storeId=583,,2026-10-07T05:30:53+02:00
Billa,Pečivo,38771,Croissant 48 g,croissant,8.9,11.87,Kč,"18,54 Kč / 100 g",185.4,,True,Billa Club,8.9,-25% Billa Club čt 8. 10. – ne 11. 10.,2026-10-08 - 2026-10-11,https://www.kupi.cz/letak/billa-maly-letak-721?page=7&map=216583806,https://img.kupi.cz/kupi/thumbs/croissant-2_170_340.jpg,2026-10-07T05:30:59+02:00
Tesco,Pečivo,42371,Croissant 7 Days,croissant_days,10.9,19.82,Kč,"18,17 Kč / 100 g",181.7,,True,Clubcard,10.9,-45% Clubcard platí do úterý 3. 11.,2026-10-07 - 2026-11-03,https://www.kupi.cz/letak/tesco-supermarket-letak-416?page=3&map=216252960,https://img.kupi.cz/kupi/thumbs/croissant-7-days_170_340.png,2026-10-07T05:31:46+02:00
Tesco,Pečivo,42371,Croissant 7 Days,croissant_days,14.9,23.65,Kč,"18,62 Kč / 100 g",186.2,,True,Clubcard,14.9,-37% Clubcard platí do úterý 3. 11.,2026-10-07 - 2026-11-03,https://www.kupi.cz/letak/tesco-hypermarket-letak-370?page=35&map=216578055,https://img.kupi.cz/kupi/thumbs/croissant-7-days_170_340.png,2026-10-07T05:31:46+02:00
Tesco,Pečivo,14321,Croissant Family Pack 7 days 37 g,croissant_family_pack_days,29.9,55.37,Kč,"16,16 Kč / 100 g",808.11,,True,Clubcard,29.9,-46% Clubcard po 12. 10. – út 13. 10.,2026-10-12 - 2026-10-13,https://www.kupi.cz/letak/tesco-supermarket-letak-416?page=10&map=216253476,https://img.kupi.cz/kupi/thumbs/croissant-family-pack-7-days_170_340.jpg,2026-10-07T05:31:46+02:00
Albert,Albertovo pekařství,albert-583-27442418,Croissant máslový 52g,croissant_maslovy,9.9,11.9,Kč,9.9 Kč / 52 g,190.38,,False,,,-16%,2026-10-07 - 2026-10-13,https://albertloyaltycz-albert-service-app-prod.delhaize.eu/public/content/leaflet/v3?storeId=583,,2026-10-07T05:30:53+02:00
Tesco,Pečivo,509868,Croissant Milka 50 g,croissant_milka,15.9,25.65,Kč,"31,80 Kč / 100 g",318.0,,True,Clubcard,15.9,-38% Clubcard platí do úterý 3. 11.,2026-10-07 - 2026-11-03,https://www.kupi.cz/letak/tesco-supermarket-letak-416?page=3&map=216252954,https://img.kupi.cz/kupi/thumbs/croissant-milka_170_340.jpg,2026-10-07T05:31:46+02:00
Tesco,Pečivo,42247,Croissant mini 7 Days 185 g,croissant_mini_days,34.9,52.88,Kč,"18,86 Kč / 100 g",188.6,,True,Clubcard,34.9,-34% Clubcard platí do úterý 3. 11.,2026-10-07 - 2026-11-03,https://www.kupi.cz/letak/tesco-hypermarket-letak-370?page=35&map=216577905,https://img.kupi.cz/kupi/thumbs/croissant-mini-7-days_170_340.png,2026-10-07T05:31:46+02:00
Tesco,Pečivo,587817,Cruffin Tesco Finest 65 g,cruffin_finest,34.9,49.86,Kč,"53,69 Kč / 100 g",536.9,,False,,,-30% platí do úterý 13. 10.,2026-10-07 - 2026-10-13,https://www.kupi.cz/letak/tesco-hypermarket-letak-370?page=21&map=216580674,https://www.kupi.cz/img/no_img/no_discounts.png,2026-10-07T05:31:46+02:00
Albert,Tržnice u Alberta,albert-583-20446239,Cuketa zelená 1 kg,cuketa,39.9,69.9,Kč,39.9 Kč / 1 kg,39.9,,False,,,-42%,2026-10-07 - 2026-10-13,https://albertloyaltycz-albert-service-app-prod.delhaize.eu/public/content/leaflet/v3?storeId=583,https://albertloyaltycz-albert-service-app-prod.delhaize.eu/public/minio/images-products/20446239,2026-10-07T05:30:53+02:00
Billa,Vaření a pečení,23235,Cukr krystal 1 kg,cukr_krystal,16.9,,Kč,"16,90 Kč / 1 kg",16.9,,False,,,platí do úterý 13. 10.,2026-10-07 - 2026-10-13,https://www.kupi.cz/letak/billa-velky-letak-292?page=15&map=216582693,https://img.kupi.cz/kupi/thumbs/cukr-krystal_170_340.jpg,2026-10-07T05:31:23+02:00
Tesco,Vaření a pečení,35169,Cukr krystal Tesco 1 kg,cukr_krystal,12.9,19.85,Kč,"12,90 Kč / 1 kg",12.9,,True,Clubcard,12.9,-35% Clubcard pá 9. 10. – ne 11. 10.,2026-10-09 - 2026-10-11,https://www.kupi.cz/letak/tesco-supermarket-letak-416?page=10&map=216253461,https://img.kupi.cz/kupi/thumbs/cukr-krystal-tesco-1_170_340.jpg,2026-10-07T05:32:11+02:00
Billa,Vaření a pečení,3159,Cukr moučka Cukrovar Vrbátky 1 kg,cukr_moucka_cukrovar_vrbatky,19.9,,Kč,"19,90 Kč / 1 kg",19.9,,False,,,platí do úterý 13. 10.,2026-10-07 - 2026-10-13,https://www.kupi.cz/letak/billa-velky-letak-292?page=16&map=216582720,https://img.kupi.cz/kupi/thumbs/cukr-moucka-cukrovar-vrbatky-4_170_340.jpg,2026-10-07T05:31:23+02:00
Tesco,Vaření a pečení,439146,Cukr třtinový TropiCane 1 kg,cukr_trtinovy_tropicane,49.9,64.81,Kč,"49,90 Kč / 1 kg",49.9,,True,Clubcard,49.9,-23% Clubcard platí do úterý 13. 10.,2026-10-07 - 2026-10-13,https://www.kupi.cz/letak/tesco-supermarket-letak-416?page=13&map=216253773,https://img.kupi.cz/kupi/thumbs/cukr-trtinovy-tropicane_170_340.jpg,2026-10-07T05:32:12+02:00
Billa,Vaření a pečení,3890,Cukrářská poleva Dr. Oetker 100 g,cukrarska_poleva_dr_oetker,29.9,39.87,Kč,"29,90 Kč / 100 g",299.0,,False,,,-25% platí do úterý 13. 10.,2026-10-07 - 2026-10-13,https://www.kupi.cz/letak/billa-velky-letak-292?page=16&map=216582732,https://img.kupi.cz/kupi/thumbs/poleva-cukrarska-dr-oetker-1_170_340.jpg,2026-10-07T05:31:24+02:00
Albert,Trvanlivé,albert-583-26560762,D.gusto espresso 30 ks,d_gusto_espresso,199.0,249.0,Kč,199 Kč / 30 ks,,6.63,False,,,,2026-10-07 - 2026-10-13,https://albertloyaltycz-albert-service-app-prod.delhaize.eu/public/content/leaflet/v3?storeId=583,,2026-10-07T05:30:53+02:00
Albert,Trvanlivé,albert-583-28019244,D.gusto flat white 30 ks,d_gusto_flat_white,199.0,249.0,Kč,199 Kč / 30 ks,,6.63,False,,,,2026-10-07 - 2026-10-13,https://albertloyaltycz-albert-service-app-prod.delhaize.eu/public/content/leaflet/v3?storeId=583,,2026-10-07T05:30:53+02:00
Billa,Pečivo,1023,Dalamánek 95 g,dalamanek,8.9,10.85,Kč,"9,37 Kč / 100 g",93.7,,True,Billa Club,8.9,-18% Billa Club platí do úterý 13. 10.,2026-10-07 - 2026-10-13,https://www.kupi.cz/letak/billa-velky-letak-292?page=10&map=216582549,https://img.kupi.cz/kupi/thumbs/dalamanek_170_340.jpg,2026-10-07T05:30:59+02:00
Albert,Mléčné a chlazené,albert-583-28201250,Danette Harry Potter Magic Edition dezert 115 g,danette_harry_potter_magic_edition_dezert,16.9,21.9,Kč,16.9 Kč / 115 g,146.96,,False,,,-22%,2026-10-07 - 2026-10-13,https://albertloyaltycz-albert-service-app-prod.delhaize.eu/public/content/leaflet/v3?storeId=583,https://albertloyaltycz-albert-service-app-prod.delhaize.eu/public/minio/images-products/28201250,2026-10-07T05:30:53+02:00
Billa,"Maso, uzeniny a ryby",1071,Debrecínka kuřecí 100 g,debrecinka_kureci,18.9,22.77,Kč,"18,90 Kč / 100 g",189.0,,False,,,-17% platí do úterý 13. 10.,2026-10-07 - 2026-10-13,https://www.kupi.cz/letak/billa-velky-letak-292?page=11&map=216582621,https://img.kupi.cz/kupi/thumbs/debrecinka-kureci_170_340.jpg,2026-10-07T05:31:08+02:00
Tesco,"Maso, uzeniny a ryby",1071,Debrecínka kuřecí 100 g,debrecinka_kureci,14.9,,Kč,"14,90 Kč / 100 g",149.0,,True,Clubcard,14.9,Clubcard platí do úterý 13. 10.,2026-10-07 - 2026-10-13,https://www.kupi.cz/letak/tesco-hypermarket-letak-370?page=5&map=216578940,https://img.kupi.cz/kupi/thumbs/debrecinka-kureci_170_340.jpg,2026-10-07T05:31:55+02:00
Tesco,"Maso, uzeniny a ryby",1071,Debrecínka kuřecí 100 g,debrecinka_kureci,22.9,,Kč,"22,90 Kč / 100 g",229.0,,False,,,platí do úterý 13. 10.,2026-10-07 - 2026-10-13,https://www.kupi.cz/letak/tesco-hypermarket-letak-370?page=5&map=216578943,https://img.kupi.cz/kupi/thumbs/debrecinka-kureci_170_340.jpg,2026-10-07T05:31:55+02:00
Albert,Uzeniny a lahůdky,albert-583-27615355,Albert Debrecínské párky 200 g,debrecinske_parky,44.9,67.9,Kč,44.9 Kč / 200 g,224.5,,False,,,-33%,2026-10-07 - 2026-10-13,https://albertloyaltycz-albert-service-app-prod.delhaize.eu/public/content/leaflet/v3?storeId=583,https://albertloyaltycz-albert-service-app-prod.delhaize.eu/public/minio/images-products/27615355,2026-10-07T05:30:53+02:00
Albert,Uzeniny a lahůdky,albert-583-20453985,Debrecínské párky 100 g,debrecinske_parky,17.9,23.9,Kč,17.9 Kč / 100 g,179.0,,False,,,-25%,2026-10-07 - 2026-10-13,https://albertloyaltycz-albert-service-app-prod.delhaize.eu/public/content/leaflet/v3?storeId=583,https://albertloyaltycz-albert-service-app-prod.delhaize.eu/public/minio/images-products/20453985,2026-10-07T05:30:53+02:00
Albert,Trvanlivé,albert-583-21772894,Deli čokoládová 35g,deli_cokoladova,9.9,17.9,Kč,9.9 Kč / 35 g,282.86,,False,,,,2026-10-07 - 2026-10-13,https://albertloyaltycz-albert-service-app-prod.delhaize.eu/public/content/leaflet/v3?storeId=583,,2026-10-07T05:30:53+02:00
Albert,Trvanlivé,albert-583-21772696,Deli tyč. přích.pistácie 35g,deli_tyc_prich_pistacie,9.9,17.9,Kč,9.9 Kč / 35 g,282.86,,False,,,,2026-10-07 - 2026-10-13,https://albertloyaltycz-albert-service-app-prod.delhaize.eu/public/content/leaflet/v3?storeId=583,,2026-10-07T05:30:53+02:00
Albert,Trvanlivé,albert-583-21772702,Deli tyčinka oříšková 35g,deli_tycinka_oriskova,9.9,17.9,Kč,9.9 Kč / 35 g,282.86,,False,,,,2026-10-07 - 2026-10-13,https://albertloyaltycz-albert-service-app-prod.delhaize.eu/public/content/leaflet/v3?storeId=583,,2026-10-07T05:30:53+02:00
Albert,Trvanlivé,albert-583-24187633,Dět.sušenky hami safari 180g,det_susenky_hami_safari,54.9,72.9,Kč,54.9 Kč / 180 g,305.0,,False,,,,2026-10-07 - 2026-10-13,https://albertloyaltycz-albert-service-app-prod.delhaize.eu/public/content/leaflet/v3?storeId=583,,2026-10-07T05:30:53+02:00
Tesco,Mléčné výrobky a vejce,1009,Dezert Bobík 130 g,dezert_bobik,17.9,28.87,Kč,"13,77 Kč / 100 g",137.7,,True,Clubcard,17.9,-38% Clubcard platí do úterý 3. 11.,2026-10-07 - 2026-11-03,https://www.kupi.cz/letak/tesco-supermarket-letak-416?page=7&map=216253245,https://img.kupi.cz/kupi/thumbs/dezert-bobik-1_170_340.jpg,2026-10-07T05:31:48+02:00
Billa,Mléčné výrobky a vejce,9228,Dezert Grand Dessert Ehrmann 190 g,dezert_grand_dessert_ehrmann,24.9,36.62,Kč,"13,11 Kč / 100 g",131.1,,False,,,-32% platí do úterý 20. 10.,2026-10-07 - 2026-10-20,https://www.kupi.cz/letak/billa-letak-italie-u-vas-doma?page=11&map=215641569,https://img.kupi.cz/kupi/thumbs/dezert-grand-dessert-ehrmann-1_170_340.png,2026-10-07T05:31:03+02:00
Tesco,Mléčné výrobky a vejce,9228,Dezert Grand Dessert Ehrmann 190 g,dezert_grand_dessert_ehrmann,19.9,35.54,Kč,"10,47 Kč / 100 g",104.7,,True,Clubcard,19.9,-44% Clubcard platí do úterý 13. 10.,2026-10-07 - 2026-10-13,https://www.kupi.cz/letaky/tesco,https://img.kupi.cz/kupi/thumbs/dezert-grand-dessert-ehrmann-1_170_340.png,2026-10-07T05:31:50+02:00
Tesco,Mléčné výrobky a vejce,2777,Dezert Lipánek Madeta 380 g,dezert_lipanek_madeta,34.9,49.86,Kč,"9,18 Kč / 100 g",91.8,,True,Clubcard,34.9,-30% Clubcard platí do úterý 20. 10.,2026-10-07 - 2026-10-20,https://www.kupi.cz/letak/tesco-supermarket-letak-416?page=5&map=216253155,https://img.kupi.cz/kupi/thumbs/dezert-lipanek-madeta-2_170_340.jpg,2026-10-07T05:31:48+02:00
Billa,Mléčné výrobky a vejce,295994,Dezert Lipánek tvarohový Madeta 130 g,dezert_lipanek_tvarohovy_madeta,16.9,23.8,Kč,"13,00 Kč / 100 g",130.0,,True,Billa Club,16.9,-29% Billa Club platí do úterý 13. 10.,2026-10-07 - 2026-10-13,https://www.kupi.cz/letak/billa-velky-letak-292?page=23&map=216582903,https://img.kupi.cz/kupi/thumbs/dezert-lipanek-tvarohovy-madeta-1_170_340.jpg,2026-10-07T05:31:04+02:00
Billa,Mléčné výrobky a vejce,5392,Dezert Maxi King Kinder 35 g,dezert_maxi_king_kinder,49.9,69.31,Kč,"47,52 Kč / 100 g",1425.71,,False,,,-28% platí do úterý 13. 10.,2026-10-07 - 2026-10-13,https://www.kupi.cz/letak/billa-velky-letak-292?page=23&map=216582906,https://img.kupi.cz/kupi/thumbs/dezert-maxi-king-kinder_170_340.jpg,2026-10-07T05:31:03+02:00
Tesco,Sladkosti a slané snacky,835,Dezert Metro 180 g,dezert_metro,29.9,39.87,Kč,"16,61 Kč / 100 g",166.1,,True,Clubcard,29.9,-25% Clubcard platí do úterý 3. 11.,2026-10-07 - 2026-11-03,https://www.kupi.cz/letak/tesco-hypermarket-letak-370?page=16&map=216580353,https://img.kupi.cz/kupi/thumbs/dezert-metro-klasik_170_340.jpg,2026-10-07T05:32:16+02:00
Billa,Mléčné výrobky a vejce,30858,Dezert mléčný Monte Snack Zott 29 g,dezert_mlecny_monte_snack_zott,31.8,47.46,Kč,"36,55 Kč / 100 g",1096.55,,False,,,-33% platí do úterý 13. 10.,2026-10-07 - 2026-10-13,https://www.kupi.cz/letak/billa-velky-letak-292?page=39&map=216584637,https://img.kupi.cz/kupi/thumbs/dezert-mlecny-monte-snack-zott_170_340.jpg,2026-10-07T05:31:03+02:00
Tesco,Mléčné výrobky a vejce,1666,Dezert Monte Zott 400 g,dezert_monte_zott,44.9,56.84,Kč,"11,22 Kč / 100 g",112.2,,True,Clubcard,44.9,-21% Clubcard platí do úterý 3. 11.,2026-10-07 - 2026-11-03,https://www.kupi.cz/letak/tesco-supermarket-letak-416?page=5&map=216253158,https://img.kupi.cz/kupi/thumbs/dezert-monte-zott_170_340.png,2026-10-07T05:31:48+02:00
Tesco,Pečivo,237840,Dezert Mr. Brownie 200 g,dezert_mr_brownie,49.9,64.81,Kč,"24,95 Kč / 100 g",249.5,,True,Clubcard,49.9,-23% Clubcard platí do úterý 13. 10.,2026-10-07 - 2026-10-13,https://www.kupi.cz/letak/tesco-hypermarket-letak-370?page=18&map=216580431,https://img.kupi.cz/kupi/thumbs/dezert-mr-brownie_170_340.jpg,2026-10-07T05:31:46+02:00
Billa,Mléčné výrobky a vejce,1182,Dezert Pribináček 125 g,dezert_pribinacek,19.9,29.7,Kč,"15,92 Kč / 100 g",159.2,,False,,,-33% platí do úterý 13. 10.,2026-10-07 - 2026-10-13,https://www.kupi.cz/letak/billa-velky-letak-292?page=23&map=216582918,https://img.kupi.cz/kupi/thumbs/dezert-pribinacek-1_170_340.jpg,2026-10-07T05:31:01+02:00
Billa,Mléčné výrobky a vejce,1182,Dezert Pribináček 125 g,dezert_pribinacek,19.9,,Kč,"15,92 Kč / 100 g",159.2,,False,,,platí do úterý 13. 10.,2026-10-07 - 2026-10-13,https://www.kupi.cz/letak/billa-maly-letak-721?page=4&map=216583578,https://img.kupi.cz/kupi/thumbs/dezert-pribinacek-1_170_340.jpg,2026-10-07T05:31:01+02:00
Tesco,Mléčné výrobky a vejce,1182,Dezert Pribináček 125 g,dezert_pribinacek,59.82,89.28,Kč,"15,95 Kč / 100 g",478.56,,True,Clubcard,59.82,-33% Clubcard platí do úterý 20. 10.,2026-10-07 - 2026-10-20,https://www.kupi.cz/letak/tesco-hypermarket-letak-370?page=17&map=216580410,https://img.kupi.cz/kupi/thumbs/dezert-pribinacek-1_170_340.jpg,2026-10-07T05:31:48+02:00
Tesco,Mléčné výrobky a vejce,1514,Dezert tvaroh s jogurtem jihočeský Madeta 225 g,dezert_tvaroh_s_jogurtem_jihocesky_madeta,17.9,39.78,Kč,"7,96 Kč / 100 g",79.6,,True,Clubcard,17.9,-55% Clubcard platí do úterý 3. 11.,2026-10-07 - 2026-11-03,https://www.kupi.cz/letak/tesco-hypermarket-letak-370?page=12&map=216580206,https://img.kupi.cz/kupi/thumbs/dezert-tvaroh-s-jogurtem-jihocesky-madeta-2_170_340.jpg,2026-10-07T05:31:48+02:00
Billa,Mléčné výrobky a vejce,4157,Dezert tyčinka Pribináček 38 g,dezert_tycinka_pribinacek,11.9,16.76,Kč,"31,32 Kč / 100 g",313.2,,False,,,-29% platí do úterý 13. 10.,2026-10-07 - 2026-10-13,https://www.kupi.cz/letak/billa-velky-letak-292?page=39&map=216584733,https://img.kupi.cz/kupi/thumbs/dezert-tycinka-pribinacek_170_340.jpg,2026-10-07T05:31:04+02:00
Tesco,Mléčné výrobky a vejce,117668,Dezert zakysaný bílý Skyr Bohušovická mlékárna 130 g,dezert_zakysany_bily_skyr_bohusovicka_mlekarna,14.9,21.59,Kč,"11,46 Kč / 100 g",114.6,,True,Clubcard,14.9,-31% Clubcard platí do úterý 13. 10.,2026-10-07 - 2026-10-13,https://www.kupi.cz/letak/tesco-hypermarket-znacky-ktere-mate-radi-2?page=7&map=215326875,https://img.kupi.cz/kupi/thumbs/bily-jogurt-skyr-bohusovicka-mlekarna_170_340.jpg,2026-10-07T05:31:48+02:00
Tesco,Mléčné výrobky a vejce,2617,Dezert zakysaný Krajanka 130 g,dezert_zakysany_krajanka,12.9,21.86,Kč,"9,92 Kč / 100 g",99.2,,True,Clubcard,12.9,-41% Clubcard platí do úterý 13. 10.,2026-10-07 - 2026-10-13,https://www.kupi.cz/letak/tesco-hypermarket-letak-370?page=19&map=216580560,https://img.kupi.cz/kupi/thumbs/dezert-zakysany-krajanka-1_170_340.jpg,2026-10-07T05:31:50+02:00
Billa,Mléčné výrobky a vejce,100899,Dezert zakysaný ochucený Můj Skyr 0% Milko 130 g,dezert_zakysany_ochuceny_muj_skyr_milko,13.9,21.72,Kč,"10,69 Kč / 100 g",106.9,,False,,,-36% platí do úterý 13. 10.,2026-10-07 - 2026-10-13,https://www.kupi.cz/letak/billa-maly-letak-721?page=4&map=216583572,https://img.kupi.cz/kupi/thumbs/dezert-zakysany-ochuceny-muj-skyr-0-milko_170_340.jpg,2026-10-07T05:31:03+02:00
Tesco,Mléčné výrobky a vejce,119564,Dezert zakysaný ochucený Skyr Bohušovická mlékárna 130 g,dezert_zakysany_ochuceny_skyr_bohusovicka_mlekarna,14.9,21.59,Kč,"11,46 Kč / 100 g",114.6,,True,Clubcard,14.9,-31% Clubcard platí do úterý 13. 10.,2026-10-07 - 2026-10-13,https://www.kupi.cz/letaky/tesco,https://img.kupi.cz/kupi/thumbs/jogurt-ochuceny-skyr-bohusovicka-mlekarna_170_340.jpg,2026-10-07T05:31:48+02:00
Tesco,Mléčné výrobky a vejce,231597,Dezert zakysaný Skyr High protein Ehrmann 450 g,dezert_zakysany_skyr_high_protein_ehrmann,46.9,59.37,Kč,"10,42 Kč / 100 g",104.2,,True,Clubcard,46.9,-21% Clubcard platí do úterý 3. 11.,2026-10-07 - 2026-11-03,https://www.kupi.cz/letak/tesco-hypermarket-letak-370?page=19&map=216580551,https://img.kupi.cz/kupi/thumbs/dezert-zakysany-skyr-high-protein-ehrmann_170_340.jpg,2026-10-07T05:31:50+02:00
Albert,Trvanlivé,albert-583-27374917,Disco čoko.náplň 169g,disco_coko_napln,39.9,49.9,Kč,39.9 Kč / 169 g,236.09,,False,,,,2026-10-07 - 2026-10-13,https://albertloyaltycz-albert-service-app-prod.delhaize.eu/public/content/leaflet/v3?storeId=583,,2026-10-07T05:30:53+02:00
Albert,Trvanlivé,albert-583-27374818,Disco kakaové mléč.náplň 169g,disco_kakaove_mlec_napln,39.9,49.9,Kč,39.9 Kč / 169 g,236.09,,False,,,,2026-10-07 - 2026-10-13,https://albertloyaltycz-albert-service-app-prod.delhaize.eu/public/content/leaflet/v3?storeId=583,,2026-10-07T05:30:53+02:00
Albert,Uzeniny a lahůdky,albert-583-27505267,Do feliciana quattro form.325g,do_feliciana_quattro_form,54.9,84.9,Kč,54.9 Kč / 325 g,168.92,,False,,,,2026-10-07 - 2026-10-13,https://albertloyaltycz-albert-service-app-prod.delhaize.eu/public/content/leaflet/v3?storeId=583,,2026-10-07T05:30:53+02:00
Albert,Nápoje,albert-583-26825663,"Don papa baroko 40% 0,7l",don_papa_baroko,899.0,1219.0,Kč,899 Kč / 0.7 l,,,False,,,,2026-10-07 - 2026-10-13,https://albertloyaltycz-albert-service-app-prod.delhaize.eu/public/content/leaflet/v3?storeId=583,,2026-10-07T05:30:53+02:00
Albert,Nápoje,albert-583-27863312,Don Papa Masskara 40% 0.7 l,don_papa_masskara,799.0,1219.0,Kč,799 Kč / 0.7 l,,,False,,,,2026-10-07 - 2026-10-13,https://albertloyaltycz-albert-service-app-prod.delhaize.eu/public/content/leaflet/v3?storeId=583,https://albertloyaltycz-albert-service-app-prod.delhaize.eu/public/minio/images-products/27863312,2026-10-07T05:30:53+02:00
Billa,Pečivo,426066,Donuty bez lepku Tiny Donuts Cuorenero 111 g,donuty_bez_lepku_tiny_donuts_cuorenero,79.9,89.78,Kč,"71,98 Kč / 100 g",719.8,,True,Billa Club,79.9,-11% Billa Club platí do úterý 13. 10.,2026-10-07 - 2026-10-13,https://www.kupi.cz/letak/billa-velky-letak-292?page=10&map=216582606,https://img.kupi.cz/kupi/thumbs/donut-bez-lepku-cuorenero_170_340.png,2026-10-07T05:30:59+02:00
Billa,Pečivo,426066,Donuty bez lepku Tiny Donuts Cuorenero 111 g,donuty_bez_lepku_tiny_donuts_cuorenero,79.9,89.78,Kč,"71,98 Kč / 100 g",719.8,,True,Billa Club,79.9,-11% Billa Club platí do úterý 20. 10.,2026-10-07 - 2026-10-20,https://www.kupi.cz/letak/billa-letak-italie-u-vas-doma?page=12&map=215641659,https://img.kupi.cz/kupi/thumbs/donut-bez-lepku-cuorenero_170_340.png,2026-10-07T05:30:59+02:00
Albert,Trvanlivé,albert-583-28069805,Doritos Cool Original zakysaná smetana 90 g,doritos_cool_original_zakysana_smetana,34.9,52.9,Kč,34.9 Kč / 90 g,387.78,,False,,,,2026-10-07 - 2026-10-13,https://albertloyaltycz-albert-service-app-prod.delhaize.eu/public/content/leaflet/v3?storeId=583,https://albertloyaltycz-albert-service-app-prod.delhaize.eu/public/minio/images-products/28069805,2026-10-07T05:30:53+02:00
Albert,Trvanlivé,albert-583-27802496,Doritos Nacho Cheese chipsy 90 g,doritos_nacho_cheese_chipsy,34.9,52.9,Kč,34.9 Kč / 90 g,387.78,,False,,,,2026-10-07 - 2026-10-13,https://albertloyaltycz-albert-service-app-prod.delhaize.eu/public/content/leaflet/v3?storeId=583,https://albertloyaltycz-albert-service-app-prod.delhaize.eu/public/minio/images-products/27802496,2026-10-07T05:30:53+02:00
Albert,Trvanlivé,albert-583-27802243,Doritos Sweet Chilli chipsy 90 g,doritos_sweet_chilli_chipsy,34.9,52.9,Kč,34.9 Kč / 90 g,387.78,,False,,,,2026-10-07 - 2026-10-13,https://albertloyaltycz-albert-service-app-prod.delhaize.eu/public/content/leaflet/v3?storeId=583,https://albertloyaltycz-albert-service-app-prod.delhaize.eu/public/minio/images-products/27802243,2026-10-07T05:30:53+02:00
Tesco,Sladkosti a slané snacky,343180,Dort L'Chefs 600 g,dort_l_chefs,349.9,388.78,Kč,"58,32 Kč / 100 g",583.2,,True,Clubcard,349.9,-10% Clubcard platí do úterý 13. 10.,2026-10-07 - 2026-10-13,https://www.kupi.cz/letak/tesco-supermarket-letak-416?page=3&map=216252978,https://img.kupi.cz/kupi/thumbs/dort-lchefs_170_340.jpg,2026-10-07T05:32:16+02:00
Albert,Trvanlivé,albert-583-27795767,Dr.oet.vanilka mletá 5g,dr_oet_vanilka_mleta,72.9,97.9,Kč,72.9 Kč / 5 g,14580.0,,False,,,-25%,2026-10-07 - 2026-10-13,https://albertloyaltycz-albert-service-app-prod.delhaize.eu/public/content/leaflet/v3?storeId=583,,2026-10-07T05:30:53+02:00
Albert,Trvanlivé,albert-583-27337837,Dr.oet.vanilkový cukr 3ks 24g,dr_oet_vanilkovy_cukr,16.9,27.9,Kč,16.9 Kč / 24 g,704.17,,False,,,-39%,2026-10-07 - 2026-10-13,https://albertloyaltycz-albert-service-app-prod.delhaize.eu/public/content/leaflet/v3?storeId=583,,2026-10-07T05:30:53+02:00
Albert,Uzeniny a lahůdky,albert-583-27158104,Dr.Oetker Feliciana pizza Salame Chorizo 320 g,dr_oetker_feliciana_pizza_salame_chorizo,54.9,84.9,Kč,54.9 Kč / 320 g,171.56,,False,,,,2026-10-07 - 2026-10-13,https://albertloyaltycz-albert-service-app-prod.delhaize.eu/public/content/leaflet/v3?storeId=583,https://albertloyaltycz-albert-service-app-prod.delhaize.eu/public/minio/images-products/27158104,2026-10-07T05:30:53+02:00
Albert,Trvanlivé,albert-583-25064544,Dr.Oetker Premium puding pravá vanilka smetanová 40 g,dr_oetker_premium_puding_prava_vanilka_smetanova,13.9,19.9,Kč,13.9 Kč / 40 g,347.5,,False,,,-30%,2026-10-07 - 2026-10-13,https://albertloyaltycz-albert-service-app-prod.delhaize.eu/public/content/leaflet/v3?storeId=583,https://albertloyaltycz-albert-service-app-prod.delhaize.eu/public/minio/images-products/25064544,2026-10-07T05:30:53+02:00
Albert,Trvanlivé,albert-583-23319455,Dr.Oetker vanilínový cukr 100 g,dr_oetker_vanilinovy_cukr,16.9,23.9,Kč,16.9 Kč / 100 g,169.0,,False,,,-29%,2026-10-07 - 2026-10-13,https://albertloyaltycz-albert-service-app-prod.delhaize.eu/public/content/leaflet/v3?storeId=583,https://albertloyaltycz-albert-service-app-prod.delhaize.eu/public/minio/images-products/23319455,2026-10-07T05:30:53+02:00
Albert,Trvanlivé,albert-583-24097604,Dr.oetker vanilkový cukr 8g,dr_oetker_vanilkovy_cukr,5.9,9.9,Kč,5.9 Kč / 8 g,737.5,,False,,,-40%,2026-10-07 - 2026-10-13,https://albertloyaltycz-albert-service-app-prod.delhaize.eu/public/content/leaflet/v3?storeId=583,,2026-10-07T05:30:53+02:00
Albert,Nápoje,albert-583-27123256,"Dr witt s přích.č.ryb/br.0,75l",dr_witt_s_prich_c_ryb_br,16.9,31.9,Kč,16.9 Kč / 0.75 l,,,False,,,,2026-10-07 - 2026-10-13,https://albertloyaltycz-albert-service-app-prod.delhaize.eu/public/content/leaflet/v3?storeId=583,,2026-10-07T05:30:53+02:00
Albert,Nápoje,albert-583-28147497,"Dr.witt vital mango 0,75l",dr_witt_vital_mango,16.9,31.5,Kč,16.9 Kč / 0.75 l,,,False,,,,2026-10-07 - 2026-10-13,https://albertloyaltycz-albert-service-app-prod.delhaize.eu/public/content/leaflet/v3?storeId=583,,2026-10-07T05:30:53+02:00
Albert,Trvanlivé,albert-583-27184950,"Dro.van.lusk bourbon 1ks 2,3g 2 g",dro_van_lusk_bourbon,72.9,129.9,Kč,72.9 Kč / 2 g,36450.0,,False,,,-43%,2026-10-07 - 2026-10-13,https://albertloyaltycz-albert-service-app-prod.delhaize.eu/public/content/leaflet/v3?storeId=583,,2026-10-07T05:30:53+02:00
Albert,Trvanlivé,albert-583-26891323,Dro.vanil.pasta s luskem 100g,dro_vanil_pasta_s_luskem,149.9,189.9,Kč,149.9 Kč / 100 g,1499.0,,False,,,-21%,2026-10-07 - 2026-10-13,https://albertloyaltycz-albert-service-app-prod.delhaize.eu/public/content/leaflet/v3?storeId=583,,2026-10-07T05:30:53+02:00
Tesco,Sladkosti a slané snacky,582777,Dropsy Tic Tac Sour 54 g,dropsy_tic_tac_sour,39.9,53.2,Kč,"73,89 Kč / 100 g",738.9,,True,Clubcard,39.9,-25% Clubcard platí do úterý 13. 10.,2026-10-07 - 2026-10-13,https://www.kupi.cz/letaky/tesco,https://www.kupi.cz/img/no_img/no_discounts.png,2026-10-07T05:32:17+02:00
Billa,Vaření a pečení,146744,Droždí čerstvé 42 g,drozdi_cerstve,3.9,4.88,Kč,"9,29 Kč / 100 g",92.9,,False,,,-20% platí do úterý 13. 10.,2026-10-07 - 2026-10-13,https://www.kupi.cz/letak/billa-velky-letak-292?page=17&map=216582747,https://img.kupi.cz/kupi/thumbs/drozdi-cerstve-1_170_340.jpg,2026-10-07T05:31:24+02:00
Albert,Nápoje,albert-583-27256909,DrWitt Power-C s příchutí pomeranč-pomelo 0.75 l,drwitt_power_c_s_prichuti_pomeranc_pomelo,16.9,31.9,Kč,16.9 Kč / 0.75 l,,,False,,,,2026-10-07 - 2026-10-13,https://albertloyaltycz-albert-service-app-prod.delhaize.eu/public/content/leaflet/v3?storeId=583,https://albertloyaltycz-albert-service-app-prod.delhaize.eu/public/minio/images-products/27256909,2026-10-07T05:30:53+02:00
Albert,Nápoje,albert-583-27123232,"Drwitt s přích.man/cit.čaj0,75 0.75 l",drwitt_s_prich_man_cit_caj0,16.9,31.9,Kč,16.9 Kč / 0.75 l,,,False,,,,2026-10-07 - 2026-10-13,https://albertloyaltycz-albert-service-app-prod.delhaize.eu/public/content/leaflet/v3?storeId=583,,2026-10-07T05:30:53+02:00
Albert,Nápoje,albert-583-27866078,"Drwitt vital imuno 0,75l",drwitt_vital_imuno,16.9,31.9,Kč,16.9 Kč / 0.75 l,,,False,,,,2026-10-07 - 2026-10-13,https://albertloyaltycz-albert-service-app-prod.delhaize.eu/public/content/leaflet/v3?storeId=583,,2026-10-07T05:30:53+02:00
Albert,Uzeniny a lahůdky,albert-583-27677735,Dušená euro šunka 100 g,dusena_euro_sunka,16.9,22.9,Kč,16.9 Kč / 100 g,169.0,,False,,,-26%,2026-10-07 - 2026-10-13,https://albertloyaltycz-albert-service-app-prod.delhaize.eu/public/content/leaflet/v3?storeId=583,,2026-10-07T05:30:53+02:00
Albert,Uzeniny a lahůdky,albert-583-27054819,Dušená šunka výběrová 100 g,dusena_sunka_vyberova,19.9,28.9,Kč,19.9 Kč / 100 g,199.0,,False,,,-31%,2026-10-07 - 2026-10-13,https://albertloyaltycz-albert-service-app-prod.delhaize.eu/public/content/leaflet/v3?storeId=583,,2026-10-07T05:30:53+02:00
Albert,Tržnice u Alberta,albert-583-27677759,Dýně Hokkaido 1 kg,dyne_hokkaido,19.9,49.9,Kč,19.9 Kč / 1 kg,19.9,,False,,,-60%,2026-10-07 - 2026-10-13,https://albertloyaltycz-albert-service-app-prod.delhaize.eu/public/content/leaflet/v3?storeId=583,https://albertloyaltycz-albert-service-app-prod.delhaize.eu/public/minio/images-products/27677759,2026-10-07T05:30:53+02:00
Lidl,Ovoce a zelenina,10056842,Dýně Hokkaido,dyne_hokkaido,29.9,39.9,Kč,29.9 Kč / 1 kg,29.9,,False,,,-25%,2026-10-08 - 2026-10-11,https://www.lidl.cz/p/dyne-hokkaido/p10056842,https://imgproxy-retcat.assets.schwarz/_hiE0qi47W-nTavDamsjxSO-J-K1j7AXRW1nli2xLXo/sm:0/exar:1:ce/w:427/h:320/cz/M6Ly9wcm9kLWNhd/GFsb2ctbWVkaWEvY3ovMS9BRTFBNDg5MjQ4RjkzMENCNTA4OTBBMTl/FMTdEMzUzODJFNzZDNTVENUI2QkI4NEYxRjdGMUZBMDRFQTNDMTMwLnBuZw.png,2026-10-07T05:31:40+02:00
Lidl,Ovoce a zelenina,10057013,Dýně Sweet Dumpling,dyne_hokkaido,29.9,39.9,Kč,29.9 Kč / 1 kg,29.9,,False,,,-25%,2026-10-08 - 2026-10-11,https://www.lidl.cz/p/dyne-sweet-dumpling/p10057013,https://imgproxy-retcat.assets.schwarz/osDT-PbeWTZqWGdd6beIRWCodIe_cn3B6Gt7xFy5_KM/sm:0/exar:1:ce/w:427/h:320/cz/M6Ly9wcm9kLWNhd/GFsb2ctbWVkaWEvY3ovMS85NkMwQ0E5QjExRUVFMUI5QjM2QTI2MjQ/3NEFGRTgxMUU4NzRCQkJGNTU0NTk1NjEyMDdFMjBDNTM4NjFCMjQ5LnBuZw.png,2026-10-07T05:31:40+02:00
Lidl,Ovoce a zelenina,10057009,Dýně máslová,dyne_hokkaido,24.9,34.9,Kč,24.9 Kč / 1 kg,24.9,,False,,,-28%,2026-10-08 - 2026-10-11,https://www.lidl.cz/p/dyne-maslova/p10057009,https://imgproxy-retcat.assets.schwarz/FDfq1UDHVxJHZvmvDhs0knoEtooJ9nS3YORUxn3afC8/sm:0/exar:1:ce/w:427/h:320/cz/M6Ly9wcm9kLWNhd/GFsb2ctbWVkaWEvaW50LzI2N0Q2RjdGQTBCOTYzODREQ0U2NjU0N0/JEOTJFRkUwMjhEMjExMzlCMEZERTQzRDBCNjUwQ0IzQUQyQTUzNzMucG5n.png,2026-10-07T05:31:40+02:00
Lidl,Ovoce a zelenina,10057011,Dýně špagetová,dyne_hokkaido,29.9,39.9,Kč,29.9 Kč / 1 kg,29.9,,False,,,-25%,2026-10-08 - 2026-10-11,https://www.lidl.cz/p/dyne-spagetova/p10057011,https://imgproxy-retcat.assets.schwarz/saHPmkl-Bv3MK9rqZlBMQd7YXo9d9-8Hr4ThwcbVS_o/sm:0/exar:1:ce/w:427/h:320/cz/M6Ly9wcm9kLWNhd/GFsb2ctbWVkaWEvaW50L0JERTdBMTk4MDc1RDVDRTBGNEU4MTc2OT/lCNDc2Mzg3QUMxRkZENjlERTdBOUE2MUFERTE5NTZDNkNCNTFBRDgucG5n.png,2026-10-07T05:31:40+02:00
Tesco,Ovoce a zelenina,2427,Dýně Halloween 1 kg,dyne_hokkaido,19.9,39.8,Kč,"19,90 Kč / 1 kg",19.9,,True,Clubcard,19.9,-50% Clubcard platí do úterý 13. 10.,2026-10-07 - 2026-10-13,https://www.kupi.cz/letak/tesco-supermarket-letak-416?page=11&map=216253530,https://img.kupi.cz/kupi/thumbs/dyne-halloween-1_170_340.jpg,2026-10-07T05:31:44+02:00
Tesco,Ovoce a zelenina,32436,Dýně Hokkaidó 1 kg,dyne_hokkaido,19.9,49.75,Kč,"19,90 Kč / 1 kg",19.9,,True,Clubcard,19.9,-60% Clubcard platí do úterý 13. 10.,2026-10-07 - 2026-10-13,https://www.kupi.cz/letak/tesco-supermarket-letak-416?page=11&map=216253485,https://img.kupi.cz/kupi/thumbs/dyne-hokkaido-1_170_340.jpg,2026-10-07T05:31:43+02:00
Tesco,Ovoce a zelenina,21392,Dýně máslová 1 kg,dyne_hokkaido,24.9,34.58,Kč,"24,90 Kč / 1 kg",24.9,,True,Clubcard,24.9,-28% Clubcard platí do úterý 13. 10.,2026-10-07 - 2026-10-13,https://www.kupi.cz/letak/tesco-supermarket-letak-416?page=11&map=216253491,https://img.kupi.cz/kupi/thumbs/dyne-maslova-1_170_340.jpg,2026-10-07T05:31:43+02:00
Tesco,Ovoce a zelenina,21395,Dýně špagetová 1 kg,dyne_hokkaido,29.9,44.63,Kč,"29,90 Kč / 1 kg",29.9,,True,Clubcard,29.9,-33% Clubcard platí do úterý 13. 10.,2026-10-07 - 2026-10-13,https://www.kupi.cz/letak/tesco-supermarket-letak-416?page=11&map=216253488,https://img.kupi.cz/kupi/thumbs/dyne-spagetova-1_170_340.jpg,2026-10-07T05:31:43+02:00
Tesco,Ovoce a zelenina,113729,Okrasná dýně 1 ks,dyne_hokkaido,16.9,24.85,Kč,"16,90 Kč / 1 ks",,16.9,True,Clubcard,16.9,-32% Clubcard platí do úterý 13. 10.,2026-10-07 - 2026-10-13,https://www.kupi.cz/letak/tesco-supermarket-letak-416?page=11&map=216253524,https://img.kupi.cz/kupi/thumbs/okrasna-dyne-1_170_340.jpg,2026-10-07T05:31:44+02:00
Tesco,Vaření a pečení,453875,Dýňový olej Exclusive Franz Josef Kaiser 0.25 l,dynovy_olej_exclusive_franz_josef_kaiser,179.9,239.87,Kč,"719,60 Kč / 1 l",,,True,Clubcard,179.9,-25% Clubcard platí do úterý 20. 10.,2026-10-07 - 2026-10-20,https://www.kupi.cz/letak/tesco-hypermarket-znacky-ktere-mate-radi-2?page=16&map=215327322,https://img.kupi.cz/kupi/thumbs/dynovy-olej-exclusive-franz-josef-kaiser_170_340.jpg,2026-10-07T05:32:13+02:00
Albert,Nápoje,albert-583-28148524,"Dynybyl Gin&Tonic Grapefruit 4,5% 250 ml",dynybyl_gin_tonic_grapefruit,39.9,49.9,Kč,39.9 Kč / 250 ml,,,False,,,,2026-10-07 - 2026-10-13,https://albertloyaltycz-albert-service-app-prod.delhaize.eu/public/content/leaflet/v3?storeId=583,https://albertloyaltycz-albert-service-app-prod.delhaize.eu/public/minio/images-products/28148524,2026-10-07T05:30:53+02:00
Albert,Nápoje,albert-583-28148579,"Dynybyl violet g&t 4,5% 0,25l 250 ml",dynybyl_violet_g_t,39.9,49.9,Kč,39.9 Kč / 250 ml,,,False,,,,2026-10-07 - 2026-10-13,https://albertloyaltycz-albert-service-app-prod.delhaize.eu/public/content/leaflet/v3?storeId=583,,2026-10-07T05:30:53+02:00
Billa,Vaření a pečení,21356,Džem Bonne Maman 370 g,dzem_bonne_maman,69.9,,Kč,"18,89 Kč / 100 g",188.9,,False,,,platí do úterý 13. 10.,2026-10-07 - 2026-10-13,https://www.kupi.cz/letak/billa-velky-letak-292?page=17&map=216582777,https://img.kupi.cz/kupi/thumbs/dzem-bonne-maman-2_170_340.jpg,2026-10-07T05:31:24+02:00
Tesco,Vaření a pečení,549999,Džem Extra Gold Plus 340 g,dzem_extra_gold_plus,59.9,79.87,Kč,"17,62 Kč / 100 g",176.2,,True,Clubcard,59.9,-25% Clubcard platí do úterý 13. 10.,2026-10-07 - 2026-10-13,https://www.kupi.cz/letak/tesco-hypermarket-znacky-ktere-mate-radi-2?page=9&map=215326962,https://img.kupi.cz/kupi/thumbs/dzem-extra-gold-plus_170_340.jpg,2026-10-07T05:32:13+02:00
Tesco,Vaření a pečení,11908,Džem Extra Hamé 340 g,dzem_extra_hame,59.9,79.87,Kč,"17,62 Kč / 100 g",176.2,,True,Clubcard,59.9,-25% Clubcard platí do úterý 20. 10.,2026-10-07 - 2026-10-20,https://www.kupi.cz/letak/tesco-hypermarket-letak-370?page=20&map=216580611,https://img.kupi.cz/kupi/thumbs/dzem-extra-hame_170_340.jpg,2026-10-07T05:32:12+02:00
Billa,Nealko nápoje,314,Džus Pfanner 1 l,dzus_pfanner,79.9,159.8,Kč,"39,95 Kč / 1 l",,,False,,,-50% platí do úterý 13. 10.,2026-10-07 - 2026-10-13,https://www.kupi.cz/letak/billa-velky-letak-292?page=14&map=216582678,https://img.kupi.cz/kupi/thumbs/dzus-pfanner_170_340.png,2026-10-07T05:31:17+02:00
Billa,Nealko nápoje,287,Džus Relax 1 l,dzus_relax,29.9,,Kč,"29,90 Kč / 1 l",,,False,,,platí do úterý 13. 10.,2026-10-07 - 2026-10-13,https://www.kupi.cz/letak/billa-maly-letak-721?page=6&map=216583749,https://img.kupi.cz/kupi/thumbs/dzus-relax-1_170_340.png,2026-10-07T05:31:17+02:00
Albert,Trvanlivé,albert-583-24145695,Earl grey tea 25 sáčků 50 g,earl_grey_tea_sacku,49.9,69.9,Kč,49.9 Kč / 50 g,998.0,,False,,,,2026-10-07 - 2026-10-13,https://albertloyaltycz-albert-service-app-prod.delhaize.eu/public/content/leaflet/v3?storeId=583,,2026-10-07T05:30:53+02:00
Albert,Mléčné a chlazené,albert-583-28143543,Albert Eidam 45% plátky 0.5 kg,eidam_platky,74.9,98.9,Kč,74.9 Kč / 0.5 kg,149.8,,True,Můj Albert,74.9,-24% Můj Albert,2026-10-07 - 2026-10-13,https://albertloyaltycz-albert-service-app-prod.delhaize.eu/public/content/leaflet/v3?storeId=583,https://albertloyaltycz-albert-service-app-prod.delhaize.eu/public/minio/images-products/28143543,2026-10-07T05:30:53+02:00
Albert,Mléčné a chlazené,albert-583-28143543,Albert Eidam 45% plátky 0.5 kg,eidam_platky,79.9,98.9,Kč,79.9 Kč / 0.5 kg,159.8,,False,,,-19%,2026-10-07 - 2026-10-13,https://albertloyaltycz-albert-service-app-prod.delhaize.eu/public/content/leaflet/v3?storeId=583,https://albertloyaltycz-albert-service-app-prod.delhaize.eu/public/minio/images-products/28143543,2026-10-07T05:30:53+02:00
Albert,Mléčné a chlazené,albert-583-27086780,Eidam 45% tenké plátky mp 150g,eidam_tenke_platky_mp,33.9,39.9,Kč,33.9 Kč / 150 g,226.0,,False,,,-15%,2026-10-07 - 2026-10-13,https://albertloyaltycz-albert-service-app-prod.delhaize.eu/public/content/leaflet/v3?storeId=583,,2026-10-07T05:30:53+02:00
Albert,Nápoje,albert-583-27819036,El General 40% 0.7 l,el_general,799.0,999.0,Kč,799 Kč / 0.7 l,,,False,,,,2026-10-07 - 2026-10-13,https://albertloyaltycz-albert-service-app-prod.delhaize.eu/public/content/leaflet/v3?storeId=583,https://albertloyaltycz-albert-service-app-prod.delhaize.eu/public/minio/images-products/27819036,2026-10-07T05:30:53+02:00
Albert,Trvanlivé,albert-583-23810365,Emco Mysli na zdraví ovesné sušenky oříškové 60 g,emco_mysli_na_zdravi_ovesne_susenky_oriskove,13.9,15.9,Kč,13.9 Kč / 60 g,231.67,,False,,,,2026-10-07 - 2026-10-13,https://albertloyaltycz-albert-service-app-prod.delhaize.eu/public/content/leaflet/v3?storeId=583,https://albertloyaltycz-albert-service-app-prod.delhaize.eu/public/minio/images-products/23810365,2026-10-07T05:30:53+02:00
Albert,Trvanlivé,albert-583-23810419,Emco mysli suš. čokoládové 60g,emco_mysli_sus_cokoladove,13.9,15.9,Kč,13.9 Kč / 60 g,231.67,,False,,,,2026-10-07 - 2026-10-13,https://albertloyaltycz-albert-service-app-prod.delhaize.eu/public/content/leaflet/v3?storeId=583,,2026-10-07T05:30:53+02:00
Albert,Trvanlivé,albert-583-23810426,Emco mysli suš. kokosové 60g,emco_mysli_sus_kokosove,13.9,15.9,Kč,13.9 Kč / 60 g,231.67,,False,,,,2026-10-07 - 2026-10-13,https://albertloyaltycz-albert-service-app-prod.delhaize.eu/public/content/leaflet/v3?storeId=583,,2026-10-07T05:30:53+02:00
Albert,Trvanlivé,albert-583-27448120,Emco super suš.kakao/kokos 60g,emco_super_sus_kakao_kokos,16.9,21.9,Kč,16.9 Kč / 60 g,281.67,,False,,,,2026-10-07 - 2026-10-13,https://albertloyaltycz-albert-service-app-prod.delhaize.eu/public/content/leaflet/v3?storeId=583,,2026-10-07T05:30:53+02:00
Albert,Tržnice u Alberta,albert-583-24983174,Emma klikva brusinka kanadská 200 g,emma_klikva_brusinka_kanadska,34.9,49.9,Kč,34.9 Kč / 200 g,174.5,,False,,,,2026-10-07 - 2026-10-13,https://albertloyaltycz-albert-service-app-prod.delhaize.eu/public/content/leaflet/v3?storeId=583,https://albertloyaltycz-albert-service-app-prod.delhaize.eu/public/minio/images-products/24983174,2026-10-07T05:30:53+02:00
Albert,Tržnice u Alberta,albert-583-23714168,Emma mandle blanšírované 200 g,emma_mandle_blansirovane,59.9,77.9,Kč,59.9 Kč / 200 g,299.5,,False,,,,2026-10-07 - 2026-10-13,https://albertloyaltycz-albert-service-app-prod.delhaize.eu/public/content/leaflet/v3?storeId=583,https://albertloyaltycz-albert-service-app-prod.delhaize.eu/public/minio/images-products/23714168,2026-10-07T05:30:53+02:00
Albert,Tržnice u Alberta,albert-583-23707078,Emma rozinky 200 g,emma_rozinky,24.9,29.9,Kč,24.9 Kč / 200 g,124.5,,False,,,,2026-10-07 - 2026-10-13,https://albertloyaltycz-albert-service-app-prod.delhaize.eu/public/content/leaflet/v3?storeId=583,https://albertloyaltycz-albert-service-app-prod.delhaize.eu/public/minio/images-products/23707078,2026-10-07T05:30:53+02:00
Billa,Nealko nápoje,652,Energetický nápoj Big Shock 0.5 l,energeticky_napoj_big_shock,26.9,,Kč,"53,80 Kč / 1 l",,,False,,,platí do úterý 13. 10.,2026-10-07 - 2026-10-13,https://www.kupi.cz/letak/billa-maly-letak-721?page=6&map=216583752,https://img.kupi.cz/kupi/thumbs/energeticky-napoj-big-shock-1_170_340.jpg,2026-10-07T05:31:17+02:00
Tesco,Nealko nápoje,652,Energetický nápoj Big Shock 0.5 l,energeticky_napoj_big_shock,25.9,42.46,Kč,"51,80 Kč / 1 l",,,True,Clubcard,25.9,-39% Clubcard platí do úterý 13. 10.,2026-10-07 - 2026-10-13,https://www.kupi.cz/letaky/tesco,https://img.kupi.cz/kupi/thumbs/energeticky-napoj-big-shock-1_170_340.jpg,2026-10-07T05:32:06+02:00
Billa,Nealko nápoje,521373,Energetický nápoj Guarana 0.5 l,energeticky_napoj_guarana,19.9,,Kč,"39,80 Kč / 1 l",,,False,,,platí do úterý 13. 10.,2026-10-07 - 2026-10-13,https://www.kupi.cz/letak/billa-velky-letak-292?page=14&map=216582669,https://img.kupi.cz/kupi/thumbs/energeticky-napoj-guarana_170_340.jpg,2026-10-07T05:31:19+02:00
Tesco,Nealko nápoje,27216,Energetický nápoj Hell 0.25 l,energeticky_napoj_hell,12.9,19.85,Kč,"51,60 Kč / 1 l",,,True,Clubcard,12.9,-35% Clubcard platí do úterý 13. 10.,2026-10-07 - 2026-10-13,https://www.kupi.cz/letak/tesco-supermarket-letak-416?page=14&map=216253863,https://img.kupi.cz/kupi/thumbs/energeticky-napoj-hell_170_340.png,2026-10-07T05:32:07+02:00
Tesco,Nealko nápoje,250,Energetický nápoj Monster Energy 0.5 l,energeticky_napoj_monster_energy,31.9,,Kč,"63,80 Kč / 1 l",,,False,,,platí do úterý 13. 10.,2026-10-07 - 2026-10-13,https://www.kupi.cz/letaky/tesco,https://img.kupi.cz/kupi/thumbs/energeticky-napoj-monster-energy_170_340.jpg,2026-10-07T05:32:06+02:00
Billa,Nealko nápoje,678,Energetický nápoj Red Bull 0.25 l,energeticky_napoj_red_bull,32.9,,Kč,"131,60 Kč / 1 l",,,False,,,čt 8. 10. – ne 11. 10.,2026-10-08 - 2026-10-11,https://www.kupi.cz/letak/billa-maly-letak-721?page=7&map=216583818,https://img.kupi.cz/kupi/thumbs/energeticky-napoj-red-bull_170_340.png,2026-10-07T05:31:17+02:00
Tesco,Nealko nápoje,1139,Energetický nápoj Semtex 0.5 l,energeticky_napoj_semtex,14.9,33.86,Kč,"29,80 Kč / 1 l",,,True,Clubcard,14.9,-56% Clubcard platí do úterý 13. 10.,2026-10-07 - 2026-10-13,https://www.kupi.cz/letaky/tesco,https://img.kupi.cz/kupi/thumbs/energeticky-napoj-semtex_170_340.jpg,2026-10-07T05:32:06+02:00
Albert,Trvanlivé,albert-583-28171065,Energy snack limetka chilli60g,energy_snack_limetka_chilli60g,39.9,49.9,Kč,39.9 Kč / 60 g,665.0,,False,,,,2026-10-07 - 2026-10-13,https://albertloyaltycz-albert-service-app-prod.delhaize.eu/public/content/leaflet/v3?storeId=583,,2026-10-07T05:30:53+02:00
Albert,Nápoje,albert-583-28143864,"Esence active limeta/pom 0,7l",esence_active_limeta_pom,19.9,29.9,Kč,19.9 Kč / 0.7 l,,,False,,,,2026-10-07 - 2026-10-13,https://albertloyaltycz-albert-service-app-prod.delhaize.eu/public/content/leaflet/v3?storeId=583,,2026-10-07T05:30:53+02:00
Albert,Nápoje,albert-583-28143871,"Esence active marak/mango 0,7l",esence_active_marak_mango,19.9,29.9,Kč,19.9 Kč / 0.7 l,,,False,,,,2026-10-07 - 2026-10-13,https://albertloyaltycz-albert-service-app-prod.delhaize.eu/public/content/leaflet/v3?storeId=583,,2026-10-07T05:30:53+02:00
Albert,Trvanlivé,albert-583-24677547,Ex.pan.kreolis 500ml oliv.olej 0.5 l,ex_pan_kreolis_oliv_olej,199.0,259.0,Kč,199 Kč / 0.5 l,,,False,,,,2026-10-07 - 2026-10-13,https://albertloyaltycz-albert-service-app-prod.delhaize.eu/public/content/leaflet/v3?storeId=583,,2026-10-07T05:30:53+02:00
Albert,Uzeniny a lahůdky,albert-583-26626086,Exc jamón serrano 70g,exc_jamon_serrano,49.9,64.9,Kč,49.9 Kč / 70 g,712.86,,False,,,-23%,2026-10-07 - 2026-10-13,https://albertloyaltycz-albert-service-app-prod.delhaize.eu/public/content/leaflet/v3?storeId=583,,2026-10-07T05:30:53+02:00
Albert,Nápoje,albert-583-24893886,Excelent prémiový ležák 11 0.5 l,excelent_premiovy_lezak,19.9,26.9,Kč,19.9 Kč / 0.5 l,,,False,,,,2026-10-07 - 2026-10-13,https://albertloyaltycz-albert-service-app-prod.delhaize.eu/public/content/leaflet/v3?storeId=583,https://albertloyaltycz-albert-service-app-prod.delhaize.eu/public/minio/images-products/24893886,2026-10-07T05:30:53+02:00
Albert,Uzeniny a lahůdky,albert-583-28139799,Albert Excellent Tapas Batátová pomazánka 175 g,excellent_tapas_batatova_pomazanka,69.0,,Kč,69 Kč / 175 g,394.29,,False,,,,2026-10-07 - 2026-10-13,https://albertloyaltycz-albert-service-app-prod.delhaize.eu/public/content/leaflet/v3?storeId=583,https://albertloyaltycz-albert-service-app-prod.delhaize.eu/public/minio/images-products/28139799,2026-10-07T05:30:53+02:00
Albert,Uzeniny a lahůdky,albert-583-27867693,Albert Excellent Tapas Duo Gouda - kostky / Fuet 100 g,excellent_tapas_duo_gouda_kostky_fuet,89.0,,Kč,89 Kč / 100 g,890.0,,False,,,,2026-10-07 - 2026-10-13,https://albertloyaltycz-albert-service-app-prod.delhaize.eu/public/content/leaflet/v3?storeId=583,https://albertloyaltycz-albert-service-app-prod.delhaize.eu/public/minio/images-products/27867693,2026-10-07T05:30:53+02:00
Albert,Uzeniny a lahůdky,albert-583-27643525,Albert Excellent Tapas Humus grilovaná zelenina 175 g,excellent_tapas_humus_grilovana_zelenina,69.0,,Kč,69 Kč / 175 g,394.29,,False,,,,2026-10-07 - 2026-10-13,https://albertloyaltycz-albert-service-app-prod.delhaize.eu/public/content/leaflet/v3?storeId=583,https://albertloyaltycz-albert-service-app-prod.delhaize.eu/public/minio/images-products/27643525,2026-10-07T05:30:53+02:00
Albert,Uzeniny a lahůdky,albert-583-28134732,Albert Excellent Tapas krém se sýrem Feta 125 g,excellent_tapas_krem_se_syrem_feta,69.0,,Kč,69 Kč / 125 g,552.0,,False,,,,2026-10-07 - 2026-10-13,https://albertloyaltycz-albert-service-app-prod.delhaize.eu/public/content/leaflet/v3?storeId=583,https://albertloyaltycz-albert-service-app-prod.delhaize.eu/public/minio/images-products/28134732,2026-10-07T05:30:53+02:00
Albert,Uzeniny a lahůdky,albert-583-27643730,Albert Excellent Tapas krevety v chilli 70 g,excellent_tapas_krevety_v_chilli,89.0,,Kč,89 Kč / 70 g,1271.43,,False,,,,2026-10-07 - 2026-10-13,https://albertloyaltycz-albert-service-app-prod.delhaize.eu/public/content/leaflet/v3?storeId=583,https://albertloyaltycz-albert-service-app-prod.delhaize.eu/public/minio/images-products/27643730,2026-10-07T05:30:53+02:00
Albert,Uzeniny a lahůdky,albert-583-27643792,Albert Excellent Tapas Lanýžový salám 60 g,excellent_tapas_lanyzovy_salam,79.0,,Kč,79 Kč / 60 g,1316.67,,False,,,,2026-10-07 - 2026-10-13,https://albertloyaltycz-albert-service-app-prod.delhaize.eu/public/content/leaflet/v3?storeId=583,https://albertloyaltycz-albert-service-app-prod.delhaize.eu/public/minio/images-products/27643792,2026-10-07T05:30:53+02:00
Albert,Uzeniny a lahůdky,albert-583-27804599,Albert Excellent Tapas Mini Fuet s kousky sýru 77 g,excellent_tapas_mini_fuet_s_kousky_syru,79.0,,Kč,79 Kč / 77 g,1025.97,,False,,,,2026-10-07 - 2026-10-13,https://albertloyaltycz-albert-service-app-prod.delhaize.eu/public/content/leaflet/v3?storeId=583,https://albertloyaltycz-albert-service-app-prod.delhaize.eu/public/minio/images-products/27804599,2026-10-07T05:30:53+02:00
Albert,Uzeniny a lahůdky,albert-583-28134343,Albert Excellent Tapas sýr Manchengo plátky 105 g,excellent_tapas_syr_manchengo_platky,79.0,,Kč,79 Kč / 105 g,752.38,,False,,,,2026-10-07 - 2026-10-13,https://albertloyaltycz-albert-service-app-prod.delhaize.eu/public/content/leaflet/v3?storeId=583,https://albertloyaltycz-albert-service-app-prod.delhaize.eu/public/minio/images-products/28134343,2026-10-07T05:30:53+02:00
Albert,Uzeniny a lahůdky,albert-583-28138020,Albert Excellent Tapas Zaanlander mladý kostky 120 g,excellent_tapas_zaanlander_mlady_kostky,79.0,,Kč,79 Kč / 120 g,658.33,,False,,,,2026-10-07 - 2026-10-13,https://albertloyaltycz-albert-service-app-prod.delhaize.eu/public/content/leaflet/v3?storeId=583,https://albertloyaltycz-albert-service-app-prod.delhaize.eu/public/minio/images-products/28138020,2026-10-07T05:30:53+02:00
Albert,Uzeniny a lahůdky,albert-583-27959015,Albert Excellent Tapas zelené pesto 90 g,excellent_tapas_zelene_pesto,69.0,,Kč,69 Kč / 90 g,766.67,,False,,,,2026-10-07 - 2026-10-13,https://albertloyaltycz-albert-service-app-prod.delhaize.eu/public/content/leaflet/v3?storeId=583,https://albertloyaltycz-albert-service-app-prod.delhaize.eu/public/minio/images-products/27959015,2026-10-07T05:30:53+02:00
Albert,Nápoje,albert-583-27887639,"Fanta orange zero 1,5l",fanta_orange_zero,32.9,44.9,Kč,32.9 Kč / 1.5 l,,,False,,,,2026-10-07 - 2026-10-13,https://albertloyaltycz-albert-service-app-prod.delhaize.eu/public/content/leaflet/v3?storeId=583,,2026-10-07T05:30:53+02:00
Albert,Nápoje,albert-583-25241044,Fanta pomeranč 1.5 l,fanta_pomeranc,32.9,44.9,Kč,32.9 Kč / 1.5 l,,,False,,,,2026-10-07 - 2026-10-13,https://albertloyaltycz-albert-service-app-prod.delhaize.eu/public/content/leaflet/v3?storeId=583,https://albertloyaltycz-albert-service-app-prod.delhaize.eu/public/minio/images-products/25241044,2026-10-07T05:30:53+02:00
Albert,Mléčné a chlazené,albert-583-24837484,Fantasia čokokuličky 100g,fantasia_cokokulicky,14.9,22.9,Kč,14.9 Kč / 100 g,149.0,,False,,,-34%,2026-10-07 - 2026-10-13,https://albertloyaltycz-albert-service-app-prod.delhaize.eu/public/content/leaflet/v3?storeId=583,,2026-10-07T05:30:53+02:00
Albert,Mléčné a chlazené,albert-583-23853386,Fantasia čokovločky 102g,fantasia_cokovlocky,14.9,22.9,Kč,14.9 Kč / 102 g,146.08,,False,,,-34%,2026-10-07 - 2026-10-13,https://albertloyaltycz-albert-service-app-prod.delhaize.eu/public/content/leaflet/v3?storeId=583,,2026-10-07T05:30:53+02:00
Albert,Mléčné a chlazené,albert-583-24704533,Fantasia jogurt s mléčnou čokoládou 110 g,fantasia_jogurt_s_mlecnou_cokoladou,14.9,22.9,Kč,14.9 Kč / 110 g,135.45,,False,,,-34%,2026-10-07 - 2026-10-13,https://albertloyaltycz-albert-service-app-prod.delhaize.eu/public/content/leaflet/v3?storeId=583,https://albertloyaltycz-albert-service-app-prod.delhaize.eu/public/minio/images-products/24704533,2026-10-07T05:30:53+02:00
Albert,Uzeniny a lahůdky,albert-583-27607701,Farmářská šunka delikates 100 g,farmarska_sunka_delikates,19.9,28.9,Kč,19.9 Kč / 100 g,199.0,,False,,,-31%,2026-10-07 - 2026-10-13,https://albertloyaltycz-albert-service-app-prod.delhaize.eu/public/content/leaflet/v3?storeId=583,https://albertloyaltycz-albert-service-app-prod.delhaize.eu/public/minio/images-products/27607701,2026-10-07T05:30:53+02:00
Albert,Trvanlivé,albert-583-22895578,Fazo.v rajč.om.s chil.400/240g,fazo_v_rajc_om_s_chil,21.9,39.9,Kč,21.9 Kč / 240 g,91.25,,False,,,,2026-10-07 - 2026-10-13,https://albertloyaltycz-albert-service-app-prod.delhaize.eu/public/content/leaflet/v3?storeId=583,,2026-10-07T05:30:53+02:00
Albert,Trvanlivé,albert-583-25781861,Fazol mix s cizr 400/240g,fazol_mix_s_cizr,19.9,35.9,Kč,19.9 Kč / 240 g,82.92,,False,,,,2026-10-07 - 2026-10-13,https://albertloyaltycz-albert-service-app-prod.delhaize.eu/public/content/leaflet/v3?storeId=583,,2026-10-07T05:30:53+02:00
Albert,Trvanlivé,albert-583-20784447,Fazole barev.lag.i.jak.450g,fazole_barev_lag_i_jak,27.9,41.9,Kč,27.9 Kč / 450 g,62.0,,False,,,,2026-10-07 - 2026-10-13,https://albertloyaltycz-albert-service-app-prod.delhaize.eu/public/content/leaflet/v3?storeId=583,,2026-10-07T05:30:53+02:00
Tesco,Konzervy,279310,Fazole Heinz 415 g,fazole_heinz,39.9,67.63,Kč,"9,61 Kč / 100 g",96.1,,True,Clubcard,39.9,-41% Clubcard platí do úterý 27. 10.,2026-10-07 - 2026-10-27,https://www.kupi.cz/letak/tesco-hypermarket-znacky-ktere-mate-radi-2?page=13&map=215327109,https://img.kupi.cz/kupi/thumbs/fazole-heinz_170_340.png,2026-10-07T05:32:01+02:00
Albert,Trvanlivé,albert-583-20313340,Fazole lagris velká 450g,fazole_lagris_velka,34.9,49.9,Kč,34.9 Kč / 450 g,77.56,,False,,,,2026-10-07 - 2026-10-13,https://albertloyaltycz-albert-service-app-prod.delhaize.eu/public/content/leaflet/v3?storeId=583,,2026-10-07T05:30:53+02:00
Billa,Konzervy,582141,Fazole v omáčce Billa 410 g,fazole_v_omacce,19.9,24.87,Kč,"4,85 Kč / 100 g",48.5,,False,,,-20% platí do úterý 20. 10.,2026-10-07 - 2026-10-20,https://www.kupi.cz/letak/billa-letak-italie-u-vas-doma?page=7&map=215641395,https://img.kupi.cz/kupi/thumbs/fazole-v-omacce-billa_170_340.jpg,2026-10-07T05:31:13+02:00
Tesco,Konzervy,7095,Feferony pálivé Efko 300 g,feferony_palive_efko,29.9,59.8,Kč,"9,97 Kč / 100 g",99.7,,True,Clubcard,29.9,-50% Clubcard platí do úterý 27. 10.,2026-10-07 - 2026-10-27,https://www.kupi.cz/letak/tesco-hypermarket-znacky-ktere-mate-radi-2?page=12&map=215327079,https://img.kupi.cz/kupi/thumbs/feferony-palive-efko-1_170_340.jpg,2026-10-07T05:32:01+02:00
Tesco,Alkohol,106,Fernet Stock 0.5 l,fernet_stock,159.9,188.12,Kč,"319,80 Kč / 1 l",,,True,Clubcard,159.9,-15% Clubcard platí do úterý 3. 11.,2026-10-07 - 2026-11-03,https://www.kupi.cz/letak/tesco-supermarket-letak-416?page=7&map=216253257,https://img.kupi.cz/kupi/thumbs/fernet-stock_170_340.png,2026-10-07T05:32:22+02:00
Albert,Nápoje,albert-583-27638682,"Fernet stock citrus 23% 0,5l",fernet_stock_citrus,99.9,199.0,Kč,99.9 Kč / 0.5 l,,,False,,,,2026-10-07 - 2026-10-13,https://albertloyaltycz-albert-service-app-prod.delhaize.eu/public/content/leaflet/v3?storeId=583,,2026-10-07T05:30:53+02:00
Albert,Nápoje,albert-583-27725030,Fernet Stock Standard 30% 0.5 l,fernet_stock_standard,119.9,199.0,Kč,119.9 Kč / 0.5 l,,,False,,,,2026-10-07 - 2026-10-13,https://albertloyaltycz-albert-service-app-prod.delhaize.eu/public/content/leaflet/v3?storeId=583,https://albertloyaltycz-albert-service-app-prod.delhaize.eu/public/minio/images-products/27725030,2026-10-07T05:30:53+02:00
Albert,Nápoje,albert-583-27725030,Fernet Stock Standard 30% 0.5 l,fernet_stock_standard,99.9,199.0,Kč,99.9 Kč / 0.5 l,,,True,Můj Albert,99.9,Můj Albert,2026-10-07 - 2026-10-13,https://albertloyaltycz-albert-service-app-prod.delhaize.eu/public/content/leaflet/v3?storeId=583,https://albertloyaltycz-albert-service-app-prod.delhaize.eu/public/minio/images-products/27725030,2026-10-07T05:30:53+02:00
Albert,Trvanlivé,albert-583-27513569,Ferrero collection 172g,ferrero_collection,179.0,279.0,Kč,179 Kč / 172 g,1040.7,,False,,,,2026-10-07 - 2026-10-13,https://albertloyaltycz-albert-service-app-prod.delhaize.eu/public/content/leaflet/v3?storeId=583,,2026-10-07T05:30:53+02:00
Albert,Trvanlivé,albert-583-27513552,Ferrero rocher 50g,ferrero_rocher,39.9,44.9,Kč,39.9 Kč / 50 g,798.0,,False,,,,2026-10-07 - 2026-10-13,https://albertloyaltycz-albert-service-app-prod.delhaize.eu/public/content/leaflet/v3?storeId=583,,2026-10-07T05:30:53+02:00
Albert,Trvanlivé,albert-583-20316587,Ferrero Rocher pralinky 200 g,ferrero_rocher_pralinky,139.9,239.0,Kč,139.9 Kč / 200 g,699.5,,True,Můj Albert,139.9,Můj Albert,2026-10-07 - 2026-10-13,https://albertloyaltycz-albert-service-app-prod.delhaize.eu/public/content/leaflet/v3?storeId=583,https://albertloyaltycz-albert-service-app-prod.delhaize.eu/public/minio/images-products/20316587,2026-10-07T05:30:53+02:00
Albert,Trvanlivé,albert-583-20316587,Ferrero Rocher pralinky 200 g,ferrero_rocher_pralinky,149.9,239.0,Kč,149.9 Kč / 200 g,749.5,,False,,,,2026-10-07 - 2026-10-13,https://albertloyaltycz-albert-service-app-prod.delhaize.eu/public/content/leaflet/v3?storeId=583,https://albertloyaltycz-albert-service-app-prod.delhaize.eu/public/minio/images-products/20316587,2026-10-07T05:30:53+02:00
Albert,Uzeniny a lahůdky,albert-583-28171447,Ff hranolky long&crunchy 600g 0.6 kg,ff_hranolky_long_crunchy,54.9,72.9,Kč,54.9 Kč / 0.6 kg,91.5,,False,,,,2026-10-07 - 2026-10-13,https://albertloyaltycz-albert-service-app-prod.delhaize.eu/public/content/leaflet/v3?storeId=583,,2026-10-07T05:30:53+02:00
Albert,Trvanlivé,albert-583-20301026,Figaro nugát tyčinka 32g,figaro_nugat_tycinka,16.9,23.9,Kč,16.9 Kč / 32 g,528.12,,False,,,,2026-10-07 - 2026-10-13,https://albertloyaltycz-albert-service-app-prod.delhaize.eu/public/content/leaflet/v3?storeId=583,,2026-10-07T05:30:53+02:00
Albert,Trvanlivé,albert-583-20301651,Figaro rumba hořká 32g,figaro_rumba_horka,16.9,23.9,Kč,16.9 Kč / 32 g,528.12,,False,,,,2026-10-07 - 2026-10-13,https://albertloyaltycz-albert-service-app-prod.delhaize.eu/public/content/leaflet/v3?storeId=583,,2026-10-07T05:30:53+02:00
Albert,Tržnice u Alberta,albert-583-20443665,Fíky čerstvé 1 ks,fiky_cerstve,7.9,14.9,Kč,7.9 Kč / 1 ks,,7.9,False,,,-46%,2026-10-07 - 2026-10-13,https://albertloyaltycz-albert-service-app-prod.delhaize.eu/public/content/leaflet/v3?storeId=583,https://albertloyaltycz-albert-service-app-prod.delhaize.eu/public/minio/images-products/20443665,2026-10-07T05:30:53+02:00
Albert,Trvanlivé,albert-583-24179287,Fj tuňák.steak ve sl.o.170/120 120 g,fj_tunak_steak_ve_sl_o,38.9,89.9,Kč,38.9 Kč / 120 g,324.17,,False,,,,2026-10-07 - 2026-10-13,https://albertloyaltycz-albert-service-app-prod.delhaize.eu/public/content/leaflet/v3?storeId=583,,2026-10-07T05:30:53+02:00
Albert,Trvanlivé,albert-583-27125137,Fj tuňákový salát fazole 160g,fj_tunakovy_salat_fazole,39.9,89.9,Kč,39.9 Kč / 160 g,249.38,,False,,,,2026-10-07 - 2026-10-13,https://albertloyaltycz-albert-service-app-prod.delhaize.eu/public/content/leaflet/v3?storeId=583,,2026-10-07T05:30:53+02:00
Albert,Trvanlivé,albert-583-27125144,Fj tuňákový salát fusilli 160g,fj_tunakovy_salat_fusilli,39.9,89.9,Kč,39.9 Kč / 160 g,249.38,,False,,,,2026-10-07 - 2026-10-13,https://albertloyaltycz-albert-service-app-prod.delhaize.eu/public/content/leaflet/v3?storeId=583,,2026-10-07T05:30:53+02:00
Albert,Trvanlivé,albert-583-27125151,Fj tuňákový salát kuskus 160g,fj_tunakovy_salat_kuskus,39.9,89.9,Kč,39.9 Kč / 160 g,249.38,,False,,,,2026-10-07 - 2026-10-13,https://albertloyaltycz-albert-service-app-prod.delhaize.eu/public/content/leaflet/v3?storeId=583,,2026-10-07T05:30:53+02:00
Albert,Trvanlivé,albert-583-27125175,Fj tuňákový salát quinoa 160g,fj_tunakovy_salat_quinoa,39.9,89.9,Kč,39.9 Kč / 160 g,249.38,,False,,,,2026-10-07 - 2026-10-13,https://albertloyaltycz-albert-service-app-prod.delhaize.eu/public/content/leaflet/v3?storeId=583,,2026-10-07T05:30:53+02:00
Albert,Trvanlivé,albert-583-25078077,Fjk olivy losos.pasta 300/130g,fjk_olivy_losos_pasta,29.9,34.9,Kč,29.9 Kč / 130 g,230.0,,False,,,-14%,2026-10-07 - 2026-10-13,https://albertloyaltycz-albert-service-app-prod.delhaize.eu/public/content/leaflet/v3?storeId=583,,2026-10-07T05:30:53+02:00
Albert,Trvanlivé,albert-583-25078084,Fjk olivy pln.pap.past.300/130 130 g,fjk_olivy_pln_pap_past,29.9,34.9,Kč,29.9 Kč / 130 g,230.0,,False,,,-14%,2026-10-07 - 2026-10-13,https://albertloyaltycz-albert-service-app-prod.delhaize.eu/public/content/leaflet/v3?storeId=583,,2026-10-07T05:30:53+02:00
Albert,Trvanlivé,albert-583-24442855,Fjk olivy plněné ančov.300/130 130 g,fjk_olivy_plnene_ancov,29.9,34.9,Kč,29.9 Kč / 130 g,230.0,,False,,,-14%,2026-10-07 - 2026-10-13,https://albertloyaltycz-albert-service-app-prod.delhaize.eu/public/content/leaflet/v3?storeId=583,,2026-10-07T05:30:53+02:00
Albert,Trvanlivé,albert-583-26637600,Fjk olivy sušená šunka 300/130 130 g,fjk_olivy_susena_sunka,29.9,34.9,Kč,29.9 Kč / 130 g,230.0,,False,,,-14%,2026-10-07 - 2026-10-13,https://albertloyaltycz-albert-service-app-prod.delhaize.eu/public/content/leaflet/v3?storeId=583,,2026-10-07T05:30:53+02:00
Albert,Trvanlivé,albert-583-24442862,Fjk olivy sýr. pasta 300/130 g,fjk_olivy_syr_pasta,29.9,34.9,Kč,29.9 Kč / 130 g,230.0,,False,,,-14%,2026-10-07 - 2026-10-13,https://albertloyaltycz-albert-service-app-prod.delhaize.eu/public/content/leaflet/v3?storeId=583,,2026-10-07T05:30:53+02:00
Albert,Trvanlivé,albert-583-25078091,Fjk olivy tuňák pasta 300/130g,fjk_olivy_tunak_pasta,29.9,34.9,Kč,29.9 Kč / 130 g,230.0,,False,,,-14%,2026-10-07 - 2026-10-13,https://albertloyaltycz-albert-service-app-prod.delhaize.eu/public/content/leaflet/v3?storeId=583,,2026-10-07T05:30:53+02:00
Albert,Trvanlivé,albert-583-26637617,Fjk olivy ve sl.nálevu 300/130 130 g,fjk_olivy_ve_sl_nalevu,29.9,34.9,Kč,29.9 Kč / 130 g,230.0,,False,,,-14%,2026-10-07 - 2026-10-13,https://albertloyaltycz-albert-service-app-prod.delhaize.eu/public/content/leaflet/v3?storeId=583,,2026-10-07T05:30:53+02:00
Albert,Trvanlivé,albert-583-26581835,Fjk om. basilico 350 g,fjk_om_basilico,39.9,73.9,Kč,39.9 Kč / 350 g,114.0,,False,,,,2026-10-07 - 2026-10-13,https://albertloyaltycz-albert-service-app-prod.delhaize.eu/public/content/leaflet/v3?storeId=583,,2026-10-07T05:30:53+02:00
Albert,Trvanlivé,albert-583-27636756,Fjk tuňák celý 2x60g oliv.olej 120 g,fjk_tunak_cely_2x60g_oliv_olej,49.9,82.9,Kč,49.9 Kč / 120 g,415.83,,False,,,-39%,2026-10-07 - 2026-10-13,https://albertloyaltycz-albert-service-app-prod.delhaize.eu/public/content/leaflet/v3?storeId=583,,2026-10-07T05:30:53+02:00
Albert,Trvanlivé,albert-583-27450178,Fjk tuňák steak oliv.olej150g,fjk_tunak_steak_oliv_olej150g,38.9,89.9,Kč,38.9 Kč / 150 g,259.33,,False,,,,2026-10-07 - 2026-10-13,https://albertloyaltycz-albert-service-app-prod.delhaize.eu/public/content/leaflet/v3?storeId=583,,2026-10-07T05:30:53+02:00
Albert,Mléčné a chlazené,albert-583-27353721,Florian active drink mix 320g,florian_active_drink_mix,17.9,29.9,Kč,17.9 Kč / 320 g,55.94,,False,,,-40%,2026-10-07 - 2026-10-13,https://albertloyaltycz-albert-service-app-prod.delhaize.eu/public/content/leaflet/v3?storeId=583,,2026-10-07T05:30:53+02:00
Albert,Mléčné a chlazené,albert-583-25057225,Florian lahod.jog.malina 150g,florian_lahod_jog_malina,7.9,15.9,Kč,7.9 Kč / 150 g,52.67,,False,,,-50%,2026-10-07 - 2026-10-13,https://albertloyaltycz-albert-service-app-prod.delhaize.eu/public/content/leaflet/v3?storeId=583,,2026-10-07T05:30:53+02:00
Tesco,Pečivo,587799,Focaccia Polo 240 g,focaccia_polo,44.9,59.87,Kč,"18,71 Kč / 100 g",187.1,,True,Clubcard,44.9,-25% Clubcard platí do úterý 13. 10.,2026-10-07 - 2026-10-13,https://www.kupi.cz/letak/tesco-hypermarket-letak-370?page=18&map=216580434,https://www.kupi.cz/img/no_img/no_discounts.png,2026-10-07T05:31:46+02:00
Albert,Uzeniny a lahůdky,albert-583-23363861,Francouzská paštika 100 g,francouzska_pastika,16.9,18.9,Kč,16.9 Kč / 100 g,169.0,,False,,,-10%,2026-10-07 - 2026-10-13,https://albertloyaltycz-albert-service-app-prod.delhaize.eu/public/content/leaflet/v3?storeId=583,,2026-10-07T05:30:53+02:00
Albert,Trvanlivé,albert-583-26581842,Franz Josef Kaiser boloňská omáčka 370 ml,franz_josef_kaiser_bolonska_omacka,39.9,73.9,Kč,39.9 Kč / 370 ml,,,False,,,,2026-10-07 - 2026-10-13,https://albertloyaltycz-albert-service-app-prod.delhaize.eu/public/content/leaflet/v3?storeId=583,https://albertloyaltycz-albert-service-app-prod.delhaize.eu/public/minio/images-products/26581842,2026-10-07T05:30:53+02:00
Albert,Trvanlivé,albert-583-25643008,Franz Josef Kaiser olivy černé bez pecek 130 g,franz_josef_kaiser_olivy_cerne_bez_pecek,29.9,34.9,Kč,29.9 Kč / 130 g,230.0,,True,Můj Albert,29.9,-14% Můj Albert,2026-10-07 - 2026-10-13,https://albertloyaltycz-albert-service-app-prod.delhaize.eu/public/content/leaflet/v3?storeId=583,https://albertloyaltycz-albert-service-app-prod.delhaize.eu/public/minio/images-products/25643008,2026-10-07T05:30:53+02:00
Albert,Trvanlivé,albert-583-25643008,Franz Josef Kaiser olivy černé bez pecek 130 g,franz_josef_kaiser_olivy_cerne_bez_pecek,34.9,34.9,Kč,34.9 Kč / 130 g,268.46,,False,,,,2026-10-07 - 2026-10-13,https://albertloyaltycz-albert-service-app-prod.delhaize.eu/public/content/leaflet/v3?storeId=583,https://albertloyaltycz-albert-service-app-prod.delhaize.eu/public/minio/images-products/25643008,2026-10-07T05:30:53+02:00
Albert,Trvanlivé,albert-583-26275215,Franz Josef Kaiser sardelová očka s kapary 27 g,franz_josef_kaiser_sardelova_ocka_s_kapary,44.9,69.9,Kč,44.9 Kč / 27 g,1662.96,,False,,,,2026-10-07 - 2026-10-13,https://albertloyaltycz-albert-service-app-prod.delhaize.eu/public/content/leaflet/v3?storeId=583,https://albertloyaltycz-albert-service-app-prod.delhaize.eu/public/minio/images-products/26275215,2026-10-07T05:30:53+02:00
Albert,Trvanlivé,albert-583-27901908,Franz Josef Kaiser tuňák celý ve vlastní šťávě 112 g,franz_josef_kaiser_tunak_cely_ve_vlastni_stave,49.9,82.9,Kč,49.9 Kč / 112 g,445.54,,False,,,-39%,2026-10-07 - 2026-10-13,https://albertloyaltycz-albert-service-app-prod.delhaize.eu/public/content/leaflet/v3?storeId=583,https://albertloyaltycz-albert-service-app-prod.delhaize.eu/public/minio/images-products/27901908,2026-10-07T05:30:53+02:00
Albert,Trvanlivé,albert-583-27123546,Franz Josef Kaiser tuňák steak ve vlastní šťávě 120 g,franz_josef_kaiser_tunak_steak_ve_vlastni_stave,38.9,89.9,Kč,38.9 Kč / 120 g,324.17,,True,Můj Albert,38.9,Můj Albert,2026-10-07 - 2026-10-13,https://albertloyaltycz-albert-service-app-prod.delhaize.eu/public/content/leaflet/v3?storeId=583,https://albertloyaltycz-albert-service-app-prod.delhaize.eu/public/minio/images-products/27123546,2026-10-07T05:30:53+02:00
Albert,Trvanlivé,albert-583-27123546,Franz Josef Kaiser tuňák steak ve vlastní šťávě 120 g,franz_josef_kaiser_tunak_steak_ve_vlastni_stave,44.9,89.9,Kč,44.9 Kč / 120 g,374.17,,False,,,,2026-10-07 - 2026-10-13,https://albertloyaltycz-albert-service-app-prod.delhaize.eu/public/content/leaflet/v3?storeId=583,https://albertloyaltycz-albert-service-app-prod.delhaize.eu/public/minio/images-products/27123546,2026-10-07T05:30:53+02:00
Albert,Trvanlivé,albert-583-27125168,Franz Josef Kaiser tuňákový salát Mexiko 160 g,franz_josef_kaiser_tunakovy_salat_mexiko,39.9,89.9,Kč,39.9 Kč / 160 g,249.38,,True,Můj Albert,39.9,Můj Albert,2026-10-07 - 2026-10-13,https://albertloyaltycz-albert-service-app-prod.delhaize.eu/public/content/leaflet/v3?storeId=583,https://albertloyaltycz-albert-service-app-prod.delhaize.eu/public/minio/images-products/27125168,2026-10-07T05:30:53+02:00
Albert,Trvanlivé,albert-583-27125168,Franz Josef Kaiser tuňákový salát Mexiko 160 g,franz_josef_kaiser_tunakovy_salat_mexiko,44.9,89.9,Kč,44.9 Kč / 160 g,280.62,,False,,,,2026-10-07 - 2026-10-13,https://albertloyaltycz-albert-service-app-prod.delhaize.eu/public/content/leaflet/v3?storeId=583,https://albertloyaltycz-albert-service-app-prod.delhaize.eu/public/minio/images-products/27125168,2026-10-07T05:30:53+02:00
Albert,Trvanlivé,albert-583-24542234,Franz Josef olivový olej extra panenský 0.5 l,franz_josef_olivovy_olej_extra_panensky,139.9,299.0,Kč,139.9 Kč / 0.5 l,,,False,,,,2026-10-07 - 2026-10-13,https://albertloyaltycz-albert-service-app-prod.delhaize.eu/public/content/leaflet/v3?storeId=583,https://albertloyaltycz-albert-service-app-prod.delhaize.eu/public/minio/images-products/24542234,2026-10-07T05:30:53+02:00
Albert,Tržnice u Alberta,albert-583-28052081,Fresh Bistro omeleta se zeleninou 250 g,fresh_bistro_omeleta_se_zeleninou,54.9,64.9,Kč,54.9 Kč / 250 g,219.6,,False,,,-15%,2026-10-07 - 2026-10-13,https://albertloyaltycz-albert-service-app-prod.delhaize.eu/public/content/leaflet/v3?storeId=583,https://albertloyaltycz-albert-service-app-prod.delhaize.eu/public/minio/images-products/28052081,2026-10-07T05:30:53+02:00
Albert,Nápoje,albert-583-28114154,"Frisco les.ov. 0,33l 330 ml",frisco_les_ov,17.9,25.9,Kč,17.9 Kč / 330 ml,,,False,,,,2026-10-07 - 2026-10-13,https://albertloyaltycz-albert-service-app-prod.delhaize.eu/public/content/leaflet/v3?storeId=583,,2026-10-07T05:30:53+02:00
Albert,Nápoje,albert-583-28114352,Frisco mango a limetka 330 ml,frisco_mango_a_limetka,17.9,25.9,Kč,17.9 Kč / 330 ml,,,False,,,,2026-10-07 - 2026-10-13,https://albertloyaltycz-albert-service-app-prod.delhaize.eu/public/content/leaflet/v3?storeId=583,https://albertloyaltycz-albert-service-app-prod.delhaize.eu/public/minio/images-products/28114352,2026-10-07T05:30:53+02:00
Albert,Nápoje,albert-583-28114369,"Frisco moj. ja.0,33l 330 ml",frisco_moj_ja,17.9,25.9,Kč,17.9 Kč / 330 ml,,,False,,,,2026-10-07 - 2026-10-13,https://albertloyaltycz-albert-service-app-prod.delhaize.eu/public/content/leaflet/v3?storeId=583,,2026-10-07T05:30:53+02:00
Billa,Alkohol,299918,Frizzante Bianco Con-tré 0.75 l,frizzante_bianco_con_tre,89.9,,Kč,"119,87 Kč / 1 l",,,False,,,platí do úterý 20. 10.,2026-10-07 - 2026-10-20,https://www.kupi.cz/letak/billa-letak-italie-u-vas-doma?page=14&map=215641680,https://img.kupi.cz/kupi/thumbs/frizzante-bianco-con-tre_170_340.jpg,2026-10-07T05:31:36+02:00
Albert,Nápoje,albert-583-28026907,"Frizzante bianco secco 0,75l",frizzante_bianco_secco,49.9,69.9,Kč,49.9 Kč / 0.75 l,,,False,,,,2026-10-07 - 2026-10-13,https://albertloyaltycz-albert-service-app-prod.delhaize.eu/public/content/leaflet/v3?storeId=583,,2026-10-07T05:30:53+02:00
Billa,Alkohol,526980,Frizzante Zámecké vinařství Bzenec 0.75 l,frizzante_zamecke_vinarstvi_bzenec,99.9,,Kč,"133,20 Kč / 1 l",,,False,,,platí do úterý 13. 10.,2026-10-07 - 2026-10-13,https://www.kupi.cz/letak/billa-velky-letak-292?page=29&map=216583143,https://img.kupi.cz/kupi/thumbs/frizzante-zamecke-vinarstvi-bzenec_170_340.png,2026-10-07T05:31:37+02:00
Albert,Trvanlivé,albert-583-23604636,Fudo rýžové těst.-spirály 200g,fudo_ryzove_test_spiraly,27.9,32.9,Kč,27.9 Kč / 200 g,139.5,,False,,,-15%,2026-10-07 - 2026-10-13,https://albertloyaltycz-albert-service-app-prod.delhaize.eu/public/content/leaflet/v3?storeId=583,,2026-10-07T05:30:53+02:00
Albert,Mléčné a chlazené,albert-583-21712784,Galbani mascarpone 250g,galbani_mascarpone,74.9,99.9,Kč,74.9 Kč / 250 g,299.6,,False,,,-25%,2026-10-07 - 2026-10-13,https://albertloyaltycz-albert-service-app-prod.delhaize.eu/public/content/leaflet/v3?storeId=583,,2026-10-07T05:30:53+02:00
Albert,Mléčné a chlazené,albert-583-21712746,Galbani Mozzarella 125 g,galbani_mozzarella,23.9,40.9,Kč,23.9 Kč / 125 g,191.2,,True,Můj Albert,23.9,-41% Můj Albert,2026-10-07 - 2026-10-13,https://albertloyaltycz-albert-service-app-prod.delhaize.eu/public/content/leaflet/v3?storeId=583,https://albertloyaltycz-albert-service-app-prod.delhaize.eu/public/minio/images-products/21712746,2026-10-07T05:30:53+02:00
Albert,Mléčné a chlazené,albert-583-21712746,Galbani Mozzarella 125 g,galbani_mozzarella,25.9,40.9,Kč,25.9 Kč / 125 g,207.2,,False,,,-36%,2026-10-07 - 2026-10-13,https://albertloyaltycz-albert-service-app-prod.delhaize.eu/public/content/leaflet/v3?storeId=583,https://albertloyaltycz-albert-service-app-prod.delhaize.eu/public/minio/images-products/21712746,2026-10-07T05:30:53+02:00
Albert,Mléčné a chlazené,albert-583-25416886,Galbani mozzarella light 125g,galbani_mozzarella_light,23.9,40.9,Kč,23.9 Kč / 125 g,191.2,,False,,,-41%,2026-10-07 - 2026-10-13,https://albertloyaltycz-albert-service-app-prod.delhaize.eu/public/content/leaflet/v3?storeId=583,,2026-10-07T05:30:53+02:00
Albert,Mléčné a chlazené,albert-583-25379112,Galbani mozzarella mini 150g,galbani_mozzarella_mini,37.9,51.9,Kč,37.9 Kč / 150 g,252.67,,False,,,-26%,2026-10-07 - 2026-10-13,https://albertloyaltycz-albert-service-app-prod.delhaize.eu/public/content/leaflet/v3?storeId=583,,2026-10-07T05:30:53+02:00
Albert,Nápoje,albert-583-20959173,"Gambrinus orig. 10° 0,5l pl 0.5 l",gambrinus_orig_pl,16.9,22.9,Kč,16.9 Kč / 0.5 l,,,False,,,,2026-10-07 - 2026-10-13,https://albertloyaltycz-albert-service-app-prod.delhaize.eu/public/content/leaflet/v3?storeId=583,,2026-10-07T05:30:53+02:00
Albert,Nápoje,albert-583-25220346,Gambrinus Original světlé výčepní 10 3 l,gambrinus_original_svetle_vycepni,95.9,134.9,Kč,95.9 Kč / 3 l,,,False,,,,2026-10-07 - 2026-10-13,https://albertloyaltycz-albert-service-app-prod.delhaize.eu/public/content/leaflet/v3?storeId=583,https://albertloyaltycz-albert-service-app-prod.delhaize.eu/public/minio/images-products/25220346,2026-10-07T05:30:53+02:00
Albert,Uzeniny a lahůdky,albert-583-27334379,Garden Gourmet řízek veganský 180 g,garden_gourmet_rizek_vegansky,69.9,94.9,Kč,69.9 Kč / 180 g,388.33,,False,,,-26%,2026-10-07 - 2026-10-13,https://albertloyaltycz-albert-service-app-prod.delhaize.eu/public/content/leaflet/v3?storeId=583,https://albertloyaltycz-albert-service-app-prod.delhaize.eu/public/minio/images-products/27334379,2026-10-07T05:30:53+02:00
Tesco,Mléčné výrobky a vejce,586224,Gazdovský bílý sýr Agrofarma Červený Kameň 100 g,gazdovsky_bily_syr_agrofarma_cerveny_kamen,27.9,34.87,Kč,"27,90 Kč / 100 g",279.0,,True,Clubcard,27.9,-20% Clubcard platí do úterý 27. 10.,2026-10-07 - 2026-10-27,https://www.kupi.cz/letak/tesco-hypermarket-znacky-ktere-mate-radi-2?page=5&map=215326848,https://www.kupi.cz/img/no_img/no_discounts.png,2026-10-07T05:31:53+02:00
Albert,Nápoje,albert-583-26786599,Gemerka minerální voda jemně perlivá 1.5 l,gemerka_mineralni_voda_jemne_perliva,11.9,17.9,Kč,11.9 Kč / 1.5 l,,,False,,,,2026-10-07 - 2026-10-13,https://albertloyaltycz-albert-service-app-prod.delhaize.eu/public/content/leaflet/v3?storeId=583,https://albertloyaltycz-albert-service-app-prod.delhaize.eu/public/minio/images-products/26786599,2026-10-07T05:30:53+02:00
Albert,Nápoje,albert-583-27442319,"Gemerka neperlivá 1,5l",gemerka_neperliva,11.9,17.9,Kč,11.9 Kč / 1.5 l,,,False,,,,2026-10-07 - 2026-10-13,https://albertloyaltycz-albert-service-app-prod.delhaize.eu/public/content/leaflet/v3?storeId=583,,2026-10-07T05:30:53+02:00
Albert,Nápoje,albert-583-28141358,"Gemerka pro antiox 0,75l",gemerka_pro_antiox,19.9,29.9,Kč,19.9 Kč / 0.75 l,,,False,,,-33%,2026-10-07 - 2026-10-13,https://albertloyaltycz-albert-service-app-prod.delhaize.eu/public/content/leaflet/v3?storeId=583,,2026-10-07T05:30:53+02:00
Albert,Nápoje,albert-583-28004035,Gemerka Pro Imunita 0.75 l,gemerka_pro_imunita,19.9,29.9,Kč,19.9 Kč / 0.75 l,,,False,,,,2026-10-07 - 2026-10-13,https://albertloyaltycz-albert-service-app-prod.delhaize.eu/public/content/leaflet/v3?storeId=583,https://albertloyaltycz-albert-service-app-prod.delhaize.eu/public/minio/images-products/28004035,2026-10-07T05:30:53+02:00
Albert,Nápoje,albert-583-28004028,"Gemerka pro vitalita 0,75l",gemerka_pro_vitalita,19.9,29.9,Kč,19.9 Kč / 0.75 l,,,False,,,,2026-10-07 - 2026-10-13,https://albertloyaltycz-albert-service-app-prod.delhaize.eu/public/content/leaflet/v3?storeId=583,,2026-10-07T05:30:53+02:00
Albert,Mléčné a chlazené,albert-583-25871562,Gervais fit light 80g,gervais_fit_light,19.9,29.9,Kč,19.9 Kč / 80 g,248.75,,False,,,-33%,2026-10-07 - 2026-10-13,https://albertloyaltycz-albert-service-app-prod.delhaize.eu/public/content/leaflet/v3?storeId=583,,2026-10-07T05:30:53+02:00
Albert,Mléčné a chlazené,albert-583-21870798,Gervais Original 80 g,gervais_original,19.9,29.9,Kč,19.9 Kč / 80 g,248.75,,True,Můj Albert,19.9,-33% Můj Albert,2026-10-07 - 2026-10-13,https://albertloyaltycz-albert-service-app-prod.delhaize.eu/public/content/leaflet/v3?storeId=583,https://albertloyaltycz-albert-service-app-prod.delhaize.eu/public/minio/images-products/21870798,2026-10-07T05:30:53+02:00
Albert,Mléčné a chlazené,albert-583-21870798,Gervais Original 80 g,gervais_original,22.9,29.9,Kč,22.9 Kč / 80 g,286.25,,False,,,-23%,2026-10-07 - 2026-10-13,https://albertloyaltycz-albert-service-app-prod.delhaize.eu/public/content/leaflet/v3?storeId=583,https://albertloyaltycz-albert-service-app-prod.delhaize.eu/public/minio/images-products/21870798,2026-10-07T05:30:53+02:00
Albert,Mléčné a chlazené,albert-583-21870781,Gervais pažitka 80 g,gervais_pazitka,19.9,29.9,Kč,19.9 Kč / 80 g,248.75,,False,,,-33%,2026-10-07 - 2026-10-13,https://albertloyaltycz-albert-service-app-prod.delhaize.eu/public/content/leaflet/v3?storeId=583,,2026-10-07T05:30:53+02:00
Albert,Mléčné a chlazené,albert-583-25581331,Gervais ředkvička/pažitka 80g,gervais_redkvicka_pazitka,19.9,29.9,Kč,19.9 Kč / 80 g,248.75,,False,,,-33%,2026-10-07 - 2026-10-13,https://albertloyaltycz-albert-service-app-prod.delhaize.eu/public/content/leaflet/v3?storeId=583,,2026-10-07T05:30:53+02:00
Albert,Uzeniny a lahůdky,albert-583-27918050,Gg mini burger s brok 198g,gg_mini_burger_s_brok,69.9,99.9,Kč,69.9 Kč / 198 g,353.03,,False,,,-30%,2026-10-07 - 2026-10-13,https://albertloyaltycz-albert-service-app-prod.delhaize.eu/public/content/leaflet/v3?storeId=583,,2026-10-07T05:30:53+02:00
Albert,Uzeniny a lahůdky,albert-583-28164760,Gg nudličky opečené vegan175 g,gg_nudlicky_opecene_vegan175_g,69.9,94.9,Kč,69.9 Kč / 175 g,399.43,,False,,,-26%,2026-10-07 - 2026-10-13,https://albertloyaltycz-albert-service-app-prod.delhaize.eu/public/content/leaflet/v3?storeId=583,,2026-10-07T05:30:53+02:00
Albert,Uzeniny a lahůdky,albert-583-28164777,Gg nugetky se sýrem veget.180g,gg_nugetky_se_syrem_veget,69.9,99.9,Kč,69.9 Kč / 180 g,388.33,,False,,,-30%,2026-10-07 - 2026-10-13,https://albertloyaltycz-albert-service-app-prod.delhaize.eu/public/content/leaflet/v3?storeId=583,,2026-10-07T05:30:53+02:00
Albert,Uzeniny a lahůdky,albert-583-27886953,Gg vegan burger 150g,gg_vegan_burger,69.9,94.9,Kč,69.9 Kč / 150 g,466.0,,False,,,-26%,2026-10-07 - 2026-10-13,https://albertloyaltycz-albert-service-app-prod.delhaize.eu/public/content/leaflet/v3?storeId=583,,2026-10-07T05:30:53+02:00
Albert,Uzeniny a lahůdky,albert-583-27334362,Gg vegan kuličky 200g,gg_vegan_kulicky,69.9,99.9,Kč,69.9 Kč / 200 g,349.5,,False,,,-30%,2026-10-07 - 2026-10-13,https://albertloyaltycz-albert-service-app-prod.delhaize.eu/public/content/leaflet/v3?storeId=583,,2026-10-07T05:30:53+02:00
Albert,Uzeniny a lahůdky,albert-583-27636794,Gg veganské nugetky 200g,gg_veganske_nugetky,69.9,99.9,Kč,69.9 Kč / 200 g,349.5,,False,,,-30%,2026-10-07 - 2026-10-13,https://albertloyaltycz-albert-service-app-prod.delhaize.eu/public/content/leaflet/v3?storeId=583,,2026-10-07T05:30:53+02:00
Albert,Uzeniny a lahůdky,albert-583-27988794,Gg veget.špenát-sýr řízek 180g,gg_veget_spenat_syr_rizek,69.9,99.9,Kč,69.9 Kč / 180 g,388.33,,False,,,-30%,2026-10-07 - 2026-10-13,https://albertloyaltycz-albert-service-app-prod.delhaize.eu/public/content/leaflet/v3?storeId=583,,2026-10-07T05:30:53+02:00
Albert,Trvanlivé,albert-583-26479934,Giana cizrna sl.nalev 400/240g,giana_cizrna_sl_nalev,19.9,32.9,Kč,19.9 Kč / 240 g,82.92,,False,,,,2026-10-07 - 2026-10-13,https://albertloyaltycz-albert-service-app-prod.delhaize.eu/public/content/leaflet/v3?storeId=583,,2026-10-07T05:30:53+02:00
Albert,Trvanlivé,albert-583-25643053,Giana fazole bílé 400 g 240 g,giana_fazole_bile,21.9,39.9,Kč,21.9 Kč / 240 g,91.25,,False,,,,2026-10-07 - 2026-10-13,https://albertloyaltycz-albert-service-app-prod.delhaize.eu/public/content/leaflet/v3?storeId=583,,2026-10-07T05:30:53+02:00
Albert,Trvanlivé,albert-583-25643039,Giana fazole borlotti 400/240g,giana_fazole_borlotti,21.9,35.9,Kč,21.9 Kč / 240 g,91.25,,False,,,,2026-10-07 - 2026-10-13,https://albertloyaltycz-albert-service-app-prod.delhaize.eu/public/content/leaflet/v3?storeId=583,,2026-10-07T05:30:53+02:00
Albert,Trvanlivé,albert-583-23157743,Giana fazole červené 240 g,giana_fazole_cervene,21.9,39.9,Kč,21.9 Kč / 240 g,91.25,,False,,,,2026-10-07 - 2026-10-13,https://albertloyaltycz-albert-service-app-prod.delhaize.eu/public/content/leaflet/v3?storeId=583,https://albertloyaltycz-albert-service-app-prod.delhaize.eu/public/minio/images-products/23157743,2026-10-07T05:30:53+02:00
Albert,Trvanlivé,albert-583-23157736,Giana fazole tomat.om. 410g,giana_fazole_tomat_om,21.9,39.9,Kč,21.9 Kč / 410 g,53.41,,False,,,,2026-10-07 - 2026-10-13,https://albertloyaltycz-albert-service-app-prod.delhaize.eu/public/content/leaflet/v3?storeId=583,,2026-10-07T05:30:53+02:00
Albert,Trvanlivé,albert-583-23157767,Giana hrách slan.nálev 400/240 240 g,giana_hrach_slan_nalev,15.9,27.5,Kč,15.9 Kč / 240 g,66.25,,False,,,,2026-10-07 - 2026-10-13,https://albertloyaltycz-albert-service-app-prod.delhaize.eu/public/content/leaflet/v3?storeId=583,,2026-10-07T05:30:53+02:00
Albert,Trvanlivé,albert-583-23158726,Giana ovocný koktejl 410/240g,giana_ovocny_koktejl,29.9,49.9,Kč,29.9 Kč / 240 g,124.58,,False,,,,2026-10-07 - 2026-10-13,https://albertloyaltycz-albert-service-app-prod.delhaize.eu/public/content/leaflet/v3?storeId=583,,2026-10-07T05:30:53+02:00
Albert,Trvanlivé,albert-583-23532656,Giana švestky 680/385g,giana_svestky,39.9,59.9,Kč,39.9 Kč / 385 g,103.64,,False,,,,2026-10-07 - 2026-10-13,https://albertloyaltycz-albert-service-app-prod.delhaize.eu/public/content/leaflet/v3?storeId=583,,2026-10-07T05:30:53+02:00
Albert,Trvanlivé,albert-583-25891201,Giana tuňák kousky v nálevu 56 g,giana_tunak_kousky_v_nalevu,22.9,39.9,Kč,22.9 Kč / 56 g,408.93,,False,,,,2026-10-07 - 2026-10-13,https://albertloyaltycz-albert-service-app-prod.delhaize.eu/public/content/leaflet/v3?storeId=583,https://albertloyaltycz-albert-service-app-prod.delhaize.eu/public/minio/images-products/25891201,2026-10-07T05:30:53+02:00
Albert,Trvanlivé,albert-583-22894755,Giana tuňákový salát Mexico 185 g,giana_tunakovy_salat_mexico,29.9,34.9,Kč,29.9 Kč / 185 g,161.62,,True,Můj Albert,29.9,-14% Můj Albert,2026-10-07 - 2026-10-13,https://albertloyaltycz-albert-service-app-prod.delhaize.eu/public/content/leaflet/v3?storeId=583,https://albertloyaltycz-albert-service-app-prod.delhaize.eu/public/minio/images-products/22894755,2026-10-07T05:30:53+02:00
Albert,Trvanlivé,albert-583-22894755,Giana tuňákový salát Mexico 185 g,giana_tunakovy_salat_mexico,34.9,34.9,Kč,34.9 Kč / 185 g,188.65,,False,,,,2026-10-07 - 2026-10-13,https://albertloyaltycz-albert-service-app-prod.delhaize.eu/public/content/leaflet/v3?storeId=583,https://albertloyaltycz-albert-service-app-prod.delhaize.eu/public/minio/images-products/22894755,2026-10-07T05:30:53+02:00
Tesco,Alkohol,42118,Gin Gibson's 0.7 l,gin_gibson_s,279.9,368.29,Kč,"399,86 Kč / 1 l",,,True,Clubcard,279.9,-24% Clubcard platí do úterý 13. 10.,2026-10-07 - 2026-10-13,https://www.kupi.cz/letaky/tesco,https://img.kupi.cz/kupi/thumbs/gin-gibson-s_170_340.jpg,2026-10-07T05:32:26+02:00
Albert,Nápoje,albert-583-25922660,"Gold asconi cabernet 0,75l",gold_asconi_cabernet,89.9,109.9,Kč,89.9 Kč / 0.75 l,,,False,,,,2026-10-07 - 2026-10-13,https://albertloyaltycz-albert-service-app-prod.delhaize.eu/public/content/leaflet/v3?storeId=583,,2026-10-07T05:30:53+02:00
Albert,Trvanlivé,albert-583-28135227,Goldfish bigsters orient.80g,goldfish_bigsters_orient,16.9,21.9,Kč,16.9 Kč / 80 g,211.25,,False,,,,2026-10-07 - 2026-10-13,https://albertloyaltycz-albert-service-app-prod.delhaize.eu/public/content/leaflet/v3?storeId=583,,2026-10-07T05:30:53+02:00
Albert,Trvanlivé,albert-583-28135241,Goldfish Bigsters sezam 80 g,goldfish_bigsters_sezam,16.9,21.9,Kč,16.9 Kč / 80 g,211.25,,False,,,,2026-10-07 - 2026-10-13,https://albertloyaltycz-albert-service-app-prod.delhaize.eu/public/content/leaflet/v3?storeId=583,https://albertloyaltycz-albert-service-app-prod.delhaize.eu/public/minio/images-products/28135241,2026-10-07T05:30:53+02:00
Albert,Trvanlivé,albert-583-28135234,Goldfish bigsters sůl 80g,goldfish_bigsters_sul,16.9,21.9,Kč,16.9 Kč / 80 g,211.25,,False,,,,2026-10-07 - 2026-10-13,https://albertloyaltycz-albert-service-app-prod.delhaize.eu/public/content/leaflet/v3?storeId=583,,2026-10-07T05:30:53+02:00
Albert,Nápoje,albert-583-21609268,"Gordon's Dry Gin 37,5% 0.7 l",gordon_s_dry_gin,349.0,489.0,Kč,349 Kč / 0.7 l,,,False,,,,2026-10-07 - 2026-10-13,https://albertloyaltycz-albert-service-app-prod.delhaize.eu/public/content/leaflet/v3?storeId=583,https://albertloyaltycz-albert-service-app-prod.delhaize.eu/public/minio/images-products/21609268,2026-10-07T05:30:53+02:00
Albert,Nápoje,albert-583-26995489,"Gordon's Premium Pink Gin 37,5% 0.7 l",gordon_s_premium_pink_gin,349.0,489.0,Kč,349 Kč / 0.7 l,,,False,,,,2026-10-07 - 2026-10-13,https://albertloyaltycz-albert-service-app-prod.delhaize.eu/public/content/leaflet/v3?storeId=583,https://albertloyaltycz-albert-service-app-prod.delhaize.eu/public/minio/images-products/26995489,2026-10-07T05:30:53+02:00
Albert,Uzeniny a lahůdky,albert-583-20454081,*gothaj 100 g,gothaj,13.9,15.9,Kč,13.9 Kč / 100 g,139.0,,False,,,-12%,2026-10-07 - 2026-10-13,https://albertloyaltycz-albert-service-app-prod.delhaize.eu/public/content/leaflet/v3?storeId=583,,2026-10-07T05:30:53+02:00
Albert,Mléčné a chlazené,albert-583-22424433,Gran moravia gr.fres.str.100g,gran_moravia_gr_fres_str,59.9,74.9,Kč,59.9 Kč / 100 g,599.0,,False,,,-20%,2026-10-07 - 2026-10-13,https://albertloyaltycz-albert-service-app-prod.delhaize.eu/public/content/leaflet/v3?storeId=583,,2026-10-07T05:30:53+02:00
Albert,Mléčné a chlazené,albert-583-25580433,Gran Moravia porce 100 g,gran_moravia_porce,49.9,69.9,Kč,49.9 Kč / 100 g,499.0,,True,Můj Albert,49.9,-28% Můj Albert,2026-10-07 - 2026-10-13,https://albertloyaltycz-albert-service-app-prod.delhaize.eu/public/content/leaflet/v3?storeId=583,https://albertloyaltycz-albert-service-app-prod.delhaize.eu/public/minio/images-products/25580433,2026-10-07T05:30:53+02:00
Albert,Mléčné a chlazené,albert-583-25580433,Gran Moravia porce 100 g,gran_moravia_porce,54.9,69.9,Kč,54.9 Kč / 100 g,549.0,,False,,,-21%,2026-10-07 - 2026-10-13,https://albertloyaltycz-albert-service-app-prod.delhaize.eu/public/content/leaflet/v3?storeId=583,https://albertloyaltycz-albert-service-app-prod.delhaize.eu/public/minio/images-products/25580433,2026-10-07T05:30:53+02:00
Albert,Mléčné a chlazené,albert-583-23135178,Gran moravia strouhaný 60 g,gran_moravia_strouhany,39.9,59.9,Kč,39.9 Kč / 60 g,665.0,,False,,,-33%,2026-10-07 - 2026-10-13,https://albertloyaltycz-albert-service-app-prod.delhaize.eu/public/content/leaflet/v3?storeId=583,,2026-10-07T05:30:53+02:00
Albert,Trvanlivé,albert-583-27622919,Granko instantní kakaový nápoj 200 g,granko_instantni_kakaovy_napoj,69.9,99.9,Kč,69.9 Kč / 200 g,349.5,,False,,,,2026-10-07 - 2026-10-13,https://albertloyaltycz-albert-service-app-prod.delhaize.eu/public/content/leaflet/v3?storeId=583,https://albertloyaltycz-albert-service-app-prod.delhaize.eu/public/minio/images-products/27622919,2026-10-07T05:30:53+02:00
Tesco,Zdravá výživa,586269,Granola ovesná The Beginnings 200 g,granola_ovesna_the_beginnings,98.9,109.89,Kč,"49,45 Kč / 100 g",494.5,,True,Clubcard,98.9,-10% Clubcard platí do úterý 27. 10.,2026-10-07 - 2026-10-27,https://www.kupi.cz/letak/tesco-hypermarket-znacky-ktere-mate-radi-2?page=21&map=215327997,https://www.kupi.cz/img/no_img/no_discounts.png,2026-10-07T05:32:19+02:00
Albert,Nápoje,albert-583-27419687,Grants Tripple Wood 40% 0.5 l,grants_tripple_wood,199.0,329.0,Kč,199 Kč / 0.5 l,,,False,,,-39%,2026-10-07 - 2026-10-13,https://albertloyaltycz-albert-service-app-prod.delhaize.eu/public/content/leaflet/v3?storeId=583,https://albertloyaltycz-albert-service-app-prod.delhaize.eu/public/minio/images-products/27419687,2026-10-07T05:30:53+02:00
Billa,"Maso, uzeniny a ryby",544086,Guanciale cubi Billa Premium 100 g,guanciale_cubi_premium,44.9,49.89,Kč,"44,90 Kč / 100 g",449.0,,False,,,-10% platí do úterý 20. 10.,2026-10-07 - 2026-10-20,https://www.kupi.cz/letak/billa-letak-italie-u-vas-doma?page=3&map=215641125,https://img.kupi.cz/kupi/thumbs/guanciale-cub-billa-premium_170_340.jpg,2026-10-07T05:31:09+02:00
Albert,Trvanlivé,albert-583-20774882,Gurmán kečup jemný 860g 0.86 kg,gurman_kecup_jemny,77.8,124.9,Kč,77.8 Kč / 0.86 kg,90.47,,False,,,,2026-10-07 - 2026-10-13,https://albertloyaltycz-albert-service-app-prod.delhaize.eu/public/content/leaflet/v3?storeId=583,,2026-10-07T05:30:53+02:00
Albert,Trvanlivé,albert-583-23635425,Gustona řepkový olej 1 l,gustona_repkovy_olej,25.9,44.9,Kč,25.9 Kč / 1 l,,,True,Můj Albert,25.9,Můj Albert,2026-10-07 - 2026-10-13,https://albertloyaltycz-albert-service-app-prod.delhaize.eu/public/content/leaflet/v3?storeId=583,https://albertloyaltycz-albert-service-app-prod.delhaize.eu/public/minio/images-products/23635425,2026-10-07T05:30:53+02:00
Albert,Trvanlivé,albert-583-23635425,Gustona řepkový olej 1 l,gustona_repkovy_olej,32.9,44.9,Kč,32.9 Kč / 1 l,,,False,,,,2026-10-07 - 2026-10-13,https://albertloyaltycz-albert-service-app-prod.delhaize.eu/public/content/leaflet/v3?storeId=583,https://albertloyaltycz-albert-service-app-prod.delhaize.eu/public/minio/images-products/23635425,2026-10-07T05:30:53+02:00
Albert,Nápoje,albert-583-24011723,"Hab.skl. chardonnay 0,75l",hab_skl_chardonnay,89.9,119.9,Kč,89.9 Kč / 0.75 l,,,False,,,,2026-10-07 - 2026-10-13,https://albertloyaltycz-albert-service-app-prod.delhaize.eu/public/content/leaflet/v3?storeId=583,,2026-10-07T05:30:53+02:00
Albert,Nápoje,albert-583-22634160,"Hab.skl. frankovka 0,75l",hab_skl_frankovka,79.9,119.9,Kč,79.9 Kč / 0.75 l,,,False,,,,2026-10-07 - 2026-10-13,https://albertloyaltycz-albert-service-app-prod.delhaize.eu/public/content/leaflet/v3?storeId=583,,2026-10-07T05:30:53+02:00
Albert,Nápoje,albert-583-24223461,"Hab.skl. ryzlink rýnský 0,75l",hab_skl_ryzlink_rynsky,89.9,119.9,Kč,89.9 Kč / 0.75 l,,,False,,,,2026-10-07 - 2026-10-13,https://albertloyaltycz-albert-service-app-prod.delhaize.eu/public/content/leaflet/v3?storeId=583,,2026-10-07T05:30:53+02:00
Albert,Nápoje,albert-583-25380842,"Hab.skl. ryzlink vlašský 0,75l",hab_skl_ryzlink_vlassky,79.9,119.9,Kč,79.9 Kč / 0.75 l,,,False,,,,2026-10-07 - 2026-10-13,https://albertloyaltycz-albert-service-app-prod.delhaize.eu/public/content/leaflet/v3?storeId=583,,2026-10-07T05:30:53+02:00
Albert,Nápoje,albert-583-23487383,"Hab.skl. sauvignon 0,75l",hab_skl_sauvignon,89.9,119.9,Kč,89.9 Kč / 0.75 l,,,False,,,,2026-10-07 - 2026-10-13,https://albertloyaltycz-albert-service-app-prod.delhaize.eu/public/content/leaflet/v3?storeId=583,,2026-10-07T05:30:53+02:00
Albert,Nápoje,albert-583-22634153,"Hab.skl. svatovavřinecké 0,75l",hab_skl_svatovavrinecke,79.9,119.9,Kč,79.9 Kč / 0.75 l,,,False,,,,2026-10-07 - 2026-10-13,https://albertloyaltycz-albert-service-app-prod.delhaize.eu/public/content/leaflet/v3?storeId=583,,2026-10-07T05:30:53+02:00
Albert,Nápoje,albert-583-25931907,"Hab.skl. zweigel. rosé 0,75l",hab_skl_zweigel_rose,79.9,119.9,Kč,79.9 Kč / 0.75 l,,,False,,,,2026-10-07 - 2026-10-13,https://albertloyaltycz-albert-service-app-prod.delhaize.eu/public/content/leaflet/v3?storeId=583,,2026-10-07T05:30:53+02:00
Albert,Nápoje,albert-583-22634177,"Hab.skl. zweigeltrebe 0,75l",hab_skl_zweigeltrebe,79.9,119.9,Kč,79.9 Kč / 0.75 l,,,False,,,,2026-10-07 - 2026-10-13,https://albertloyaltycz-albert-service-app-prod.delhaize.eu/public/content/leaflet/v3?storeId=583,,2026-10-07T05:30:53+02:00
Albert,Nápoje,albert-583-25587067,Habánské sklepy Veltlínské zelené 0.75 l,habanske_sklepy_veltlinske_zelene,79.9,119.9,Kč,79.9 Kč / 0.75 l,,,False,,,,2026-10-07 - 2026-10-13,https://albertloyaltycz-albert-service-app-prod.delhaize.eu/public/content/leaflet/v3?storeId=583,https://albertloyaltycz-albert-service-app-prod.delhaize.eu/public/minio/images-products/25587067,2026-10-07T05:30:53+02:00
Albert,Trvanlivé,albert-583-20318307,"Halls bon. med a citron 33,5g 33 g",halls_bon_med_a_citron,12.9,17.9,Kč,12.9 Kč / 33 g,390.91,,False,,,,2026-10-07 - 2026-10-13,https://albertloyaltycz-albert-service-app-prod.delhaize.eu/public/content/leaflet/v3?storeId=583,,2026-10-07T05:30:53+02:00
Albert,Trvanlivé,albert-583-20317423,"Halls bonbony coolwave 33,5g 33 g",halls_bonbony_coolwave,12.9,17.9,Kč,12.9 Kč / 33 g,390.91,,False,,,,2026-10-07 - 2026-10-13,https://albertloyaltycz-albert-service-app-prod.delhaize.eu/public/content/leaflet/v3?storeId=583,,2026-10-07T05:30:53+02:00
Albert,Trvanlivé,albert-583-24123600,"Halls bonbony fresh lime 33,5g 34 g",halls_bonbony_fresh_lime,12.9,17.9,Kč,12.9 Kč / 34 g,379.41,,False,,,,2026-10-07 - 2026-10-13,https://albertloyaltycz-albert-service-app-prod.delhaize.eu/public/content/leaflet/v3?storeId=583,,2026-10-07T05:30:53+02:00
Albert,Trvanlivé,albert-583-27722824,Halls candy cola suga.free 32g,halls_candy_cola_suga_free,12.9,17.9,Kč,12.9 Kč / 32 g,403.12,,False,,,,2026-10-07 - 2026-10-13,https://albertloyaltycz-albert-service-app-prod.delhaize.eu/public/content/leaflet/v3?storeId=583,,2026-10-07T05:30:53+02:00
Albert,Trvanlivé,albert-583-27300411,"Halls colors 33,5g 34 g",halls_colors,12.9,17.9,Kč,12.9 Kč / 34 g,379.41,,False,,,,2026-10-07 - 2026-10-13,https://albertloyaltycz-albert-service-app-prod.delhaize.eu/public/content/leaflet/v3?storeId=583,,2026-10-07T05:30:53+02:00
Albert,Trvanlivé,albert-583-20317386,Halls Extra Strong bonbony mentolové 33 g,halls_extra_strong_bonbony_mentolove,12.9,17.9,Kč,12.9 Kč / 33 g,390.91,,False,,,,2026-10-07 - 2026-10-13,https://albertloyaltycz-albert-service-app-prod.delhaize.eu/public/content/leaflet/v3?storeId=583,https://albertloyaltycz-albert-service-app-prod.delhaize.eu/public/minio/images-products/20317386,2026-10-07T05:30:53+02:00
Albert,Trvanlivé,albert-583-27902448,Hamé ďábelské tousty 120g,hame_dabelske_tousty,24.9,44.9,Kč,24.9 Kč / 120 g,207.5,,False,,,,2026-10-07 - 2026-10-13,https://albertloyaltycz-albert-service-app-prod.delhaize.eu/public/content/leaflet/v3?storeId=583,,2026-10-07T05:30:53+02:00
Albert,Trvanlivé,albert-583-27902462,Hamé ďábelské tousty 150g,hame_dabelske_tousty,34.9,59.9,Kč,34.9 Kč / 150 g,232.67,,False,,,,2026-10-07 - 2026-10-13,https://albertloyaltycz-albert-service-app-prod.delhaize.eu/public/content/leaflet/v3?storeId=583,,2026-10-07T05:30:53+02:00
Albert,Trvanlivé,albert-583-20787660,Hamé Favorit paštika 120 g,hame_favorit_pastika,24.9,49.9,Kč,24.9 Kč / 120 g,207.5,,False,,,,2026-10-07 - 2026-10-13,https://albertloyaltycz-albert-service-app-prod.delhaize.eu/public/content/leaflet/v3?storeId=583,https://albertloyaltycz-albert-service-app-prod.delhaize.eu/public/minio/images-products/20787660,2026-10-07T05:30:53+02:00
Albert,Trvanlivé,albert-583-21529382,Hamé halali 320/160g,hame_halali,29.9,54.9,Kč,29.9 Kč / 160 g,186.88,,False,,,,2026-10-07 - 2026-10-13,https://albertloyaltycz-albert-service-app-prod.delhaize.eu/public/content/leaflet/v3?storeId=583,,2026-10-07T05:30:53+02:00
Albert,Trvanlivé,albert-583-20747244,Hamé hrášek s karotkou 330/175 175 g,hame_hrasek_s_karotkou,42.9,49.9,Kč,42.9 Kč / 175 g,245.14,,False,,,,2026-10-07 - 2026-10-13,https://albertloyaltycz-albert-service-app-prod.delhaize.eu/public/content/leaflet/v3?storeId=583,,2026-10-07T05:30:53+02:00
Albert,Trvanlivé,albert-583-25925579,Hamé kunovjanka sklo 340/170g,hame_kunovjanka_sklo,33.9,47.9,Kč,33.9 Kč / 170 g,199.41,,False,,,,2026-10-07 - 2026-10-13,https://albertloyaltycz-albert-service-app-prod.delhaize.eu/public/content/leaflet/v3?storeId=583,,2026-10-07T05:30:53+02:00
Albert,Trvanlivé,albert-583-27680421,Hamé luncheon meat kon 300g,hame_luncheon_meat_kon,72.9,125.9,Kč,72.9 Kč / 300 g,243.0,,False,,,,2026-10-07 - 2026-10-13,https://albertloyaltycz-albert-service-app-prod.delhaize.eu/public/content/leaflet/v3?storeId=583,,2026-10-07T05:30:53+02:00
Albert,Trvanlivé,albert-583-20307905,Hamé Májka lahůdkový vepřový krém 48 g,hame_majka_lahudkovy_veprovy_krem,9.9,19.9,Kč,9.9 Kč / 48 g,206.25,,False,,,,2026-10-07 - 2026-10-13,https://albertloyaltycz-albert-service-app-prod.delhaize.eu/public/content/leaflet/v3?storeId=583,https://albertloyaltycz-albert-service-app-prod.delhaize.eu/public/minio/images-products/20307905,2026-10-07T05:30:53+02:00
Albert,Trvanlivé,albert-583-21505195,Hamé Moravanka pikantní sterilovaná zelenina 175 g,hame_moravanka_pikantni_sterilovana_zelenina,33.9,47.9,Kč,33.9 Kč / 175 g,193.71,,False,,,,2026-10-07 - 2026-10-13,https://albertloyaltycz-albert-service-app-prod.delhaize.eu/public/content/leaflet/v3?storeId=583,https://albertloyaltycz-albert-service-app-prod.delhaize.eu/public/minio/images-products/21505195,2026-10-07T05:30:53+02:00
Albert,Trvanlivé,albert-583-21529375,Hamé směs do br.salátu 330/175 175 g,hame_smes_do_br_salatu,29.9,54.9,Kč,29.9 Kč / 175 g,170.86,,False,,,,2026-10-07 - 2026-10-13,https://albertloyaltycz-albert-service-app-prod.delhaize.eu/public/content/leaflet/v3?storeId=583,,2026-10-07T05:30:53+02:00
Albert,Trvanlivé,albert-583-27317242,Hami ml.kaše 7obil.ba.jah.210g,hami_ml_kase_7obil_ba_jah,69.9,96.9,Kč,69.9 Kč / 210 g,332.86,,False,,,,2026-10-07 - 2026-10-13,https://albertloyaltycz-albert-service-app-prod.delhaize.eu/public/content/leaflet/v3?storeId=583,,2026-10-07T05:30:53+02:00
Albert,Trvanlivé,albert-583-27275993,Hami mz makaro.vepř.rajč. 250g,hami_mz_makaro_vepr_rajc,31.9,52.9,Kč,31.9 Kč / 250 g,127.6,,False,,,,2026-10-07 - 2026-10-13,https://albertloyaltycz-albert-service-app-prod.delhaize.eu/public/content/leaflet/v3?storeId=583,,2026-10-07T05:30:53+02:00
Albert,Trvanlivé,albert-583-23890695,Hami zelenina s telecím 250 g,hami_zelenina_s_telecim,31.9,52.9,Kč,31.9 Kč / 250 g,127.6,,False,,,,2026-10-07 - 2026-10-13,https://albertloyaltycz-albert-service-app-prod.delhaize.eu/public/content/leaflet/v3?storeId=583,https://albertloyaltycz-albert-service-app-prod.delhaize.eu/public/minio/images-products/23890695,2026-10-07T05:30:53+02:00
Albert,Nápoje,albert-583-28004080,"Hanácká Kyselka minerální Paměť, jemně perlivá 0.7 l",hanacka_kyselka_mineralni_pamet_jemne_perliva,17.9,24.9,Kč,17.9 Kč / 0.7 l,,,False,,,,2026-10-07 - 2026-10-13,https://albertloyaltycz-albert-service-app-prod.delhaize.eu/public/content/leaflet/v3?storeId=583,https://albertloyaltycz-albert-service-app-prod.delhaize.eu/public/minio/images-products/28004080,2026-10-07T05:30:53+02:00
Albert,Nápoje,albert-583-28113478,"Hanácká kyselka relax 0,7l",hanacka_kyselka_relax,17.9,24.9,Kč,17.9 Kč / 0.7 l,,,False,,,,2026-10-07 - 2026-10-13,https://albertloyaltycz-albert-service-app-prod.delhaize.eu/public/content/leaflet/v3?storeId=583,,2026-10-07T05:30:53+02:00
Albert,Nápoje,albert-583-25300048,"Hanácká vodka 37,5% 0.5 l",hanacka_vodka,119.9,209.0,Kč,119.9 Kč / 0.5 l,,,False,,,,2026-10-07 - 2026-10-13,https://albertloyaltycz-albert-service-app-prod.delhaize.eu/public/content/leaflet/v3?storeId=583,https://albertloyaltycz-albert-service-app-prod.delhaize.eu/public/minio/images-products/25300048,2026-10-07T05:30:53+02:00
Albert,Nápoje,albert-583-28076162,"Heffron coconut 30% 0,5l",heffron_coconut,219.0,339.0,Kč,219 Kč / 0.5 l,,,False,,,,2026-10-07 - 2026-10-13,https://albertloyaltycz-albert-service-app-prod.delhaize.eu/public/content/leaflet/v3?storeId=583,,2026-10-07T05:30:53+02:00
Albert,Nápoje,albert-583-28076193,"Heffron dubai choco.30% 0,5l",heffron_dubai_choco,219.0,339.0,Kč,219 Kč / 0.5 l,,,False,,,,2026-10-07 - 2026-10-13,https://albertloyaltycz-albert-service-app-prod.delhaize.eu/public/content/leaflet/v3?storeId=583,,2026-10-07T05:30:53+02:00
Albert,Nápoje,albert-583-28076179,Heffron Original 35% 0.5 l,heffron_original,219.0,339.0,Kč,219 Kč / 0.5 l,,,False,,,,2026-10-07 - 2026-10-13,https://albertloyaltycz-albert-service-app-prod.delhaize.eu/public/content/leaflet/v3?storeId=583,https://albertloyaltycz-albert-service-app-prod.delhaize.eu/public/minio/images-products/28076179,2026-10-07T05:30:53+02:00
Albert,Nápoje,albert-583-26866970,Heineken světlý ležák 12 0.5 l,heineken_svetly_lezak,19.9,29.9,Kč,19.9 Kč / 0.5 l,,,False,,,,2026-10-07 - 2026-10-13,https://albertloyaltycz-albert-service-app-prod.delhaize.eu/public/content/leaflet/v3?storeId=583,https://albertloyaltycz-albert-service-app-prod.delhaize.eu/public/minio/images-products/26866970,2026-10-07T05:30:53+02:00
Albert,Mléčné a chlazené,albert-583-28106463,Hel.maj.om.čes.250ml,hel_maj_om_ces,59.9,84.9,Kč,59.9 Kč / 250 ml,,,False,,,,2026-10-07 - 2026-10-13,https://albertloyaltycz-albert-service-app-prod.delhaize.eu/public/content/leaflet/v3?storeId=583,,2026-10-07T05:30:53+02:00
Albert,Trvanlivé,albert-583-26741345,Hell. omáčka k masu bbq 250ml,hell_omacka_k_masu_bbq,49.9,71.9,Kč,49.9 Kč / 250 ml,,,False,,,,2026-10-07 - 2026-10-13,https://albertloyaltycz-albert-service-app-prod.delhaize.eu/public/content/leaflet/v3?storeId=583,,2026-10-07T05:30:53+02:00
Albert,Trvanlivé,albert-583-27746660,Hellmann omáčka sweet&sour 250 250 ml,hellmann_omacka_sweet_sour,49.9,69.9,Kč,49.9 Kč / 250 ml,,,False,,,,2026-10-07 - 2026-10-13,https://albertloyaltycz-albert-service-app-prod.delhaize.eu/public/content/leaflet/v3?storeId=583,,2026-10-07T05:30:53+02:00
Albert,Mléčné a chlazené,albert-583-27998205,Hellmann's dresink krémový francouzský 250 ml,hellmann_s_dresink_kremovy_francouzsky,59.9,74.9,Kč,59.9 Kč / 250 ml,,,False,,,,2026-10-07 - 2026-10-13,https://albertloyaltycz-albert-service-app-prod.delhaize.eu/public/content/leaflet/v3?storeId=583,https://albertloyaltycz-albert-service-app-prod.delhaize.eu/public/minio/images-products/27998205,2026-10-07T05:30:53+02:00
Albert,Trvanlivé,albert-583-27874936,Hellmann´s kečup-50%cukru 460g,hellmann_s_kecup_cukru,49.9,64.9,Kč,49.9 Kč / 460 g,108.48,,False,,,-23%,2026-10-07 - 2026-10-13,https://albertloyaltycz-albert-service-app-prod.delhaize.eu/public/content/leaflet/v3?storeId=583,,2026-10-07T05:30:53+02:00
Albert,Mléčné a chlazené,albert-583-28106449,Hellmann's majonézová omáčka lanýž 250 ml,hellmann_s_majonezova_omacka_lanyz,59.9,84.9,Kč,59.9 Kč / 250 ml,,,False,,,,2026-10-07 - 2026-10-13,https://albertloyaltycz-albert-service-app-prod.delhaize.eu/public/content/leaflet/v3?storeId=583,https://albertloyaltycz-albert-service-app-prod.delhaize.eu/public/minio/images-products/28106449,2026-10-07T05:30:53+02:00
Albert,Trvanlivé,albert-583-27874929,Hellmann’s na hranolky 250ml,hellmann_s_na_hranolky,49.9,74.9,Kč,49.9 Kč / 250 ml,,,False,,,,2026-10-07 - 2026-10-13,https://albertloyaltycz-albert-service-app-prod.delhaize.eu/public/content/leaflet/v3?storeId=583,,2026-10-07T05:30:53+02:00
Albert,Trvanlivé,albert-583-27874905,Hellmann´s omáčka česnek 250g 250 ml,hellmann_s_omacka_cesnek,49.9,74.9,Kč,49.9 Kč / 250 ml,,,False,,,,2026-10-07 - 2026-10-13,https://albertloyaltycz-albert-service-app-prod.delhaize.eu/public/content/leaflet/v3?storeId=583,,2026-10-07T05:30:53+02:00
Albert,Trvanlivé,albert-583-26788197,Hellmann's Omáčka k masu Chunky burger 250 ml,hellmann_s_omacka_k_masu_chunky_burger,49.9,71.9,Kč,49.9 Kč / 250 ml,,,False,,,,2026-10-07 - 2026-10-13,https://albertloyaltycz-albert-service-app-prod.delhaize.eu/public/content/leaflet/v3?storeId=583,https://albertloyaltycz-albert-service-app-prod.delhaize.eu/public/minio/images-products/26788197,2026-10-07T05:30:53+02:00
Albert,Trvanlivé,albert-583-27874912,Hellmann’s omáčka samba 250ml 250 g,hellmann_s_omacka_samba,49.9,71.9,Kč,49.9 Kč / 250 g,199.6,,False,,,,2026-10-07 - 2026-10-13,https://albertloyaltycz-albert-service-app-prod.delhaize.eu/public/content/leaflet/v3?storeId=583,,2026-10-07T05:30:53+02:00
Albert,Mléčné a chlazené,albert-583-27477564,Hellmann's Originál majonéza 0.62 l,hellmann_s_original_majoneza,69.9,119.9,Kč,69.9 Kč / 0.62 l,,,False,,,-41%,2026-10-07 - 2026-10-13,https://albertloyaltycz-albert-service-app-prod.delhaize.eu/public/content/leaflet/v3?storeId=583,https://albertloyaltycz-albert-service-app-prod.delhaize.eu/public/minio/images-products/27477564,2026-10-07T05:30:53+02:00
Albert,Mléčné a chlazené,albert-583-27477588,Hellmann's Originál majonéza 210 ml,hellmann_s_original_majoneza,34.9,49.9,Kč,34.9 Kč / 210 ml,,,False,,,,2026-10-07 - 2026-10-13,https://albertloyaltycz-albert-service-app-prod.delhaize.eu/public/content/leaflet/v3?storeId=583,https://albertloyaltycz-albert-service-app-prod.delhaize.eu/public/minio/images-products/27477588,2026-10-07T05:30:53+02:00
Albert,Mléčné a chlazené,albert-583-27477595,Hellmann's Originál majonéza 405 ml,hellmann_s_original_majoneza,49.9,99.9,Kč,49.9 Kč / 405 ml,,,False,,,,2026-10-07 - 2026-10-13,https://albertloyaltycz-albert-service-app-prod.delhaize.eu/public/content/leaflet/v3?storeId=583,https://albertloyaltycz-albert-service-app-prod.delhaize.eu/public/minio/images-products/27477595,2026-10-07T05:30:53+02:00
Albert,Mléčné a chlazené,albert-583-27477625,Hellmann´s tatarská omáč.625ml 0.62 l,hellmann_s_tatarska_omac,69.9,119.9,Kč,69.9 Kč / 0.62 l,,,False,,,-41%,2026-10-07 - 2026-10-13,https://albertloyaltycz-albert-service-app-prod.delhaize.eu/public/content/leaflet/v3?storeId=583,,2026-10-07T05:30:53+02:00
Albert,Mléčné a chlazené,albert-583-27477618,Hellmann's tatarská omáčka 210 ml,hellmann_s_tatarska_omacka,34.9,49.9,Kč,34.9 Kč / 210 ml,,,False,,,,2026-10-07 - 2026-10-13,https://albertloyaltycz-albert-service-app-prod.delhaize.eu/public/content/leaflet/v3?storeId=583,https://albertloyaltycz-albert-service-app-prod.delhaize.eu/public/minio/images-products/27477618,2026-10-07T05:30:53+02:00
Albert,Mléčné a chlazené,albert-583-27477649,Hellmann's tatarská omáčka 405 ml,hellmann_s_tatarska_omacka,49.9,99.9,Kč,49.9 Kč / 405 ml,,,False,,,,2026-10-07 - 2026-10-13,https://albertloyaltycz-albert-service-app-prod.delhaize.eu/public/content/leaflet/v3?storeId=583,https://albertloyaltycz-albert-service-app-prod.delhaize.eu/public/minio/images-products/27477649,2026-10-07T05:30:53+02:00
Albert,Mléčné a chlazené,albert-583-27477663,Hellmann´s yofresh 405ml,hellmann_s_yofresh,54.9,99.9,Kč,54.9 Kč / 405 ml,,,False,,,,2026-10-07 - 2026-10-13,https://albertloyaltycz-albert-service-app-prod.delhaize.eu/public/content/leaflet/v3?storeId=583,,2026-10-07T05:30:53+02:00
Albert,Trvanlivé,albert-583-27616130,Hellmanns burger 430ml,hellmanns_burger,59.9,96.9,Kč,59.9 Kč / 430 ml,,,False,,,,2026-10-07 - 2026-10-13,https://albertloyaltycz-albert-service-app-prod.delhaize.eu/public/content/leaflet/v3?storeId=583,,2026-10-07T05:30:53+02:00
Albert,Trvanlivé,albert-583-28138389,Hellmanns kečup jemný 477 g,hellmanns_kecup_jemny,59.9,66.9,Kč,59.9 Kč / 477 g,125.58,,False,,,-10%,2026-10-07 - 2026-10-13,https://albertloyaltycz-albert-service-app-prod.delhaize.eu/public/content/leaflet/v3?storeId=583,https://albertloyaltycz-albert-service-app-prod.delhaize.eu/public/minio/images-products/28138389,2026-10-07T05:30:53+02:00
Albert,Trvanlivé,albert-583-28141846,Hellmanns kečup jemný 833g 0.83 kg,hellmanns_kecup_jemny,59.9,128.9,Kč,59.9 Kč / 0.83 kg,72.17,,False,,,-53%,2026-10-07 - 2026-10-13,https://albertloyaltycz-albert-service-app-prod.delhaize.eu/public/content/leaflet/v3?storeId=583,,2026-10-07T05:30:53+02:00
Albert,Mléčné a chlazené,albert-583-27657966,Hellmanns saláto. omáčka 405ml,hellmanns_salato_omacka,49.9,99.9,Kč,49.9 Kč / 405 ml,,,False,,,,2026-10-07 - 2026-10-13,https://albertloyaltycz-albert-service-app-prod.delhaize.eu/public/content/leaflet/v3?storeId=583,,2026-10-07T05:30:53+02:00
Albert,Mléčné a chlazené,albert-583-27749128,Hellmanns tzatziky omáčka250ml,hellmanns_tzatziky_omacka250ml,59.9,74.9,Kč,59.9 Kč / 250 ml,,,False,,,,2026-10-07 - 2026-10-13,https://albertloyaltycz-albert-service-app-prod.delhaize.eu/public/content/leaflet/v3?storeId=583,,2026-10-07T05:30:53+02:00
Albert,Nápoje,albert-583-20298470,Hello multivitamín 1 l,hello_multivitamin,26.9,43.9,Kč,26.9 Kč / 1 l,,,False,,,,2026-10-07 - 2026-10-13,https://albertloyaltycz-albert-service-app-prod.delhaize.eu/public/content/leaflet/v3?storeId=583,https://albertloyaltycz-albert-service-app-prod.delhaize.eu/public/minio/images-products/20298470,2026-10-07T05:30:53+02:00
Albert,Trvanlivé,albert-583-25430875,Hello ovocná svačinka s jahodami 190 g,hello_ovocna_svacinka_s_jahodami,11.9,18.9,Kč,11.9 Kč / 190 g,62.63,,False,,,,2026-10-07 - 2026-10-13,https://albertloyaltycz-albert-service-app-prod.delhaize.eu/public/content/leaflet/v3?storeId=583,https://albertloyaltycz-albert-service-app-prod.delhaize.eu/public/minio/images-products/25430875,2026-10-07T05:30:53+02:00
Albert,Nápoje,albert-583-27872567,Hello pomeranč 50% 1l,hello_pomeranc,29.9,49.9,Kč,29.9 Kč / 1 l,,,False,,,,2026-10-07 - 2026-10-13,https://albertloyaltycz-albert-service-app-prod.delhaize.eu/public/content/leaflet/v3?storeId=583,,2026-10-07T05:30:53+02:00
Albert,Mléčné a chlazené,albert-583-27528136,Hera 0.5 kg,hera,39.9,79.9,Kč,39.9 Kč / 0.5 kg,79.8,,False,,,-50%,2026-10-07 - 2026-10-13,https://albertloyaltycz-albert-service-app-prod.delhaize.eu/public/content/leaflet/v3?storeId=583,https://albertloyaltycz-albert-service-app-prod.delhaize.eu/public/minio/images-products/27528136,2026-10-07T05:30:53+02:00
Albert,Mléčné a chlazené,albert-583-27528112,Hera 250g,hera,29.9,44.9,Kč,29.9 Kč / 250 g,119.6,,False,,,-33%,2026-10-07 - 2026-10-13,https://albertloyaltycz-albert-service-app-prod.delhaize.eu/public/content/leaflet/v3?storeId=583,,2026-10-07T05:30:53+02:00
Albert,Nápoje,albert-583-26008080,"Herb.mor. muškát morav. 0,75l",herb_mor_muskat_morav,119.9,179.0,Kč,119.9 Kč / 0.75 l,,,False,,,,2026-09-23 - 2026-10-13,https://albertloyaltycz-albert-service-app-prod.delhaize.eu/public/content/leaflet/v3?storeId=583,,2026-10-07T05:30:53+02:00
Albert,Nápoje,albert-583-24011662,"Herb.mor. rulandské bílé 0,75l",herb_mor_rulandske_bile,119.9,179.0,Kč,119.9 Kč / 0.75 l,,,False,,,,2026-09-23 - 2026-10-13,https://albertloyaltycz-albert-service-app-prod.delhaize.eu/public/content/leaflet/v3?storeId=583,,2026-10-07T05:30:53+02:00
Albert,Nápoje,albert-583-26008271,"Herb.mor. rulandské šedé 0,75l",herb_mor_rulandske_sede,119.9,179.0,Kč,119.9 Kč / 0.75 l,,,False,,,,2026-09-23 - 2026-10-13,https://albertloyaltycz-albert-service-app-prod.delhaize.eu/public/content/leaflet/v3?storeId=583,,2026-10-07T05:30:53+02:00
Albert,Nápoje,albert-583-23726369,"Herb.mor. sauvignon 0,75l",herb_mor_sauvignon,119.9,179.0,Kč,119.9 Kč / 0.75 l,,,False,,,,2026-09-23 - 2026-10-13,https://albertloyaltycz-albert-service-app-prod.delhaize.eu/public/content/leaflet/v3?storeId=583,,2026-10-07T05:30:53+02:00
Albert,Nápoje,albert-583-23880733,"Herb.mor. veltlín.zelené 0,75l",herb_mor_veltlin_zelene,119.9,179.0,Kč,119.9 Kč / 0.75 l,,,False,,,,2026-09-23 - 2026-10-13,https://albertloyaltycz-albert-service-app-prod.delhaize.eu/public/content/leaflet/v3?storeId=583,,2026-10-07T05:30:53+02:00
Albert,Nápoje,albert-583-24223379,Herbarium Moravicum Chardonnay 0.75 l,herbarium_moravicum_chardonnay,119.9,179.0,Kč,119.9 Kč / 0.75 l,,,False,,,,2026-09-23 - 2026-10-13,https://albertloyaltycz-albert-service-app-prod.delhaize.eu/public/content/leaflet/v3?storeId=583,https://albertloyaltycz-albert-service-app-prod.delhaize.eu/public/minio/images-products/24223379,2026-10-07T05:30:53+02:00
Albert,Nápoje,albert-583-23726352,Herbarium Moravicum Ryzlink vlašský 0.75 l,herbarium_moravicum_ryzlink_vlassky,119.9,179.0,Kč,119.9 Kč / 0.75 l,,,False,,,,2026-09-23 - 2026-10-13,https://albertloyaltycz-albert-service-app-prod.delhaize.eu/public/content/leaflet/v3?storeId=583,https://albertloyaltycz-albert-service-app-prod.delhaize.eu/public/minio/images-products/23726352,2026-10-07T05:30:53+02:00
Albert,Uzeniny a lahůdky,albert-583-22197313,Herkules 100 g,herkules,24.9,32.9,Kč,24.9 Kč / 100 g,249.0,,False,,,-24%,2026-10-07 - 2026-10-13,https://albertloyaltycz-albert-service-app-prod.delhaize.eu/public/content/leaflet/v3?storeId=583,,2026-10-07T05:30:53+02:00
Albert,Mléčné a chlazené,albert-583-24181730,Hollan.sel.jog.špaň.meruň.200g,hollan_sel_jog_span_merun,9.9,21.9,Kč,9.9 Kč / 200 g,49.5,,False,,,-54%,2026-10-07 - 2026-10-13,https://albertloyaltycz-albert-service-app-prod.delhaize.eu/public/content/leaflet/v3?storeId=583,,2026-10-07T05:30:53+02:00
Albert,Mléčné a chlazené,albert-583-25552935,Hollan.selský jog.malina 200g,hollan_selsky_jog_malina,9.9,21.9,Kč,9.9 Kč / 200 g,49.5,,False,,,-54%,2026-10-07 - 2026-10-13,https://albertloyaltycz-albert-service-app-prod.delhaize.eu/public/content/leaflet/v3?storeId=583,,2026-10-07T05:30:53+02:00
Albert,Mléčné a chlazené,albert-583-23498037,Hollandia selský jog.bílý 200g,hollandia_selsky_jog_bily,9.9,21.9,Kč,9.9 Kč / 200 g,49.5,,False,,,-54%,2026-10-07 - 2026-10-13,https://albertloyaltycz-albert-service-app-prod.delhaize.eu/public/content/leaflet/v3?storeId=583,,2026-10-07T05:30:53+02:00
Albert,Mléčné a chlazené,albert-583-20293352,Hollandia selský jog.bílý 500g 0.5 kg,hollandia_selsky_jog_bily,23.9,31.9,Kč,23.9 Kč / 0.5 kg,47.8,,False,,,-25%,2026-10-07 - 2026-10-13,https://albertloyaltycz-albert-service-app-prod.delhaize.eu/public/content/leaflet/v3?storeId=583,,2026-10-07T05:30:53+02:00
Albert,Mléčné a chlazené,albert-583-23498075,Hollandia Selský jogurt čokoláda 200 g,hollandia_selsky_jogurt_cokolada,12.9,21.9,Kč,12.9 Kč / 200 g,64.5,,False,,,-41%,2026-10-07 - 2026-10-13,https://albertloyaltycz-albert-service-app-prod.delhaize.eu/public/content/leaflet/v3?storeId=583,https://albertloyaltycz-albert-service-app-prod.delhaize.eu/public/minio/images-products/23498075,2026-10-07T05:30:53+02:00
Albert,Mléčné a chlazené,albert-583-23498075,Hollandia Selský jogurt čokoláda 200 g,hollandia_selsky_jogurt_cokolada,9.9,21.9,Kč,9.9 Kč / 200 g,49.5,,True,Můj Albert,9.9,-54% Můj Albert,2026-10-07 - 2026-10-13,https://albertloyaltycz-albert-service-app-prod.delhaize.eu/public/content/leaflet/v3?storeId=583,https://albertloyaltycz-albert-service-app-prod.delhaize.eu/public/minio/images-products/23498075,2026-10-07T05:30:53+02:00
Albert,Uzeniny a lahůdky,albert-583-24752916,Horal se sýrem 100 g,horal_se_syrem,20.9,23.9,Kč,20.9 Kč / 100 g,209.0,,False,,,-12%,2026-10-07 - 2026-10-13,https://albertloyaltycz-albert-service-app-prod.delhaize.eu/public/content/leaflet/v3?storeId=583,,2026-10-07T05:30:53+02:00
Albert,Trvanlivé,albert-583-27975428,Horalky mini 3x27g 81 g,horalky_mini_3x27g,21.9,28.9,Kč,21.9 Kč / 81 g,270.37,,False,,,-24%,2026-10-07 - 2026-10-13,https://albertloyaltycz-albert-service-app-prod.delhaize.eu/public/content/leaflet/v3?storeId=583,,2026-10-07T05:30:53+02:00
Tesco,Vaření a pečení,20293,Hořčice Senf 440 g,horcice_senf,19.9,28.84,Kč,"4,52 Kč / 100 g",45.2,,True,Clubcard,19.9,-31% Clubcard platí do úterý 13. 10.,2026-10-07 - 2026-10-13,https://www.kupi.cz/letaky/tesco,https://img.kupi.cz/kupi/thumbs/horcice-senf_170_340.jpg,2026-10-07T05:32:13+02:00
Albert,Trvanlivé,albert-583-26799292,Hořčičné semínko celé vit. 28g,horcicne_seminko_cele_vit,15.9,19.9,Kč,15.9 Kč / 28 g,567.86,,False,,,,2026-10-07 - 2026-10-13,https://albertloyaltycz-albert-service-app-prod.delhaize.eu/public/content/leaflet/v3?storeId=583,,2026-10-07T05:30:53+02:00
Albert,Albertovo pekařství,albert-583-27994085,Hot Dog s vepřovým párkem 99 g,hot_dog_s_veprovym_parkem,16.9,19.9,Kč,16.9 Kč / 99 g,170.71,,False,,,-15%,2026-10-07 - 2026-10-13,https://albertloyaltycz-albert-service-app-prod.delhaize.eu/public/content/leaflet/v3?storeId=583,https://albertloyaltycz-albert-service-app-prod.delhaize.eu/public/minio/images-products/27994085,2026-10-07T05:30:53+02:00
Tesco,Konzervy,570903,Hotová jídla Family Hamé - konzerva 400 g,hotova_jidla_family_hame_konzerva,54.9,79.57,Kč,"13,72 Kč / 100 g",137.2,,True,Clubcard,54.9,-31% Clubcard platí do úterý 13. 10.,2026-10-07 - 2026-10-13,https://www.kupi.cz/letak/tesco-supermarket-letak-416?page=13&map=216253767,https://www.kupi.cz/img/no_img/no_discounts.png,2026-10-07T05:32:02+02:00
Tesco,Lahůdky,369428,Hotová jídla Good Lunch Bonduelle 250 g,hotova_jidla_good_lunch_bonduelle,54.9,99.82,Kč,"21,96 Kč / 100 g",219.6,,True,Clubcard,54.9,-45% Clubcard platí do úterý 27. 10.,2026-10-07 - 2026-10-27,https://www.kupi.cz/letak/tesco-hypermarket-znacky-ktere-mate-radi-2?page=12&map=215327106,https://img.kupi.cz/kupi/thumbs/hotova-jidla-good-lunch-bonduelle_170_340.png,2026-10-07T05:31:59+02:00
Tesco,Pečivo,79031,Houstičky Ölz 210 g,housticky_olz,47.9,59.87,Kč,"22,81 Kč / 100 g",228.1,,True,Clubcard,47.9,-20% Clubcard platí do úterý 3. 11.,2026-10-07 - 2026-11-03,https://www.kupi.cz/letak/tesco-supermarket-letak-416?page=3&map=216252966,https://img.kupi.cz/kupi/thumbs/mlecne-housticky-olz_170_340.png,2026-10-07T05:31:46+02:00
Albert,Trvanlivé,albert-583-20787035,Hov.m.vl.šť.hamé 400/240g hjk 240 g,hov_m_vl_st_hame_hjk,72.9,109.9,Kč,72.9 Kč / 240 g,303.75,,False,,,,2026-10-07 - 2026-10-13,https://albertloyaltycz-albert-service-app-prod.delhaize.eu/public/content/leaflet/v3?storeId=583,,2026-10-07T05:30:53+02:00
Billa,"Maso, uzeniny a ryby",2696,Hovězí maso na guláš Vocílka 0.4 kg,hovezi_maso_na_gulas_vocilka,119.9,,Kč,"299,75 Kč / 1 kg",299.75,,False,,,platí do úterý 13. 10.,2026-10-07 - 2026-10-13,https://www.kupi.cz/letak/billa-velky-letak-292?page=3&map=216582453,https://img.kupi.cz/kupi/thumbs/hovezi-maso-na-gulas-vocilka_170_340.png,2026-10-07T05:31:08+02:00
Tesco,"Maso, uzeniny a ryby",1671,Hovězí mleté maso Tesco 0.5 kg,hovezi_mlete_maso,131.9,149.89,Kč,"263,80 Kč / 1 kg",263.8,,True,Clubcard,131.9,-12% Clubcard platí do úterý 13. 10.,2026-10-07 - 2026-10-13,https://www.kupi.cz/letak/tesco-hypermarket-letak-370?page=18&map=216580449,https://img.kupi.cz/kupi/thumbs/hovezi-mlete-maso-tesco_170_340.png,2026-10-07T05:31:55+02:00
Albert,Maso a ryby,albert-583-26915975,Hovězí nudličky 300 g,hovezi_nudlicky,109.9,139.9,Kč,109.9 Kč / 300 g,366.33,,False,,,-21%,2026-10-07 - 2026-10-13,https://albertloyaltycz-albert-service-app-prod.delhaize.eu/public/content/leaflet/v3?storeId=583,https://albertloyaltycz-albert-service-app-prod.delhaize.eu/public/minio/images-products/26915975,2026-10-07T05:30:53+02:00
Tesco,"Maso, uzeniny a ryby",1778,Hovězí plec kulatá - falešná svíčková 1 kg,hovezi_plec_kulata_falesna_svickova,319.9,399.87,Kč,"319,90 Kč / 1 kg",319.9,,True,Clubcard,319.9,-20% Clubcard platí do úterý 13. 10.,2026-10-07 - 2026-10-13,https://www.kupi.cz/letak/tesco-hypermarket-letak-370?page=5&map=216578637,https://img.kupi.cz/kupi/thumbs/hovezi-plec-kulata-falesna-svickova_170_340.jpg,2026-10-07T05:31:55+02:00
Albert,Maso a ryby,albert-583-22839824,Hovězí zadní vcelku 1 kg,hovezi_zadni_vcelku,299.0,389.0,Kč,299 Kč / 1 kg,299.0,,False,,,-23%,2026-10-07 - 2026-10-13,https://albertloyaltycz-albert-service-app-prod.delhaize.eu/public/content/leaflet/v3?storeId=583,https://albertloyaltycz-albert-service-app-prod.delhaize.eu/public/minio/images-products/22839824,2026-10-07T05:30:53+02:00
Albert,Trvanlivé,albert-583-20784478,"Hrách žlutý půlený 0,5kg",hrach_zluty_puleny,14.9,24.9,Kč,14.9 Kč / 0.5 kg,29.8,,False,,,,2026-10-07 - 2026-10-13,https://albertloyaltycz-albert-service-app-prod.delhaize.eu/public/content/leaflet/v3?storeId=583,,2026-10-07T05:30:53+02:00
Tesco,Sladkosti a slané snacky,586266,Hrachové krekry Luskeeto 70 g,hrachove_krekry_luskeeto,48.9,54.33,Kč,"69,86 Kč / 100 g",698.6,,True,Clubcard,48.9,-10% Clubcard platí do úterý 27. 10.,2026-10-07 - 2026-10-27,https://www.kupi.cz/letak/tesco-hypermarket-znacky-ktere-mate-radi-2?page=17&map=215327355,https://www.kupi.cz/img/no_img/no_discounts.png,2026-10-07T05:32:17+02:00
Tesco,Mražené a instantní potraviny,41718,Hranolky mražené Original McCain 2000 g,hranolky_mrazene_original_mccain,134.9,187.36,Kč,"6,75 Kč / 100 g",67.5,,True,Clubcard,134.9,-28% Clubcard platí do úterý 3. 11.,2026-10-07 - 2026-11-03,https://www.kupi.cz/letak/tesco-hypermarket-letak-370?page=16&map=216580368,https://img.kupi.cz/kupi/thumbs/hranolky-original-mc-cain_170_340.jpg,2026-10-07T05:32:04+02:00
Tesco,Mražené a instantní potraviny,4860,Hranolky vlnky mražené Nowaco 750 g,hranolky_vlnky_mrazene_nowaco,39.9,64.35,Kč,"5,32 Kč / 100 g",53.2,,True,Clubcard,39.9,-38% Clubcard platí do úterý 13. 10.,2026-10-07 - 2026-10-13,https://www.kupi.cz/letaky/tesco,https://img.kupi.cz/kupi/thumbs/hranolky-vlnky-mrazene-nowaco_170_340.png,2026-10-07T05:32:04+02:00
Billa,Mražené a instantní potraviny,1247,Hranolky vlnky mražené Zig Zag Aviko 450 g,hranolky_vlnky_mrazene_zig_zag_aviko,39.9,51.82,Kč,"8,87 Kč / 100 g",88.7,,True,Billa Club,39.9,-23% Billa Club platí do úterý 13. 10.,2026-10-07 - 2026-10-13,https://www.kupi.cz/letak/billa-velky-letak-292?page=22&map=216582870,https://img.kupi.cz/kupi/thumbs/hranolky-vlnky-mrazene-zig-zag-aviko_170_340.png,2026-10-07T05:31:15+02:00
Albert,Tržnice u Alberta,albert-583-27728383,Bio Hrozny bezsemenné bílé Nature's Promise 400 g,hrozny,44.9,59.9,Kč,44.9 Kč / 400 g,112.25,,False,,,-25%,2026-10-07 - 2026-10-13,https://albertloyaltycz-albert-service-app-prod.delhaize.eu/public/content/leaflet/v3?storeId=583,https://albertloyaltycz-albert-service-app-prod.delhaize.eu/public/minio/images-products/27728383,2026-10-07T05:30:53+02:00
Billa,Ovoce a zelenina,254499,Hrozny bílé Billa Bonvia 1 kg,hrozny,34.9,79.32,Kč,"34,90 Kč / 1 kg",34.9,,False,,,-56% platí do úterý 13. 10.,2026-10-07 - 2026-10-13,https://www.kupi.cz/letak/billa-velky-letak-292?map=216581973,https://img.kupi.cz/kupi/thumbs/hrozny-bile-billa-bonvia-1_170_340.jpg,2026-10-07T05:30:57+02:00
Lidl,Ovoce a zelenina,10051429,Bílé hrozny stolní bezsemenné,hrozny,24.9,49.9,Kč,"49,80 Kč / 1 kg",49.8,,False,,,-50%,2026-10-08 - 2026-10-11,https://www.lidl.cz/p/bile-hrozny-stolni-bezsemenne/p10051429,https://imgproxy-retcat.assets.schwarz/fKDqNoG8eOpQF5W9XJvF74e9Yve_mdykYAlcFJMvbek/sm:0/exar:1:ce/w:427/h:320/cz/M6Ly9wcm9kLWNhd/GFsb2ctbWVkaWEvY3ovMS81QkFEMjRBMEZEMTdDNDQ5NkM4MkRFRUQ/4RjcyQkY0OEY0NERCODM2QkQyQkYyNDJGQjM4QTgxRjcwQUEwM0I3LnBuZw.png,2026-10-07T05:31:40+02:00
Tesco,Ovoce a zelenina,996,Hrozny bílé 1 kg,hrozny,34.9,79.32,Kč,"34,90 Kč / 1 kg",34.9,,False,,,-56% platí do úterý 13. 10.,2026-10-07 - 2026-10-13,https://www.kupi.cz/letak/tesco-supermarket-letak-416?page=3&map=216252903,https://img.kupi.cz/kupi/thumbs/hrozny-bile-1_170_340.jpg,2026-10-07T05:31:43+02:00
Tesco,Ovoce a zelenina,312629,Hrozny červené bezsemenné The Grower's Harvest Tesco 0.5 kg,hrozny,24.9,49.8,Kč,"49,80 Kč / 1 kg",49.8,,True,Clubcard,24.9,-50% Clubcard pá 9. 10. – ne 11. 10.,2026-10-09 - 2026-10-11,https://www.kupi.cz/letak/tesco-supermarket-letak-416?page=10&map=216253452,https://img.kupi.cz/kupi/thumbs/hrozny-cervene-bezsemenne-the-growers-harvest-tesco_170_340.png,2026-10-07T05:31:44+02:00
Lidl,Ovoce a zelenina,10057017,Hrušky,hrusky,19.9,44.9,Kč,19.9 Kč / 1 kg,19.9,,False,,,-55%,2026-10-08 - 2026-10-11,https://www.lidl.cz/p/hrusky/p10057017,https://imgproxy-retcat.assets.schwarz/3QLcNphHgb8H7U8t81ZoNvrdapl67pf9mDGD7KJjFfk/sm:0/exar:1:ce/w:427/h:320/cz/M6Ly9wcm9kLWNhd/GFsb2ctbWVkaWEvaW50L0E3QjY4Q0JBMUUwM0I4MzAwNjZERjFGRT/QwMDE2NkIwQzlDQUE0NjFEQ0ZEOTQxQzE1REEzNTVFQTRFQTFCRkMucG5n.png,2026-10-07T05:31:40+02:00
Albert,Tržnice u Alberta,albert-583-20457334,Hrušky zelené 1 kg,hrusky_zelene,34.9,59.9,Kč,34.9 Kč / 1 kg,34.9,,False,,,-41%,2026-10-07 - 2026-10-13,https://albertloyaltycz-albert-service-app-prod.delhaize.eu/public/content/leaflet/v3?storeId=583,https://albertloyaltycz-albert-service-app-prod.delhaize.eu/public/minio/images-products/20457334,2026-10-07T05:30:53+02:00
Billa,Ovoce a zelenina,53619,Hrušky zelené Lucasova Česká Farma 1 kg,hrusky_zelene_lucasova_ceska_farma,32.9,59.82,Kč,"32,90 Kč / 1 kg",32.9,,False,,,-45% platí do úterý 13. 10.,2026-10-07 - 2026-10-13,https://www.kupi.cz/letak/billa-velky-letak-292?page=4&map=216582483,https://img.kupi.cz/kupi/thumbs/hrusky-zelene-lucasova-ceska-farma_170_340.jpg,2026-10-07T05:30:58+02:00
Albert,Trvanlivé,albert-583-26871615,Hubba bubba žv. original 35g,hubba_bubba_zv_original,9.9,15.9,Kč,9.9 Kč / 35 g,282.86,,False,,,-37%,2026-10-07 - 2026-10-13,https://albertloyaltycz-albert-service-app-prod.delhaize.eu/public/content/leaflet/v3?storeId=583,,2026-10-07T05:30:53+02:00
Tesco,Nealko nápoje,568119,Hypotonický hydratační nápoj s elektrolyty Waio 0.5 l,hypotonicky_hydratacni_napoj_s_elektrolyty_waio,23.9,34.64,Kč,"47,80 Kč / 1 l",,,True,Clubcard,23.9,-31% Clubcard platí do úterý 13. 10.,2026-10-07 - 2026-10-13,https://www.kupi.cz/letaky/tesco,https://img.kupi.cz/kupi/thumbs/hypotonicky-hydratacni-napoj-s-elektrolyty-waio_170_340.jpg,2026-10-07T05:32:09+02:00
Tesco,Nealko nápoje,455,Instantní kakao Granko Orion 330 g,instantni_kakao_granko_orion,149.9,277.59,Kč,"45,42 Kč / 100 g",454.2,,True,Clubcard,149.9,-46% Clubcard platí do úterý 13. 10.,2026-10-07 - 2026-10-13,https://www.kupi.cz/letak/tesco-hypermarket-letak-370?page=9&map=216579510,https://img.kupi.cz/kupi/thumbs/instantni-kakao-granko-orion_170_340.png,2026-10-07T05:32:06+02:00
Tesco,Nealko nápoje,256,Instantní káva Jacobs Velvet 200 g,instantni_kava_jacobs_velvet,129.9,139.68,Kč,"64,95 Kč / 100 g",649.5,,False,,,-7% platí do úterý 13. 10.,2026-10-07 - 2026-10-13,https://www.kupi.cz/letak/tesco-hypermarket-letak-370?page=2&map=216577551,https://img.kupi.cz/kupi/thumbs/instantni-kava-jacobs-velvet_170_340.jpg,2026-10-07T05:32:06+02:00
Tesco,Nealko nápoje,256,Instantní káva Jacobs Velvet 200 g,instantni_kava_jacobs_velvet,129.9,,Kč,"64,95 Kč / 100 g",649.5,,False,,,platí do úterý 13. 10.,2026-10-07 - 2026-10-13,https://www.kupi.cz/letak/tesco-supermarket-letak-416?page=2&map=216252855,https://img.kupi.cz/kupi/thumbs/instantni-kava-jacobs-velvet_170_340.jpg,2026-10-07T05:32:06+02:00
Billa,Nealko nápoje,262,Instantní káva Nescafé Classic 150 g,instantni_kava_nescafe_classic,99.9,,Kč,"66,60 Kč / 100 g",666.0,,False,,,platí do úterý 13. 10.,2026-10-07 - 2026-10-13,https://www.kupi.cz/letak/billa-velky-letak-292?page=30&map=216583356,https://img.kupi.cz/kupi/thumbs/instantni-kava-nescafe-classic-1_170_340.png,2026-10-07T05:31:17+02:00
Billa,Nealko nápoje,445,Instantní káva Tchibo Gold Selection 180 g,instantni_kava_tchibo_gold_selection,129.9,,Kč,"72,17 Kč / 100 g",721.7,,False,,,platí do úterý 13. 10.,2026-10-07 - 2026-10-13,https://www.kupi.cz/letak/billa-velky-letak-292?page=2&map=216582411,https://img.kupi.cz/kupi/thumbs/instantni-kava-tchibo-gold-selection-1_170_340.jpg,2026-10-07T05:31:17+02:00
Tesco,Nealko nápoje,445,Instantní káva Tchibo Gold Selection 200 g,instantni_kava_tchibo_gold_selection,139.9,274.31,Kč,"69,95 Kč / 100 g",699.5,,True,Clubcard,139.9,-49% Clubcard platí do úterý 13. 10.,2026-10-07 - 2026-10-13,https://www.kupi.cz/letaky/tesco,https://img.kupi.cz/kupi/thumbs/instantni-kava-tchibo-gold-selection-1_170_340.jpg,2026-10-07T05:32:06+02:00
Billa,Nealko nápoje,38065,Instantní kávy Nescafé Gold 180 g,instantni_kavy_nescafe_gold,189.9,,Kč,"105,50 Kč / 100 g",1055.0,,False,,,platí do úterý 13. 10.,2026-10-07 - 2026-10-13,https://www.kupi.cz/letak/billa-maly-letak-721?page=6&map=216583653,https://img.kupi.cz/kupi/thumbs/instantni-kavy-nescafe-gold_170_340.png,2026-10-07T05:31:17+02:00
Tesco,Nealko nápoje,38065,Instantní kávy Nescafé Gold 200 g,instantni_kavy_nescafe_gold,179.9,327.09,Kč,"89,95 Kč / 100 g",899.5,,True,Clubcard,179.9,-45% Clubcard platí do úterý 13. 10.,2026-10-07 - 2026-10-13,https://www.kupi.cz/letaky/tesco,https://img.kupi.cz/kupi/thumbs/instantni-kavy-nescafe-gold_170_340.png,2026-10-07T05:32:06+02:00
Tesco,Mražené a instantní potraviny,568515,Instantní korejské Nudle Maggi 130 g,instantni_korejske_nudle_maggi,44.9,57.56,Kč,"34,54 Kč / 100 g",345.4,,True,Clubcard,44.9,-22% Clubcard platí do neděle 25. 10.,2026-10-07 - 2026-10-25,https://www.kupi.cz/letak/tesco-hypermarket-znacky-ktere-mate-radi-2?page=11&map=215327067,https://www.kupi.cz/img/no_img/no_discounts.png,2026-10-07T05:32:04+02:00
Tesco,Mražené a instantní potraviny,564282,Instantní nudle Magic Ramen Maggi 90 g,instantni_nudle_magic_ramen_maggi,27.9,39.86,Kč,"31,00 Kč / 100 g",310.0,,True,Clubcard,27.9,-30% Clubcard platí do neděle 25. 10.,2026-10-07 - 2026-10-25,https://www.kupi.cz/letak/tesco-hypermarket-znacky-ktere-mate-radi-2?page=11&map=215327064,https://www.kupi.cz/img/no_img/no_discounts.png,2026-10-07T05:32:04+02:00
Albert,Trvanlivé,albert-583-24889605,Instantní nudle orient 200g,instantni_nudle_orient,32.9,39.9,Kč,32.9 Kč / 200 g,164.5,,False,,,-17%,2026-10-07 - 2026-10-13,https://albertloyaltycz-albert-service-app-prod.delhaize.eu/public/content/leaflet/v3?storeId=583,,2026-10-07T05:30:53+02:00
Tesco,Mražené a instantní potraviny,428964,Instantní nudle Soba Cup Noodles Nissin 92 g,instantni_nudle_soba_cup_noodles_nissin,32.9,59.82,Kč,"35,76 Kč / 100 g",357.6,,True,Clubcard,32.9,-45% Clubcard st 14. 10. – út 27. 10.,2026-10-14 - 2026-10-27,https://www.kupi.cz/letak/tesco-hypermarket-znacky-ktere-mate-radi-2?page=17&map=215327352,https://img.kupi.cz/kupi/thumbs/instantni-nudle-soba-cup-noodles-nissin_170_340.jpg,2026-10-07T05:32:04+02:00
Tesco,Mražené a instantní potraviny,547896,Instantní nudle z pánve Magic Asia Maggi 185 g,instantni_nudle_z_panve_magic_asia_maggi,29.9,53.39,Kč,"16,16 Kč / 100 g",161.6,,True,Clubcard,29.9,-44% Clubcard platí do neděle 25. 10.,2026-10-07 - 2026-10-25,https://www.kupi.cz/letak/tesco-hypermarket-znacky-ktere-mate-radi-2?page=11&map=215327061,https://img.kupi.cz/kupi/thumbs/instantni-nudle-z-panve-magic-asia-maggi_170_340.png,2026-10-07T05:32:04+02:00
Tesco,Mražené a instantní potraviny,523572,Instantní nudlová polévka Oyakata Ajinomoto 63.5 g,instantni_nudlova_polevka_oyakata_ajinomoto,29.9,53.39,Kč,"47,09 Kč / 100 g",470.9,,True,Clubcard,29.9,-44% Clubcard platí do úterý 20. 10.,2026-10-07 - 2026-10-20,https://www.kupi.cz/letak/tesco-hypermarket-letak-370?page=9&map=216579462,https://img.kupi.cz/kupi/thumbs/instantni-nudlova-polevka-oyakata-ajinomoto_170_340.jpg,2026-10-07T05:32:04+02:00
Billa,Mražené a instantní potraviny,503,Instantní polévka do hrnečku Vitana 14 g,instantni_polevka_do_hrnecku_vitana,9.9,,Kč,"70,71 Kč / 100 g",707.1,,False,,,platí do úterý 13. 10.,2026-10-07 - 2026-10-13,https://www.kupi.cz/letak/billa-velky-letak-292?page=27&map=216583065,https://img.kupi.cz/kupi/thumbs/instantni-polevka-do-hrnecku-vitana_170_340.jpg,2026-10-07T05:31:15+02:00
Tesco,Mražené a instantní potraviny,4558,Instantní polévka nudlová Chutná pauza Maggi 60 g,instantni_polevka_nudlova_chutna_pauza_maggi,9.9,17.68,Kč,"16,50 Kč / 100 g",165.0,,True,Clubcard,9.9,-44% Clubcard platí do neděle 25. 10.,2026-10-07 - 2026-10-25,https://www.kupi.cz/letak/tesco-hypermarket-znacky-ktere-mate-radi-2?page=11&map=215327031,https://img.kupi.cz/kupi/thumbs/instantni-polevka-nudlova-chutna-pauza-maggi-1_170_340.jpg,2026-10-07T05:32:04+02:00
Tesco,Mražené a instantní potraviny,1397,Instantní polévka Přidej vejce Maggi 32 g,instantni_polevka_pridej_vejce_maggi,12.9,25.8,Kč,"40,31 Kč / 100 g",403.1,,True,Clubcard,12.9,-50% Clubcard platí do neděle 25. 10.,2026-10-07 - 2026-10-25,https://www.kupi.cz/letaky/tesco,https://img.kupi.cz/kupi/thumbs/instantni-polevka-pridej-vejce-maggi_170_340.jpg,2026-10-07T05:32:04+02:00
Billa,Mražené a instantní potraviny,975,Instantní polévka YumYum 60 g,instantni_polevka_yumyum,14.9,,Kč,"24,83 Kč / 100 g",248.3,,False,,,platí do úterý 13. 10.,2026-10-07 - 2026-10-13,https://www.kupi.cz/letak/billa-velky-letak-292?page=27&map=216583059,https://img.kupi.cz/kupi/thumbs/instantni-polevka-yumyum_170_340.jpg,2026-10-07T05:31:15+02:00
Tesco,Mražené a instantní potraviny,975,Instantní polévka YumYum 70 g,instantni_polevka_yumyum,12.9,18.7,Kč,"18,43 Kč / 100 g",184.3,,False,,,-31% platí do úterý 13. 10.,2026-10-07 - 2026-10-13,https://www.kupi.cz/letaky/tesco,https://img.kupi.cz/kupi/thumbs/instantni-polevka-yumyum_170_340.jpg,2026-10-07T05:32:04+02:00
Tesco,Mražené a instantní potraviny,115301,Instantní polévky Naše byšická polévka Vitana 95 g,instantni_polevky_nase_bysicka_polevka_vitana,26.9,31.65,Kč,"28,32 Kč / 100 g",283.2,,True,Clubcard,26.9,-15% Clubcard platí do úterý 20. 10.,2026-10-07 - 2026-10-20,https://www.kupi.cz/letak/tesco-hypermarket-letak-370?page=22&map=216580698,https://img.kupi.cz/kupi/thumbs/instantni-polevky-nase-bysicka-polevka-vitana_170_340.jpg,2026-10-07T05:32:04+02:00
Billa,Mražené a instantní potraviny,282,Instantní polévky Poctivá polévka Vitana 58 g,instantni_polevky_poctiva_polevka_vitana,29.9,,Kč,"51,55 Kč / 100 g",515.5,,False,,,platí do úterý 13. 10.,2026-10-07 - 2026-10-13,https://www.kupi.cz/letak/billa-maly-letak-721?page=5&map=216583644,https://img.kupi.cz/kupi/thumbs/instantni-polevky-poctiva-polevka-vitana_170_340.jpg,2026-10-07T05:31:15+02:00
Albert,Tržnice u Alberta,albert-583-27193952,Albert 100% ovocná šťáva jablko 1 l,jablka,54.9,69.9,Kč,54.9 Kč / 1 l,,,False,,,-21%,2026-10-07 - 2026-10-13,https://albertloyaltycz-albert-service-app-prod.delhaize.eu/public/content/leaflet/v3?storeId=583,https://albertloyaltycz-albert-service-app-prod.delhaize.eu/public/minio/images-products/27193952,2026-10-07T05:30:53+02:00
Albert,Tržnice u Alberta,albert-583-27198148,Albert 100% čerstvá šťáva jablko 2 l,jablka,99.9,129.9,Kč,99.9 Kč / 2 l,,,False,,,-23%,2026-10-07 - 2026-10-13,https://albertloyaltycz-albert-service-app-prod.delhaize.eu/public/content/leaflet/v3?storeId=583,https://albertloyaltycz-albert-service-app-prod.delhaize.eu/public/minio/images-products/27198148,2026-10-07T05:30:53+02:00
Albert,Tržnice u Alberta,albert-583-27193976,Albert 100% šťáva jablko a řepa 1 l,jablka,54.9,69.9,Kč,54.9 Kč / 1 l,,,False,,,-21%,2026-10-07 - 2026-10-13,https://albertloyaltycz-albert-service-app-prod.delhaize.eu/public/content/leaflet/v3?storeId=583,https://albertloyaltycz-albert-service-app-prod.delhaize.eu/public/minio/images-products/27193976,2026-10-07T05:30:53+02:00
Albert,Tržnice u Alberta,albert-583-28029373,Albert nápoj jablko zázvor 100% 1 l,jablka,54.9,69.9,Kč,54.9 Kč / 1 l,,,False,,,-21%,2026-10-07 - 2026-10-13,https://albertloyaltycz-albert-service-app-prod.delhaize.eu/public/content/leaflet/v3?storeId=583,https://albertloyaltycz-albert-service-app-prod.delhaize.eu/public/minio/images-products/28029373,2026-10-07T05:30:53+02:00
Albert,Tržnice u Alberta,albert-583-27193112,Bio Jablka Nature's Promise 1 kg,jablka,49.9,59.9,Kč,49.9 Kč / 1 kg,49.9,,False,,,-16%,2026-10-07 - 2026-10-13,https://albertloyaltycz-albert-service-app-prod.delhaize.eu/public/content/leaflet/v3?storeId=583,https://albertloyaltycz-albert-service-app-prod.delhaize.eu/public/minio/images-products/27193112,2026-10-07T05:30:53+02:00
Albert,Trvanlivé,albert-583-27448137,Emco sup.sušenky jablko 60g,jablka,16.9,21.9,Kč,16.9 Kč / 60 g,281.67,,False,,,,2026-10-07 - 2026-10-13,https://albertloyaltycz-albert-service-app-prod.delhaize.eu/public/content/leaflet/v3?storeId=583,,2026-10-07T05:30:53+02:00
Albert,Nápoje,albert-583-20298395,Hello jablko 100% 1l,jablka,29.9,49.9,Kč,29.9 Kč / 1 l,,,False,,,,2026-10-07 - 2026-10-13,https://albertloyaltycz-albert-service-app-prod.delhaize.eu/public/content/leaflet/v3?storeId=583,,2026-10-07T05:30:53+02:00
Albert,Tržnice u Alberta,albert-583-20902216,Jablka červená 1 kg,jablka,19.9,32.9,Kč,19.9 Kč / 1 kg,19.9,,False,,,-39%,2026-10-07 - 2026-10-13,https://albertloyaltycz-albert-service-app-prod.delhaize.eu/public/content/leaflet/v3?storeId=583,https://albertloyaltycz-albert-service-app-prod.delhaize.eu/public/minio/images-products/20902216,2026-10-07T05:30:53+02:00
Albert,Nápoje,albert-583-24656160,"Jupík aqua jablko 0,5l",jablka,14.9,21.9,Kč,14.9 Kč / 0.5 l,,,False,,,,2026-10-07 - 2026-10-13,https://albertloyaltycz-albert-service-app-prod.delhaize.eu/public/content/leaflet/v3?storeId=583,,2026-10-07T05:30:53+02:00
Albert,Nápoje,albert-583-26221601,"Ondrášovka kiwano-jablko 1,5l",jablka,11.9,13.9,Kč,11.9 Kč / 1.5 l,,,False,,,-14%,2026-10-07 - 2026-10-13,https://albertloyaltycz-albert-service-app-prod.delhaize.eu/public/content/leaflet/v3?storeId=583,,2026-10-07T05:30:53+02:00
Albert,Trvanlivé,albert-583-23271715,Os hello jablko 190 g,jablka,11.9,18.9,Kč,11.9 Kč / 190 g,62.63,,False,,,,2026-10-07 - 2026-10-13,https://albertloyaltycz-albert-service-app-prod.delhaize.eu/public/content/leaflet/v3?storeId=583,,2026-10-07T05:30:53+02:00
Albert,Nápoje,albert-583-22806475,Pfanner 100% jablko 1 l,jablka,39.9,69.9,Kč,39.9 Kč / 1 l,,,False,,,,2026-10-07 - 2026-10-13,https://albertloyaltycz-albert-service-app-prod.delhaize.eu/public/content/leaflet/v3?storeId=583,https://albertloyaltycz-albert-service-app-prod.delhaize.eu/public/minio/images-products/22806475,2026-10-07T05:30:53+02:00
Albert,Nápoje,albert-583-26877150,Relax 100% jablko 1 l,jablka,26.9,59.9,Kč,26.9 Kč / 1 l,,,False,,,,2026-10-07 - 2026-10-13,https://albertloyaltycz-albert-service-app-prod.delhaize.eu/public/content/leaflet/v3?storeId=583,https://albertloyaltycz-albert-service-app-prod.delhaize.eu/public/minio/images-products/26877150,2026-10-07T05:30:53+02:00
Albert,Nápoje,albert-583-27599945,Relax jablko přích.lim/kakt.1l,jablka,21.9,52.9,Kč,21.9 Kč / 1 l,,,False,,,,2026-10-07 - 2026-10-13,https://albertloyaltycz-albert-service-app-prod.delhaize.eu/public/content/leaflet/v3?storeId=583,,2026-10-07T05:30:53+02:00
Albert,Nápoje,albert-583-26364599,"Relax sirup jablko 0,7l",jablka,39.9,79.9,Kč,39.9 Kč / 0.7 l,,,False,,,,2026-10-07 - 2026-10-13,https://albertloyaltycz-albert-service-app-prod.delhaize.eu/public/content/leaflet/v3?storeId=583,,2026-10-07T05:30:53+02:00
Albert,Nápoje,albert-583-28020912,"Relax sirup jablko mango 0,7l",jablka,39.9,79.9,Kč,39.9 Kč / 0.7 l,,,False,,,,2026-10-07 - 2026-10-13,https://albertloyaltycz-albert-service-app-prod.delhaize.eu/public/content/leaflet/v3?storeId=583,,2026-10-07T05:30:53+02:00
Albert,Trvanlivé,albert-583-26586953,"Sunar kaše jablko,borův 120g",jablka,24.9,39.9,Kč,24.9 Kč / 120 g,207.5,,False,,,,2026-10-07 - 2026-10-13,https://albertloyaltycz-albert-service-app-prod.delhaize.eu/public/content/leaflet/v3?storeId=583,,2026-10-07T05:30:53+02:00
Billa,Ovoce a zelenina,55106,Jablka Golden Delicious Česká Farma 1 kg,jablka,29.9,39.87,Kč,"29,90 Kč / 1 kg",29.9,,False,,,-25% čt 8. 10. – ne 11. 10.,2026-10-08 - 2026-10-11,https://www.kupi.cz/letak/billa-velky-letak-292?page=36&map=216584442,https://img.kupi.cz/kupi/thumbs/jablka-golden-delicious-ceska-farma_170_340.jpg,2026-10-07T05:30:57+02:00
Tesco,Ovoce a zelenina,309,Jablka červená 1 kg,jablka,19.9,39.8,Kč,"19,90 Kč / 1 kg",19.9,,False,,,-50% platí do úterý 13. 10.,2026-10-07 - 2026-10-13,https://www.kupi.cz/letak/tesco-supermarket-letak-416?page=3&map=216252909,https://img.kupi.cz/kupi/thumbs/jablka-cervena_170_340.jpg,2026-10-07T05:31:43+02:00
Albert,Nápoje,albert-583-28141532,"Korunní Etera s příchutí jablko, kiwi 1.5 l",jablka_kiwi,13.9,19.9,Kč,13.9 Kč / 1.5 l,,,False,,,,2026-10-07 - 2026-10-13,https://albertloyaltycz-albert-service-app-prod.delhaize.eu/public/content/leaflet/v3?storeId=583,https://albertloyaltycz-albert-service-app-prod.delhaize.eu/public/minio/images-products/28141532,2026-10-07T05:30:53+02:00
Albert,Tržnice u Alberta,albert-583-28029380,Albert džus 100% jablko a meruňka 1 l,jablka_merunky,54.9,69.9,Kč,54.9 Kč / 1 l,,,False,,,-21%,2026-10-07 - 2026-10-13,https://albertloyaltycz-albert-service-app-prod.delhaize.eu/public/content/leaflet/v3?storeId=583,https://albertloyaltycz-albert-service-app-prod.delhaize.eu/public/minio/images-products/28029380,2026-10-07T05:30:53+02:00
Albert,Trvanlivé,albert-583-27668344,Jacobs intense 200 g,jacobs_intense,179.0,289.0,Kč,179 Kč / 200 g,895.0,,False,,,,2026-10-07 - 2026-10-13,https://albertloyaltycz-albert-service-app-prod.delhaize.eu/public/content/leaflet/v3?storeId=583,,2026-10-07T05:30:53+02:00
Albert,Trvanlivé,albert-583-23627208,Jacobs kronung gold inst 200g,jacobs_kronung_gold_inst,179.0,289.0,Kč,179 Kč / 200 g,895.0,,False,,,,2026-10-07 - 2026-10-13,https://albertloyaltycz-albert-service-app-prod.delhaize.eu/public/content/leaflet/v3?storeId=583,,2026-10-07T05:30:53+02:00
Albert,Trvanlivé,albert-583-22318114,Jacobs Krönung instantní káva 200 g,jacobs_kronung_instantni_kava,179.0,289.0,Kč,179 Kč / 200 g,895.0,,False,,,,2026-10-07 - 2026-10-13,https://albertloyaltycz-albert-service-app-prod.delhaize.eu/public/content/leaflet/v3?storeId=583,https://albertloyaltycz-albert-service-app-prod.delhaize.eu/public/minio/images-products/22318114,2026-10-07T05:30:53+02:00
Albert,Trvanlivé,albert-583-20776985,Jacobs Krönung mletá káva 250 g,jacobs_kronung_mleta_kava,99.9,177.0,Kč,99.9 Kč / 250 g,399.6,,False,,,,2026-10-07 - 2026-10-13,https://albertloyaltycz-albert-service-app-prod.delhaize.eu/public/content/leaflet/v3?storeId=583,https://albertloyaltycz-albert-service-app-prod.delhaize.eu/public/minio/images-products/20776985,2026-10-07T05:30:53+02:00
Albert,Trvanlivé,albert-583-24345019,Jacobs Velvet Crema instantní káva 200 g,jacobs_velvet_crema_instantni_kava,139.9,229.0,Kč,139.9 Kč / 200 g,699.5,,False,,,,2026-10-07 - 2026-10-13,https://albertloyaltycz-albert-service-app-prod.delhaize.eu/public/content/leaflet/v3?storeId=583,https://albertloyaltycz-albert-service-app-prod.delhaize.eu/public/minio/images-products/24345019,2026-10-07T05:30:53+02:00
Albert,Trvanlivé,albert-583-27800638,Jacobs Velvet Crema instantní káva refill 180 g,jacobs_velvet_crema_instantni_kava_refill,139.9,189.0,Kč,139.9 Kč / 180 g,777.22,,False,,,,2026-10-07 - 2026-10-13,https://albertloyaltycz-albert-service-app-prod.delhaize.eu/public/content/leaflet/v3?storeId=583,https://albertloyaltycz-albert-service-app-prod.delhaize.eu/public/minio/images-products/27800638,2026-10-07T05:30:53+02:00
Albert,Trvanlivé,albert-583-27655856,Jacobs velvet gold crema 180 g,jacobs_velvet_gold_crema,139.9,229.0,Kč,139.9 Kč / 180 g,777.22,,False,,,,2026-10-07 - 2026-10-13,https://albertloyaltycz-albert-service-app-prod.delhaize.eu/public/content/leaflet/v3?storeId=583,,2026-10-07T05:30:53+02:00
Albert,Nápoje,albert-583-26834696,Jägermeister 35% 0.5 l,jagermeister,229.0,399.0,Kč,229 Kč / 0.5 l,,,False,,,,2026-10-07 - 2026-10-13,https://albertloyaltycz-albert-service-app-prod.delhaize.eu/public/content/leaflet/v3?storeId=583,https://albertloyaltycz-albert-service-app-prod.delhaize.eu/public/minio/images-products/26834696,2026-10-07T05:30:53+02:00
Albert,Albertovo pekařství,albert-583-27843925,7Days Croissant náplň vanilka a jahoda 80 g,jahody,12.9,24.9,Kč,12.9 Kč / 80 g,161.25,,False,,,-48%,2026-10-07 - 2026-10-13,https://albertloyaltycz-albert-service-app-prod.delhaize.eu/public/content/leaflet/v3?storeId=583,https://albertloyaltycz-albert-service-app-prod.delhaize.eu/public/minio/images-products/27843925,2026-10-07T05:30:53+02:00
Albert,Mléčné a chlazené,albert-583-28140078,Activia kefír jahoda 280 ml,jahody,21.9,32.9,Kč,21.9 Kč / 280 ml,,,False,,,-33%,2026-10-07 - 2026-10-13,https://albertloyaltycz-albert-service-app-prod.delhaize.eu/public/content/leaflet/v3?storeId=583,https://albertloyaltycz-albert-service-app-prod.delhaize.eu/public/minio/images-products/28140078,2026-10-07T05:30:53+02:00
Albert,Nápoje,albert-583-28004165,Dobrá voda Yess jahoda 0.5 l,jahody,14.9,,Kč,14.9 Kč / 0.5 l,,,False,,,,2026-10-07 - 2026-10-13,https://albertloyaltycz-albert-service-app-prod.delhaize.eu/public/content/leaflet/v3?storeId=583,https://albertloyaltycz-albert-service-app-prod.delhaize.eu/public/minio/images-products/28004165,2026-10-07T05:30:53+02:00
Albert,Mléčné a chlazené,albert-583-23853348,Fantasia jahoda 118g,jahody,14.9,22.9,Kč,14.9 Kč / 118 g,126.27,,False,,,-34%,2026-10-07 - 2026-10-13,https://albertloyaltycz-albert-service-app-prod.delhaize.eu/public/content/leaflet/v3?storeId=583,,2026-10-07T05:30:53+02:00
Albert,Mléčné a chlazené,albert-583-25057218,Florian lahod.jog.jahoda 150g,jahody,7.9,15.9,Kč,7.9 Kč / 150 g,52.67,,False,,,-50%,2026-10-07 - 2026-10-13,https://albertloyaltycz-albert-service-app-prod.delhaize.eu/public/content/leaflet/v3?storeId=583,,2026-10-07T05:30:53+02:00
Albert,Trvanlivé,albert-583-22327147,Giana jahody 160 g,jahody,21.9,49.9,Kč,21.9 Kč / 160 g,136.88,,False,,,,2026-10-07 - 2026-10-13,https://albertloyaltycz-albert-service-app-prod.delhaize.eu/public/content/leaflet/v3?storeId=583,https://albertloyaltycz-albert-service-app-prod.delhaize.eu/public/minio/images-products/22327147,2026-10-07T05:30:53+02:00
Albert,Mléčné a chlazené,albert-583-23498099,Hollan.selský jog.jahoda 200g,jahody,9.9,21.9,Kč,9.9 Kč / 200 g,49.5,,False,,,-54%,2026-10-07 - 2026-10-13,https://albertloyaltycz-albert-service-app-prod.delhaize.eu/public/content/leaflet/v3?storeId=583,,2026-10-07T05:30:53+02:00
Albert,Trvanlivé,albert-583-27300374,Hubba bubba jahoda 35g,jahody,9.9,15.9,Kč,9.9 Kč / 35 g,282.86,,False,,,-37%,2026-10-07 - 2026-10-13,https://albertloyaltycz-albert-service-app-prod.delhaize.eu/public/content/leaflet/v3?storeId=583,,2026-10-07T05:30:53+02:00
Albert,Mléčné a chlazené,albert-583-25036718,Jog. náp.florian jahoda 400g,jahody,17.9,29.9,Kč,17.9 Kč / 400 g,44.75,,False,,,-40%,2026-10-07 - 2026-10-13,https://albertloyaltycz-albert-service-app-prod.delhaize.eu/public/content/leaflet/v3?storeId=583,,2026-10-07T05:30:53+02:00
Albert,Nápoje,albert-583-21487187,Jupí jahoda 3l,jahody,119.9,139.9,Kč,119.9 Kč / 3 l,,,False,,,-14%,2026-10-07 - 2026-10-13,https://albertloyaltycz-albert-service-app-prod.delhaize.eu/public/content/leaflet/v3?storeId=583,,2026-10-07T05:30:53+02:00
Albert,Nápoje,albert-583-24656146,Jupík Aqua jahoda 0.5 l,jahody,14.9,21.9,Kč,14.9 Kč / 0.5 l,,,False,,,,2026-10-07 - 2026-10-13,https://albertloyaltycz-albert-service-app-prod.delhaize.eu/public/content/leaflet/v3?storeId=583,https://albertloyaltycz-albert-service-app-prod.delhaize.eu/public/minio/images-products/24656146,2026-10-07T05:30:53+02:00
Albert,Mléčné a chlazené,albert-583-21295898,Kunín ml.rýže jahoda 175g,jahody,19.9,25.9,Kč,19.9 Kč / 175 g,113.71,,False,,,-23%,2026-10-07 - 2026-10-13,https://albertloyaltycz-albert-service-app-prod.delhaize.eu/public/content/leaflet/v3?storeId=583,,2026-10-07T05:30:53+02:00
Albert,Nápoje,albert-583-26024653,"Magnesia red jahoda 1,5l",jahody,19.9,24.9,Kč,19.9 Kč / 1.5 l,,,False,,,,2026-10-07 - 2026-10-13,https://albertloyaltycz-albert-service-app-prod.delhaize.eu/public/content/leaflet/v3?storeId=583,,2026-10-07T05:30:53+02:00
Albert,Nápoje,albert-583-28105343,"Mirinda jahoda/liči 2,25l",jahody,24.9,47.2,Kč,24.9 Kč / 2.25 l,,,False,,,,2026-10-07 - 2026-10-13,https://albertloyaltycz-albert-service-app-prod.delhaize.eu/public/content/leaflet/v3?storeId=583,,2026-10-07T05:30:53+02:00
Albert,Trvanlivé,albert-583-27645352,Musli jahoda mandle 700g 0.7 kg,jahody,59.9,119.9,Kč,59.9 Kč / 0.7 kg,85.57,,False,,,,2026-10-07 - 2026-10-13,https://albertloyaltycz-albert-service-app-prod.delhaize.eu/public/content/leaflet/v3?storeId=583,,2026-10-07T05:30:53+02:00
Albert,Trvanlivé,albert-583-27866443,Orbit refresher jahoda citrón 67 g,jahody,64.9,89.9,Kč,64.9 Kč / 67 g,968.66,,False,,,,2026-10-07 - 2026-10-13,https://albertloyaltycz-albert-service-app-prod.delhaize.eu/public/content/leaflet/v3?storeId=583,,2026-10-07T05:30:53+02:00
Albert,Mléčné a chlazené,albert-583-27350621,Pribináček kapsík jahoda 70g,jahody,19.9,25.9,Kč,19.9 Kč / 70 g,284.29,,False,,,-23%,2026-10-07 - 2026-10-13,https://albertloyaltycz-albert-service-app-prod.delhaize.eu/public/content/leaflet/v3?storeId=583,,2026-10-07T05:30:53+02:00
Albert,Trvanlivé,albert-583-20304393,Puding nat.příchuť jahoda 37g,jahody,6.9,9.9,Kč,6.9 Kč / 37 g,186.49,,False,,,-30%,2026-10-07 - 2026-10-13,https://albertloyaltycz-albert-service-app-prod.delhaize.eu/public/content/leaflet/v3?storeId=583,,2026-10-07T05:30:53+02:00
Albert,Nápoje,albert-583-26364643,"Relax sirup jahoda 0,7l",jahody,39.9,79.9,Kč,39.9 Kč / 0.7 l,,,False,,,,2026-10-07 - 2026-10-13,https://albertloyaltycz-albert-service-app-prod.delhaize.eu/public/content/leaflet/v3?storeId=583,,2026-10-07T05:30:53+02:00
Albert,Trvanlivé,albert-583-27035788,Sunar do ručičky jahoda 100g,jahody,22.9,33.9,Kč,22.9 Kč / 100 g,229.0,,False,,,,2026-10-07 - 2026-10-13,https://albertloyaltycz-albert-service-app-prod.delhaize.eu/public/content/leaflet/v3?storeId=583,,2026-10-07T05:30:53+02:00
Albert,Trvanlivé,albert-583-26897110,Sunar inst. nápoj jahoda 200g,jahody,79.9,99.9,Kč,79.9 Kč / 200 g,399.5,,False,,,,2026-10-07 - 2026-10-13,https://albertloyaltycz-albert-service-app-prod.delhaize.eu/public/content/leaflet/v3?storeId=583,,2026-10-07T05:30:53+02:00
Albert,Trvanlivé,albert-583-26691794,Sunar snack jahoda 50g,jahody,29.9,39.9,Kč,29.9 Kč / 50 g,598.0,,False,,,,2026-10-07 - 2026-10-13,https://albertloyaltycz-albert-service-app-prod.delhaize.eu/public/content/leaflet/v3?storeId=583,,2026-10-07T05:30:53+02:00
Albert,Mléčné a chlazené,albert-583-28099345,Uni cornetto jahoda 6x90ml 0.54 l,jahody,124.9,169.0,Kč,124.9 Kč / 0.54 l,,,False,,,,2026-10-07 - 2026-10-13,https://albertloyaltycz-albert-service-app-prod.delhaize.eu/public/content/leaflet/v3?storeId=583,,2026-10-07T05:30:53+02:00
Albert,Nápoje,albert-583-23476837,Yo ov.sirup jahoda 0.7l,jahody,59.9,94.9,Kč,59.9 Kč / 0.7 l,,,False,,,,2026-10-07 - 2026-10-13,https://albertloyaltycz-albert-service-app-prod.delhaize.eu/public/content/leaflet/v3?storeId=583,,2026-10-07T05:30:53+02:00
Albert,Mléčné a chlazené,albert-583-28028338,Nature's Promise jogurt mix jahoda/borůvka 180 g,jahody_boruvky,13.9,17.9,Kč,13.9 Kč / 180 g,77.22,,False,,,-22%,2026-10-07 - 2026-10-13,https://albertloyaltycz-albert-service-app-prod.delhaize.eu/public/content/leaflet/v3?storeId=583,https://albertloyaltycz-albert-service-app-prod.delhaize.eu/public/minio/images-products/28028338,2026-10-07T05:30:53+02:00
Albert,Mléčné a chlazené,albert-583-24005197,Activia nápoj jahoda&kiwi 280 g,jahody_kiwi,19.9,32.9,Kč,19.9 Kč / 280 g,71.07,,True,Můj Albert,19.9,-39% Můj Albert,2026-10-07 - 2026-10-13,https://albertloyaltycz-albert-service-app-prod.delhaize.eu/public/content/leaflet/v3?storeId=583,https://albertloyaltycz-albert-service-app-prod.delhaize.eu/public/minio/images-products/24005197,2026-10-07T05:30:53+02:00
Albert,Mléčné a chlazené,albert-583-24005197,Activia nápoj jahoda&kiwi 280 g,jahody_kiwi,21.9,32.9,Kč,21.9 Kč / 280 g,78.21,,False,,,-33%,2026-10-07 - 2026-10-13,https://albertloyaltycz-albert-service-app-prod.delhaize.eu/public/content/leaflet/v3?storeId=583,https://albertloyaltycz-albert-service-app-prod.delhaize.eu/public/minio/images-products/24005197,2026-10-07T05:30:53+02:00
Albert,Nápoje,albert-583-21366413,Jameson Irish Whiskey 40% 0.7 l,jameson_irish_whiskey,369.0,539.0,Kč,369 Kč / 0.7 l,,,False,,,,2026-10-07 - 2026-10-13,https://albertloyaltycz-albert-service-app-prod.delhaize.eu/public/content/leaflet/v3?storeId=583,https://albertloyaltycz-albert-service-app-prod.delhaize.eu/public/minio/images-products/21366413,2026-10-07T05:30:53+02:00
Albert,Trvanlivé,albert-583-27892343,Jarní polévka 53g,jarni_polevka,19.9,26.9,Kč,19.9 Kč / 53 g,375.47,,False,,,-26%,2026-10-07 - 2026-10-13,https://albertloyaltycz-albert-service-app-prod.delhaize.eu/public/content/leaflet/v3?storeId=583,,2026-10-07T05:30:53+02:00
Tesco,"Maso, uzeniny a ryby",491130,Jaternicový prejt 100 g,jaternicovy_prejt,9.9,11.79,Kč,"9,90 Kč / 100 g",99.0,,True,Clubcard,9.9,-16% Clubcard platí do úterý 20. 10.,2026-10-07 - 2026-10-20,https://www.kupi.cz/letak/tesco-hypermarket-letak-370?page=18&map=216580491,https://www.kupi.cz/img/no_img/no_discounts.png,2026-10-07T05:31:57+02:00
Tesco,Konzervy,280,Játra tresčí Giana 115 g,jatra_tresci_giana,49.9,81.8,Kč,"43,39 Kč / 100 g",433.9,,True,Clubcard,49.9,-39% Clubcard platí do úterý 20. 10.,2026-10-07 - 2026-10-20,https://www.kupi.cz/letak/tesco-supermarket-letak-416?page=9&map=216253368,https://img.kupi.cz/kupi/thumbs/tresci-jatra-giana_170_340.jpg,2026-10-07T05:32:01+02:00
Albert,Uzeniny a lahůdky,albert-583-23971790,*javořické párky 100 g,javoricke_parky,13.9,18.9,Kč,13.9 Kč / 100 g,139.0,,False,,,-26%,2026-10-07 - 2026-10-13,https://albertloyaltycz-albert-service-app-prod.delhaize.eu/public/content/leaflet/v3?storeId=583,,2026-10-07T05:30:53+02:00
Tesco,Mražené a instantní potraviny,570084,Jídla instantní Pan-Meal Maggi 163.5 g,jidla_instantni_pan_meal_maggi,32.9,57.72,Kč,"20,12 Kč / 100 g",201.2,,True,Clubcard,32.9,-43% Clubcard platí do neděle 25. 10.,2026-10-07 - 2026-10-25,https://www.kupi.cz/letak/tesco-hypermarket-znacky-ktere-mate-radi-2?page=11&map=215327052,https://img.kupi.cz/kupi/thumbs/jidla-instantni-pan-meal-maggi_170_340.jpg,2026-10-07T05:32:04+02:00
Albert,Trvanlivé,albert-583-22440600,Jihlavanka Standard mletá káva 1 kg,jihlavanka_standard_mleta_kava,189.0,399.0,Kč,189 Kč / 1 kg,189.0,,False,,,,2026-10-07 - 2026-10-13,https://albertloyaltycz-albert-service-app-prod.delhaize.eu/public/content/leaflet/v3?storeId=583,https://albertloyaltycz-albert-service-app-prod.delhaize.eu/public/minio/images-products/22440600,2026-10-07T05:30:53+02:00
Albert,Nápoje,albert-583-27384084,"Jim beam honey 32,5% 0,7l",jim_beam_honey,299.0,539.0,Kč,299 Kč / 0.7 l,,,False,,,,2026-10-07 - 2026-10-13,https://albertloyaltycz-albert-service-app-prod.delhaize.eu/public/content/leaflet/v3?storeId=583,,2026-10-07T05:30:53+02:00
Albert,Nápoje,albert-583-20315337,Jim Beam White Bourbon 40% 0.7 l,jim_beam_white_bourbon,299.0,539.0,Kč,299 Kč / 0.7 l,,,False,,,,2026-10-07 - 2026-10-13,https://albertloyaltycz-albert-service-app-prod.delhaize.eu/public/content/leaflet/v3?storeId=583,https://albertloyaltycz-albert-service-app-prod.delhaize.eu/public/minio/images-products/20315337,2026-10-07T05:30:53+02:00
Billa,Vaření a pečení,1551,Jíška hotová Knorr 250 g,jiska_hotova_knorr,33.9,,Kč,"13,56 Kč / 100 g",135.6,,False,,,platí do úterý 13. 10.,2026-10-07 - 2026-10-13,https://www.kupi.cz/letak/billa-velky-letak-292?page=27&map=216583044,https://img.kupi.cz/kupi/thumbs/jiska-hotova-knorr_170_340.jpg,2026-10-07T05:31:23+02:00
Tesco,Lahůdky,8492,Jitrnice Tesco 360 g,jitrnice,49.9,72.32,Kč,"13,86 Kč / 100 g",138.6,,True,Clubcard,49.9,-31% Clubcard platí do úterý 13. 10.,2026-10-07 - 2026-10-13,https://www.kupi.cz/letaky/tesco,https://img.kupi.cz/kupi/thumbs/jitrnice-tesco-2_170_340.jpg,2026-10-07T05:31:59+02:00
Billa,Lahůdky,385546,Jitrnice Příbramská uzenina 300 g,jitrnice_pribramska_uzenina,39.9,48.66,Kč,"13,30 Kč / 100 g",133.0,,False,,,-18% platí do úterý 13. 10.,2026-10-07 - 2026-10-13,https://www.kupi.cz/letak/billa-velky-letak-292?page=24&map=216582951,https://img.kupi.cz/kupi/thumbs/jitrnice-pribramska-uzenina_170_340.jpg,2026-10-07T05:31:11+02:00
Tesco,Mléčné výrobky a vejce,485013,Jogurt Bedřich smetanový ochucený Milko 150 g,jogurt_bedrich_smetanovy_ochuceny_milko,16.5,33.0,Kč,"5,50 Kč / 100 g",110.0,,True,Clubcard,16.5,-50% Clubcard platí do úterý 13. 10.,2026-10-07 - 2026-10-13,https://www.kupi.cz/letak/tesco-hypermarket-letak-370?page=17&map=216580413,https://img.kupi.cz/kupi/thumbs/jogurt-bedrich-smetanovy-ochuceny-milko_170_340.png,2026-10-07T05:31:53+02:00
Tesco,Mléčné výrobky a vejce,586242,Jogurt Bubble Dream Jogobella Zott 150 g,jogurt_bubble_dream_jogobella_zott,16.9,24.85,Kč,"11,27 Kč / 100 g",112.7,,True,Clubcard,16.9,-32% Clubcard platí do úterý 27. 10.,2026-10-07 - 2026-10-27,https://www.kupi.cz/letak/tesco-hypermarket-znacky-ktere-mate-radi-2?page=7&map=215326887,https://www.kupi.cz/img/no_img/no_discounts.png,2026-10-07T05:31:53+02:00
Billa,Mléčné výrobky a vejce,416,Jogurt Fantasia Danone 100 g,jogurt_fantasia_danone,45.82,68.39,Kč,"15,27 Kč / 100 g",458.2,,False,,,-33% platí do úterý 13. 10.,2026-10-07 - 2026-10-13,https://www.kupi.cz/letak/billa-velky-letak-292?page=39&map=216584742,https://img.kupi.cz/kupi/thumbs/dezert-fantasia-danone-1_170_340.jpg,2026-10-07T05:31:03+02:00
Tesco,Mléčné výrobky a vejce,834,Jogurt Jogobella Zott,jogurt_jogobella_zott,9.9,14.78,Kč,"6,60 Kč / 100 g",66.0,,False,,,-33% platí do úterý 20. 10.,2026-10-07 - 2026-10-20,https://www.kupi.cz/letak/tesco-supermarket-letak-416?map=216252780,https://img.kupi.cz/kupi/thumbs/jogurt-jogobella-zott_170_340.png,2026-10-07T05:31:48+02:00
Tesco,Mléčné výrobky a vejce,1807,Jogurt Müller Mix 130 g,jogurt_muller_mix,12.9,22.63,Kč,"9,92 Kč / 100 g",99.2,,True,Clubcard,12.9,-43% Clubcard po 12. 10. – út 13. 10.,2026-10-12 - 2026-10-13,https://www.kupi.cz/letak/tesco-supermarket-letak-416?page=10&map=216253464,https://img.kupi.cz/kupi/thumbs/jogurt-mueller-mix_170_340.jpg,2026-10-07T05:31:48+02:00
Tesco,Mléčné výrobky a vejce,40152,Jogurt ochucený Activia Danone 120 g,jogurt_ochuceny_activia_danone,44.9,71.27,Kč,"9,35 Kč / 100 g",374.17,,True,Clubcard,44.9,-37% Clubcard platí do úterý 3. 11.,2026-10-07 - 2026-11-03,https://www.kupi.cz/letak/tesco-supermarket-letak-416?page=12&map=216253698,https://img.kupi.cz/kupi/thumbs/jogurt-ochuceny-activia-danone_170_340.jpg,2026-10-07T05:31:48+02:00
Billa,Mléčné výrobky a vejce,1108,Jogurt ochucený Clever 150 g,jogurt_ochuceny_clever,7.9,,Kč,"5,27 Kč / 100 g",52.7,,False,,,platí do úterý 13. 10.,2026-10-07 - 2026-10-13,https://www.kupi.cz/letak/billa-velky-letak-292?page=15&map=216582690,https://img.kupi.cz/kupi/thumbs/jogurt-ochuceny-clever_170_340.jpg,2026-10-07T05:31:05+02:00
Billa,Mléčné výrobky a vejce,29,Jogurt smetanový ochucený z Valašska Mlékárna Valašské Meziříčí 150 g,jogurt_smetanovy_ochuceny_z_valasska_mlekarna_valasske_mezirici,9.9,18.68,Kč,"6,60 Kč / 100 g",66.0,,False,,,-47% platí do úterý 13. 10.,2026-10-07 - 2026-10-13,https://www.kupi.cz/letak/billa-velky-letak-292?page=23&map=216582915,https://img.kupi.cz/kupi/thumbs/jogurt-smetanovy-ochuceny-z-valasska-mlekarna-valasske-mezirici_170_340.jpg,2026-10-07T05:31:03+02:00
Billa,Mléčné výrobky a vejce,920,Jogurtový nápoj Activia Danone 270 g,jogurtovy_napoj_activia_danone,21.9,31.74,Kč,"8,11 Kč / 100 g",81.1,,True,Billa Club,21.9,-31% Billa Club platí do úterý 13. 10.,2026-10-07 - 2026-10-13,https://www.kupi.cz/letak/billa-maly-letak-721?page=4&map=216583581,https://img.kupi.cz/kupi/thumbs/jogurtovy-napoj-activia-danone_170_340.png,2026-10-07T05:31:03+02:00
Tesco,Mléčné výrobky a vejce,920,Jogurtový nápoj Activia Danone 280 g,jogurtovy_napoj_activia_danone,21.9,29.59,Kč,"7,82 Kč / 100 g",78.2,,True,Clubcard,21.9,-26% Clubcard st 14. 10. – út 27. 10.,2026-10-14 - 2026-10-27,https://www.kupi.cz/letak/tesco-hypermarket-znacky-ktere-mate-radi-2?page=8&map=215326905,https://img.kupi.cz/kupi/thumbs/jogurtovy-napoj-activia-danone_170_340.png,2026-10-07T05:31:48+02:00
Albert,Nápoje,albert-583-21405006,Johnnie Walker Red Label 40% 0.7 l,johnnie_walker_red_label,299.0,519.0,Kč,299 Kč / 0.7 l,,,False,,,,2026-10-07 - 2026-10-13,https://albertloyaltycz-albert-service-app-prod.delhaize.eu/public/content/leaflet/v3?storeId=583,https://albertloyaltycz-albert-service-app-prod.delhaize.eu/public/minio/images-products/21405006,2026-10-07T05:30:53+02:00
Albert,Trvanlivé,albert-583-28012337,Jojo abeceda 80g,jojo_abeceda,15.9,25.9,Kč,15.9 Kč / 80 g,198.75,,False,,,,2026-10-07 - 2026-10-13,https://albertloyaltycz-albert-service-app-prod.delhaize.eu/public/content/leaflet/v3?storeId=583,,2026-10-07T05:30:53+02:00
Albert,Trvanlivé,albert-583-21593208,Jojo bon. kyselé rybičky 80g,jojo_bon_kysele_rybicky,15.9,25.9,Kč,15.9 Kč / 80 g,198.75,,False,,,,2026-10-07 - 2026-10-13,https://albertloyaltycz-albert-service-app-prod.delhaize.eu/public/content/leaflet/v3?storeId=583,,2026-10-07T05:30:53+02:00
Albert,Trvanlivé,albert-583-27735572,Jojo bonb mix kaktusáci 80g,jojo_bonb_mix_kaktusaci,15.9,25.9,Kč,15.9 Kč / 80 g,198.75,,False,,,,2026-10-07 - 2026-10-13,https://albertloyaltycz-albert-service-app-prod.delhaize.eu/public/content/leaflet/v3?storeId=583,,2026-10-07T05:30:53+02:00
Albert,Trvanlivé,albert-583-27031230,Jojo bonbony araš. v cukru 60g,jojo_bonbony_aras_v_cukru,15.9,25.9,Kč,15.9 Kč / 60 g,265.0,,False,,,,2026-10-07 - 2026-10-13,https://albertloyaltycz-albert-service-app-prod.delhaize.eu/public/content/leaflet/v3?storeId=583,,2026-10-07T05:30:53+02:00
Albert,Trvanlivé,albert-583-27866412,Jojo bonbony housenky 80g,jojo_bonbony_housenky,15.9,25.9,Kč,15.9 Kč / 80 g,198.75,,False,,,,2026-10-07 - 2026-10-13,https://albertloyaltycz-albert-service-app-prod.delhaize.eu/public/content/leaflet/v3?storeId=583,,2026-10-07T05:30:53+02:00
Albert,Trvanlivé,albert-583-21431838,Jojo bonbony jahůdky 80g,jojo_bonbony_jahudky,15.9,25.9,Kč,15.9 Kč / 80 g,198.75,,False,,,,2026-10-07 - 2026-10-13,https://albertloyaltycz-albert-service-app-prod.delhaize.eu/public/content/leaflet/v3?storeId=583,,2026-10-07T05:30:53+02:00
Albert,Trvanlivé,albert-583-21431852,Jojo bonbony marshmallow 80g,jojo_bonbony_marshmallow,15.9,25.9,Kč,15.9 Kč / 80 g,198.75,,False,,,,2026-10-07 - 2026-10-13,https://albertloyaltycz-albert-service-app-prod.delhaize.eu/public/content/leaflet/v3?storeId=583,,2026-10-07T05:30:53+02:00
Albert,Trvanlivé,albert-583-21431784,Jojo bonbony medvídci 80g,jojo_bonbony_medvidci,15.9,25.9,Kč,15.9 Kč / 80 g,198.75,,False,,,,2026-10-07 - 2026-10-13,https://albertloyaltycz-albert-service-app-prod.delhaize.eu/public/content/leaflet/v3?storeId=583,,2026-10-07T05:30:53+02:00
Albert,Trvanlivé,albert-583-25443370,Jojo bonbony mixle pixle 80g,jojo_bonbony_mixle_pixle,15.9,25.9,Kč,15.9 Kč / 80 g,198.75,,False,,,,2026-10-07 - 2026-10-13,https://albertloyaltycz-albert-service-app-prod.delhaize.eu/public/content/leaflet/v3?storeId=583,,2026-10-07T05:30:53+02:00
Albert,Trvanlivé,albert-583-21431890,Jojo bonbony vexta 80g,jojo_bonbony_vexta,15.9,25.9,Kč,15.9 Kč / 80 g,198.75,,False,,,,2026-10-07 - 2026-10-13,https://albertloyaltycz-albert-service-app-prod.delhaize.eu/public/content/leaflet/v3?storeId=583,,2026-10-07T05:30:53+02:00
Albert,Trvanlivé,albert-583-27074602,Jojo bonbony zelený čaj 80g,jojo_bonbony_zeleny_caj,15.9,25.9,Kč,15.9 Kč / 80 g,198.75,,False,,,,2026-10-07 - 2026-10-13,https://albertloyaltycz-albert-service-app-prod.delhaize.eu/public/content/leaflet/v3?storeId=583,,2026-10-07T05:30:53+02:00
Albert,Trvanlivé,albert-583-25796575,Jojo bonbony zmrzlina 80g,jojo_bonbony_zmrzlina,15.9,25.9,Kč,15.9 Kč / 80 g,198.75,,False,,,,2026-10-07 - 2026-10-13,https://albertloyaltycz-albert-service-app-prod.delhaize.eu/public/content/leaflet/v3?storeId=583,,2026-10-07T05:30:53+02:00
Albert,Trvanlivé,albert-583-28140160,Jojo chameleon 70g,jojo_chameleon,15.9,25.9,Kč,15.9 Kč / 70 g,227.14,,False,,,,2026-10-07 - 2026-10-13,https://albertloyaltycz-albert-service-app-prod.delhaize.eu/public/content/leaflet/v3?storeId=583,,2026-10-07T05:30:53+02:00
Albert,Trvanlivé,albert-583-21431814,JOJO kyselé želé bonbony 80 g,jojo_kysele_zele_bonbony,15.9,25.9,Kč,15.9 Kč / 80 g,198.75,,False,,,,2026-10-07 - 2026-10-13,https://albertloyaltycz-albert-service-app-prod.delhaize.eu/public/content/leaflet/v3?storeId=583,https://albertloyaltycz-albert-service-app-prod.delhaize.eu/public/minio/images-products/21431814,2026-10-07T05:30:53+02:00
Albert,Trvanlivé,albert-583-25579833,Jojo plnění hrošíci 80g,jojo_plneni_hrosici,15.9,25.9,Kč,15.9 Kč / 80 g,198.75,,False,,,,2026-10-07 - 2026-10-13,https://albertloyaltycz-albert-service-app-prod.delhaize.eu/public/content/leaflet/v3?storeId=583,,2026-10-07T05:30:53+02:00
Albert,Trvanlivé,albert-583-27535646,Jojo smoothies 80g,jojo_smoothies,15.9,25.9,Kč,15.9 Kč / 80 g,198.75,,False,,,,2026-10-07 - 2026-10-13,https://albertloyaltycz-albert-service-app-prod.delhaize.eu/public/content/leaflet/v3?storeId=583,,2026-10-07T05:30:53+02:00
Albert,Trvanlivé,albert-583-27937037,Jojo špuntíci 80g,jojo_spuntici,15.9,25.9,Kč,15.9 Kč / 80 g,198.75,,False,,,,2026-10-07 - 2026-10-13,https://albertloyaltycz-albert-service-app-prod.delhaize.eu/public/content/leaflet/v3?storeId=583,,2026-10-07T05:30:53+02:00
Albert,Trvanlivé,albert-583-27646212,Jojo unicorn 80g,jojo_unicorn,15.9,25.9,Kč,15.9 Kč / 80 g,198.75,,False,,,,2026-10-07 - 2026-10-13,https://albertloyaltycz-albert-service-app-prod.delhaize.eu/public/content/leaflet/v3?storeId=583,,2026-10-07T05:30:53+02:00
Albert,Uzeniny a lahůdky,albert-583-20454111,Junior salám 100 g,junior_salam,12.9,14.9,Kč,12.9 Kč / 100 g,129.0,,False,,,-13%,2026-10-07 - 2026-10-13,https://albertloyaltycz-albert-service-app-prod.delhaize.eu/public/content/leaflet/v3?storeId=583,,2026-10-07T05:30:53+02:00
Albert,Nápoje,albert-583-24636247,Jupí lesní směs 3l,jupi_lesni_smes,119.9,139.9,Kč,119.9 Kč / 3 l,,,False,,,-14%,2026-10-07 - 2026-10-13,https://albertloyaltycz-albert-service-app-prod.delhaize.eu/public/content/leaflet/v3?storeId=583,,2026-10-07T05:30:53+02:00
Albert,Nápoje,albert-583-20731533,Jupí Sirup pomeranč 3 l,jupi_sirup_pomeranc,119.9,139.9,Kč,119.9 Kč / 3 l,,,True,Můj Albert,119.9,-14% Můj Albert,2026-10-07 - 2026-10-13,https://albertloyaltycz-albert-service-app-prod.delhaize.eu/public/content/leaflet/v3?storeId=583,https://albertloyaltycz-albert-service-app-prod.delhaize.eu/public/minio/images-products/20731533,2026-10-07T05:30:53+02:00
Albert,Nápoje,albert-583-20731533,Jupí Sirup pomeranč 3 l,jupi_sirup_pomeranc,139.9,139.9,Kč,139.9 Kč / 3 l,,,False,,,,2026-10-07 - 2026-10-13,https://albertloyaltycz-albert-service-app-prod.delhaize.eu/public/content/leaflet/v3?storeId=583,https://albertloyaltycz-albert-service-app-prod.delhaize.eu/public/minio/images-products/20731533,2026-10-07T05:30:53+02:00
Albert,Nápoje,albert-583-25881349,Jupík Aqua malina 0.5 l,jupik_aqua_malina,14.9,21.9,Kč,14.9 Kč / 0.5 l,,,False,,,,2026-10-07 - 2026-10-13,https://albertloyaltycz-albert-service-app-prod.delhaize.eu/public/content/leaflet/v3?storeId=583,https://albertloyaltycz-albert-service-app-prod.delhaize.eu/public/minio/images-products/25881349,2026-10-07T05:30:53+02:00
Billa,"Maso, uzeniny a ryby",378358,Kabanos Exclusive Snack !t Tarczyński 120 g,kabanos_exclusive_snack_t_tarczynski,39.9,67.63,Kč,"33,25 Kč / 100 g",332.5,,False,,,-41% po 12. 10. – út 13. 10.,2026-10-12 - 2026-10-13,https://www.kupi.cz/letak/billa-maly-letak-721?page=8&map=216583854,https://img.kupi.cz/kupi/thumbs/kabanossi-snack-t_170_340.jpg,2026-10-07T05:31:08+02:00
Tesco,"Maso, uzeniny a ryby",378358,Kabanos Exclusive Snack !t Tarczyński 120 g,kabanos_exclusive_snack_t_tarczynski,39.9,66.5,Kč,"33,25 Kč / 100 g",332.5,,True,Clubcard,39.9,-40% Clubcard platí do úterý 13. 10.,2026-10-07 - 2026-10-13,https://www.kupi.cz/letaky/tesco,https://img.kupi.cz/kupi/thumbs/kabanossi-snack-t_170_340.jpg,2026-10-07T05:31:55+02:00
Tesco,"Maso, uzeniny a ryby",549021,Kabanos vepřový Snack !t Tarczyński 400 g,kabanos_veprovy_snack_t_tarczynski,124.9,168.78,Kč,"31,23 Kč / 100 g",312.3,,True,Clubcard,124.9,-26% Clubcard platí do úterý 3. 11.,2026-10-07 - 2026-11-03,https://www.kupi.cz/letak/tesco-hypermarket-letak-370?page=16&map=216580344,https://img.kupi.cz/kupi/thumbs/kabanos-veprovy-snack-t-tarczynski_170_340.jpg,2026-10-07T05:31:57+02:00
Tesco,"Maso, uzeniny a ryby",503523,Kabanossi Snack !t Bites Tarczyński,kabanossi_snack_t_bites_tarczynski,39.9,66.5,Kč,"33,25 Kč / 100 g",332.5,,True,Clubcard,39.9,-40% Clubcard platí do úterý 13. 10.,2026-10-07 - 2026-10-13,https://www.kupi.cz/letak/tesco-supermarket-letak-416?page=13&map=216253758,https://img.kupi.cz/kupi/thumbs/kabanossi-snack-t-bites-tarczynski_170_340.jpg,2026-10-07T05:31:55+02:00
Tesco,"Maso, uzeniny a ryby",503523,Kabanossi Snack !t Bites Tarczyński,kabanossi_snack_t_bites_tarczynski,27.9,31.7,Kč,"55,80 Kč / 100 g",558.0,,True,Clubcard,27.9,-12% Clubcard platí do úterý 20. 10.,2026-10-07 - 2026-10-20,https://www.kupi.cz/letak/tesco-hypermarket-letak-370?page=13&map=216580245,https://img.kupi.cz/kupi/thumbs/kabanossi-snack-t-bites-tarczynski_170_340.jpg,2026-10-07T05:31:55+02:00
Tesco,"Maso, uzeniny a ryby",503520,Kabanossi Snack !t Extreme Tarczyński 95 g,kabanossi_snack_t_extreme_tarczynski,49.9,69.31,Kč,"52,53 Kč / 100 g",525.3,,True,Clubcard,49.9,-28% Clubcard platí do úterý 13. 10.,2026-10-07 - 2026-10-13,https://www.kupi.cz/letaky/tesco,https://www.kupi.cz/img/no_img/no_discounts.png,2026-10-07T05:31:57+02:00
Tesco,"Maso, uzeniny a ryby",7137,Kachna 1 kg,kachna,89.9,169.62,Kč,"89,90 Kč / 1 kg",89.9,,True,Clubcard,89.9,-47% Clubcard platí do úterý 13. 10.,2026-10-07 - 2026-10-13,https://www.kupi.cz/letak/tesco-supermarket-letak-416?page=4&map=216253128,https://img.kupi.cz/kupi/thumbs/kachna-1_170_340.jpg,2026-10-07T05:31:55+02:00
Albert,Maso a ryby,albert-583-25959598,Kachna chlazená 1 kg,kachna_chlazena,99.9,165.0,Kč,99.9 Kč / 1 kg,99.9,,False,,,-39%,2026-10-07 - 2026-10-13,https://albertloyaltycz-albert-service-app-prod.delhaize.eu/public/content/leaflet/v3?storeId=583,https://albertloyaltycz-albert-service-app-prod.delhaize.eu/public/minio/images-products/25959598,2026-10-07T05:30:53+02:00
Tesco,Vaření a pečení,3157,Kakao holandské Avita 100 g,kakao_holandske_avita,44.9,59.87,Kč,"44,90 Kč / 100 g",449.0,,True,Clubcard,44.9,-25% Clubcard platí do úterý 13. 10.,2026-10-07 - 2026-10-13,https://www.kupi.cz/letak/tesco-supermarket-letak-416?page=14&map=216253836,https://img.kupi.cz/kupi/thumbs/kakao-holandske-avita_170_340.jpg,2026-10-07T05:32:11+02:00
Billa,Vaření a pečení,23727,Kakao holandské Kávoviny 100 g,kakao_holandske_kavoviny,54.9,,Kč,"54,90 Kč / 100 g",549.0,,False,,,platí do úterý 13. 10.,2026-10-07 - 2026-10-13,https://www.kupi.cz/letak/billa-velky-letak-292?page=16&map=216582741,https://img.kupi.cz/kupi/thumbs/kakao-holandske-kavoviny-1_170_340.jpg,2026-10-07T05:31:23+02:00
Tesco,Ovoce a zelenina,37602,Kaki Tesco 1 ks,kaki,12.9,19.85,Kč,"12,90 Kč / 1 ks",,12.9,False,,,-35% platí do úterý 13. 10.,2026-10-07 - 2026-10-13,https://www.kupi.cz/letak/tesco-supermarket-letak-416?map=216252735,https://img.kupi.cz/kupi/thumbs/kaki-tesco-1_170_340.jpg,2026-10-07T05:31:43+02:00
Billa,Nealko nápoje,439,Kapsle Cafissimo Tchibo 1 ks,kapsle_cafissimo_tchibo,89.9,,Kč,,,,False,,,platí do úterý 13. 10.,2026-10-07 - 2026-10-13,https://www.kupi.cz/letak/billa-maly-letak-721?page=6&map=216583656,https://img.kupi.cz/kupi/thumbs/kapsle-cafissimo-tchibo_170_340.png,2026-10-07T05:31:17+02:00
Tesco,Nealko nápoje,587,Kapsle Dolce Gusto Nescafé 16 ks,kapsle_dolce_gusto_nescafe,119.9,149.88,Kč,"7,49 Kč / 1 ks",,7.49,True,Clubcard,119.9,-20% Clubcard platí do úterý 13. 10.,2026-10-07 - 2026-10-13,https://www.kupi.cz/letaky/tesco,https://img.kupi.cz/kupi/thumbs/kapsle-dolce-gusto-nescafe-2_170_340.jpg,2026-10-07T05:32:06+02:00
Billa,Nealko nápoje,53654,Kapsle kávové Caffee Vergnano 10 ks,kapsle_kavove_caffee_vergnano,89.9,119.87,Kč,"8,99 Kč / 1 ks",,8.99,False,,,-25% platí do úterý 20. 10.,2026-10-07 - 2026-10-20,https://www.kupi.cz/letak/billa-letak-italie-u-vas-doma?page=10&map=215641557,https://img.kupi.cz/kupi/thumbs/kapsle-kavove-caffee-vergnano_170_340.jpg,2026-10-07T05:31:19+02:00
Tesco,Nealko nápoje,53654,Kapsle kávové Caffee Vergnano 10 ks,kapsle_kavove_caffee_vergnano,99.9,114.83,Kč,"9,99 Kč / 1 ks",,9.99,True,Clubcard,99.9,-13% Clubcard st 14. 10. – út 27. 10.,2026-10-14 - 2026-10-27,https://www.kupi.cz/letak/tesco-hypermarket-znacky-ktere-mate-radi-2?page=24&map=215328093,https://img.kupi.cz/kupi/thumbs/kapsle-kavove-caffee-vergnano_170_340.jpg,2026-10-07T05:32:09+02:00
Billa,Nealko nápoje,56575,Kapsle Lavazza 10 ks,kapsle_lavazza,109.9,,Kč,"10,99 Kč / 1 ks",,10.99,False,,,platí do úterý 20. 10.,2026-10-07 - 2026-10-20,https://www.kupi.cz/letak/billa-letak-italie-u-vas-doma?page=10&map=215641521,https://img.kupi.cz/kupi/thumbs/kapsle-lavazza_170_340.jpg,2026-10-07T05:31:19+02:00
Tesco,Nealko nápoje,302849,Kapsle Nespresso Starbucks 1 ks,kapsle_nespresso_starbucks,109.9,124.89,Kč,,,,True,Clubcard,109.9,-12% Clubcard platí do úterý 13. 10.,2026-10-07 - 2026-10-13,https://www.kupi.cz/letaky/tesco,https://img.kupi.cz/kupi/thumbs/kapsle-starbucks-nespresso_170_340.jpg,2026-10-07T05:32:07+02:00
Tesco,Nealko nápoje,302849,Kapsle Nespresso Starbucks 1 ks,kapsle_nespresso_starbucks,99.9,124.88,Kč,,,,True,Clubcard,99.9,-20% Clubcard platí do úterý 13. 10.,2026-10-07 - 2026-10-13,https://www.kupi.cz/letak/tesco-hypermarket-letak-370?page=13&map=216580251,https://img.kupi.cz/kupi/thumbs/kapsle-starbucks-nespresso_170_340.jpg,2026-10-07T05:32:07+02:00
Tesco,Nealko nápoje,265,Kapsle Tassimo Jacobs,kapsle_tassimo_jacobs,129.9,182.96,Kč,"8,12 Kč / 1 ks",,8.12,True,Clubcard,129.9,-29% Clubcard platí do úterý 13. 10.,2026-10-07 - 2026-10-13,https://www.kupi.cz/letaky/tesco,https://img.kupi.cz/kupi/thumbs/kapsle-tassimo-jacobs-1_170_340.jpg,2026-10-07T05:32:06+02:00
Tesco,Nealko nápoje,265,Kapsle Tassimo Jacobs,kapsle_tassimo_jacobs,129.9,182.96,Kč,,,,True,Clubcard,129.9,-29% Clubcard platí do úterý 13. 10.,2026-10-07 - 2026-10-13,https://www.kupi.cz/letaky/tesco,https://img.kupi.cz/kupi/thumbs/kapsle-tassimo-jacobs-1_170_340.jpg,2026-10-07T05:32:06+02:00
Tesco,Mléčné výrobky a vejce,586230,Karpatský bochník Agrofarma Červený Kameň 200 g,karpatsky_bochnik_agrofarma_cerveny_kamen,74.9,89.17,Kč,"37,45 Kč / 100 g",374.5,,True,Clubcard,74.9,-16% Clubcard platí do úterý 27. 10.,2026-10-07 - 2026-10-27,https://www.kupi.cz/letak/tesco-hypermarket-znacky-ktere-mate-radi-2?page=5&map=215326854,https://www.kupi.cz/img/no_img/no_discounts.png,2026-10-07T05:31:53+02:00
Billa,Zdravá výživa,47830,Kaše ovesná Emco 55 g,kase_ovesna_emco,12.9,,Kč,"23,45 Kč / 100 g",234.5,,False,,,platí do úterý 13. 10.,2026-10-07 - 2026-10-13,https://www.kupi.cz/letak/billa-velky-letak-292?page=19&map=216582840,https://img.kupi.cz/kupi/thumbs/kase-ovesna-emco-1_170_340.jpg,2026-10-07T05:31:31+02:00
Tesco,Zdravá výživa,47830,Kaše ovesná Emco 55 g,kase_ovesna_emco,49.9,65.66,Kč,"18,15 Kč / 100 g",907.27,,True,Clubcard,49.9,-24% Clubcard platí do úterý 13. 10.,2026-10-07 - 2026-10-13,https://www.kupi.cz/letak/tesco-hypermarket-letak-370?page=17&map=216580392,https://img.kupi.cz/kupi/thumbs/kase-ovesna-emco-1_170_340.jpg,2026-10-07T05:32:19+02:00
Tesco,Zdravá výživa,506919,Kaše rýžová Dr. Oetker 52 g,kase_ryzova_dr_oetker,17.9,21.83,Kč,"34,42 Kč / 100 g",344.2,,True,Clubcard,17.9,-18% Clubcard st 14. 10. – út 27. 10.,2026-10-14 - 2026-10-27,https://www.kupi.cz/letak/tesco-hypermarket-znacky-ktere-mate-radi-2?page=17&map=215327361,https://img.kupi.cz/kupi/thumbs/kase-ryzova-dr-oetker_170_340.png,2026-10-07T05:32:19+02:00
Albert,Trvanlivé,albert-583-20300432,Kávenky oplatky 50g,kavenky_oplatky,13.9,15.9,Kč,13.9 Kč / 50 g,278.0,,False,,,,2026-10-07 - 2026-10-13,https://albertloyaltycz-albert-service-app-prod.delhaize.eu/public/content/leaflet/v3?storeId=583,,2026-10-07T05:30:53+02:00
Tesco,Vaření a pečení,91,Kečup bez lepku Neli 900 g,kecup_bez_lepku_neli,54.9,87.14,Kč,"6,10 Kč / 100 g",61.0,,True,Clubcard,54.9,-37% Clubcard platí do neděle 25. 10.,2026-10-07 - 2026-10-25,https://www.kupi.cz/letaky/tesco,https://img.kupi.cz/kupi/thumbs/kecup-neli_170_340.jpg,2026-10-07T05:32:12+02:00
Tesco,Vaření a pečení,464663,Kečup bezva Neli 900 g,kecup_bezva_neli,54.9,87.14,Kč,"6,10 Kč / 100 g",61.0,,True,Clubcard,54.9,-37% Clubcard platí do neděle 25. 10.,2026-10-07 - 2026-10-25,https://www.kupi.cz/letaky/tesco,https://img.kupi.cz/kupi/thumbs/kecup-bezva-neli_170_340.jpg,2026-10-07T05:32:13+02:00
Billa,Vaření a pečení,3948,Kečup Hellmann's 500 ml,kecup_hellmann_s,69.9,,Kč,"13,98 Kč / 100 ml",,,False,,,platí do úterý 13. 10.,2026-10-07 - 2026-10-13,https://www.kupi.cz/letak/billa-velky-letak-292?page=23&map=216582945,https://img.kupi.cz/kupi/thumbs/kecup-hellmanns_170_340.png,2026-10-07T05:31:23+02:00
Albert,Trvanlivé,albert-583-20774899,Kečup jemný otma 310g,kecup_jemny_otma,31.9,59.9,Kč,31.9 Kč / 310 g,102.9,,False,,,,2026-10-07 - 2026-10-13,https://albertloyaltycz-albert-service-app-prod.delhaize.eu/public/content/leaflet/v3?storeId=583,,2026-10-07T05:30:53+02:00
Albert,Trvanlivé,albert-583-26976242,Kečup jemný otma 520g 0.52 kg,kecup_jemny_otma,49.9,72.9,Kč,49.9 Kč / 0.52 kg,95.96,,False,,,,2026-10-07 - 2026-10-13,https://albertloyaltycz-albert-service-app-prod.delhaize.eu/public/content/leaflet/v3?storeId=583,,2026-10-07T05:30:53+02:00
Tesco,Vaření a pečení,691,Kečup Kand 520 g,kecup_kand,44.9,59.87,Kč,"8,63 Kč / 100 g",86.3,,True,Clubcard,44.9,-25% Clubcard platí do úterý 20. 10.,2026-10-07 - 2026-10-20,https://www.kupi.cz/letak/tesco-supermarket-letak-416?page=9&map=216253365,https://img.kupi.cz/kupi/thumbs/kecup-kand_170_340.jpg,2026-10-07T05:32:11+02:00
Albert,Trvanlivé,albert-583-20323660,Kečup ostrý gurmán otma 520g 0.52 kg,kecup_ostry_gurman_otma,49.9,81.9,Kč,49.9 Kč / 0.52 kg,95.96,,False,,,,2026-10-07 - 2026-10-13,https://albertloyaltycz-albert-service-app-prod.delhaize.eu/public/content/leaflet/v3?storeId=583,,2026-10-07T05:30:53+02:00
Billa,Ovoce a zelenina,47442,Kedlubna Česká farma 1 ks,kedlubna,11.9,18.89,Kč,"11,90 Kč / 1 ks",,11.9,False,,,-37% platí do úterý 13. 10.,2026-10-07 - 2026-10-13,https://www.kupi.cz/letak/billa-velky-letak-292?page=4&map=216582465,https://img.kupi.cz/kupi/thumbs/kedlubna-ceska-farma-1_170_340.jpg,2026-10-07T05:30:57+02:00
Tesco,Ovoce a zelenina,867,Kedlubna bílá 1 ks,kedlubna,11.9,18.89,Kč,"11,90 Kč / 1 ks",,11.9,False,,,-37% platí do úterý 13. 10.,2026-10-07 - 2026-10-13,https://www.kupi.cz/letak/tesco-supermarket-letak-416?page=3&map=216252921,https://img.kupi.cz/kupi/thumbs/kedlubna-bila_170_340.jpg,2026-10-07T05:31:43+02:00
Tesco,Mléčné výrobky a vejce,566994,Kefír ochucený Activia 280 g,kefir_ochuceny_activia,21.9,31.74,Kč,"7,82 Kč / 100 g",78.2,,True,Clubcard,21.9,-31% Clubcard st 14. 10. – út 27. 10.,2026-10-14 - 2026-10-27,https://www.kupi.cz/letak/tesco-hypermarket-znacky-ktere-mate-radi-2?page=8&map=215326899,https://img.kupi.cz/kupi/thumbs/kefir-ochuceny-activia_170_340.png,2026-10-07T05:31:53+02:00
Tesco,Mléčné výrobky a vejce,36259,Kefírové mléko neochucené Mlékárna Valašské Meziříčí 950 g,kefirove_mleko_neochucene_mlekarna_valasske_mezirici,34.9,41.55,Kč,"3,67 Kč / 100 g",36.7,,True,Clubcard,34.9,-16% Clubcard platí do úterý 3. 11.,2026-10-07 - 2026-11-03,https://www.kupi.cz/letak/tesco-hypermarket-letak-370?page=4&map=216578532,https://img.kupi.cz/kupi/thumbs/kefirove-mleko-neochucene-mlekarna-valasske-mezirici_170_340.jpg,2026-10-07T05:31:50+02:00
Albert,Mléčné a chlazené,albert-583-22356864,Kefírové mléko val.meruň.450g,kefirove_mleko_val_merun,19.9,29.9,Kč,19.9 Kč / 450 g,44.22,,False,,,-33%,2026-10-07 - 2026-10-13,https://albertloyaltycz-albert-service-app-prod.delhaize.eu/public/content/leaflet/v3?storeId=583,,2026-10-07T05:30:53+02:00
Albert,Mléčné a chlazené,albert-583-21369063,Kefírové mléko valaš. 500g 0.5 kg,kefirove_mleko_valas,19.9,25.9,Kč,19.9 Kč / 0.5 kg,39.8,,False,,,-23%,2026-10-07 - 2026-10-13,https://albertloyaltycz-albert-service-app-prod.delhaize.eu/public/content/leaflet/v3?storeId=583,,2026-10-07T05:30:53+02:00
Tesco,Zdravá výživa,53422,Kešu Tesco,kesu,149.9,189.75,Kč,"29,98 Kč / 100 g",299.8,,True,Clubcard,149.9,-21% Clubcard platí do úterý 13. 10.,2026-10-07 - 2026-10-13,https://www.kupi.cz/letaky/tesco,https://img.kupi.cz/kupi/thumbs/kesu-tesco_170_340.jpg,2026-10-07T05:32:19+02:00
Tesco,Zdravá výživa,53422,Kešu Tesco,kesu,49.9,79.21,Kč,"24,95 Kč / 100 g",249.5,,True,Clubcard,49.9,-37% Clubcard platí do úterý 13. 10.,2026-10-07 - 2026-10-13,https://www.kupi.cz/letak/tesco-supermarket-letak-416?page=3&map=216252942,https://img.kupi.cz/kupi/thumbs/kesu-tesco_170_340.jpg,2026-10-07T05:32:19+02:00
Albert,Tržnice u Alberta,albert-583-27811054,Albert kešu Natural 0.5 kg,kesu_natural,109.9,219.0,Kč,109.9 Kč / 0.5 kg,219.8,,True,Můj Albert,109.9,Můj Albert,2026-10-07 - 2026-10-13,https://albertloyaltycz-albert-service-app-prod.delhaize.eu/public/content/leaflet/v3?storeId=583,https://albertloyaltycz-albert-service-app-prod.delhaize.eu/public/minio/images-products/27811054,2026-10-07T05:30:53+02:00
Albert,Tržnice u Alberta,albert-583-27811054,Albert kešu Natural 0.5 kg,kesu_natural,139.9,219.0,Kč,139.9 Kč / 0.5 kg,279.8,,False,,,,2026-10-07 - 2026-10-13,https://albertloyaltycz-albert-service-app-prod.delhaize.eu/public/content/leaflet/v3?storeId=583,https://albertloyaltycz-albert-service-app-prod.delhaize.eu/public/minio/images-products/27811054,2026-10-07T05:30:53+02:00
Billa,Lahůdky,379891,Kimchi Beavia 350 g,kimchi_beavia,125.9,139.89,Kč,"35,97 Kč / 100 g",359.7,,False,,,-10% platí do úterý 13. 10.,2026-10-07 - 2026-10-13,https://www.kupi.cz/letak/billa-velky-letak-292?page=23&map=216582936,https://img.kupi.cz/kupi/thumbs/kimchi-beavia-1_170_340.png,2026-10-07T05:31:11+02:00
Tesco,Lahůdky,379891,Kimchi Beavia 350 g,kimchi_beavia,144.9,168.49,Kč,"41,40 Kč / 100 g",414.0,,True,Clubcard,144.9,-14% Clubcard platí do úterý 27. 10.,2026-10-07 - 2026-10-27,https://www.kupi.cz/letak/tesco-hypermarket-znacky-ktere-mate-radi-2?page=8&map=215326914,https://img.kupi.cz/kupi/thumbs/kimchi-beavia-1_170_340.png,2026-10-07T05:31:59+02:00
Albert,Mléčné a chlazené,albert-583-20393113,Kinder mléčný řez 28 g,kinder_mlecny_rez,13.9,19.9,Kč,13.9 Kč / 28 g,496.43,,False,,,-30%,2026-10-07 - 2026-10-13,https://albertloyaltycz-albert-service-app-prod.delhaize.eu/public/content/leaflet/v3?storeId=583,https://albertloyaltycz-albert-service-app-prod.delhaize.eu/public/minio/images-products/20393113,2026-10-07T05:30:53+02:00
Albert,Mléčné a chlazené,albert-583-25537598,Kinder mléčný řez 5x28g 140 g,kinder_mlecny_rez_5x28g,64.9,84.9,Kč,64.9 Kč / 140 g,463.57,,False,,,-23%,2026-10-07 - 2026-10-13,https://albertloyaltycz-albert-service-app-prod.delhaize.eu/public/content/leaflet/v3?storeId=583,,2026-10-07T05:30:53+02:00
Albert,Mléčné a chlazené,albert-583-23679443,Kinder paradiso 29g,kinder_paradiso,19.9,24.9,Kč,19.9 Kč / 29 g,686.21,,False,,,-20%,2026-10-07 - 2026-10-13,https://albertloyaltycz-albert-service-app-prod.delhaize.eu/public/content/leaflet/v3?storeId=583,,2026-10-07T05:30:53+02:00
Albert,Mléčné a chlazené,albert-583-20393106,Kinder pingui 30g,kinder_pingui,19.9,24.9,Kč,19.9 Kč / 30 g,663.33,,False,,,-20%,2026-10-07 - 2026-10-13,https://albertloyaltycz-albert-service-app-prod.delhaize.eu/public/content/leaflet/v3?storeId=583,,2026-10-07T05:30:53+02:00
Albert,Nápoje,albert-583-27287798,Kinley Pink Berry 1.5 l,kinley_pink_berry,32.9,45.9,Kč,32.9 Kč / 1.5 l,,,False,,,,2026-10-07 - 2026-10-13,https://albertloyaltycz-albert-service-app-prod.delhaize.eu/public/content/leaflet/v3?storeId=583,https://albertloyaltycz-albert-service-app-prod.delhaize.eu/public/minio/images-products/27287798,2026-10-07T05:30:53+02:00
Albert,Trvanlivé,albert-583-25907551,Kit kat chunky bílý 40g,kit_kat_chunky_bily,14.9,19.9,Kč,14.9 Kč / 40 g,372.5,,False,,,,2026-10-07 - 2026-10-13,https://albertloyaltycz-albert-service-app-prod.delhaize.eu/public/content/leaflet/v3?storeId=583,,2026-10-07T05:30:53+02:00
Albert,Trvanlivé,albert-583-26976372,Kit kat chunky peanut butt 42g,kit_kat_chunky_peanut_butt,14.9,19.9,Kč,14.9 Kč / 42 g,354.76,,False,,,,2026-10-07 - 2026-10-13,https://albertloyaltycz-albert-service-app-prod.delhaize.eu/public/content/leaflet/v3?storeId=583,,2026-10-07T05:30:53+02:00
Albert,Trvanlivé,albert-583-27868232,"Kitkat 4fing.přích.lískoř.41,5 42 g",kitkat_4fing_prich_liskor,14.9,19.9,Kč,14.9 Kč / 42 g,354.76,,False,,,,2026-10-07 - 2026-10-13,https://albertloyaltycz-albert-service-app-prod.delhaize.eu/public/content/leaflet/v3?storeId=583,,2026-10-07T05:30:53+02:00
Albert,Trvanlivé,albert-583-27769638,"Kitkat 4finger dark 41,5g 41 g",kitkat_4finger_dark,14.9,19.9,Kč,14.9 Kč / 41 g,363.41,,False,,,,2026-10-07 - 2026-10-13,https://albertloyaltycz-albert-service-app-prod.delhaize.eu/public/content/leaflet/v3?storeId=583,,2026-10-07T05:30:53+02:00
Albert,Trvanlivé,albert-583-28166795,KitKat Chunky tyčinka se sušenkovou příchutí 42 g,kitkat_chunky_tycinka_se_susenkovou_prichuti,14.9,19.9,Kč,14.9 Kč / 42 g,354.76,,False,,,,2026-10-07 - 2026-10-13,https://albertloyaltycz-albert-service-app-prod.delhaize.eu/public/content/leaflet/v3?storeId=583,https://albertloyaltycz-albert-service-app-prod.delhaize.eu/public/minio/images-products/28166795,2026-10-07T05:30:53+02:00
Albert,Trvanlivé,albert-583-23093676,KitKat Chunky tyčinka v mléčné čokoládě 40 g,kitkat_chunky_tycinka_v_mlecne_cokolade,14.9,19.9,Kč,14.9 Kč / 40 g,372.5,,False,,,,2026-10-07 - 2026-10-13,https://albertloyaltycz-albert-service-app-prod.delhaize.eu/public/content/leaflet/v3?storeId=583,https://albertloyaltycz-albert-service-app-prod.delhaize.eu/public/minio/images-products/23093676,2026-10-07T05:30:53+02:00
Albert,Trvanlivé,albert-583-27535035,KitKat 4 Finger tyčinka v bílé polevě 41 g,kitkat_finger_tycinka_v_bile_poleve,14.9,19.9,Kč,14.9 Kč / 41 g,363.41,,False,,,,2026-10-07 - 2026-10-13,https://albertloyaltycz-albert-service-app-prod.delhaize.eu/public/content/leaflet/v3?storeId=583,https://albertloyaltycz-albert-service-app-prod.delhaize.eu/public/minio/images-products/27535035,2026-10-07T05:30:53+02:00
Albert,Trvanlivé,albert-583-28169055,KitKat mléčná čokoláda 99 g,kitkat_mlecna_cokolada,29.9,69.9,Kč,29.9 Kč / 99 g,302.02,,False,,,,2026-10-07 - 2026-10-13,https://albertloyaltycz-albert-service-app-prod.delhaize.eu/public/content/leaflet/v3?storeId=583,https://albertloyaltycz-albert-service-app-prod.delhaize.eu/public/minio/images-products/28169055,2026-10-07T05:30:53+02:00
Albert,Trvanlivé,albert-583-28169055,KitKat mléčná čokoláda 99 g,kitkat_mlecna_cokolada,34.9,69.9,Kč,34.9 Kč / 99 g,352.53,,False,,,,2026-10-07 - 2026-10-13,https://albertloyaltycz-albert-service-app-prod.delhaize.eu/public/content/leaflet/v3?storeId=583,https://albertloyaltycz-albert-service-app-prod.delhaize.eu/public/minio/images-products/28169055,2026-10-07T05:30:53+02:00
Albert,Trvanlivé,albert-583-27967768,Kitkat Salted Caramel 99 g,kitkat_salted_caramel,29.9,69.9,Kč,29.9 Kč / 99 g,302.02,,True,Můj Albert,29.9,Můj Albert,2026-10-07 - 2026-10-13,https://albertloyaltycz-albert-service-app-prod.delhaize.eu/public/content/leaflet/v3?storeId=583,https://albertloyaltycz-albert-service-app-prod.delhaize.eu/public/minio/images-products/27967768,2026-10-07T05:30:53+02:00
Albert,Trvanlivé,albert-583-27967768,Kitkat Salted Caramel 99 g,kitkat_salted_caramel,34.9,69.9,Kč,34.9 Kč / 99 g,352.53,,False,,,,2026-10-07 - 2026-10-13,https://albertloyaltycz-albert-service-app-prod.delhaize.eu/public/content/leaflet/v3?storeId=583,https://albertloyaltycz-albert-service-app-prod.delhaize.eu/public/minio/images-products/27967768,2026-10-07T05:30:53+02:00
Albert,Trvanlivé,albert-583-27967751,Kitkat tabulka double choc.99g,kitkat_tabulka_double_choc,29.9,69.9,Kč,29.9 Kč / 99 g,302.02,,False,,,,2026-10-07 - 2026-10-13,https://albertloyaltycz-albert-service-app-prod.delhaize.eu/public/content/leaflet/v3?storeId=583,,2026-10-07T05:30:53+02:00
Albert,Trvanlivé,albert-583-27967744,Kitkat tabulka lískooř.99g,kitkat_tabulka_liskoor,29.9,69.9,Kč,29.9 Kč / 99 g,302.02,,False,,,,2026-10-07 - 2026-10-13,https://albertloyaltycz-albert-service-app-prod.delhaize.eu/public/content/leaflet/v3?storeId=583,,2026-10-07T05:30:53+02:00
Albert,Trvanlivé,albert-583-28179658,KitKat tyčinky v boxu s motivem Formule 1 230 g,kitkat_tycinky_v_boxu_s_motivem_formule,139.9,,Kč,139.9 Kč / 230 g,608.26,,False,,,,2026-10-07 - 2026-10-13,https://albertloyaltycz-albert-service-app-prod.delhaize.eu/public/content/leaflet/v3?storeId=583,https://albertloyaltycz-albert-service-app-prod.delhaize.eu/public/minio/images-products/28179658,2026-10-07T05:30:53+02:00
Albert,Nápoje,albert-583-28138044,"Strongbow kiwi dragonfru.0,44l 440 ml",kiwi,19.9,29.9,Kč,19.9 Kč / 440 ml,,,False,,,,2026-10-07 - 2026-10-13,https://albertloyaltycz-albert-service-app-prod.delhaize.eu/public/content/leaflet/v3?storeId=583,,2026-10-07T05:30:53+02:00
Albert,Trvanlivé,albert-583-20303273,Kk arašídy plech 227g,kk_arasidy_plech,64.9,79.9,Kč,64.9 Kč / 227 g,285.9,,False,,,,2026-10-07 - 2026-10-13,https://albertloyaltycz-albert-service-app-prod.delhaize.eu/public/content/leaflet/v3?storeId=583,,2026-10-07T05:30:53+02:00
Albert,Trvanlivé,albert-583-24544832,Kk arašídy praž. nesolené 250g,kk_arasidy_praz_nesolene,59.9,79.9,Kč,59.9 Kč / 250 g,239.6,,False,,,,2026-10-07 - 2026-10-13,https://albertloyaltycz-albert-service-app-prod.delhaize.eu/public/content/leaflet/v3?storeId=583,,2026-10-07T05:30:53+02:00
Albert,Trvanlivé,albert-583-20303297,KK Arašídy pražené solené 150 g,kk_arasidy_prazene_solene,39.9,48.6,Kč,39.9 Kč / 150 g,266.0,,False,,,,2026-10-07 - 2026-10-13,https://albertloyaltycz-albert-service-app-prod.delhaize.eu/public/content/leaflet/v3?storeId=583,https://albertloyaltycz-albert-service-app-prod.delhaize.eu/public/minio/images-products/20303297,2026-10-07T05:30:53+02:00
Albert,Trvanlivé,albert-583-28113461,Kk chunky f1 karamel.přích.40g,kk_chunky_f1_karamel_prich,14.9,19.9,Kč,14.9 Kč / 40 g,372.5,,False,,,,2026-10-07 - 2026-10-13,https://albertloyaltycz-albert-service-app-prod.delhaize.eu/public/content/leaflet/v3?storeId=583,,2026-10-07T05:30:53+02:00
Albert,Trvanlivé,albert-583-28097426,Kk tab.s nápl. s přích.suš.99g,kk_tab_s_napl_s_prich_sus,29.9,69.9,Kč,29.9 Kč / 99 g,302.02,,False,,,,2026-10-07 - 2026-10-13,https://albertloyaltycz-albert-service-app-prod.delhaize.eu/public/content/leaflet/v3?storeId=583,,2026-10-07T05:30:53+02:00
Albert,Nápoje,albert-583-24238458,Kláštěr světlý ležák 11 0.5 l,klaster_svetly_lezak,9.9,11.9,Kč,9.9 Kč / 0.5 l,,,False,,,-16%,2026-10-07 - 2026-10-13,https://albertloyaltycz-albert-service-app-prod.delhaize.eu/public/content/leaflet/v3?storeId=583,https://albertloyaltycz-albert-service-app-prod.delhaize.eu/public/minio/images-products/24238458,2026-10-07T05:30:53+02:00
Tesco,Zdravá výživa,4529,Knäckebrot Wasa 275 g,knackebrot_wasa,49.9,67.43,Kč,"18,15 Kč / 100 g",181.5,,True,Clubcard,49.9,-26% Clubcard platí do neděle 25. 10.,2026-10-07 - 2026-10-25,https://www.kupi.cz/letaky/tesco,https://img.kupi.cz/kupi/thumbs/knackebrot-wasa-1_170_340.jpg,2026-10-07T05:32:19+02:00
Albert,Albertovo pekařství,albert-583-28096313,Kobliha s meruňkovou náplní 80 g,kobliha_s_merunkovou_naplni,9.9,11.9,Kč,9.9 Kč / 80 g,123.75,,False,,,-16%,2026-10-07 - 2026-10-13,https://albertloyaltycz-albert-service-app-prod.delhaize.eu/public/content/leaflet/v3?storeId=583,https://albertloyaltycz-albert-service-app-prod.delhaize.eu/public/minio/images-products/28096313,2026-10-07T05:30:53+02:00
Tesco,Pečivo,3943,Kobliha s náplní 25 g,kobliha_s_naplni,29.73,39.64,Kč,"29,73 Kč / 100 g",1189.2,,True,Clubcard,29.73,-25% Clubcard platí do úterý 13. 10.,2026-10-07 - 2026-10-13,https://www.kupi.cz/letak/tesco-hypermarket-letak-370?page=17&map=216580401,https://img.kupi.cz/kupi/thumbs/kobliha-s-naplni-1_170_340.jpg,2026-10-07T05:31:46+02:00
Tesco,Pečivo,558876,Kobliha s náplní Dooti Minis 42 g,kobliha_s_naplni_dooti_minis,11.9,14.88,Kč,"28,33 Kč / 100 g",283.3,,False,,,-20% platí do úterý 13. 10.,2026-10-07 - 2026-10-13,https://www.kupi.cz/letak/tesco-hypermarket-letak-370?page=4&map=216578256,https://www.kupi.cz/img/no_img/no_discounts.png,2026-10-07T05:31:46+02:00
Billa,Pečivo,2062,Kobliha s ovocnou náplní 65 g,kobliha_s_ovocnou_naplni,8.9,9.89,Kč,"13,69 Kč / 100 g",136.9,,True,Billa Club,8.9,-10% Billa Club platí do úterý 13. 10.,2026-10-07 - 2026-10-13,https://www.kupi.cz/letak/billa-velky-letak-292?page=10&map=216582540,https://img.kupi.cz/kupi/thumbs/kobliha-s-ovocnou-naplni_170_340.jpg,2026-10-07T05:30:59+02:00
Billa,Nealko nápoje,1161,Kofola 2 l,kofola,26.9,,Kč,"13,45 Kč / 1 l",,,False,,,platí do úterý 13. 10.,2026-10-07 - 2026-10-13,https://www.kupi.cz/letak/billa-velky-letak-292?page=14&map=216582681,https://img.kupi.cz/kupi/thumbs/kofola_170_340.png,2026-10-07T05:31:17+02:00
Tesco,Nealko nápoje,1161,Kofola 2 l,kofola,26.9,39.56,Kč,"13,45 Kč / 1 l",,,True,Clubcard,26.9,-32% Clubcard platí do úterý 13. 10.,2026-10-07 - 2026-10-13,https://www.kupi.cz/letak/tesco-supermarket-letak-416?page=7&map=216253260,https://img.kupi.cz/kupi/thumbs/kofola_170_340.png,2026-10-07T05:32:06+02:00
Albert,Nápoje,albert-583-28131052,Kofola Nulka 330 ml,kofola_nulka,14.9,19.9,Kč,14.9 Kč / 330 ml,,,False,,,-25%,2026-10-07 - 2026-10-13,https://albertloyaltycz-albert-service-app-prod.delhaize.eu/public/content/leaflet/v3?storeId=583,https://albertloyaltycz-albert-service-app-prod.delhaize.eu/public/minio/images-products/28131052,2026-10-07T05:30:53+02:00
Albert,Nápoje,albert-583-28105336,Kofola nulka 2l,kofola_nulka,21.9,39.9,Kč,21.9 Kč / 2 l,,,False,,,,2026-10-07 - 2026-10-13,https://albertloyaltycz-albert-service-app-prod.delhaize.eu/public/content/leaflet/v3?storeId=583,,2026-10-07T05:30:53+02:00
Albert,Nápoje,albert-583-21950759,Kofola Original 2 l,kofola_original,21.9,39.9,Kč,21.9 Kč / 2 l,,,True,Můj Albert,21.9,Můj Albert,2026-10-07 - 2026-10-13,https://albertloyaltycz-albert-service-app-prod.delhaize.eu/public/content/leaflet/v3?storeId=583,https://albertloyaltycz-albert-service-app-prod.delhaize.eu/public/minio/images-products/21950759,2026-10-07T05:30:53+02:00
Albert,Nápoje,albert-583-21950759,Kofola Original 2 l,kofola_original,26.9,39.9,Kč,26.9 Kč / 2 l,,,False,,,,2026-10-07 - 2026-10-13,https://albertloyaltycz-albert-service-app-prod.delhaize.eu/public/content/leaflet/v3?storeId=583,https://albertloyaltycz-albert-service-app-prod.delhaize.eu/public/minio/images-products/21950759,2026-10-07T05:30:53+02:00
Albert,Nápoje,albert-583-27813560,"Kofola original 0,33l plech 330 ml",kofola_original_plech,14.9,19.9,Kč,14.9 Kč / 330 ml,,,False,,,-25%,2026-10-07 - 2026-10-13,https://albertloyaltycz-albert-service-app-prod.delhaize.eu/public/content/leaflet/v3?storeId=583,,2026-10-07T05:30:53+02:00
Albert,Nápoje,albert-583-28190080,Kofola s příchutí vánoční koření 2 l,kofola_s_prichuti_vanocni_koreni,21.9,39.9,Kč,21.9 Kč / 2 l,,,False,,,-45%,2026-10-07 - 2026-10-13,https://albertloyaltycz-albert-service-app-prod.delhaize.eu/public/content/leaflet/v3?storeId=583,https://albertloyaltycz-albert-service-app-prod.delhaize.eu/public/minio/images-products/28190080,2026-10-07T05:30:53+02:00
Albert,Nápoje,albert-583-28190080,Kofola s příchutí vánoční koření 2 l,kofola_s_prichuti_vanocni_koreni,26.9,39.9,Kč,26.9 Kč / 2 l,,,False,,,-32%,2026-10-07 - 2026-10-13,https://albertloyaltycz-albert-service-app-prod.delhaize.eu/public/content/leaflet/v3?storeId=583,https://albertloyaltycz-albert-service-app-prod.delhaize.eu/public/minio/images-products/28190080,2026-10-07T05:30:53+02:00
Albert,Nápoje,albert-583-28190073,Kofola vanilka 2l,kofola_vanilka,21.9,39.9,Kč,21.9 Kč / 2 l,,,False,,,-45%,2026-10-07 - 2026-10-13,https://albertloyaltycz-albert-service-app-prod.delhaize.eu/public/content/leaflet/v3?storeId=583,,2026-10-07T05:30:53+02:00
Albert,Nápoje,albert-583-25613773,Kofola višeň méněvíce 2l,kofola_visen_menevice,21.9,39.9,Kč,21.9 Kč / 2 l,,,False,,,,2026-10-07 - 2026-10-13,https://albertloyaltycz-albert-service-app-prod.delhaize.eu/public/content/leaflet/v3?storeId=583,,2026-10-07T05:30:53+02:00
Billa,Vaření a pečení,468458,Kokos strouhaný Clever 500 g,kokos_strouhany_clever,54.9,79.57,Kč,"10,98 Kč / 100 g",109.8,,False,,,-31% platí do úterý 13. 10.,2026-10-07 - 2026-10-13,https://www.kupi.cz/letak/billa-velky-letak-292?page=18&map=216582810,https://img.kupi.cz/kupi/thumbs/kokos-strouhany-clever_170_340.jpg,2026-10-07T05:31:25+02:00
Billa,Vaření a pečení,103647,Kokosový olej bio Exclusive Franz Josef Kaiser 0.5 l,kokosovy_olej_bio_exclusive_franz_josef_kaiser,109.9,,Kč,"219,80 Kč / 1 l",,,False,,,platí do úterý 13. 10.,2026-10-07 - 2026-10-13,https://www.kupi.cz/letak/billa-velky-letak-292?page=17&map=216582771,https://img.kupi.cz/kupi/thumbs/kokosovy-olej-franz-josef-kaiser_170_340.jpg,2026-10-07T05:31:24+02:00
Albert,Trvanlivé,albert-583-20316372,Kolonáda láz. opl. čoko 200g,kolonada_laz_opl_coko,69.9,99.9,Kč,69.9 Kč / 200 g,349.5,,False,,,,2026-10-07 - 2026-10-13,https://albertloyaltycz-albert-service-app-prod.delhaize.eu/public/content/leaflet/v3?storeId=583,,2026-10-07T05:30:53+02:00
Albert,Trvanlivé,albert-583-20316358,Kolonáda láz. opl. oříšek 175g,kolonada_laz_opl_orisek,69.9,99.9,Kč,69.9 Kč / 175 g,399.43,,False,,,,2026-10-07 - 2026-10-13,https://albertloyaltycz-albert-service-app-prod.delhaize.eu/public/content/leaflet/v3?storeId=583,,2026-10-07T05:30:53+02:00
Albert,Trvanlivé,albert-583-20300227,Kolonáda opl. oř. čoko 140g,kolonada_opl_or_coko,39.9,54.9,Kč,39.9 Kč / 140 g,285.0,,False,,,,2026-10-07 - 2026-10-13,https://albertloyaltycz-albert-service-app-prod.delhaize.eu/public/content/leaflet/v3?storeId=583,,2026-10-07T05:30:53+02:00
Albert,Trvanlivé,albert-583-24855907,Kolonáda premium hořk.čok. 92g,kolonada_premium_hork_cok,39.9,54.9,Kč,39.9 Kč / 92 g,433.7,,False,,,,2026-10-07 - 2026-10-13,https://albertloyaltycz-albert-service-app-prod.delhaize.eu/public/content/leaflet/v3?storeId=583,,2026-10-07T05:30:53+02:00
Albert,Trvanlivé,albert-583-24855921,Kolonáda premium ml.čok. 92g,kolonada_premium_ml_cok,39.9,54.9,Kč,39.9 Kč / 92 g,433.7,,False,,,,2026-10-07 - 2026-10-13,https://albertloyaltycz-albert-service-app-prod.delhaize.eu/public/content/leaflet/v3?storeId=583,,2026-10-07T05:30:53+02:00
Albert,Trvanlivé,albert-583-24996501,Kolonáda trojhránky grand čokoláda 50 g,kolonada_trojhranky_grand_cokolada,17.9,21.9,Kč,17.9 Kč / 50 g,358.0,,False,,,,2026-10-07 - 2026-10-13,https://albertloyaltycz-albert-service-app-prod.delhaize.eu/public/content/leaflet/v3?storeId=583,https://albertloyaltycz-albert-service-app-prod.delhaize.eu/public/minio/images-products/24996501,2026-10-07T05:30:53+02:00
Billa,Nealko nápoje,284384,Kombucha Carpe Diem 0.75 l,kombucha_carpe_diem,49.9,,Kč,"66,53 Kč / 1 l",,,False,,,platí do úterý 13. 10.,2026-10-07 - 2026-10-13,https://www.kupi.cz/letak/billa-velky-letak-292?page=31&map=216583404,https://img.kupi.cz/kupi/thumbs/kombucha-carpe-diem_170_340.jpg,2026-10-07T05:31:19+02:00
Tesco,Nealko nápoje,284384,Kombucha Carpe Diem 0.75 l,kombucha_carpe_diem,49.9,63.16,Kč,"66,53 Kč / 1 l",,,True,Clubcard,49.9,-21% Clubcard platí do úterý 20. 10.,2026-10-07 - 2026-10-20,https://www.kupi.cz/letak/tesco-hypermarket-letak-370?page=19&map=216580506,https://img.kupi.cz/kupi/thumbs/kombucha-carpe-diem_170_340.jpg,2026-10-07T05:32:07+02:00
Tesco,Konzervy,56020,Kompot broskve Viva 1680 g,kompot_broskve_viva,87.9,154.21,Kč,"5,23 Kč / 100 g",52.3,,True,Clubcard,87.9,-43% Clubcard platí do úterý 13. 10.,2026-10-07 - 2026-10-13,https://www.kupi.cz/letaky/tesco,https://img.kupi.cz/kupi/thumbs/kompot-broskve-viva-fruit_170_340.png,2026-10-07T05:32:01+02:00
Tesco,Konzervy,368075,Kompot třešně Viva 680 g,kompot_tresne_viva,44.9,59.87,Kč,"6,60 Kč / 100 g",66.0,,True,Clubcard,44.9,-25% Clubcard platí do úterý 13. 10.,2026-10-07 - 2026-10-13,https://www.kupi.cz/letak/tesco-hypermarket-znacky-ktere-mate-radi-2?page=12&map=215327103,https://img.kupi.cz/kupi/thumbs/kompot-tresne-viva_170_340.jpg,2026-10-07T05:32:02+02:00
Tesco,Konzervy,446121,Kompot višně Viva 680 g,kompot_visne_viva,49.9,59.4,Kč,"7,34 Kč / 100 g",73.4,,True,Clubcard,49.9,-16% Clubcard platí do úterý 13. 10.,2026-10-07 - 2026-10-13,https://www.kupi.cz/letak/tesco-hypermarket-znacky-ktere-mate-radi-2?page=12&map=215327100,https://img.kupi.cz/kupi/thumbs/kompot-visne-viva_170_340.jpg,2026-10-07T05:32:02+02:00
Tesco,Konzervy,66096,Kompoty Ati Fruit Exclusive 120 g,kompoty_ati_fruit_exclusive,34.9,41.55,Kč,"14,54 Kč / 100 g",290.83,,True,Clubcard,34.9,-16% Clubcard platí do neděle 25. 10.,2026-10-07 - 2026-10-25,https://www.kupi.cz/letaky/tesco,https://www.kupi.cz/img/no_img/no_discounts.png,2026-10-07T05:32:02+02:00
Tesco,Konzervy,27738,Konzervy Bon Menu Bonduelle 430 g,konzervy_bon_menu_bonduelle,39.9,68.79,Kč,"9,28 Kč / 100 g",92.8,,True,Clubcard,39.9,-42% Clubcard platí do úterý 13. 10.,2026-10-07 - 2026-10-13,https://www.kupi.cz/letaky/tesco,https://img.kupi.cz/kupi/thumbs/konzervy-bon-menu-bonduelle_170_340.png,2026-10-07T05:32:01+02:00
Tesco,Konzervy,87705,Konzervy Hamé 192 g,konzervy_hame,24.9,29.64,Kč,"12,97 Kč / 100 g",129.7,,True,Clubcard,24.9,-16% Clubcard platí do úterý 3. 11.,2026-10-07 - 2026-11-03,https://www.kupi.cz/letak/tesco-hypermarket-letak-370?page=8&map=216579402,https://img.kupi.cz/kupi/thumbs/konzervy-hame_170_340.jpg,2026-10-07T05:32:02+02:00
Tesco,Ovoce a zelenina,31497,Kopr čerstvý Tesco 100 g,kopr_cerstvy,49.9,,Kč,"49,90 Kč / 100 g",499.0,,True,Clubcard,49.9,Clubcard platí do úterý 13. 10.,2026-10-07 - 2026-10-13,https://www.kupi.cz/letak/tesco-hypermarket-letak-370?page=3&map=216581232,https://www.kupi.cz/img/no_img/no_discounts.png,2026-10-07T05:31:44+02:00
Albert,Trvanlivé,albert-583-26684611,Koř. badyán celý 5ks 6 g,kor_badyan_cely,23.9,38.9,Kč,23.9 Kč / 6 g,3983.33,,False,,,,2026-10-07 - 2026-10-13,https://albertloyaltycz-albert-service-app-prod.delhaize.eu/public/content/leaflet/v3?storeId=583,,2026-10-07T05:30:53+02:00
Albert,Trvanlivé,albert-583-20490324,Koř.bazalka drhnutá k. 9g,kor_bazalka_drhnuta_k,15.9,21.9,Kč,15.9 Kč / 9 g,1766.67,,False,,,,2026-10-07 - 2026-10-13,https://albertloyaltycz-albert-service-app-prod.delhaize.eu/public/content/leaflet/v3?storeId=583,,2026-10-07T05:30:53+02:00
Albert,Trvanlivé,albert-583-20952938,Koř.bobk.list k.5g,kor_bobk_list_k,15.9,21.9,Kč,15.9 Kč / 5 g,3180.0,,False,,,,2026-10-07 - 2026-10-13,https://albertloyaltycz-albert-service-app-prod.delhaize.eu/public/content/leaflet/v3?storeId=583,,2026-10-07T05:30:53+02:00
Albert,Trvanlivé,albert-583-26684581,Koř.bobkový list 3g,kor_bobkovy_list,15.9,19.9,Kč,15.9 Kč / 3 g,5300.0,,False,,,,2026-10-07 - 2026-10-13,https://albertloyaltycz-albert-service-app-prod.delhaize.eu/public/content/leaflet/v3?storeId=583,,2026-10-07T05:30:53+02:00
Albert,Trvanlivé,albert-583-27802694,Koř.čína 25g/24ks 25 g,kor_cina,15.9,20.9,Kč,15.9 Kč / 25 g,636.0,,False,,,,2026-10-07 - 2026-10-13,https://albertloyaltycz-albert-service-app-prod.delhaize.eu/public/content/leaflet/v3?storeId=583,,2026-10-07T05:30:53+02:00
Albert,Trvanlivé,albert-583-26684567,Koř. citrón.kúra 13g,kor_citron_kura,15.9,25.9,Kč,15.9 Kč / 13 g,1223.08,,False,,,,2026-10-07 - 2026-10-13,https://albertloyaltycz-albert-service-app-prod.delhaize.eu/public/content/leaflet/v3?storeId=583,,2026-10-07T05:30:53+02:00
Albert,Trvanlivé,albert-583-26684642,Koř.gril.spec.bez soli 18g,kor_gril_spec_bez_soli,15.9,21.9,Kč,15.9 Kč / 18 g,883.33,,False,,,,2026-10-07 - 2026-10-13,https://albertloyaltycz-albert-service-app-prod.delhaize.eu/public/content/leaflet/v3?storeId=583,,2026-10-07T05:30:53+02:00
Albert,Trvanlivé,albert-583-27802724,Koř.grilovací koření 28g/22ks 28 g,kor_grilovaci_koreni,15.9,20.9,Kč,15.9 Kč / 28 g,567.86,,False,,,,2026-10-07 - 2026-10-13,https://albertloyaltycz-albert-service-app-prod.delhaize.eu/public/content/leaflet/v3?storeId=583,,2026-10-07T05:30:53+02:00
Albert,Trvanlivé,albert-583-27802700,Koř.grilovaná zelenina 25g,kor_grilovana_zelenina,15.9,20.9,Kč,15.9 Kč / 25 g,636.0,,False,,,,2026-10-07 - 2026-10-13,https://albertloyaltycz-albert-service-app-prod.delhaize.eu/public/content/leaflet/v3?storeId=583,,2026-10-07T05:30:53+02:00
Albert,Trvanlivé,albert-583-27802656,Koř. grilované kuře 25g/23ks 25 g,kor_grilovane_kure,15.9,20.9,Kč,15.9 Kč / 25 g,636.0,,False,,,,2026-10-07 - 2026-10-13,https://albertloyaltycz-albert-service-app-prod.delhaize.eu/public/content/leaflet/v3?storeId=583,,2026-10-07T05:30:53+02:00
Albert,Trvanlivé,albert-583-27802588,Koř. guláš 25g/20ks 25 g,kor_gulas,15.9,20.9,Kč,15.9 Kč / 25 g,636.0,,False,,,,2026-10-07 - 2026-10-13,https://albertloyaltycz-albert-service-app-prod.delhaize.eu/public/content/leaflet/v3?storeId=583,,2026-10-07T05:30:53+02:00
Albert,Trvanlivé,albert-583-26684765,Koř. guláš maďarský 28g,kor_gulas_madarsky,15.9,21.9,Kč,15.9 Kč / 28 g,567.86,,False,,,,2026-10-07 - 2026-10-13,https://albertloyaltycz-albert-service-app-prod.delhaize.eu/public/content/leaflet/v3?storeId=583,,2026-10-07T05:30:53+02:00
Albert,Trvanlivé,albert-583-27802649,Koř. gyros 23g/25ks 23 g,kor_gyros,15.9,20.9,Kč,15.9 Kč / 23 g,691.3,,False,,,,2026-10-07 - 2026-10-13,https://albertloyaltycz-albert-service-app-prod.delhaize.eu/public/content/leaflet/v3?storeId=583,,2026-10-07T05:30:53+02:00
Albert,Trvanlivé,albert-583-26684741,Koř.houbové vitana 25g,kor_houbove_vitana,15.9,21.9,Kč,15.9 Kč / 25 g,636.0,,False,,,,2026-10-07 - 2026-10-13,https://albertloyaltycz-albert-service-app-prod.delhaize.eu/public/content/leaflet/v3?storeId=583,,2026-10-07T05:30:53+02:00
Albert,Trvanlivé,albert-583-26692074,Koř.hřebíček celý 18g,kor_hrebicek_cely,31.9,38.9,Kč,31.9 Kč / 18 g,1772.22,,False,,,,2026-10-07 - 2026-10-13,https://albertloyaltycz-albert-service-app-prod.delhaize.eu/public/content/leaflet/v3?storeId=583,,2026-10-07T05:30:53+02:00
Albert,Trvanlivé,albert-583-26684727,Koř.italské bylinky 7g,kor_italske_bylinky,19.9,27.9,Kč,19.9 Kč / 7 g,2842.86,,False,,,,2026-10-07 - 2026-10-13,https://albertloyaltycz-albert-service-app-prod.delhaize.eu/public/content/leaflet/v3?storeId=583,,2026-10-07T05:30:53+02:00
Albert,Trvanlivé,albert-583-27802601,Koř. kari 25g/22ks 25 g,kor_kari,15.9,20.9,Kč,15.9 Kč / 25 g,636.0,,False,,,,2026-10-07 - 2026-10-13,https://albertloyaltycz-albert-service-app-prod.delhaize.eu/public/content/leaflet/v3?storeId=583,,2026-10-07T05:30:53+02:00
Albert,Trvanlivé,albert-583-26684901,Koř.kmín celý 28g,kor_kmin_cely,15.9,19.9,Kč,15.9 Kč / 28 g,567.86,,False,,,,2026-10-07 - 2026-10-13,https://albertloyaltycz-albert-service-app-prod.delhaize.eu/public/content/leaflet/v3?storeId=583,,2026-10-07T05:30:53+02:00
Albert,Trvanlivé,albert-583-26684895,Koř.kmín drcený vitana 28g,kor_kmin_drceny_vitana,15.9,19.9,Kč,15.9 Kč / 28 g,567.86,,False,,,,2026-10-07 - 2026-10-13,https://albertloyaltycz-albert-service-app-prod.delhaize.eu/public/content/leaflet/v3?storeId=583,,2026-10-07T05:30:53+02:00
Albert,Trvanlivé,albert-583-27802670,Koř. krkovička s česnekem 25g,kor_krkovicka_s_cesnekem,15.9,20.9,Kč,15.9 Kč / 25 g,636.0,,False,,,,2026-10-07 - 2026-10-13,https://albertloyaltycz-albert-service-app-prod.delhaize.eu/public/content/leaflet/v3?storeId=583,,2026-10-07T05:30:53+02:00
Albert,Trvanlivé,albert-583-27802632,Koř. kuře 7 bylin 25g/24ks 25 g,kor_kure_bylin,15.9,20.9,Kč,15.9 Kč / 25 g,636.0,,False,,,,2026-10-07 - 2026-10-13,https://albertloyaltycz-albert-service-app-prod.delhaize.eu/public/content/leaflet/v3?storeId=583,,2026-10-07T05:30:53+02:00
Albert,Trvanlivé,albert-583-27802731,Koř.kuře pečené 25g/22ks 25 g,kor_kure_pecene,15.9,20.9,Kč,15.9 Kč / 25 g,636.0,,False,,,,2026-10-07 - 2026-10-13,https://albertloyaltycz-albert-service-app-prod.delhaize.eu/public/content/leaflet/v3?storeId=583,,2026-10-07T05:30:53+02:00
Albert,Trvanlivé,albert-583-26685014,Koř.libeček vitana 8g,kor_libecek_vitana,16.9,19.9,Kč,16.9 Kč / 8 g,2112.5,,False,,,,2026-10-07 - 2026-10-13,https://albertloyaltycz-albert-service-app-prod.delhaize.eu/public/content/leaflet/v3?storeId=583,,2026-10-07T05:30:53+02:00
Albert,Trvanlivé,albert-583-20488604,Koř.majoránka .6g drhnutá 6 g,kor_majoranka_drhnuta,13.9,21.9,Kč,13.9 Kč / 6 g,2316.67,,False,,,,2026-10-07 - 2026-10-13,https://albertloyaltycz-albert-service-app-prod.delhaize.eu/public/content/leaflet/v3?storeId=583,,2026-10-07T05:30:53+02:00
Albert,Trvanlivé,albert-583-26685007,Koř.majoránka drhnutá 5g,kor_majoranka_drhnuta,12.9,15.9,Kč,12.9 Kč / 5 g,2580.0,,False,,,,2026-10-07 - 2026-10-13,https://albertloyaltycz-albert-service-app-prod.delhaize.eu/public/content/leaflet/v3?storeId=583,,2026-10-07T05:30:53+02:00
Albert,Trvanlivé,albert-583-27802687,Koř.mletá masa 25g/20ks 25 g,kor_mleta_masa,15.9,20.9,Kč,15.9 Kč / 25 g,636.0,,False,,,,2026-10-07 - 2026-10-13,https://albertloyaltycz-albert-service-app-prod.delhaize.eu/public/content/leaflet/v3?storeId=583,,2026-10-07T05:30:53+02:00
Albert,Trvanlivé,albert-583-26684949,Koř.muškát.ořech celý 9g,kor_muskat_orech_cely,23.9,38.9,Kč,23.9 Kč / 9 g,2655.56,,False,,,,2026-10-07 - 2026-10-13,https://albertloyaltycz-albert-service-app-prod.delhaize.eu/public/content/leaflet/v3?storeId=583,,2026-10-07T05:30:53+02:00
Albert,Trvanlivé,albert-583-26692104,Koř.muškátový květ 13g,kor_muskatovy_kvet,24.9,38.9,Kč,24.9 Kč / 13 g,1915.38,,False,,,,2026-10-07 - 2026-10-13,https://albertloyaltycz-albert-service-app-prod.delhaize.eu/public/content/leaflet/v3?storeId=583,,2026-10-07T05:30:53+02:00
Albert,Trvanlivé,albert-583-26692098,Koř.nové celé 15g,kor_nove_cele,15.9,19.9,Kč,15.9 Kč / 15 g,1060.0,,False,,,,2026-10-07 - 2026-10-13,https://albertloyaltycz-albert-service-app-prod.delhaize.eu/public/content/leaflet/v3?storeId=583,,2026-10-07T05:30:53+02:00
Albert,Trvanlivé,albert-583-26685069,Koř.pepř černý mletý 18g,kor_pepr_cerny_mlety,16.9,19.9,Kč,16.9 Kč / 18 g,938.89,,False,,,,2026-10-07 - 2026-10-13,https://albertloyaltycz-albert-service-app-prod.delhaize.eu/public/content/leaflet/v3?storeId=583,,2026-10-07T05:30:53+02:00
Albert,Trvanlivé,albert-583-27802625,Koř. pepř čtyř barev 16g/20ks 16 g,kor_pepr_ctyr_barev,24.9,39.9,Kč,24.9 Kč / 16 g,1556.25,,False,,,,2026-10-07 - 2026-10-13,https://albertloyaltycz-albert-service-app-prod.delhaize.eu/public/content/leaflet/v3?storeId=583,,2026-10-07T05:30:53+02:00
Albert,Trvanlivé,albert-583-26685045,Koř.perníková 23g,kor_pernikova,15.9,21.9,Kč,15.9 Kč / 23 g,691.3,,False,,,,2026-10-07 - 2026-10-13,https://albertloyaltycz-albert-service-app-prod.delhaize.eu/public/content/leaflet/v3?storeId=583,,2026-10-07T05:30:53+02:00
Albert,Trvanlivé,albert-583-20490553,Koř.petžel kuch.uprav.v.k. 7g,kor_petzel_kuch_uprav_v_k,15.9,21.9,Kč,15.9 Kč / 7 g,2271.43,,False,,,,2026-10-07 - 2026-10-13,https://albertloyaltycz-albert-service-app-prod.delhaize.eu/public/content/leaflet/v3?storeId=583,,2026-10-07T05:30:53+02:00
Albert,Trvanlivé,albert-583-26685205,Koř.rozmarýn 18g,kor_rozmaryn,16.9,19.9,Kč,16.9 Kč / 18 g,938.89,,False,,,,2026-10-07 - 2026-10-13,https://albertloyaltycz-albert-service-app-prod.delhaize.eu/public/content/leaflet/v3?storeId=583,,2026-10-07T05:30:53+02:00
Albert,Trvanlivé,albert-583-26685151,Koř.skořice celá 10g,kor_skorice_cela,15.9,18.9,Kč,15.9 Kč / 10 g,1590.0,,False,,,,2026-10-07 - 2026-10-13,https://albertloyaltycz-albert-service-app-prod.delhaize.eu/public/content/leaflet/v3?storeId=583,,2026-10-07T05:30:53+02:00
Albert,Trvanlivé,albert-583-26685342,Koř.skořice mletá 23g,kor_skorice_mleta,15.9,19.9,Kč,15.9 Kč / 23 g,691.3,,False,,,,2026-10-07 - 2026-10-13,https://albertloyaltycz-albert-service-app-prod.delhaize.eu/public/content/leaflet/v3?storeId=583,,2026-10-07T05:30:53+02:00
Albert,Trvanlivé,albert-583-26685311,Koř.steak 28g,kor_steak,15.9,21.9,Kč,15.9 Kč / 28 g,567.86,,False,,,,2026-10-07 - 2026-10-13,https://albertloyaltycz-albert-service-app-prod.delhaize.eu/public/content/leaflet/v3?storeId=583,,2026-10-07T05:30:53+02:00
Albert,Trvanlivé,albert-583-27802748,Koř.tymián 12g/16ks 12 g,kor_tymian,16.9,19.9,Kč,16.9 Kč / 12 g,1408.33,,False,,,,2026-10-07 - 2026-10-13,https://albertloyaltycz-albert-service-app-prod.delhaize.eu/public/content/leaflet/v3?storeId=583,,2026-10-07T05:30:53+02:00
Albert,Trvanlivé,albert-583-26685250,Koř.zázvor mletý 18g,kor_zazvor_mlety,19.9,32.9,Kč,19.9 Kč / 18 g,1105.56,,False,,,,2026-10-07 - 2026-10-13,https://albertloyaltycz-albert-service-app-prod.delhaize.eu/public/content/leaflet/v3?storeId=583,,2026-10-07T05:30:53+02:00
Tesco,Vaření a pečení,44516,Koření Bylinky Kotányi 14 g,koreni_bylinky_kotanyi,14.9,27.59,Kč,"106,43 Kč / 100 g",1064.3,,True,Clubcard,14.9,-46% Clubcard platí do neděle 25. 10.,2026-10-07 - 2026-10-25,https://www.kupi.cz/letak/tesco-hypermarket-znacky-ktere-mate-radi-2?page=10&map=215326986,https://img.kupi.cz/kupi/thumbs/bylinky-kotanyi_170_340.jpg,2026-10-07T05:32:13+02:00
Tesco,Vaření a pečení,3390,Koření Kotányi,koreni_kotanyi,15.9,27.89,Kč,"58,89 Kč / 100 g",588.9,,True,Clubcard,15.9,-43% Clubcard platí do neděle 25. 10.,2026-10-07 - 2026-10-25,https://www.kupi.cz/letak/tesco-hypermarket-znacky-ktere-mate-radi-2?page=10&map=215326995,https://img.kupi.cz/kupi/thumbs/koreni-kotanyi-3_170_340.jpg,2026-10-07T05:32:11+02:00
Tesco,Vaření a pečení,3390,Koření Kotányi,koreni_kotanyi,18.9,32.59,Kč,"94,50 Kč / 100 g",945.0,,True,Clubcard,18.9,-42% Clubcard platí do neděle 25. 10.,2026-10-07 - 2026-10-25,https://www.kupi.cz/letak/tesco-hypermarket-znacky-ktere-mate-radi-2?page=10&map=215326992,https://img.kupi.cz/kupi/thumbs/koreni-kotanyi-3_170_340.jpg,2026-10-07T05:32:11+02:00
Tesco,Vaření a pečení,5851,Koření Skořice mletá Vitana 23 g,koreni_skorice_mleta_vitana,15.9,19.88,Kč,"69,13 Kč / 100 g",691.3,,True,Clubcard,15.9,-20% Clubcard platí do úterý 20. 10.,2026-10-07 - 2026-10-20,https://www.kupi.cz/letak/tesco-hypermarket-znacky-ktere-mate-radi-2?page=14&map=215327241,https://img.kupi.cz/kupi/thumbs/koreni-skorice-mleta-vitana_170_340.jpg,2026-10-07T05:32:12+02:00
Billa,Vaření a pečení,55,Koření tekuté Maggi 160 ml,koreni_tekute_maggi,19.9,,Kč,"12,44 Kč / 100 ml",,,False,,,platí do úterý 13. 10.,2026-10-07 - 2026-10-13,https://www.kupi.cz/letak/billa-velky-letak-292?page=27&map=216583038,https://img.kupi.cz/kupi/thumbs/tekute-koreni-maggi_170_340.jpg,2026-10-07T05:31:23+02:00
Tesco,Vaření a pečení,55,Koření tekuté Maggi 200 g,koreni_tekute_maggi,19.9,31.59,Kč,"9,95 Kč / 100 g",99.5,,True,Clubcard,19.9,-37% Clubcard platí do neděle 25. 10.,2026-10-07 - 2026-10-25,https://www.kupi.cz/letak/tesco-hypermarket-znacky-ktere-mate-radi-2?page=11&map=215327034,https://img.kupi.cz/kupi/thumbs/tekute-koreni-maggi_170_340.jpg,2026-10-07T05:32:11+02:00
Albert,Albertovo pekařství,albert-583-27577035,Kornbageta s kváskem 115 g,kornbageta_s_kvaskem,11.9,14.9,Kč,11.9 Kč / 115 g,103.48,,False,,,-20%,2026-10-07 - 2026-10-13,https://albertloyaltycz-albert-service-app-prod.delhaize.eu/public/content/leaflet/v3?storeId=583,https://albertloyaltycz-albert-service-app-prod.delhaize.eu/public/minio/images-products/27577035,2026-10-07T05:30:53+02:00
Albert,Nápoje,albert-583-28115960,"Korunní etera pomelo/okur 1,5l",korunni_etera_pomelo_okur,13.9,19.9,Kč,13.9 Kč / 1.5 l,,,False,,,,2026-10-07 - 2026-10-13,https://albertloyaltycz-albert-service-app-prod.delhaize.eu/public/content/leaflet/v3?storeId=583,,2026-10-07T05:30:53+02:00
Albert,Nápoje,albert-583-26408194,"Korunní limeta-máta 1,5l",korunni_limeta_mata,13.9,19.9,Kč,13.9 Kč / 1.5 l,,,False,,,,2026-10-07 - 2026-10-13,https://albertloyaltycz-albert-service-app-prod.delhaize.eu/public/content/leaflet/v3?storeId=583,,2026-10-07T05:30:53+02:00
Albert,Nápoje,albert-583-21394362,"Korunní minerální citron 1,5l",korunni_mineralni_citron,13.9,19.9,Kč,13.9 Kč / 1.5 l,,,False,,,,2026-10-07 - 2026-10-13,https://albertloyaltycz-albert-service-app-prod.delhaize.eu/public/content/leaflet/v3?storeId=583,,2026-10-07T05:30:53+02:00
Albert,Nápoje,albert-583-23355859,"Korunní minerální jem.perl1,5l",korunni_mineralni_jem_perl1,12.9,16.9,Kč,12.9 Kč / 1.5 l,,,False,,,,2026-10-07 - 2026-10-13,https://albertloyaltycz-albert-service-app-prod.delhaize.eu/public/content/leaflet/v3?storeId=583,,2026-10-07T05:30:53+02:00
Albert,Nápoje,albert-583-24155519,"Korunní minerální mango 1,5l",korunni_mineralni_mango,13.9,19.9,Kč,13.9 Kč / 1.5 l,,,False,,,,2026-10-07 - 2026-10-13,https://albertloyaltycz-albert-service-app-prod.delhaize.eu/public/content/leaflet/v3?storeId=583,,2026-10-07T05:30:53+02:00
Albert,Uzeniny a lahůdky,albert-583-25641288,Kostelecká Poctivá šunka od kosti nejvyšší jakosti 100 g,kostelecka_poctiva_sunka_od_kosti_nejvyssi_jakosti,29.9,49.9,Kč,29.9 Kč / 100 g,299.0,,False,,,-40%,2026-10-07 - 2026-10-13,https://albertloyaltycz-albert-service-app-prod.delhaize.eu/public/content/leaflet/v3?storeId=583,https://albertloyaltycz-albert-service-app-prod.delhaize.eu/public/minio/images-products/25641288,2026-10-07T05:30:53+02:00
Albert,Uzeniny a lahůdky,albert-583-25740905,Kostelecká Poctivá šunka řemeslná nejvyšší jakosti 100 g,kostelecka_poctiva_sunka_remeslna_nejvyssi_jakosti,29.9,49.9,Kč,29.9 Kč / 100 g,299.0,,False,,,-40%,2026-10-07 - 2026-10-13,https://albertloyaltycz-albert-service-app-prod.delhaize.eu/public/content/leaflet/v3?storeId=583,https://albertloyaltycz-albert-service-app-prod.delhaize.eu/public/minio/images-products/25740905,2026-10-07T05:30:53+02:00
Albert,Uzeniny a lahůdky,albert-583-24788625,Kostelecké Uzeniny Křemešník mini salám 180 g,kostelecke_uzeniny_kremesnik_mini_salam,89.9,129.9,Kč,89.9 Kč / 180 g,499.44,,False,,,-30%,2026-10-07 - 2026-10-13,https://albertloyaltycz-albert-service-app-prod.delhaize.eu/public/content/leaflet/v3?storeId=583,https://albertloyaltycz-albert-service-app-prod.delhaize.eu/public/minio/images-products/24788625,2026-10-07T05:30:53+02:00
Albert,Uzeniny a lahůdky,albert-583-25740929,Kostelecké Uzeniny Poctivé párky vídeňské 180 g,kostelecke_uzeniny_poctive_parky_videnske,53.9,79.9,Kč,53.9 Kč / 180 g,299.44,,False,,,-32%,2026-10-07 - 2026-10-13,https://albertloyaltycz-albert-service-app-prod.delhaize.eu/public/content/leaflet/v3?storeId=583,https://albertloyaltycz-albert-service-app-prod.delhaize.eu/public/minio/images-products/25740929,2026-10-07T05:30:53+02:00
Albert,Uzeniny a lahůdky,albert-583-27212165,Kostelecké uzeniny salám Rio Ebro 100 g,kostelecke_uzeniny_salam_rio_ebro,26.9,31.9,Kč,26.9 Kč / 100 g,269.0,,False,,,-15%,2026-10-07 - 2026-10-13,https://albertloyaltycz-albert-service-app-prod.delhaize.eu/public/content/leaflet/v3?storeId=583,https://albertloyaltycz-albert-service-app-prod.delhaize.eu/public/minio/images-products/27212165,2026-10-07T05:30:53+02:00
Albert,Uzeniny a lahůdky,albert-583-27652220,Kostelecký uherák krájený 100 g,kostelecky_uherak_krajeny,39.9,59.9,Kč,39.9 Kč / 100 g,399.0,,False,,,-33%,2026-10-07 - 2026-10-13,https://albertloyaltycz-albert-service-app-prod.delhaize.eu/public/content/leaflet/v3?storeId=583,https://albertloyaltycz-albert-service-app-prod.delhaize.eu/public/minio/images-products/27652220,2026-10-07T05:30:53+02:00
Albert,Mléčné a chlazené,albert-583-22058058,Kostíci barvíci vanilka 109g,kostici_barvici_vanilka,14.9,22.9,Kč,14.9 Kč / 109 g,136.7,,False,,,-34%,2026-10-07 - 2026-10-13,https://albertloyaltycz-albert-service-app-prod.delhaize.eu/public/content/leaflet/v3?storeId=583,,2026-10-07T05:30:53+02:00
Albert,Mléčné a chlazené,albert-583-21338175,Kostíci čokoparta 107g,kostici_cokoparta,14.9,22.9,Kč,14.9 Kč / 107 g,139.25,,False,,,-34%,2026-10-07 - 2026-10-13,https://albertloyaltycz-albert-service-app-prod.delhaize.eu/public/content/leaflet/v3?storeId=583,,2026-10-07T05:30:53+02:00
Albert,Mléčné a chlazené,albert-583-28126058,Kostíci kapsič.př.vanilka 70g,kostici_kapsic_pr_vanilka,14.9,18.9,Kč,14.9 Kč / 70 g,212.86,,False,,,-21%,2026-10-07 - 2026-10-13,https://albertloyaltycz-albert-service-app-prod.delhaize.eu/public/content/leaflet/v3?storeId=583,,2026-10-07T05:30:53+02:00
Albert,Mléčné a chlazené,albert-583-28126065,Kostíci kapsička jah/ban.70g,kostici_kapsicka_jah_ban,14.9,18.9,Kč,14.9 Kč / 70 g,212.86,,False,,,-21%,2026-10-07 - 2026-10-13,https://albertloyaltycz-albert-service-app-prod.delhaize.eu/public/content/leaflet/v3?storeId=583,,2026-10-07T05:30:53+02:00
Albert,Mléčné a chlazené,albert-583-26531823,Kostíci sladkáči 109g,kostici_sladkaci,14.9,22.9,Kč,14.9 Kč / 109 g,136.7,,False,,,-34%,2026-10-07 - 2026-10-13,https://albertloyaltycz-albert-service-app-prod.delhaize.eu/public/content/leaflet/v3?storeId=583,,2026-10-07T05:30:53+02:00
Albert,Trvanlivé,albert-583-27895580,Kotl.bramb.přích.chil&pap 100g,kotl_bramb_prich_chil_pap,39.9,49.9,Kč,39.9 Kč / 100 g,399.0,,False,,,,2026-10-07 - 2026-10-13,https://albertloyaltycz-albert-service-app-prod.delhaize.eu/public/content/leaflet/v3?storeId=583,,2026-10-07T05:30:53+02:00
Albert,Trvanlivé,albert-583-27895597,Kotl.bramb. přích.cib&sm.100g,kotl_bramb_prich_cib_sm,39.9,49.9,Kč,39.9 Kč / 100 g,399.0,,False,,,,2026-10-07 - 2026-10-13,https://albertloyaltycz-albert-service-app-prod.delhaize.eu/public/content/leaflet/v3?storeId=583,,2026-10-07T05:30:53+02:00
Albert,Uzeniny a lahůdky,albert-583-25961119,Kovářská klobása s česnekem 100 g,kovarska_klobasa_s_cesnekem,19.9,25.9,Kč,19.9 Kč / 100 g,199.0,,False,,,-23%,2026-10-07 - 2026-10-13,https://albertloyaltycz-albert-service-app-prod.delhaize.eu/public/content/leaflet/v3?storeId=583,,2026-10-07T05:30:53+02:00
Albert,Uzeniny a lahůdky,albert-583-27881767,Krahulík salám princ krájený 75 g,krahulik_salam_princ_krajeny,26.9,32.9,Kč,26.9 Kč / 75 g,358.67,,False,,,-18%,2026-10-07 - 2026-10-13,https://albertloyaltycz-albert-service-app-prod.delhaize.eu/public/content/leaflet/v3?storeId=583,https://albertloyaltycz-albert-service-app-prod.delhaize.eu/public/minio/images-products/27881767,2026-10-07T05:30:53+02:00
Albert,Mléčné a chlazené,albert-583-20294373,Král Sýrů Hermelín Originál 120 g,kral_syru_hermelin_original,29.9,59.9,Kč,29.9 Kč / 120 g,249.17,,False,,,-50%,2026-10-07 - 2026-10-13,https://albertloyaltycz-albert-service-app-prod.delhaize.eu/public/content/leaflet/v3?storeId=583,https://albertloyaltycz-albert-service-app-prod.delhaize.eu/public/minio/images-products/20294373,2026-10-07T05:30:53+02:00
Albert,Mléčné a chlazené,albert-583-20294373,Král Sýrů Hermelín Originál 120 g,kral_syru_hermelin_original,34.9,59.9,Kč,34.9 Kč / 120 g,290.83,,False,,,-41%,2026-10-07 - 2026-10-13,https://albertloyaltycz-albert-service-app-prod.delhaize.eu/public/content/leaflet/v3?storeId=583,https://albertloyaltycz-albert-service-app-prod.delhaize.eu/public/minio/images-products/20294373,2026-10-07T05:30:53+02:00
Albert,Mléčné a chlazené,albert-583-25142976,Král Sýrů Hermelín provensálské bylinky 120 g,kral_syru_hermelin_provensalske_bylinky,29.9,59.9,Kč,29.9 Kč / 120 g,249.17,,False,,,-50%,2026-10-07 - 2026-10-13,https://albertloyaltycz-albert-service-app-prod.delhaize.eu/public/content/leaflet/v3?storeId=583,https://albertloyaltycz-albert-service-app-prod.delhaize.eu/public/minio/images-products/25142976,2026-10-07T05:30:53+02:00
Albert,Mléčné a chlazené,albert-583-25142976,Král Sýrů Hermelín provensálské bylinky 120 g,kral_syru_hermelin_provensalske_bylinky,34.9,59.9,Kč,34.9 Kč / 120 g,290.83,,False,,,-41%,2026-10-07 - 2026-10-13,https://albertloyaltycz-albert-service-app-prod.delhaize.eu/public/content/leaflet/v3?storeId=583,https://albertloyaltycz-albert-service-app-prod.delhaize.eu/public/minio/images-products/25142976,2026-10-07T05:30:53+02:00
Albert,Mléčné a chlazené,albert-583-25966558,Král Sýrů Hermelín XXL Originál 240 g,kral_syru_hermelin_xxl_original,59.9,114.9,Kč,59.9 Kč / 240 g,249.58,,True,Můj Albert,59.9,-47% Můj Albert,2026-10-07 - 2026-10-13,https://albertloyaltycz-albert-service-app-prod.delhaize.eu/public/content/leaflet/v3?storeId=583,https://albertloyaltycz-albert-service-app-prod.delhaize.eu/public/minio/images-products/25966558,2026-10-07T05:30:53+02:00
Albert,Mléčné a chlazené,albert-583-25966558,Král Sýrů Hermelín XXL Originál 240 g,kral_syru_hermelin_xxl_original,69.9,114.9,Kč,69.9 Kč / 240 g,291.25,,False,,,-39%,2026-10-07 - 2026-10-13,https://albertloyaltycz-albert-service-app-prod.delhaize.eu/public/content/leaflet/v3?storeId=583,https://albertloyaltycz-albert-service-app-prod.delhaize.eu/public/minio/images-products/25966558,2026-10-07T05:30:53+02:00
Albert,Mléčné a chlazené,albert-583-20294922,Král Sýrů Hermelín zelený pepř 120 g,kral_syru_hermelin_zeleny_pepr,29.9,59.9,Kč,29.9 Kč / 120 g,249.17,,False,,,-50%,2026-10-07 - 2026-10-13,https://albertloyaltycz-albert-service-app-prod.delhaize.eu/public/content/leaflet/v3?storeId=583,https://albertloyaltycz-albert-service-app-prod.delhaize.eu/public/minio/images-products/20294922,2026-10-07T05:30:53+02:00
Albert,Mléčné a chlazené,albert-583-20294922,Král Sýrů Hermelín zelený pepř 120 g,kral_syru_hermelin_zeleny_pepr,34.9,59.9,Kč,34.9 Kč / 120 g,290.83,,False,,,-41%,2026-10-07 - 2026-10-13,https://albertloyaltycz-albert-service-app-prod.delhaize.eu/public/content/leaflet/v3?storeId=583,https://albertloyaltycz-albert-service-app-prod.delhaize.eu/public/minio/images-products/20294922,2026-10-07T05:30:53+02:00
Albert,Mléčné a chlazené,albert-583-27884492,Král sýrů krémový 120g,kral_syru_kremovy,29.9,59.9,Kč,29.9 Kč / 120 g,249.17,,False,,,-50%,2026-10-07 - 2026-10-13,https://albertloyaltycz-albert-service-app-prod.delhaize.eu/public/content/leaflet/v3?storeId=583,,2026-10-07T05:30:53+02:00
Albert,Maso a ryby,albert-583-27707203,Královské kuřecí prsní řízky 0.6 kg,kralovske_kureci_prsni_rizky,159.0,199.0,Kč,159 Kč / 0.6 kg,265.0,,False,,,-20%,2026-10-07 - 2026-10-13,https://albertloyaltycz-albert-service-app-prod.delhaize.eu/public/content/leaflet/v3?storeId=583,https://albertloyaltycz-albert-service-app-prod.delhaize.eu/public/minio/images-products/27707203,2026-10-07T05:30:53+02:00
Billa,Zdravá výživa,462488,Křehké plátky Srdce Domova 65 g,krehke_platky_srdce_domova,9.9,12.86,Kč,"15,23 Kč / 100 g",152.3,,True,Billa Club,9.9,-23% Billa Club platí do úterý 13. 10.,2026-10-07 - 2026-10-13,https://www.kupi.cz/letak/billa-velky-letak-292?page=40&map=216584793,https://img.kupi.cz/kupi/thumbs/krehke-platky-srdce-domova_170_340.jpg,2026-10-07T05:31:32+02:00
Tesco,Vaření a pečení,586263,Krém s balsamikovým octem Exclusive Franz Josef Kaiser 150 ml,krem_s_balsamikovym_octem_exclusive_franz_josef_kaiser,49.9,75.61,Kč,"33,27 Kč / 100 ml",,,True,Clubcard,49.9,-34% Clubcard platí do úterý 20. 10.,2026-10-07 - 2026-10-20,https://www.kupi.cz/letak/tesco-hypermarket-znacky-ktere-mate-radi-2?page=16&map=215327334,https://www.kupi.cz/img/no_img/no_discounts.png,2026-10-07T05:32:13+02:00
Billa,Lahůdky,26543,Krém tuňákový Rustico Rio Mare 115 g,krem_tunakovy_rustico_rio_mare,54.9,,Kč,"47,74 Kč / 100 g",477.4,,False,,,platí do úterý 20. 10.,2026-10-07 - 2026-10-20,https://www.kupi.cz/letak/billa-letak-italie-u-vas-doma?page=7&map=215641410,https://www.kupi.cz/img/no_img/no_discounts.png,2026-10-07T05:31:11+02:00
Billa,Lahůdky,498465,Křenová pomazánka se šunkou Srdce Domova 135 g,krenova_pomazanka_se_sunkou_srdce_domova,28.5,32.76,Kč,"21,11 Kč / 100 g",211.1,,True,Billa Club,28.5,-13% Billa Club platí do úterý 13. 10.,2026-10-07 - 2026-10-13,https://www.kupi.cz/letak/billa-velky-letak-292?page=39&map=216584658,https://img.kupi.cz/kupi/thumbs/krenova-pomazanka-se-sunkou-srdce-domova_170_340.jpg,2026-10-07T05:31:11+02:00
Albert,Trvanlivé,albert-583-24677554,Kreolis extra panenský olivový olej 0.75 l,kreolis_extra_panensky_olivovy_olej,239.0,349.0,Kč,239 Kč / 0.75 l,,,False,,,,2026-10-07 - 2026-10-13,https://albertloyaltycz-albert-service-app-prod.delhaize.eu/public/content/leaflet/v3?storeId=583,https://albertloyaltycz-albert-service-app-prod.delhaize.eu/public/minio/images-products/24677554,2026-10-07T05:30:53+02:00
Billa,"Maso, uzeniny a ryby",577104,Krevety vařené loupané Tinu's 200 g,krevety_varene_loupane_tinu_s,119.9,149.88,Kč,"59,95 Kč / 100 g",599.5,,False,,,-20% platí do úterý 13. 10.,2026-10-07 - 2026-10-13,https://www.kupi.cz/letak/billa-velky-letak-292?page=3&map=216582444,https://img.kupi.cz/kupi/thumbs/krevety-varene-loupane-tinus_170_340.jpg,2026-10-07T05:31:09+02:00
Tesco,Lahůdky,395188,Křupavé škvarky Krásno 200 g,krupave_skvarky_krasno,64.9,79.15,Kč,"32,45 Kč / 100 g",324.5,,True,Clubcard,64.9,-18% Clubcard platí do úterý 13. 10.,2026-10-07 - 2026-10-13,https://www.kupi.cz/letaky/tesco,https://img.kupi.cz/kupi/thumbs/krupave-skvarky-krasno_170_340.png,2026-10-07T05:31:59+02:00
Albert,Nápoje,albert-583-27741559,Krušovice Bohém světlý ležák 11 0.5 l,krusovice_bohem_svetly_lezak,15.9,23.9,Kč,15.9 Kč / 0.5 l,,,False,,,,2026-10-07 - 2026-10-13,https://albertloyaltycz-albert-service-app-prod.delhaize.eu/public/content/leaflet/v3?storeId=583,https://albertloyaltycz-albert-service-app-prod.delhaize.eu/public/minio/images-products/27741559,2026-10-07T05:30:53+02:00
Albert,Nápoje,albert-583-26776552,Krušovice ležák 12 0.5 l,krusovice_lezak,15.9,24.9,Kč,15.9 Kč / 0.5 l,,,False,,,,2026-10-07 - 2026-10-13,https://albertloyaltycz-albert-service-app-prod.delhaize.eu/public/content/leaflet/v3?storeId=583,https://albertloyaltycz-albert-service-app-prod.delhaize.eu/public/minio/images-products/26776552,2026-10-07T05:30:53+02:00
Albert,Nápoje,albert-583-26776576,Krušovice Originál 10 0.5 l,krusovice_original,14.9,21.9,Kč,14.9 Kč / 0.5 l,,,False,,,,2026-10-07 - 2026-10-13,https://albertloyaltycz-albert-service-app-prod.delhaize.eu/public/content/leaflet/v3?storeId=583,https://albertloyaltycz-albert-service-app-prod.delhaize.eu/public/minio/images-products/26776576,2026-10-07T05:30:53+02:00
Albert,Nápoje,albert-583-28006442,Krušovice světlý lezák 11 0.5 l,krusovice_svetly_lezak,15.9,22.9,Kč,15.9 Kč / 0.5 l,,,False,,,,2026-10-07 - 2026-10-13,https://albertloyaltycz-albert-service-app-prod.delhaize.eu/public/content/leaflet/v3?storeId=583,https://albertloyaltycz-albert-service-app-prod.delhaize.eu/public/minio/images-products/28006442,2026-10-07T05:30:53+02:00
Tesco,"Maso, uzeniny a ryby",36756,Krůtí mleté maso Tesco 0.5 kg,kruti_mlete_maso,89.9,119.87,Kč,"179,80 Kč / 1 kg",179.8,,True,Clubcard,89.9,-25% Clubcard platí do úterý 13. 10.,2026-10-07 - 2026-10-13,https://www.kupi.cz/letak/tesco-hypermarket-letak-370?page=13&map=216580230,https://img.kupi.cz/kupi/thumbs/kruti-mlete-maso-tesco-1_170_340.jpg,2026-10-07T05:31:55+02:00
Albert,Maso a ryby,albert-583-24930239,Krůtí prsní řízek 1 kg,kruti_prsni_rizek,199.0,279.0,Kč,199 Kč / 1 kg,199.0,,False,,,-28%,2026-10-07 - 2026-10-13,https://albertloyaltycz-albert-service-app-prod.delhaize.eu/public/content/leaflet/v3?storeId=583,https://albertloyaltycz-albert-service-app-prod.delhaize.eu/public/minio/images-products/24930239,2026-10-07T05:30:53+02:00
Tesco,"Maso, uzeniny a ryby",36761,Krůtí prsní řízky Tesco 0.4 kg,kruti_prsni_rizky,98.9,109.89,Kč,"247,25 Kč / 1 kg",247.25,,True,Clubcard,98.9,-10% Clubcard platí do úterý 13. 10.,2026-10-07 - 2026-10-13,https://www.kupi.cz/letak/tesco-supermarket-letak-416?page=4&map=216253098,https://img.kupi.cz/kupi/thumbs/kruti-prsni-rizky-tesco_170_340.png,2026-10-07T05:31:55+02:00
Billa,"Maso, uzeniny a ryby",19446,Krůtí stehenní řízky 1 kg,kruti_stehenni_rizky,159.9,199.88,Kč,"159,90 Kč / 1 kg",159.9,,False,,,-20% platí do úterý 13. 10.,2026-10-07 - 2026-10-13,https://www.kupi.cz/letak/billa-velky-letak-292?page=3&map=216582438,https://img.kupi.cz/kupi/thumbs/kruti-stehenni-rizky_170_340.jpg,2026-10-07T05:31:08+02:00
Albert,Trvanlivé,albert-583-25862690,Kubík kap.100%jab.ban.jah.100g,kubik_kap_jab_ban_jah,9.9,14.9,Kč,9.9 Kč / 100 g,99.0,,False,,,,2026-10-07 - 2026-10-13,https://albertloyaltycz-albert-service-app-prod.delhaize.eu/public/content/leaflet/v3?storeId=583,,2026-10-07T05:30:53+02:00
Albert,Trvanlivé,albert-583-27639559,"Kubík svač.malina,krupice 100g",kubik_svac_malina_krupice,12.9,17.9,Kč,12.9 Kč / 100 g,129.0,,False,,,,2026-10-07 - 2026-10-13,https://albertloyaltycz-albert-service-app-prod.delhaize.eu/public/content/leaflet/v3?storeId=583,,2026-10-07T05:30:53+02:00
Billa,Konzervy,1119,Kukuřice sterilovaná Clever 330 g,kukurice_sterilovana_clever,19.9,,Kč,"6,03 Kč / 100 g",60.3,,False,,,platí do úterý 13. 10.,2026-10-07 - 2026-10-13,https://www.kupi.cz/letak/billa-maly-letak-721?page=5&map=216583650,https://img.kupi.cz/kupi/thumbs/kukurice-sterilovana-clever_170_340.png,2026-10-07T05:31:13+02:00
Tesco,Sladkosti a slané snacky,528810,Kukuřičné křupky bez lepku Pan Křupka Rej 200 g,kukuricne_krupky_bez_lepku_pan_krupka_rej,26.9,33.62,Kč,"13,45 Kč / 100 g",134.5,,True,Clubcard,26.9,-20% Clubcard platí do úterý 3. 11.,2026-10-07 - 2026-11-03,https://www.kupi.cz/letak/tesco-hypermarket-letak-370?page=16&map=216580356,https://img.kupi.cz/kupi/thumbs/kukuricne-krupky-bez-lepku-pan-krupka-rej_170_340.jpg,2026-10-07T05:32:17+02:00
Billa,Sladkosti a slané snacky,14032,Kuličky Marlenka 235 g,kulicky_marlenka,129.9,154.64,Kč,"55,28 Kč / 100 g",552.8,,True,Billa Club,129.9,-16% Billa Club platí do úterý 13. 10.,2026-10-07 - 2026-10-13,https://www.kupi.cz/letak/billa-velky-letak-292?page=39&map=216584640,https://img.kupi.cz/kupi/thumbs/kulicky-marlenka-1_170_340.jpg,2026-10-07T05:31:29+02:00
Albert,Mléčné a chlazené,albert-583-26228426,"Kunín čer.mléko sel.pln.3,8%1l",kunin_cer_mleko_sel_pln,36.9,44.9,Kč,36.9 Kč / 1 l,,,False,,,-17%,2026-10-07 - 2026-10-13,https://albertloyaltycz-albert-service-app-prod.delhaize.eu/public/content/leaflet/v3?storeId=583,,2026-10-07T05:30:53+02:00
Albert,Mléčné a chlazené,albert-583-25865110,"Kunín čerstvé mléko 1,5% 1 l",kunin_cerstve_mleko,28.9,38.9,Kč,28.9 Kč / 1 l,,,False,,,-25%,2026-10-07 - 2026-10-13,https://albertloyaltycz-albert-service-app-prod.delhaize.eu/public/content/leaflet/v3?storeId=583,https://albertloyaltycz-albert-service-app-prod.delhaize.eu/public/minio/images-products/25865110,2026-10-07T05:30:53+02:00
Albert,Mléčné a chlazené,albert-583-22067722,Kunín ml.krupice čokoláda 150g,kunin_ml_krupice_cokolada,17.9,25.9,Kč,17.9 Kč / 150 g,119.33,,False,,,-30%,2026-10-07 - 2026-10-13,https://albertloyaltycz-albert-service-app-prod.delhaize.eu/public/content/leaflet/v3?storeId=583,,2026-10-07T05:30:53+02:00
Albert,Mléčné a chlazené,albert-583-21295904,Kunín ml.rýže čokoláda 175g,kunin_ml_ryze_cokolada,19.9,25.9,Kč,19.9 Kč / 175 g,113.71,,False,,,-23%,2026-10-07 - 2026-10-13,https://albertloyaltycz-albert-service-app-prod.delhaize.eu/public/content/leaflet/v3?storeId=583,,2026-10-07T05:30:53+02:00
Albert,Mléčné a chlazené,albert-583-24793872,Kunín ml.rýže malina 175g,kunin_ml_ryze_malina,19.9,25.9,Kč,19.9 Kč / 175 g,113.71,,False,,,-23%,2026-10-07 - 2026-10-13,https://albertloyaltycz-albert-service-app-prod.delhaize.eu/public/content/leaflet/v3?storeId=583,,2026-10-07T05:30:53+02:00
Albert,Mléčné a chlazené,albert-583-22831903,Kunín ml.rýže natural 150g,kunin_ml_ryze_natural,19.9,24.9,Kč,19.9 Kč / 150 g,132.67,,False,,,-20%,2026-10-07 - 2026-10-13,https://albertloyaltycz-albert-service-app-prod.delhaize.eu/public/content/leaflet/v3?storeId=583,,2026-10-07T05:30:53+02:00
Albert,Mléčné a chlazené,albert-583-25268843,Kunín ml.rýže natural 450g,kunin_ml_ryze_natural,42.9,54.9,Kč,42.9 Kč / 450 g,95.33,,False,,,-21%,2026-10-07 - 2026-10-13,https://albertloyaltycz-albert-service-app-prod.delhaize.eu/public/content/leaflet/v3?storeId=583,,2026-10-07T05:30:53+02:00
Albert,Mléčné a chlazené,albert-583-23564435,Kunín ml.rýže višeň 175g,kunin_ml_ryze_visen,19.9,25.9,Kč,19.9 Kč / 175 g,113.71,,False,,,-23%,2026-10-07 - 2026-10-13,https://albertloyaltycz-albert-service-app-prod.delhaize.eu/public/content/leaflet/v3?storeId=583,,2026-10-07T05:30:53+02:00
Albert,Uzeniny a lahůdky,albert-583-25959420,Kuř. párky se sýrem 290g,kur_parky_se_syrem,38.9,43.9,Kč,38.9 Kč / 290 g,134.14,,False,,,-11%,2026-10-07 - 2026-10-13,https://albertloyaltycz-albert-service-app-prod.delhaize.eu/public/content/leaflet/v3?storeId=583,,2026-10-07T05:30:53+02:00
Tesco,"Maso, uzeniny a ryby",42786,Kuře Tesco 1 kg,kure,49.9,89.11,Kč,"49,90 Kč / 1 kg",49.9,,False,,,-44% platí do úterý 13. 10.,2026-10-07 - 2026-10-13,https://www.kupi.cz/letak/tesco-supermarket-letak-416?map=216252732,https://img.kupi.cz/kupi/thumbs/kure-chlazene-tesco_170_340.jpg,2026-10-07T05:31:55+02:00
Billa,"Maso, uzeniny a ryby",14,Kuřecí čtvrtky 0.6 kg,kureci_ctvrtky,39.9,68.79,Kč,"66,50 Kč / 1 kg",66.5,,False,,,-42% platí do úterý 13. 10.,2026-10-07 - 2026-10-13,https://www.kupi.cz/letak/billa-velky-letak-292?page=3&map=216582432,https://img.kupi.cz/kupi/thumbs/kureci-ctvrtky-1_170_340.jpg,2026-10-07T05:31:08+02:00
Albert,Uzeniny a lahůdky,albert-583-23913196,Kuřecí debrecínka 100 g,kureci_debrecinka,17.9,21.9,Kč,17.9 Kč / 100 g,179.0,,False,,,-18%,2026-10-07 - 2026-10-13,https://albertloyaltycz-albert-service-app-prod.delhaize.eu/public/content/leaflet/v3?storeId=583,https://albertloyaltycz-albert-service-app-prod.delhaize.eu/public/minio/images-products/23913196,2026-10-07T05:30:53+02:00
Tesco,"Maso, uzeniny a ryby",39362,Kuřecí debrecínka DZ Klatovy 100 g,kureci_debrecinka_dz_klatovy,21.9,27.72,Kč,"21,90 Kč / 100 g",219.0,,True,Clubcard,21.9,-21% Clubcard platí do úterý 13. 10.,2026-10-07 - 2026-10-13,https://www.kupi.cz/letak/tesco-hypermarket-letak-370?page=5&map=216578907,https://img.kupi.cz/kupi/thumbs/kureci-debrecinka-dz-klatovy_170_340.png,2026-10-07T05:31:55+02:00
Tesco,"Maso, uzeniny a ryby",348187,Kuřecí filety Tesco 1 kg,kureci_filety,179.9,243.11,Kč,"179,90 Kč / 1 kg",179.9,,True,Clubcard,179.9,-26% Clubcard platí do úterý 13. 10.,2026-10-07 - 2026-10-13,https://www.kupi.cz/letak/tesco-hypermarket-letak-370?page=18&map=216580455,https://img.kupi.cz/kupi/thumbs/kureci-filety-tesco_170_340.jpg,2026-10-07T05:31:57+02:00
Tesco,"Maso, uzeniny a ryby",447810,Kuřecí hřbety Tesco 1 kg,kureci_hrbety,49.9,67.43,Kč,"49,90 Kč / 1 kg",49.9,,True,Clubcard,49.9,-26% Clubcard platí do úterý 13. 10.,2026-10-07 - 2026-10-13,https://www.kupi.cz/letak/tesco-hypermarket-letak-370?page=13&map=216580233,https://img.kupi.cz/kupi/thumbs/kureci-hrbety-tesco_170_340.jpg,2026-10-07T05:31:57+02:00
Billa,"Maso, uzeniny a ryby",391585,Kuřecí křídla pečená marinovaná 0.1 kg,kureci_kridla_pecena_marinovana,16.2,21.32,Kč,"162,00 Kč / 1 kg",162.0,,False,,,-24% platí do úterý 13. 10.,2026-10-07 - 2026-10-13,https://www.kupi.cz/letak/billa-velky-letak-292?page=11&map=216582645,https://img.kupi.cz/kupi/thumbs/kureci-kridla-pecena-marinovana_170_340.jpg,2026-10-07T05:31:10+02:00
Albert,Uzeniny a lahůdky,albert-583-23180666,*kuřecí prsní šunka 100 g,kureci_prsni_sunka,16.9,23.9,Kč,16.9 Kč / 100 g,169.0,,False,,,-29%,2026-10-07 - 2026-10-13,https://albertloyaltycz-albert-service-app-prod.delhaize.eu/public/content/leaflet/v3?storeId=583,,2026-10-07T05:30:53+02:00
Tesco,"Maso, uzeniny a ryby",9491,Kuřecí salám Junior DZ Klatovy 400 g,kureci_salam_junior_dz_klatovy,31.9,39.87,Kč,"7,97 Kč / 100 g",79.7,,True,Clubcard,31.9,-20% Clubcard st 14. 10. – út 27. 10.,2026-10-14 - 2026-10-27,https://www.kupi.cz/letak/tesco-hypermarket-znacky-ktere-mate-radi-2?page=4&map=215326791,https://img.kupi.cz/kupi/thumbs/salam-kureci-junior-dz-klatovy_170_340.jpg,2026-10-07T05:31:55+02:00
Tesco,"Maso, uzeniny a ryby",38760,Kuřecí stehna Tesco 1 kg,kureci_stehna,79.9,109.45,Kč,"79,90 Kč / 1 kg",79.9,,True,Clubcard,79.9,-27% Clubcard platí do úterý 13. 10.,2026-10-07 - 2026-10-13,https://www.kupi.cz/letak/tesco-supermarket-letak-416?page=4&map=216253122,https://img.kupi.cz/kupi/thumbs/kureci-stehna-tesco_170_340.png,2026-10-07T05:31:55+02:00
Albert,Maso a ryby,albert-583-24252164,Kuřecí zadní čtvrtky 1 kg,kureci_zadni_ctvrtky,79.9,109.9,Kč,79.9 Kč / 1 kg,79.9,,False,,,-27%,2026-10-07 - 2026-10-13,https://albertloyaltycz-albert-service-app-prod.delhaize.eu/public/content/leaflet/v3?storeId=583,https://albertloyaltycz-albert-service-app-prod.delhaize.eu/public/minio/images-products/24252164,2026-10-07T05:30:53+02:00
Billa,Vaření a pečení,245313,Kuskus Billa 500 g,kuskus,33.9,,Kč,"6,78 Kč / 100 g",67.8,,False,,,platí do úterý 13. 10.,2026-10-07 - 2026-10-13,https://www.kupi.cz/letak/billa-velky-letak-292?page=19&map=216582822,https://img.kupi.cz/kupi/thumbs/kuskus-billa_170_340.jpg,2026-10-07T05:31:27+02:00
Billa,Vaření a pečení,2181,Kuskus Bacchini 500 g,kuskus_bacchini,39.9,64.35,Kč,"7,98 Kč / 100 g",79.8,,False,,,-38% platí do úterý 20. 10.,2026-10-07 - 2026-10-20,https://www.kupi.cz/letak/billa-letak-italie-u-vas-doma?page=7&map=215641377,https://img.kupi.cz/kupi/thumbs/kuskus-bacchini_170_340.jpg,2026-10-07T05:31:24+02:00
Albert,Uzeniny a lahůdky,albert-583-27460894,Now obalovaný květák 400g,kvetak,49.9,68.9,Kč,49.9 Kč / 400 g,124.75,,False,,,,2026-10-07 - 2026-10-13,https://albertloyaltycz-albert-service-app-prod.delhaize.eu/public/content/leaflet/v3?storeId=583,,2026-10-07T05:30:53+02:00
Tesco,Ovoce a zelenina,706,Květák 1 ks,kvetak,24.9,59.29,Kč,"24,90 Kč / 1 ks",,24.9,True,Clubcard,24.9,-58% Clubcard platí do úterý 13. 10.,2026-10-07 - 2026-10-13,https://www.kupi.cz/letak/tesco-supermarket-letak-416?page=3&map=216252927,https://img.kupi.cz/kupi/thumbs/kvetak_170_340.jpg,2026-10-07T05:31:43+02:00
Billa,Vaření a pečení,547863,Kypřicí prášek do pečiva Srdce Domova 12 g,kyprici_prasek_do_peciva_srdce_domova,1.9,,Kč,"15,83 Kč / 100 g",158.3,,False,,,platí do úterý 13. 10.,2026-10-07 - 2026-10-13,https://www.kupi.cz/letak/billa-velky-letak-292?page=16&map=216582735,https://img.kupi.cz/kupi/thumbs/kyprici-prasek-do-peciva-srdce-domova-1_170_340.png,2026-10-07T05:31:27+02:00
Tesco,Vaření a pečení,4946,Kypřicí prášek do pečiva Vitana 13 g,kyprici_prasek_do_peciva_vitana,4.9,6.81,Kč,"37,69 Kč / 100 g",376.9,,True,Clubcard,4.9,-28% Clubcard platí do úterý 20. 10.,2026-10-07 - 2026-10-20,https://www.kupi.cz/letak/tesco-hypermarket-znacky-ktere-mate-radi-2?page=14&map=215327250,https://img.kupi.cz/kupi/thumbs/kyprici-prasek-do-peciva-vitana_170_340.jpg,2026-10-07T05:32:12+02:00
Albert,Trvanlivé,albert-583-27980576,L'or brazil 10 ks,l_or_brazil,89.9,129.9,Kč,89.9 Kč / 10 ks,,8.99,False,,,,2026-10-07 - 2026-10-13,https://albertloyaltycz-albert-service-app-prod.delhaize.eu/public/content/leaflet/v3?storeId=583,,2026-10-07T05:30:53+02:00
Albert,Trvanlivé,albert-583-26759005,L'or classique inst.k. 100g,l_or_classique_inst_k,149.9,214.0,Kč,149.9 Kč / 100 g,1499.0,,False,,,,2026-10-07 - 2026-10-13,https://albertloyaltycz-albert-service-app-prod.delhaize.eu/public/content/leaflet/v3?storeId=583,,2026-10-07T05:30:53+02:00
Albert,Trvanlivé,albert-583-26864525,L'or classique ml.káva 250g,l_or_classique_ml_kava,149.9,184.0,Kč,149.9 Kč / 250 g,599.6,,False,,,,2026-10-07 - 2026-10-13,https://albertloyaltycz-albert-service-app-prod.delhaize.eu/public/content/leaflet/v3?storeId=583,,2026-10-07T05:30:53+02:00
Albert,Trvanlivé,albert-583-27255964,L'or colombia zrno 500g 0.5 kg,l_or_colombia_zrno,299.0,399.0,Kč,299 Kč / 0.5 kg,598.0,,False,,,,2026-10-07 - 2026-10-13,https://albertloyaltycz-albert-service-app-prod.delhaize.eu/public/content/leaflet/v3?storeId=583,,2026-10-07T05:30:53+02:00
Albert,Trvanlivé,albert-583-26759593,L'or cr.classiq.zrnk.káva 500g 0.5 kg,l_or_cr_classiq_zrnk_kava,299.0,399.0,Kč,299 Kč / 0.5 kg,598.0,,False,,,,2026-10-07 - 2026-10-13,https://albertloyaltycz-albert-service-app-prod.delhaize.eu/public/content/leaflet/v3?storeId=583,,2026-10-07T05:30:53+02:00
Albert,Trvanlivé,albert-583-27255971,L’OR Crema Absolu zrnková káva 1 kg,l_or_crema_absolu_zrnkova_kava,499.0,699.0,Kč,499 Kč / 1 kg,499.0,,False,,,,2026-10-07 - 2026-10-13,https://albertloyaltycz-albert-service-app-prod.delhaize.eu/public/content/leaflet/v3?storeId=583,https://albertloyaltycz-albert-service-app-prod.delhaize.eu/public/minio/images-products/27255971,2026-10-07T05:30:53+02:00
Albert,Trvanlivé,albert-583-25849592,L or espr fortis.bn utz 500g x 0.5 kg,l_or_espr_fortis_bn_utz_x,299.0,399.0,Kč,299 Kč / 0.5 kg,598.0,,False,,,,2026-10-07 - 2026-10-13,https://albertloyaltycz-albert-service-app-prod.delhaize.eu/public/content/leaflet/v3?storeId=583,,2026-10-07T05:30:53+02:00
Albert,Trvanlivé,albert-583-27179789,L’OR Espresso kapsle Colombia 10 ks,l_or_espresso_kapsle_colombia,89.9,129.9,Kč,89.9 Kč / 10 ks,,8.99,False,,,,2026-10-07 - 2026-10-13,https://albertloyaltycz-albert-service-app-prod.delhaize.eu/public/content/leaflet/v3?storeId=583,https://albertloyaltycz-albert-service-app-prod.delhaize.eu/public/minio/images-products/27179789,2026-10-07T05:30:53+02:00
Albert,Nápoje,albert-583-27306574,"La Bohéma tuzemák 37,5% 0.5 l",la_bohema_tuzemak,119.9,144.9,Kč,119.9 Kč / 0.5 l,,,False,,,,2026-10-07 - 2026-10-13,https://albertloyaltycz-albert-service-app-prod.delhaize.eu/public/content/leaflet/v3?storeId=583,https://albertloyaltycz-albert-service-app-prod.delhaize.eu/public/minio/images-products/27306574,2026-10-07T05:30:53+02:00
Albert,Nápoje,albert-583-27306581,La bohéma tuzemák 37.5% 1l,la_bohema_tuzemak,229.0,284.0,Kč,229 Kč / 1 l,,,False,,,-19%,2026-10-07 - 2026-10-13,https://albertloyaltycz-albert-service-app-prod.delhaize.eu/public/content/leaflet/v3?storeId=583,,2026-10-07T05:30:53+02:00
Albert,Nápoje,albert-583-27306598,La Bohéma vaječný likér 15% 0.5 l,la_bohema_vajecny_liker,89.9,109.9,Kč,89.9 Kč / 0.5 l,,,False,,,-18%,2026-10-07 - 2026-10-13,https://albertloyaltycz-albert-service-app-prod.delhaize.eu/public/content/leaflet/v3?storeId=583,https://albertloyaltycz-albert-service-app-prod.delhaize.eu/public/minio/images-products/27306598,2026-10-07T05:30:53+02:00
Albert,Nápoje,albert-583-27306604,"La Bohéma vodka 37,5% 0.5 l",la_bohema_vodka,119.9,139.9,Kč,119.9 Kč / 0.5 l,,,False,,,,2026-10-07 - 2026-10-13,https://albertloyaltycz-albert-service-app-prod.delhaize.eu/public/content/leaflet/v3?storeId=583,https://albertloyaltycz-albert-service-app-prod.delhaize.eu/public/minio/images-products/27306604,2026-10-07T05:30:53+02:00
Albert,Nápoje,albert-583-27306611,La bohéma vodka 37.5% 1l,la_bohema_vodka,229.0,279.0,Kč,229 Kč / 1 l,,,False,,,,2026-10-07 - 2026-10-13,https://albertloyaltycz-albert-service-app-prod.delhaize.eu/public/content/leaflet/v3?storeId=583,,2026-10-07T05:30:53+02:00
Albert,Trvanlivé,albert-583-28033394,Lagris čočka červená xxl 1kg,lagris_cocka_cervena_xxl,49.9,84.9,Kč,49.9 Kč / 1 kg,49.9,,False,,,,2026-10-07 - 2026-10-13,https://albertloyaltycz-albert-service-app-prod.delhaize.eu/public/content/leaflet/v3?storeId=583,,2026-10-07T05:30:53+02:00
Albert,Trvanlivé,albert-583-20784423,Lagris čočka velkozrnná 0.5 kg,lagris_cocka_velkozrnna,29.9,39.9,Kč,29.9 Kč / 0.5 kg,59.8,,False,,,,2026-10-07 - 2026-10-13,https://albertloyaltycz-albert-service-app-prod.delhaize.eu/public/content/leaflet/v3?storeId=583,https://albertloyaltycz-albert-service-app-prod.delhaize.eu/public/minio/images-products/20784423,2026-10-07T05:30:53+02:00
Albert,Trvanlivé,albert-583-27988862,Lagris čočka xxl 1kg,lagris_cocka_xxl,59.9,79.9,Kč,59.9 Kč / 1 kg,59.9,,False,,,,2026-10-07 - 2026-10-13,https://albertloyaltycz-albert-service-app-prod.delhaize.eu/public/content/leaflet/v3?storeId=583,,2026-10-07T05:30:53+02:00
Albert,Trvanlivé,albert-583-28033400,Lagris pohanka loupaná xxl 1kg,lagris_pohanka_loupana_xxl,52.9,79.9,Kč,52.9 Kč / 1 kg,52.9,,False,,,,2026-10-07 - 2026-10-13,https://albertloyaltycz-albert-service-app-prod.delhaize.eu/public/content/leaflet/v3?storeId=583,,2026-10-07T05:30:53+02:00
Albert,Trvanlivé,albert-583-28084969,Lagris sója 450g,lagris_soja,19.9,34.9,Kč,19.9 Kč / 450 g,44.22,,False,,,,2026-10-07 - 2026-10-13,https://albertloyaltycz-albert-service-app-prod.delhaize.eu/public/content/leaflet/v3?storeId=583,,2026-10-07T05:30:53+02:00
Billa,Alkohol,19552,Lambrusco dell'Emilia 0.75 l,lambrusco_dell_emilia,49.9,,Kč,"66,53 Kč / 1 l",,,False,,,platí do úterý 13. 10.,2026-10-07 - 2026-10-13,https://www.kupi.cz/letak/billa-velky-letak-292?page=29&map=216583149,https://img.kupi.cz/kupi/thumbs/sekt-lambrusco-dell-emilia_170_340.png,2026-10-07T05:31:35+02:00
Albert,Uzeniny a lahůdky,albert-583-27476642,Albert lasagne s bešamelem a mletým masem 1 kg,lasagne_s_besamelem_a_mletym_masem,99.9,129.9,Kč,99.9 Kč / 1 kg,99.9,,False,,,-23%,2026-10-07 - 2026-10-13,https://albertloyaltycz-albert-service-app-prod.delhaize.eu/public/content/leaflet/v3?storeId=583,https://albertloyaltycz-albert-service-app-prod.delhaize.eu/public/minio/images-products/27476642,2026-10-07T05:30:53+02:00
Albert,Trvanlivé,albert-583-27591932,Lavazza caffe crema dolce 1kg,lavazza_caffe_crema_dolce,549.0,799.0,Kč,549 Kč / 1 kg,549.0,,False,,,,2026-10-07 - 2026-10-13,https://albertloyaltycz-albert-service-app-prod.delhaize.eu/public/content/leaflet/v3?storeId=583,,2026-10-07T05:30:53+02:00
Albert,Trvanlivé,albert-583-21481598,Lavazza Crema e Gusto mletá káva 250 g,lavazza_crema_e_gusto_mleta_kava,149.9,189.0,Kč,149.9 Kč / 250 g,599.6,,False,,,,2026-10-07 - 2026-10-13,https://albertloyaltycz-albert-service-app-prod.delhaize.eu/public/content/leaflet/v3?storeId=583,https://albertloyaltycz-albert-service-app-prod.delhaize.eu/public/minio/images-products/21481598,2026-10-07T05:30:53+02:00
Albert,Trvanlivé,albert-583-24257985,Lavazza espr.ml.káv.plech 250g,lavazza_espr_ml_kav_plech,179.0,229.0,Kč,179 Kč / 250 g,716.0,,False,,,,2026-10-07 - 2026-10-13,https://albertloyaltycz-albert-service-app-prod.delhaize.eu/public/content/leaflet/v3?storeId=583,,2026-10-07T05:30:53+02:00
Albert,Trvanlivé,albert-583-24257992,Lavazza espr.zrnk.káva 250g,lavazza_espr_zrnk_kava,169.0,229.0,Kč,169 Kč / 250 g,676.0,,False,,,,2026-10-07 - 2026-10-13,https://albertloyaltycz-albert-service-app-prod.delhaize.eu/public/content/leaflet/v3?storeId=583,,2026-10-07T05:30:53+02:00
Albert,Trvanlivé,albert-583-26114088,Lavazza q.oro mletá káva 250g,lavazza_q_oro_mleta_kava,179.0,249.0,Kč,179 Kč / 250 g,716.0,,False,,,,2026-10-07 - 2026-10-13,https://albertloyaltycz-albert-service-app-prod.delhaize.eu/public/content/leaflet/v3?storeId=583,,2026-10-07T05:30:53+02:00
Albert,Trvanlivé,albert-583-27727935,Lavazza qual.rossa ml.k. 250 g,lavazza_qual_rossa_ml_k,139.9,179.0,Kč,139.9 Kč / 250 g,559.6,,False,,,,2026-10-07 - 2026-10-13,https://albertloyaltycz-albert-service-app-prod.delhaize.eu/public/content/leaflet/v3?storeId=583,,2026-10-07T05:30:53+02:00
Albert,Trvanlivé,albert-583-26806914,Lavazza qualita oro zrnk.k.1kg,lavazza_qualita_oro_zrnk_k,599.0,739.0,Kč,599 Kč / 1 kg,599.0,,False,,,,2026-10-07 - 2026-10-13,https://albertloyaltycz-albert-service-app-prod.delhaize.eu/public/content/leaflet/v3?storeId=583,,2026-10-07T05:30:53+02:00
Albert,Trvanlivé,albert-583-27775066,Lay's solené 180 g,lay_s_solene,39.9,72.9,Kč,39.9 Kč / 180 g,221.67,,True,Můj Albert,39.9,Můj Albert,2026-10-07 - 2026-10-13,https://albertloyaltycz-albert-service-app-prod.delhaize.eu/public/content/leaflet/v3?storeId=583,https://albertloyaltycz-albert-service-app-prod.delhaize.eu/public/minio/images-products/27775066,2026-10-07T05:30:53+02:00
Albert,Trvanlivé,albert-583-27775066,Lay's solené 180 g,lay_s_solene,49.9,72.9,Kč,49.9 Kč / 180 g,277.22,,False,,,,2026-10-07 - 2026-10-13,https://albertloyaltycz-albert-service-app-prod.delhaize.eu/public/content/leaflet/v3?storeId=583,https://albertloyaltycz-albert-service-app-prod.delhaize.eu/public/minio/images-products/27775066,2026-10-07T05:30:53+02:00
Albert,Trvanlivé,albert-583-27376904,Lay's solené 60 g,lay_s_solene,27.9,34.9,Kč,27.9 Kč / 60 g,465.0,,False,,,,2026-10-07 - 2026-10-13,https://albertloyaltycz-albert-service-app-prod.delhaize.eu/public/content/leaflet/v3?storeId=583,https://albertloyaltycz-albert-service-app-prod.delhaize.eu/public/minio/images-products/27376904,2026-10-07T05:30:53+02:00
Albert,Trvanlivé,albert-583-27599020,Lays cheese 60g,lays_cheese,27.9,34.9,Kč,27.9 Kč / 60 g,465.0,,False,,,,2026-10-07 - 2026-10-13,https://albertloyaltycz-albert-service-app-prod.delhaize.eu/public/content/leaflet/v3?storeId=583,,2026-10-07T05:30:53+02:00
Albert,Trvanlivé,albert-583-27376959,Lays chips fromage 60g,lays_chips_fromage,27.9,34.9,Kč,27.9 Kč / 60 g,465.0,,False,,,,2026-10-07 - 2026-10-13,https://albertloyaltycz-albert-service-app-prod.delhaize.eu/public/content/leaflet/v3?storeId=583,,2026-10-07T05:30:53+02:00
Albert,Trvanlivé,albert-583-27775028,Lays fromage 180g,lays_fromage,39.9,72.9,Kč,39.9 Kč / 180 g,221.67,,False,,,,2026-10-07 - 2026-10-13,https://albertloyaltycz-albert-service-app-prod.delhaize.eu/public/content/leaflet/v3?storeId=583,,2026-10-07T05:30:53+02:00
Albert,Trvanlivé,albert-583-27775134,Lays maxstr. chilli & lime 55g,lays_maxstr_chilli_lime,27.9,34.9,Kč,27.9 Kč / 55 g,507.27,,False,,,,2026-10-07 - 2026-10-13,https://albertloyaltycz-albert-service-app-prod.delhaize.eu/public/content/leaflet/v3?storeId=583,,2026-10-07T05:30:53+02:00
Albert,Trvanlivé,albert-583-27775004,Lays maxstron chilli&lime 170g,lays_maxstron_chilli_lime,39.9,72.9,Kč,39.9 Kč / 170 g,234.71,,False,,,-45%,2026-10-07 - 2026-10-13,https://albertloyaltycz-albert-service-app-prod.delhaize.eu/public/content/leaflet/v3?storeId=583,,2026-10-07T05:30:53+02:00
Albert,Trvanlivé,albert-583-27775165,Lays stix ketchup 60g,lays_stix_ketchup,27.9,34.9,Kč,27.9 Kč / 60 g,465.0,,False,,,,2026-10-07 - 2026-10-13,https://albertloyaltycz-albert-service-app-prod.delhaize.eu/public/content/leaflet/v3?storeId=583,,2026-10-07T05:30:53+02:00
Albert,Uzeniny a lahůdky,albert-583-27888247,Le & Co krůtí prsní šunka nejvyšší jakosti 100 g,le_co_kruti_prsni_sunka_nejvyssi_jakosti,34.9,46.9,Kč,34.9 Kč / 100 g,349.0,,False,,,-25%,2026-10-07 - 2026-10-13,https://albertloyaltycz-albert-service-app-prod.delhaize.eu/public/content/leaflet/v3?storeId=583,https://albertloyaltycz-albert-service-app-prod.delhaize.eu/public/minio/images-products/27888247,2026-10-07T05:30:53+02:00
Tesco,Nealko nápoje,155216,Ledová káva Hochwald 1 l,ledova_kava_hochwald,39.9,52.5,Kč,"39,90 Kč / 1 l",,,True,Clubcard,39.9,-24% Clubcard platí do úterý 3. 11.,2026-10-07 - 2026-11-03,https://www.kupi.cz/letak/tesco-hypermarket-letak-370?page=4&map=216578580,https://img.kupi.cz/kupi/thumbs/ledova-kava-hochwald-1_170_340.png,2026-10-07T05:32:06+02:00
Tesco,Nealko nápoje,4511,Ledový čaj Lipton 1.5 l,ledovy_caj_lipton,24.9,41.5,Kč,"16,60 Kč / 1 l",,,True,Clubcard,24.9,-40% Clubcard platí do úterý 13. 10.,2026-10-07 - 2026-10-13,https://www.kupi.cz/letaky/tesco,https://img.kupi.cz/kupi/thumbs/ledovy-caj-lipton_170_340.png,2026-10-07T05:32:07+02:00
Albert,Nápoje,albert-583-27365113,Legenda 38% 0.5 l,legenda,179.0,249.0,Kč,179 Kč / 0.5 l,,,False,,,-28%,2026-10-07 - 2026-10-13,https://albertloyaltycz-albert-service-app-prod.delhaize.eu/public/content/leaflet/v3?storeId=583,https://albertloyaltycz-albert-service-app-prod.delhaize.eu/public/minio/images-products/27365113,2026-10-07T05:30:53+02:00
Albert,Nápoje,albert-583-26942292,Legendario Elixir 34% 0.7 l,legendario_elixir,399.0,629.0,Kč,399 Kč / 0.7 l,,,False,,,,2026-10-07 - 2026-10-13,https://albertloyaltycz-albert-service-app-prod.delhaize.eu/public/content/leaflet/v3?storeId=583,https://albertloyaltycz-albert-service-app-prod.delhaize.eu/public/minio/images-products/26942292,2026-10-07T05:30:53+02:00
Tesco,Alkohol,90945,Legendario Elixir de Cuba 7YO 0.7 l,legendario_elixir_de_cuba_7yo,399.9,588.09,Kč,"571,29 Kč / 1 l",,,True,Clubcard,399.9,-32% Clubcard platí do úterý 20. 10.,2026-10-07 - 2026-10-20,https://www.kupi.cz/letak/tesco-hypermarket-letak-370?page=10&map=216580122,https://img.kupi.cz/kupi/thumbs/rum-legendario-elixir-de-cuba_170_340.jpg,2026-10-07T05:32:23+02:00
Billa,Nealko nápoje,249,Limonáda Coca Cola,limonada_coca_cola,19.9,,Kč,"60,30 Kč / 1 l",,,False,,,platí do úterý 13. 10.,2026-10-07 - 2026-10-13,https://www.kupi.cz/letak/billa-velky-letak-292?page=14&map=216582675,https://img.kupi.cz/kupi/thumbs/limonada-coca-cola_170_340.png,2026-10-07T05:31:17+02:00
Billa,Nealko nápoje,249,Limonáda Coca Cola,limonada_coca_cola,31.9,,Kč,"21,27 Kč / 1 l",,,False,,,platí do úterý 13. 10.,2026-10-07 - 2026-10-13,https://www.kupi.cz/letak/billa-velky-letak-292?page=31&map=216583431,https://img.kupi.cz/kupi/thumbs/limonada-coca-cola_170_340.png,2026-10-07T05:31:17+02:00
Tesco,Nealko nápoje,249,Limonáda Coca Cola,limonada_coca_cola,38.9,49.87,Kč,"19,45 Kč / 1 l",,,False,,,-22% platí do úterý 13. 10.,2026-10-07 - 2026-10-13,https://www.kupi.cz/letak/tesco-supermarket-letak-416?map=216252798,https://img.kupi.cz/kupi/thumbs/limonada-coca-cola_170_340.png,2026-10-07T05:32:06+02:00
Tesco,Nealko nápoje,1039,Limonáda Fanta,limonada_fanta,38.9,49.87,Kč,"19,45 Kč / 1 l",,,False,,,-22% platí do úterý 13. 10.,2026-10-07 - 2026-10-13,https://www.kupi.cz/letak/tesco-supermarket-letak-416?map=216252801,https://img.kupi.cz/kupi/thumbs/limonada-fanta-1_170_340.jpg,2026-10-07T05:32:06+02:00
Tesco,Nealko nápoje,302,Limonáda Sprite,limonada_sprite,38.9,,Kč,"19,45 Kč / 1 l",,,False,,,platí do úterý 13. 10.,2026-10-07 - 2026-10-13,https://www.kupi.cz/letak/tesco-supermarket-letak-416?map=216252807,https://img.kupi.cz/kupi/thumbs/limonada-sprite_170_340.jpg,2026-10-07T05:32:06+02:00
Billa,Nealko nápoje,339106,Limonáda Targa Florio 0.33 l,limonada_targa_florio,19.9,24.87,Kč,"60,30 Kč / 1 l",,,False,,,-20% platí do úterý 20. 10.,2026-10-07 - 2026-10-20,https://www.kupi.cz/letak/billa-letak-italie-u-vas-doma?page=11&map=215641581,https://img.kupi.cz/kupi/thumbs/limonada-targa-florio_170_340.png,2026-10-07T05:31:19+02:00
Albert,Nápoje,albert-583-28108481,"Limonce Aperitivo 14,8% 0.7 l",limonce_aperitivo,199.0,279.0,Kč,199 Kč / 0.7 l,,,False,,,,2026-10-07 - 2026-10-13,https://albertloyaltycz-albert-service-app-prod.delhaize.eu/public/content/leaflet/v3?storeId=583,https://albertloyaltycz-albert-service-app-prod.delhaize.eu/public/minio/images-products/28108481,2026-10-07T05:30:53+02:00
Albert,Trvanlivé,albert-583-27793770,Lina lískooříšková oplatka 50g,lina_liskooriskova_oplatka,16.9,21.9,Kč,16.9 Kč / 50 g,338.0,,False,,,,2026-10-07 - 2026-10-13,https://albertloyaltycz-albert-service-app-prod.delhaize.eu/public/content/leaflet/v3?storeId=583,,2026-10-07T05:30:53+02:00
Albert,Trvanlivé,albert-583-27793787,Lina oplatka s arašídy 50g,lina_oplatka_s_arasidy,16.9,21.9,Kč,16.9 Kč / 50 g,338.0,,False,,,,2026-10-07 - 2026-10-13,https://albertloyaltycz-albert-service-app-prod.delhaize.eu/public/content/leaflet/v3?storeId=583,,2026-10-07T05:30:53+02:00
Albert,Trvanlivé,albert-583-27725948,Lion 400g,lion,74.9,119.9,Kč,74.9 Kč / 400 g,187.25,,False,,,,2026-10-07 - 2026-10-13,https://albertloyaltycz-albert-service-app-prod.delhaize.eu/public/content/leaflet/v3?storeId=583,,2026-10-07T05:30:53+02:00
Albert,Trvanlivé,albert-583-27999127,Lion black & white 42g,lion_black_white,14.9,19.9,Kč,14.9 Kč / 42 g,354.76,,False,,,,2026-10-07 - 2026-10-13,https://albertloyaltycz-albert-service-app-prod.delhaize.eu/public/content/leaflet/v3?storeId=583,,2026-10-07T05:30:53+02:00
Albert,Nápoje,albert-583-23297555,Lipton ledový čaj zelený 1.5 l,lipton_ledovy_caj_zeleny,24.9,41.9,Kč,24.9 Kč / 1.5 l,,,False,,,,2026-10-07 - 2026-10-13,https://albertloyaltycz-albert-service-app-prod.delhaize.eu/public/content/leaflet/v3?storeId=583,https://albertloyaltycz-albert-service-app-prod.delhaize.eu/public/minio/images-products/23297555,2026-10-07T05:30:53+02:00
Albert,Mléčné a chlazené,albert-583-27903186,Liptov oštiepok plátky uzené 90 g,liptov_ostiepok_platky_uzene,34.9,44.9,Kč,34.9 Kč / 90 g,387.78,,False,,,-22%,2026-10-07 - 2026-10-13,https://albertloyaltycz-albert-service-app-prod.delhaize.eu/public/content/leaflet/v3?storeId=583,https://albertloyaltycz-albert-service-app-prod.delhaize.eu/public/minio/images-products/27903186,2026-10-07T05:30:53+02:00
Albert,Mléčné a chlazené,albert-583-27903162,Liptov vrchár výr+arom.pl.90g,liptov_vrchar_vyr_arom_pl,34.9,44.9,Kč,34.9 Kč / 90 g,387.78,,False,,,-22%,2026-10-07 - 2026-10-13,https://albertloyaltycz-albert-service-app-prod.delhaize.eu/public/content/leaflet/v3?storeId=583,,2026-10-07T05:30:53+02:00
Billa,Sladkosti a slané snacky,21355,Lískooříšková pomazánka Billa 400 g,liskooriskova_pomazanka,48.9,54.33,Kč,"12,22 Kč / 100 g",122.2,,False,,,-10% platí do úterý 13. 10.,2026-10-07 - 2026-10-13,https://www.kupi.cz/letak/billa-velky-letak-292?page=18&map=216582795,https://img.kupi.cz/kupi/thumbs/liskooriskova-pomazanka-billa_170_340.jpg,2026-10-07T05:31:30+02:00
Billa,Zdravá výživa,3381,Lískové ořechy IBK trade 500 g,liskove_orechy_ibk_trade,149.9,199.87,Kč,"29,98 Kč / 100 g",299.8,,False,,,-25% platí do úterý 13. 10.,2026-10-07 - 2026-10-13,https://www.kupi.cz/letak/billa-velky-letak-292?page=18&map=216582807,https://img.kupi.cz/kupi/thumbs/liskove-orechy-ibk-trade_170_340.png,2026-10-07T05:31:31+02:00
Albert,Trvanlivé,albert-583-27687086,Lor bez kofeinu 100 g,lor_bez_kofeinu,149.9,214.0,Kč,149.9 Kč / 100 g,1499.0,,False,,,,2026-10-07 - 2026-10-13,https://albertloyaltycz-albert-service-app-prod.delhaize.eu/public/content/leaflet/v3?storeId=583,,2026-10-07T05:30:53+02:00
Albert,Trvanlivé,albert-583-27656969,Lor brasil 1 kg,lor_brasil,499.0,699.0,Kč,499 Kč / 1 kg,499.0,,False,,,,2026-10-07 - 2026-10-13,https://albertloyaltycz-albert-service-app-prod.delhaize.eu/public/content/leaflet/v3?storeId=583,,2026-10-07T05:30:53+02:00
Albert,Trvanlivé,albert-583-28147725,Lor capri dolce vita zrno 450g,lor_capri_dolce_vita_zrno,299.0,459.0,Kč,299 Kč / 450 g,664.44,,False,,,,2026-10-07 - 2026-10-13,https://albertloyaltycz-albert-service-app-prod.delhaize.eu/public/content/leaflet/v3?storeId=583,,2026-10-07T05:30:53+02:00
Albert,Trvanlivé,albert-583-26979793,Lor decaf 10ks,lor_decaf,89.9,129.9,Kč,89.9 Kč / 10 ks,,8.99,False,,,,2026-10-07 - 2026-10-13,https://albertloyaltycz-albert-service-app-prod.delhaize.eu/public/content/leaflet/v3?storeId=583,,2026-10-07T05:30:53+02:00
Albert,Trvanlivé,albert-583-28147732,Lor espresso capri 10 ks,lor_espresso_capri,89.9,129.9,Kč,89.9 Kč / 10 ks,,8.99,False,,,,2026-10-07 - 2026-10-13,https://albertloyaltycz-albert-service-app-prod.delhaize.eu/public/content/leaflet/v3?storeId=583,,2026-10-07T05:30:53+02:00
Albert,Trvanlivé,albert-583-26979816,Lor profondo 10ks,lor_profondo,89.9,129.9,Kč,89.9 Kč / 10 ks,,8.99,False,,,,2026-10-07 - 2026-10-13,https://albertloyaltycz-albert-service-app-prod.delhaize.eu/public/content/leaflet/v3?storeId=583,,2026-10-07T05:30:53+02:00
Albert,Trvanlivé,albert-583-26979823,Lor ristretto 10ks,lor_ristretto,89.9,129.9,Kč,89.9 Kč / 10 ks,,8.99,False,,,,2026-10-07 - 2026-10-13,https://albertloyaltycz-albert-service-app-prod.delhaize.eu/public/content/leaflet/v3?storeId=583,,2026-10-07T05:30:53+02:00
Albert,Trvanlivé,albert-583-28147756,Lor scandinavia 10 ks,lor_scandinavia,89.9,129.9,Kč,89.9 Kč / 10 ks,,8.99,False,,,,2026-10-07 - 2026-10-13,https://albertloyaltycz-albert-service-app-prod.delhaize.eu/public/content/leaflet/v3?storeId=583,,2026-10-07T05:30:53+02:00
Albert,Trvanlivé,albert-583-28147770,Lor scandinavia zrno 450g,lor_scandinavia_zrno,299.0,459.0,Kč,299 Kč / 450 g,664.44,,False,,,,2026-10-07 - 2026-10-13,https://albertloyaltycz-albert-service-app-prod.delhaize.eu/public/content/leaflet/v3?storeId=583,,2026-10-07T05:30:53+02:00
Billa,"Maso, uzeniny a ryby",20389,Losos filety 100 g,losos_filety,28.9,49.83,Kč,"28,90 Kč / 100 g",289.0,,False,,,-42% čt 8. 10. – ne 11. 10.,2026-10-08 - 2026-10-11,https://www.kupi.cz/letak/billa-velky-letak-292?map=216581985,https://img.kupi.cz/kupi/thumbs/losos-filety_170_340.png,2026-10-07T05:31:08+02:00
Tesco,"Maso, uzeniny a ryby",118013,Losos obecný filety 100 g,losos_obecny_filety,34.9,54.53,Kč,"34,90 Kč / 100 g",349.0,,True,Clubcard,34.9,-36% Clubcard platí do úterý 13. 10.,2026-10-07 - 2026-10-13,https://www.kupi.cz/letak/tesco-hypermarket-letak-370?page=5&map=216578670,https://img.kupi.cz/kupi/thumbs/losos-obecny-filety_170_340.png,2026-10-07T05:31:55+02:00
Tesco,"Maso, uzeniny a ryby",508452,Losos obecný filety Tesco 100 g,losos_obecny_filety,34.9,54.53,Kč,"34,90 Kč / 100 g",349.0,,True,Clubcard,34.9,-36% Clubcard platí do úterý 13. 10.,2026-10-07 - 2026-10-13,https://www.kupi.cz/letak/tesco-supermarket-letak-416?page=4&map=216253131,https://img.kupi.cz/kupi/thumbs/losos-obecny-filety-tesco_170_340.jpg,2026-10-07T05:31:55+02:00
Billa,"Maso, uzeniny a ryby",12820,Losos uzený Nekton 100 g,losos_uzeny_nekton,89.9,99.89,Kč,"89,90 Kč / 100 g",899.0,,False,,,-10% platí do úterý 13. 10.,2026-10-07 - 2026-10-13,https://www.kupi.cz/letak/billa-velky-letak-292?page=39&map=216584751,https://img.kupi.cz/kupi/thumbs/losos-uzeny-nekton-1_170_340.jpg,2026-10-07T05:31:08+02:00
Albert,Trvanlivé,albert-583-28164517,Lotus Biscoff karamelizované sušenky 200 g,lotus_biscoff_karamelizovane_susenky,29.9,54.9,Kč,29.9 Kč / 200 g,149.5,,False,,,,2026-10-07 - 2026-10-13,https://albertloyaltycz-albert-service-app-prod.delhaize.eu/public/content/leaflet/v3?storeId=583,https://albertloyaltycz-albert-service-app-prod.delhaize.eu/public/minio/images-products/28164517,2026-10-07T05:30:53+02:00
Albert,Trvanlivé,albert-583-27454602,Lotus náplň s vanil.přích.154g,lotus_napln_s_vanil_prich,29.9,54.9,Kč,29.9 Kč / 154 g,194.16,,False,,,,2026-10-07 - 2026-10-13,https://albertloyaltycz-albert-service-app-prod.delhaize.eu/public/content/leaflet/v3?storeId=583,,2026-10-07T05:30:53+02:00
Albert,Trvanlivé,albert-583-26607955,"Loyd čaj brusin,malina pyr 40g",loyd_caj_brusin_malina_pyr,26.9,44.9,Kč,26.9 Kč / 40 g,672.5,,False,,,,2026-10-07 - 2026-10-13,https://albertloyaltycz-albert-service-app-prod.delhaize.eu/public/content/leaflet/v3?storeId=583,,2026-10-07T05:30:53+02:00
Albert,Trvanlivé,albert-583-25274912,"Loyd čaj malina,jah.pyr.40g",loyd_caj_malina_jah_pyr,26.9,44.9,Kč,26.9 Kč / 40 g,672.5,,False,,,,2026-10-07 - 2026-10-13,https://albertloyaltycz-albert-service-app-prod.delhaize.eu/public/content/leaflet/v3?storeId=583,,2026-10-07T05:30:53+02:00
Albert,Trvanlivé,albert-583-27313404,Loyd čaj pyr.pomeranč 44g,loyd_caj_pyr_pomeranc,26.9,44.9,Kč,26.9 Kč / 44 g,611.36,,False,,,,2026-10-07 - 2026-10-13,https://albertloyaltycz-albert-service-app-prod.delhaize.eu/public/content/leaflet/v3?storeId=583,,2026-10-07T05:30:53+02:00
Albert,Trvanlivé,albert-583-27316030,Loyd maliny/citron pyr.40g,loyd_maliny_citron_pyr,26.9,44.9,Kč,26.9 Kč / 40 g,672.5,,False,,,,2026-10-07 - 2026-10-13,https://albertloyaltycz-albert-service-app-prod.delhaize.eu/public/content/leaflet/v3?storeId=583,,2026-10-07T05:30:53+02:00
Albert,Trvanlivé,albert-583-28123095,Loyd ovocno-bylinný čaj hruška & fík 50 g,loyd_ovocno_bylinny_caj_hruska_fik,29.9,44.9,Kč,29.9 Kč / 50 g,598.0,,False,,,,2026-10-07 - 2026-10-13,https://albertloyaltycz-albert-service-app-prod.delhaize.eu/public/content/leaflet/v3?storeId=583,https://albertloyaltycz-albert-service-app-prod.delhaize.eu/public/minio/images-products/28123095,2026-10-07T05:30:53+02:00
Albert,Trvanlivé,albert-583-24736701,Loyd svařák švestkový 30g,loyd_svarak_svestkovy,24.9,39.9,Kč,24.9 Kč / 30 g,830.0,,False,,,,2026-10-07 - 2026-10-13,https://albertloyaltycz-albert-service-app-prod.delhaize.eu/public/content/leaflet/v3?storeId=583,,2026-10-07T05:30:53+02:00
Billa,Mléčné výrobky a vejce,197,Lučina 120 g,lucina,32.9,46.34,Kč,"27,42 Kč / 100 g",274.2,,False,,,-29% platí do úterý 13. 10.,2026-10-07 - 2026-10-13,https://www.kupi.cz/letak/billa-maly-letak-721?page=4&map=216583584,https://img.kupi.cz/kupi/thumbs/lucina-4_170_340.jpg,2026-10-07T05:31:01+02:00
Albert,Mléčné a chlazené,albert-583-23128897,Lučina linie 120g,lucina_linie,32.9,46.9,Kč,32.9 Kč / 120 g,274.17,,False,,,-29%,2026-10-07 - 2026-10-13,https://albertloyaltycz-albert-service-app-prod.delhaize.eu/public/content/leaflet/v3?storeId=583,,2026-10-07T05:30:53+02:00
Tesco,Mléčné výrobky a vejce,749,Lučina Nadýchaná 140 g,lucina_nadychana,39.9,54.66,Kč,"28,50 Kč / 100 g",285.0,,True,Clubcard,39.9,-27% Clubcard platí do úterý 3. 11.,2026-10-07 - 2026-11-03,https://www.kupi.cz/letak/tesco-supermarket-letak-416?page=12&map=216253620,https://img.kupi.cz/kupi/thumbs/lucina-nadychana-1_170_340.jpg,2026-10-07T05:31:48+02:00
Albert,Mléčné a chlazené,albert-583-23000025,Lučina pažitka 120g,lucina_pazitka,32.9,46.9,Kč,32.9 Kč / 120 g,274.17,,False,,,-29%,2026-10-07 - 2026-10-13,https://albertloyaltycz-albert-service-app-prod.delhaize.eu/public/content/leaflet/v3?storeId=583,,2026-10-07T05:30:53+02:00
Albert,Mléčné a chlazené,albert-583-23587342,Lučina pažitka 180g,lucina_pazitka,44.9,64.9,Kč,44.9 Kč / 180 g,249.44,,False,,,-30%,2026-10-07 - 2026-10-13,https://albertloyaltycz-albert-service-app-prod.delhaize.eu/public/content/leaflet/v3?storeId=583,,2026-10-07T05:30:53+02:00
Albert,Mléčné a chlazené,albert-583-27454787,Lučina & skyr 120 g,lucina_skyr,32.9,46.9,Kč,32.9 Kč / 120 g,274.17,,False,,,-29%,2026-10-07 - 2026-10-13,https://albertloyaltycz-albert-service-app-prod.delhaize.eu/public/content/leaflet/v3?storeId=583,,2026-10-07T05:30:53+02:00
Albert,Mléčné a chlazené,albert-583-24219495,Lučina Smetanová 120 g,lucina_smetanova,32.9,46.9,Kč,32.9 Kč / 120 g,274.17,,False,,,-29%,2026-10-07 - 2026-10-13,https://albertloyaltycz-albert-service-app-prod.delhaize.eu/public/content/leaflet/v3?storeId=583,https://albertloyaltycz-albert-service-app-prod.delhaize.eu/public/minio/images-products/24219495,2026-10-07T05:30:53+02:00
Albert,Mléčné a chlazené,albert-583-22999993,Lučina Svěží 120 g,lucina_svezi,32.9,46.9,Kč,32.9 Kč / 120 g,274.17,,False,,,-29%,2026-10-07 - 2026-10-13,https://albertloyaltycz-albert-service-app-prod.delhaize.eu/public/content/leaflet/v3?storeId=583,https://albertloyaltycz-albert-service-app-prod.delhaize.eu/public/minio/images-products/22999993,2026-10-07T05:30:53+02:00
Albert,Mléčné a chlazené,albert-583-22801296,Lučina Svěží 180 g,lucina_svezi,44.9,64.9,Kč,44.9 Kč / 180 g,249.44,,False,,,-30%,2026-10-07 - 2026-10-13,https://albertloyaltycz-albert-service-app-prod.delhaize.eu/public/content/leaflet/v3?storeId=583,https://albertloyaltycz-albert-service-app-prod.delhaize.eu/public/minio/images-products/22801296,2026-10-07T05:30:53+02:00
Albert,Nápoje,albert-583-27611678,"Ludw family hibernal 0,75l",ludw_family_hibernal,149.9,199.0,Kč,149.9 Kč / 0.75 l,,,False,,,,2026-10-07 - 2026-10-13,https://albertloyaltycz-albert-service-app-prod.delhaize.eu/public/content/leaflet/v3?storeId=583,,2026-10-07T05:30:53+02:00
Albert,Nápoje,albert-583-25587449,"Ludw.prime.l. chardonnay 0,75l",ludw_prime_l_chardonnay,79.9,109.9,Kč,79.9 Kč / 0.75 l,,,False,,,,2026-10-07 - 2026-10-13,https://albertloyaltycz-albert-service-app-prod.delhaize.eu/public/content/leaflet/v3?storeId=583,,2026-10-07T05:30:53+02:00
Albert,Nápoje,albert-583-27611609,Ludwig Sylvánské zelené 0.75 l,ludwig_sylvanske_zelene,79.9,109.9,Kč,79.9 Kč / 0.75 l,,,False,,,,2026-10-07 - 2026-10-13,https://albertloyaltycz-albert-service-app-prod.delhaize.eu/public/content/leaflet/v3?storeId=583,https://albertloyaltycz-albert-service-app-prod.delhaize.eu/public/minio/images-products/27611609,2026-10-07T05:30:53+02:00
Albert,Trvanlivé,albert-583-20787042,Luncheonmeat 400g v.hamé hjk 400 g,luncheonmeat_v_hame_hjk,69.9,84.9,Kč,69.9 Kč / 400 g,174.75,,False,,,,2026-10-07 - 2026-10-13,https://albertloyaltycz-albert-service-app-prod.delhaize.eu/public/content/leaflet/v3?storeId=583,,2026-10-07T05:30:53+02:00
Billa,Zdravá výživa,141149,Lupínky špaldové Bonavita 375 g,lupinky_spaldove_bonavita,59.9,,Kč,"15,97 Kč / 100 g",159.7,,False,,,platí do úterý 13. 10.,2026-10-07 - 2026-10-13,https://www.kupi.cz/letak/billa-velky-letak-292?page=19&map=216582846,https://img.kupi.cz/kupi/thumbs/lupinky-spaldove-bonavita_170_340.jpg,2026-10-07T05:31:31+02:00
Albert,Uzeniny a lahůdky,albert-583-22085146,Maďarská klobása 100 g,madarska_klobasa,24.9,27.9,Kč,24.9 Kč / 100 g,249.0,,False,,,-10%,2026-10-07 - 2026-10-13,https://albertloyaltycz-albert-service-app-prod.delhaize.eu/public/content/leaflet/v3?storeId=583,,2026-10-07T05:30:53+02:00
Albert,Mléčné a chlazené,albert-583-25378863,Madeland fit 20% plátky 100g,madeland_fit_platky,26.9,42.9,Kč,26.9 Kč / 100 g,269.0,,False,,,-37%,2026-10-07 - 2026-10-13,https://albertloyaltycz-albert-service-app-prod.delhaize.eu/public/content/leaflet/v3?storeId=583,,2026-10-07T05:30:53+02:00
Albert,Mléčné a chlazené,albert-583-23953949,Madeland light 30% plátky 100g,madeland_light_platky,26.9,42.9,Kč,26.9 Kč / 100 g,269.0,,False,,,-37%,2026-10-07 - 2026-10-13,https://albertloyaltycz-albert-service-app-prod.delhaize.eu/public/content/leaflet/v3?storeId=583,,2026-10-07T05:30:53+02:00
Albert,Mléčné a chlazené,albert-583-28006329,Madeland protein plátky 100g,madeland_protein_platky,29.9,42.9,Kč,29.9 Kč / 100 g,299.0,,False,,,-30%,2026-10-07 - 2026-10-13,https://albertloyaltycz-albert-service-app-prod.delhaize.eu/public/content/leaflet/v3?storeId=583,,2026-10-07T05:30:53+02:00
Albert,Mléčné a chlazené,albert-583-25378870,Madeland uzený plátky 100g,madeland_uzeny_platky,26.9,42.9,Kč,26.9 Kč / 100 g,269.0,,False,,,-37%,2026-10-07 - 2026-10-13,https://albertloyaltycz-albert-service-app-prod.delhaize.eu/public/content/leaflet/v3?storeId=583,,2026-10-07T05:30:53+02:00
Albert,Mléčné a chlazené,albert-583-20295813,Madeta blať.zlato porce 120g,madeta_blat_zlato_porce,31.9,39.9,Kč,31.9 Kč / 120 g,265.83,,False,,,-20%,2026-10-07 - 2026-10-13,https://albertloyaltycz-albert-service-app-prod.delhaize.eu/public/content/leaflet/v3?storeId=583,,2026-10-07T05:30:53+02:00
Albert,Mléčné a chlazené,albert-583-25433685,Madeta Blaťácké zlato porce 120 g,madeta_blatacke_zlato_porce,32.9,38.9,Kč,32.9 Kč / 120 g,274.17,,False,,,-15%,2026-10-07 - 2026-10-13,https://albertloyaltycz-albert-service-app-prod.delhaize.eu/public/content/leaflet/v3?storeId=583,https://albertloyaltycz-albert-service-app-prod.delhaize.eu/public/minio/images-products/25433685,2026-10-07T05:30:53+02:00
Albert,Mléčné a chlazené,albert-583-20294359,Madeta jč tvaroh odtuč. 250 g,madeta_jc_tvaroh_odtuc,17.9,27.9,Kč,17.9 Kč / 250 g,71.6,,False,,,-35%,2026-10-07 - 2026-10-13,https://albertloyaltycz-albert-service-app-prod.delhaize.eu/public/content/leaflet/v3?storeId=583,,2026-10-07T05:30:53+02:00
Albert,Mléčné a chlazené,albert-583-20294472,Madeta jč tvaroh tučný 250 g,madeta_jc_tvaroh_tucny,21.9,32.9,Kč,21.9 Kč / 250 g,87.6,,False,,,-33%,2026-10-07 - 2026-10-13,https://albertloyaltycz-albert-service-app-prod.delhaize.eu/public/content/leaflet/v3?storeId=583,,2026-10-07T05:30:53+02:00
Albert,Mléčné a chlazené,albert-583-20976781,Madeta Jihočeské máslo 250 g,madeta_jihoceske_maslo,34.9,54.9,Kč,34.9 Kč / 250 g,139.6,,True,Můj Albert,34.9,Můj Albert,2026-10-07 - 2026-10-13,https://albertloyaltycz-albert-service-app-prod.delhaize.eu/public/content/leaflet/v3?storeId=583,https://albertloyaltycz-albert-service-app-prod.delhaize.eu/public/minio/images-products/20976781,2026-10-07T05:30:53+02:00
Albert,Mléčné a chlazené,albert-583-20976781,Madeta Jihočeské máslo 250 g,madeta_jihoceske_maslo,44.9,54.9,Kč,44.9 Kč / 250 g,179.6,,False,,,,2026-10-07 - 2026-10-13,https://albertloyaltycz-albert-service-app-prod.delhaize.eu/public/content/leaflet/v3?storeId=583,https://albertloyaltycz-albert-service-app-prod.delhaize.eu/public/minio/images-products/20976781,2026-10-07T05:30:53+02:00
Albert,Mléčné a chlazené,albert-583-20294403,Madeta Jihočeský tvaroh polotučný 250 g,madeta_jihocesky_tvaroh_polotucny,18.9,28.9,Kč,18.9 Kč / 250 g,75.6,,False,,,-34%,2026-10-07 - 2026-10-13,https://albertloyaltycz-albert-service-app-prod.delhaize.eu/public/content/leaflet/v3?storeId=583,https://albertloyaltycz-albert-service-app-prod.delhaize.eu/public/minio/images-products/20294403,2026-10-07T05:30:53+02:00
Albert,Mléčné a chlazené,albert-583-23953918,Madeta Madeland Original 45% plátky 100 g,madeta_madeland_original_platky,26.9,42.9,Kč,26.9 Kč / 100 g,269.0,,True,Můj Albert,26.9,-37% Můj Albert,2026-10-07 - 2026-10-13,https://albertloyaltycz-albert-service-app-prod.delhaize.eu/public/content/leaflet/v3?storeId=583,https://albertloyaltycz-albert-service-app-prod.delhaize.eu/public/minio/images-products/23953918,2026-10-07T05:30:53+02:00
Albert,Mléčné a chlazené,albert-583-23953918,Madeta Madeland Original 45% plátky 100 g,madeta_madeland_original_platky,29.9,42.9,Kč,29.9 Kč / 100 g,299.0,,False,,,-30%,2026-10-07 - 2026-10-13,https://albertloyaltycz-albert-service-app-prod.delhaize.eu/public/content/leaflet/v3?storeId=583,https://albertloyaltycz-albert-service-app-prod.delhaize.eu/public/minio/images-products/23953918,2026-10-07T05:30:53+02:00
Albert,Mléčné a chlazené,albert-583-20977160,Madeta Primator tavený sýr 45% 140 g,madeta_primator_taveny_syr,39.9,48.9,Kč,39.9 Kč / 140 g,285.0,,False,,,,2026-10-07 - 2026-10-13,https://albertloyaltycz-albert-service-app-prod.delhaize.eu/public/content/leaflet/v3?storeId=583,https://albertloyaltycz-albert-service-app-prod.delhaize.eu/public/minio/images-products/20977160,2026-10-07T05:30:53+02:00
Albert,Mléčné a chlazené,albert-583-25343724,Madeta romadur chilli 100g,madeta_romadur_chilli,19.9,32.9,Kč,19.9 Kč / 100 g,199.0,,False,,,-39%,2026-10-07 - 2026-10-13,https://albertloyaltycz-albert-service-app-prod.delhaize.eu/public/content/leaflet/v3?storeId=583,,2026-10-07T05:30:53+02:00
Albert,Mléčné a chlazené,albert-583-20294335,Madeta Romadur měkký sýr 40% 100 g,madeta_romadur_mekky_syr,19.9,32.9,Kč,19.9 Kč / 100 g,199.0,,True,Můj Albert,19.9,-39% Můj Albert,2026-10-07 - 2026-10-13,https://albertloyaltycz-albert-service-app-prod.delhaize.eu/public/content/leaflet/v3?storeId=583,https://albertloyaltycz-albert-service-app-prod.delhaize.eu/public/minio/images-products/20294335,2026-10-07T05:30:53+02:00
Albert,Mléčné a chlazené,albert-583-20294335,Madeta Romadur měkký sýr 40% 100 g,madeta_romadur_mekky_syr,24.9,32.9,Kč,24.9 Kč / 100 g,249.0,,False,,,-24%,2026-10-07 - 2026-10-13,https://albertloyaltycz-albert-service-app-prod.delhaize.eu/public/content/leaflet/v3?storeId=583,https://albertloyaltycz-albert-service-app-prod.delhaize.eu/public/minio/images-products/20294335,2026-10-07T05:30:53+02:00
Albert,Nápoje,albert-583-21634772,"*magnesia minerál. perlivá1,5l",magnesia_mineral_perliva1,14.9,18.9,Kč,14.9 Kč / 1.5 l,,,False,,,,2026-10-07 - 2026-10-13,https://albertloyaltycz-albert-service-app-prod.delhaize.eu/public/content/leaflet/v3?storeId=583,,2026-10-07T05:30:53+02:00
Albert,Nápoje,albert-583-24018746,"*magnesia minerální neper.1,5l",magnesia_mineralni_neper,14.9,18.9,Kč,14.9 Kč / 1.5 l,,,False,,,,2026-10-07 - 2026-10-13,https://albertloyaltycz-albert-service-app-prod.delhaize.eu/public/content/leaflet/v3?storeId=583,,2026-10-07T05:30:53+02:00
Albert,Nápoje,albert-583-27763797,"Magnesia minerální Plus Antistress, mango,meduňka 0.7 l",magnesia_mineralni_plus_antistress_mango_medunka,24.9,34.9,Kč,24.9 Kč / 0.7 l,,,False,,,,2026-10-09 - 2026-10-11,https://albertloyaltycz-albert-service-app-prod.delhaize.eu/public/content/leaflet/v3?storeId=583,https://albertloyaltycz-albert-service-app-prod.delhaize.eu/public/minio/images-products/27763797,2026-10-07T05:30:53+02:00
Albert,Nápoje,albert-583-26026381,"Magnesia minerální Red malina, jemně perlivá 1.5 l",magnesia_mineralni_red_malina_jemne_perliva,19.9,24.9,Kč,19.9 Kč / 1.5 l,,,False,,,,2026-10-07 - 2026-10-13,https://albertloyaltycz-albert-service-app-prod.delhaize.eu/public/content/leaflet/v3?storeId=583,https://albertloyaltycz-albert-service-app-prod.delhaize.eu/public/minio/images-products/26026381,2026-10-07T05:30:53+02:00
Albert,Nápoje,albert-583-24018760,Magnesia minerální voda jemně perlivá 1.5 l,magnesia_mineralni_voda_jemne_perliva,14.9,18.9,Kč,14.9 Kč / 1.5 l,,,False,,,,2026-10-07 - 2026-10-13,https://albertloyaltycz-albert-service-app-prod.delhaize.eu/public/content/leaflet/v3?storeId=583,https://albertloyaltycz-albert-service-app-prod.delhaize.eu/public/minio/images-products/24018760,2026-10-07T05:30:53+02:00
Albert,Nápoje,albert-583-27864654,"Magnesia pl.boost mandar.0,7l",magnesia_pl_boost_mandar,24.9,34.9,Kč,24.9 Kč / 0.7 l,,,False,,,,2026-10-09 - 2026-10-11,https://albertloyaltycz-albert-service-app-prod.delhaize.eu/public/content/leaflet/v3?storeId=583,,2026-10-07T05:30:53+02:00
Albert,Nápoje,albert-583-27763780,"Magnesia pl.focus mer.mar.0,7l",magnesia_pl_focus_mer_mar,24.9,34.9,Kč,24.9 Kč / 0.7 l,,,False,,,,2026-10-09 - 2026-10-11,https://albertloyaltycz-albert-service-app-prod.delhaize.eu/public/content/leaflet/v3?storeId=583,,2026-10-07T05:30:53+02:00
Albert,Nápoje,albert-583-27864661,"Magnesia pl.revital hrozn.0,7l",magnesia_pl_revital_hrozn,24.9,34.9,Kč,24.9 Kč / 0.7 l,,,False,,,,2026-10-09 - 2026-10-11,https://albertloyaltycz-albert-service-app-prod.delhaize.eu/public/content/leaflet/v3?storeId=583,,2026-10-07T05:30:53+02:00
Albert,Nápoje,albert-583-26786780,"Magnesia red brusinka 1,5l",magnesia_red_brusinka,19.9,24.9,Kč,19.9 Kč / 1.5 l,,,False,,,,2026-10-07 - 2026-10-13,https://albertloyaltycz-albert-service-app-prod.delhaize.eu/public/content/leaflet/v3?storeId=583,,2026-10-07T05:30:53+02:00
Albert,Nápoje,albert-583-28113485,"Magnesia red čer.pomeranč 1,5l",magnesia_red_cer_pomeranc,19.9,24.9,Kč,19.9 Kč / 1.5 l,,,False,,,,2026-10-07 - 2026-10-13,https://albertloyaltycz-albert-service-app-prod.delhaize.eu/public/content/leaflet/v3?storeId=583,,2026-10-07T05:30:53+02:00
Albert,Mléčné a chlazené,albert-583-28098171,Magnum Crackables Classic 440 ml,magnum_crackables_classic,109.9,199.0,Kč,109.9 Kč / 440 ml,,,False,,,,2026-10-07 - 2026-10-13,https://albertloyaltycz-albert-service-app-prod.delhaize.eu/public/content/leaflet/v3?storeId=583,https://albertloyaltycz-albert-service-app-prod.delhaize.eu/public/minio/images-products/28098171,2026-10-07T05:30:53+02:00
Albert,Mléčné a chlazené,albert-583-28098171,Magnum Crackables Classic 440 ml,magnum_crackables_classic,99.9,199.0,Kč,99.9 Kč / 440 ml,,,True,Můj Albert,99.9,Můj Albert,2026-10-07 - 2026-10-13,https://albertloyaltycz-albert-service-app-prod.delhaize.eu/public/content/leaflet/v3?storeId=583,https://albertloyaltycz-albert-service-app-prod.delhaize.eu/public/minio/images-products/28098171,2026-10-07T05:30:53+02:00
Albert,Mléčné a chlazené,albert-583-28098218,Magnum La Pistache Signature multipack 270 ml,magnum_la_pistache_signature_multipack,94.9,139.9,Kč,94.9 Kč / 270 ml,,,False,,,,2026-10-07 - 2026-10-13,https://albertloyaltycz-albert-service-app-prod.delhaize.eu/public/content/leaflet/v3?storeId=583,https://albertloyaltycz-albert-service-app-prod.delhaize.eu/public/minio/images-products/28098218,2026-10-07T05:30:53+02:00
Albert,Mléčné a chlazené,albert-583-27881408,Majolka 100 ml vanička 100 ml,majolka_vanicka,15.9,18.9,Kč,15.9 Kč / 100 ml,,,False,,,,2026-10-07 - 2026-10-13,https://albertloyaltycz-albert-service-app-prod.delhaize.eu/public/content/leaflet/v3?storeId=583,,2026-10-07T05:30:53+02:00
Albert,Mléčné a chlazené,albert-583-26017754,Majonéza 350ml,majoneza,45.9,54.9,Kč,45.9 Kč / 350 ml,,,False,,,,2026-10-07 - 2026-10-13,https://albertloyaltycz-albert-service-app-prod.delhaize.eu/public/content/leaflet/v3?storeId=583,,2026-10-07T05:30:53+02:00
Albert,Mléčné a chlazené,albert-583-27967614,Majonéza 500 ml 0.5 l,majoneza,49.9,89.9,Kč,49.9 Kč / 0.5 l,,,False,,,,2026-10-07 - 2026-10-13,https://albertloyaltycz-albert-service-app-prod.delhaize.eu/public/content/leaflet/v3?storeId=583,,2026-10-07T05:30:53+02:00
Billa,Vaření a pečení,937,Majonéza Hellmann's 500 ml,majoneza_hellmann_s,59.9,,Kč,"11,98 Kč / 100 ml",,,False,,,platí do úterý 13. 10.,2026-10-07 - 2026-10-13,https://www.kupi.cz/letak/billa-velky-letak-292?page=22&map=216582879,https://img.kupi.cz/kupi/thumbs/majoneza-hellmann-s_170_340.png,2026-10-07T05:31:23+02:00
Tesco,Vaření a pečení,937,Majonéza Hellmann's,majoneza_hellmann_s,54.9,109.8,Kč,"10,98 Kč / 100 ml",,,False,,,-50% platí do úterý 27. 10.,2026-10-07 - 2026-10-27,https://www.kupi.cz/letak/tesco-hypermarket-znacky-ktere-mate-radi-2?page=4&map=215326836,https://img.kupi.cz/kupi/thumbs/majoneza-hellmann-s_170_340.png,2026-10-07T05:32:11+02:00
Tesco,Pečivo,135,Makovka 160 g,makovka,14.9,19.87,Kč,"9,31 Kč / 100 g",93.1,,False,,,-25% platí do úterý 20. 10.,2026-10-07 - 2026-10-20,https://www.kupi.cz/letak/tesco-hypermarket-letak-370?page=7&map=216579237,https://img.kupi.cz/kupi/thumbs/makovka_170_340.jpg,2026-10-07T05:31:46+02:00
Albert,Tržnice u Alberta,albert-583-20442262,Albert maliny 125 g,maliny,44.9,59.9,Kč,44.9 Kč / 125 g,359.2,,False,,,-25%,2026-10-07 - 2026-10-13,https://albertloyaltycz-albert-service-app-prod.delhaize.eu/public/content/leaflet/v3?storeId=583,https://albertloyaltycz-albert-service-app-prod.delhaize.eu/public/minio/images-products/20442262,2026-10-07T05:30:53+02:00
Billa,Ovoce a zelenina,437046,Maliny Billa Bonvia 125 g,maliny,44.9,99.78,Kč,"35,92 Kč / 100 g",359.2,,False,,,-55% čt 8. 10. – ne 11. 10.,2026-10-08 - 2026-10-11,https://www.kupi.cz/letak/billa-maly-letak-721?page=7&map=216583776,https://img.kupi.cz/kupi/thumbs/maliny-billa-bonvia-1_170_340.jpg,2026-10-07T05:30:58+02:00
Billa,Ovoce a zelenina,437046,Maliny Billa Bonvia 125 g,maliny,44.9,59.87,Kč,"35,92 Kč / 100 g",359.2,,False,,,-25% čt 8. 10. – ne 11. 10.,2026-10-08 - 2026-10-11,https://www.kupi.cz/letak/billa-velky-letak-292?page=36&map=216584436,https://img.kupi.cz/kupi/thumbs/maliny-billa-bonvia-1_170_340.jpg,2026-10-07T05:30:58+02:00
Tesco,Ovoce a zelenina,38642,Maliny Tesco 125 g,maliny,39.9,59.55,Kč,"31,92 Kč / 100 g",319.2,,True,Clubcard,39.9,-33% Clubcard pá 9. 10. – ne 11. 10.,2026-10-09 - 2026-10-11,https://www.kupi.cz/letak/tesco-supermarket-letak-416?page=10&map=216253455,https://img.kupi.cz/kupi/thumbs/maliny-tesco_170_340.png,2026-10-07T05:31:43+02:00
Albert,Trvanlivé,albert-583-21247910,Giana mandarinky 312/175g,mandarinky,29.9,45.9,Kč,29.9 Kč / 175 g,170.86,,False,,,,2026-10-07 - 2026-10-13,https://albertloyaltycz-albert-service-app-prod.delhaize.eu/public/content/leaflet/v3?storeId=583,,2026-10-07T05:30:53+02:00
Albert,Tržnice u Alberta,albert-583-20440701,Mandarinky 1 kg,mandarinky,26.9,69.9,Kč,26.9 Kč / 1 kg,26.9,,True,Můj Albert,26.9,-61% Můj Albert,2026-10-07 - 2026-10-13,https://albertloyaltycz-albert-service-app-prod.delhaize.eu/public/content/leaflet/v3?storeId=583,https://albertloyaltycz-albert-service-app-prod.delhaize.eu/public/minio/images-products/20440701,2026-10-07T05:30:53+02:00
Albert,Tržnice u Alberta,albert-583-20440701,Mandarinky 1 kg,mandarinky,29.9,69.9,Kč,29.9 Kč / 1 kg,29.9,,False,,,-57%,2026-10-07 - 2026-10-13,https://albertloyaltycz-albert-service-app-prod.delhaize.eu/public/content/leaflet/v3?storeId=583,https://albertloyaltycz-albert-service-app-prod.delhaize.eu/public/minio/images-products/20440701,2026-10-07T05:30:53+02:00
Albert,Nápoje,albert-583-28105350,"Mirinda mango/mandarinka 2,25l",mandarinky,24.9,47.2,Kč,24.9 Kč / 2.25 l,,,False,,,,2026-10-07 - 2026-10-13,https://albertloyaltycz-albert-service-app-prod.delhaize.eu/public/content/leaflet/v3?storeId=583,,2026-10-07T05:30:53+02:00
Billa,Ovoce a zelenina,195048,Mandarinky Billa Bonvia 1 kg,mandarinky,27.9,59.36,Kč,"27,90 Kč / 1 kg",27.9,,True,Billa Club,27.9,-53% Billa Club platí do úterý 13. 10.,2026-10-07 - 2026-10-13,https://www.kupi.cz/letak/billa-velky-letak-292?map=216581967,https://img.kupi.cz/kupi/thumbs/mandarinky-billa-bonvia-1_170_340.jpg,2026-10-07T05:30:57+02:00
Tesco,Ovoce a zelenina,37603,Mandarinky Tesco 1 kg,mandarinky,29.9,49.83,Kč,"29,90 Kč / 1 kg",29.9,,False,,,-40% pá 9. 10. – ne 11. 10.,2026-10-09 - 2026-10-11,https://www.kupi.cz/letak/tesco-supermarket-letak-416?map=216252810,https://img.kupi.cz/kupi/thumbs/mandarinky-tesco_170_340.png,2026-10-07T05:31:43+02:00
Tesco,Zdravá výživa,37763,Mandle Tesco 200 g,mandle,49.9,94.15,Kč,"24,95 Kč / 100 g",249.5,,True,Clubcard,49.9,-47% Clubcard platí do úterý 13. 10.,2026-10-07 - 2026-10-13,https://www.kupi.cz/letak/tesco-hypermarket-letak-370?page=20&map=216580635,https://img.kupi.cz/kupi/thumbs/mandle-tesco_170_340.jpg,2026-10-07T05:32:19+02:00
Billa,Zdravá výživa,468461,Mandle Clever,mandle_clever,89.9,179.8,Kč,"17,98 Kč / 100 g",179.8,,True,Billa Club,89.9,-50% Billa Club platí do úterý 13. 10.,2026-10-07 - 2026-10-13,https://www.kupi.cz/letak/billa-velky-letak-292?map=216582000,https://img.kupi.cz/kupi/thumbs/mandle-clever_170_340.jpg,2026-10-07T05:31:31+02:00
Tesco,Zdravá výživa,471072,Mango sušené Seeberger 100 g,mango_susene_seeberger,84.9,108.85,Kč,"84,90 Kč / 100 g",849.0,,True,Clubcard,84.9,-22% Clubcard platí do úterý 20. 10.,2026-10-07 - 2026-10-20,https://www.kupi.cz/letak/tesco-hypermarket-letak-370?page=19&map=216580509,https://img.kupi.cz/kupi/thumbs/mango-susene-seeberger_170_340.png,2026-10-07T05:32:19+02:00
Lidl,Ovoce a zelenina,10049402,Mango zralé,mango_zrale,19.9,39.9,Kč,19.9 Kč / 1 ks,,19.9,False,,,-50%,2026-10-08 - 2026-10-11,https://www.lidl.cz/p/mango-zrale/p10049402,https://imgproxy-retcat.assets.schwarz/906KAfheXOtI1VjD7Bt8u-bP5yddFt20vYTmlcMcNr4/sm:0/exar:1:ce/w:427/h:320/cz/M6Ly9wcm9kLWNhd/GFsb2ctbWVkaWEvaW50LzgxM0NERkIwQzhBN0IyQ0I3RkVFRjkxMz/g4NkREMDI3Rjk2MzFDRTIwMDJBQkRDOURDQTM2RjYzQTMwNEU4NTkucG5n.png,2026-10-07T05:31:40+02:00
Billa,Mléčné výrobky a vejce,3,Margarín Classic Rama 400 g,margarin_classic_rama,44.9,,Kč,"11,22 Kč / 100 g",112.2,,False,,,čt 8. 10. – ne 11. 10.,2026-10-08 - 2026-10-11,https://www.kupi.cz/letak/billa-velky-letak-292?page=36&map=216584454,https://img.kupi.cz/kupi/thumbs/margarin-classic-rama_170_340.png,2026-10-07T05:31:01+02:00
Billa,Mléčné výrobky a vejce,1265,Margarín máslová příchuť Perla 950 g,margarin_maslova_prichut_perla,59.9,,Kč,"6,31 Kč / 100 g",63.1,,False,,,platí do úterý 13. 10.,2026-10-07 - 2026-10-13,https://www.kupi.cz/letak/billa-velky-letak-292?page=39&map=216584748,https://img.kupi.cz/kupi/thumbs/margarin-maslova-prichut-perla_170_340.png,2026-10-07T05:31:01+02:00
Billa,Mléčné výrobky a vejce,101958,Margarín máslová příchuť Rama 400 g,margarin_maslova_prichut_rama,44.9,,Kč,"11,22 Kč / 100 g",112.2,,False,,,čt 8. 10. – ne 11. 10.,2026-10-08 - 2026-10-11,https://www.kupi.cz/letak/billa-velky-letak-292?page=36&map=216584457,https://img.kupi.cz/kupi/thumbs/margarin-maslova-prichut-rama_170_340.png,2026-10-07T05:31:01+02:00
Albert,Trvanlivé,albert-583-27851234,Marilka gold mléčná 45 g,marilka_gold_mlecna,9.9,13.9,Kč,9.9 Kč / 45 g,220.0,,False,,,,2026-10-07 - 2026-10-13,https://albertloyaltycz-albert-service-app-prod.delhaize.eu/public/content/leaflet/v3?storeId=583,,2026-10-07T05:30:53+02:00
Albert,Trvanlivé,albert-583-27168004,Marilky black čokoládová 33g,marilky_black_cokoladova,6.9,10.9,Kč,6.9 Kč / 33 g,209.09,,False,,,,2026-10-07 - 2026-10-13,https://albertloyaltycz-albert-service-app-prod.delhaize.eu/public/content/leaflet/v3?storeId=583,,2026-10-07T05:30:53+02:00
Albert,Trvanlivé,albert-583-27167946,Marilky black nugátové 33g,marilky_black_nugatove,6.9,10.9,Kč,6.9 Kč / 33 g,209.09,,False,,,,2026-10-07 - 2026-10-13,https://albertloyaltycz-albert-service-app-prod.delhaize.eu/public/content/leaflet/v3?storeId=583,,2026-10-07T05:30:53+02:00
Albert,Trvanlivé,albert-583-27239858,Marilky lískooříškové 36 g,marilky_liskooriskove,6.9,10.9,Kč,6.9 Kč / 36 g,191.67,,False,,,,2026-10-07 - 2026-10-13,https://albertloyaltycz-albert-service-app-prod.delhaize.eu/public/content/leaflet/v3?storeId=583,,2026-10-07T05:30:53+02:00
Albert,Trvanlivé,albert-583-27275405,Marilky mléčné 33 g,marilky_mlecne,6.9,10.9,Kč,6.9 Kč / 33 g,209.09,,False,,,,2026-10-07 - 2026-10-13,https://albertloyaltycz-albert-service-app-prod.delhaize.eu/public/content/leaflet/v3?storeId=583,https://albertloyaltycz-albert-service-app-prod.delhaize.eu/public/minio/images-products/27275405,2026-10-07T05:30:53+02:00
Albert,Trvanlivé,albert-583-25469264,Marilky oplatky čokoládové140g,marilky_oplatky_cokoladove140g,24.9,26.5,Kč,24.9 Kč / 140 g,177.86,,False,,,,2026-10-07 - 2026-10-13,https://albertloyaltycz-albert-service-app-prod.delhaize.eu/public/content/leaflet/v3?storeId=583,,2026-10-07T05:30:53+02:00
Tesco,Mléčné výrobky a vejce,23761,Máslo Tesco 250 g,maslo,24.9,34.58,Kč,"9,96 Kč / 100 g",99.6,,False,,,-28% pá 9. 10. – ne 11. 10.,2026-10-09 - 2026-10-11,https://www.kupi.cz/letak/tesco-supermarket-letak-416?map=216252726,https://img.kupi.cz/kupi/thumbs/maslo-tesco_170_340.png,2026-10-07T05:31:48+02:00
Billa,Mléčné výrobky a vejce,3622,Máslo A7B 250 g,maslo_a7b,24.9,36.62,Kč,"9,96 Kč / 100 g",99.6,,True,Billa Club,24.9,-32% Billa Club platí do úterý 13. 10.,2026-10-07 - 2026-10-13,https://www.kupi.cz/letak/billa-velky-letak-292?map=216581979,https://img.kupi.cz/kupi/thumbs/maslo-a7b-1_170_340.jpg,2026-10-07T05:31:01+02:00
Billa,Konzervy,39930,Maso krůtí s vejci Viva 120 g,maso_kruti_s_vejci_viva,22.9,,Kč,"19,08 Kč / 100 g",190.8,,False,,,platí do úterý 13. 10.,2026-10-07 - 2026-10-13,https://www.kupi.cz/letak/billa-velky-letak-292?page=27&map=216583056,https://img.kupi.cz/kupi/thumbs/maso-kruti-s-vejci-viva_170_340.png,2026-10-07T05:31:13+02:00
Billa,"Maso, uzeniny a ryby",535830,Maso mělněné vepřové 0.5 kg,maso_melnene_veprove,39.9,79.8,Kč,"79,80 Kč / 1 kg",79.8,,False,,,-50% platí do úterý 13. 10.,2026-10-07 - 2026-10-13,https://www.kupi.cz/letak/billa-velky-letak-292?page=3&map=216582435,https://img.kupi.cz/kupi/thumbs/maso-melnene-veprove_170_340.jpg,2026-10-07T05:31:09+02:00
Tesco,"Maso, uzeniny a ryby",8497,Maso mleté vepřové Tesco 0.8 kg,maso_mlete_veprove,99.9,114.83,Kč,"124,88 Kč / 1 kg",124.88,,True,Clubcard,99.9,-13% Clubcard platí do úterý 13. 10.,2026-10-07 - 2026-10-13,https://www.kupi.cz/letak/tesco-supermarket-letak-416?page=4&map=216253092,https://img.kupi.cz/kupi/thumbs/maso-mlete-veprove-tesco_170_340.png,2026-10-07T05:31:55+02:00
Tesco,Konzervy,1980,Maso vepřové ve vlastní šťávě Meining 400 g,maso_veprove_ve_vlastni_stave_meining,49.9,77.97,Kč,"12,47 Kč / 100 g",124.7,,True,Clubcard,49.9,-36% Clubcard platí do úterý 20. 10.,2026-10-07 - 2026-10-20,https://www.kupi.cz/letak/tesco-supermarket-letak-416?page=9&map=216253371,https://img.kupi.cz/kupi/thumbs/maso-veprove-ve-vlastni-stave-meining_170_340.jpg,2026-10-07T05:32:01+02:00
Tesco,Lahůdky,517347,Masový a sýrový talíř Tesco Finest 130 g,masovy_a_syrovy_talir_finest,109.9,129.29,Kč,"84,54 Kč / 100 g",845.4,,True,Clubcard,109.9,-15% Clubcard platí do úterý 20. 10.,2026-10-07 - 2026-10-20,https://www.kupi.cz/letak/tesco-hypermarket-letak-370?page=21&map=216580692,https://img.kupi.cz/kupi/thumbs/masovy-a-syrovy-talir-tesco-finest_170_340.jpg,2026-10-07T05:31:59+02:00
Albert,Nápoje,albert-583-26961972,Masso Antico Primitivo Appasito 0.75 l,masso_antico_primitivo_appasito,199.0,299.0,Kč,199 Kč / 0.75 l,,,False,,,,2026-10-07 - 2026-10-13,https://albertloyaltycz-albert-service-app-prod.delhaize.eu/public/content/leaflet/v3?storeId=583,https://albertloyaltycz-albert-service-app-prod.delhaize.eu/public/minio/images-products/26961972,2026-10-07T05:30:53+02:00
Albert,Nápoje,albert-583-27124758,"Mattoni black 1,5l",mattoni_black,14.9,19.9,Kč,14.9 Kč / 1.5 l,,,False,,,,2026-10-07 - 2026-10-13,https://albertloyaltycz-albert-service-app-prod.delhaize.eu/public/content/leaflet/v3?storeId=583,,2026-10-07T05:30:53+02:00
Albert,Nápoje,albert-583-26958897,"Mattoni cedrata 1,5l",mattoni_cedrata,14.9,19.9,Kč,14.9 Kč / 1.5 l,,,False,,,,2026-10-07 - 2026-10-13,https://albertloyaltycz-albert-service-app-prod.delhaize.eu/public/content/leaflet/v3?storeId=583,,2026-10-07T05:30:53+02:00
Albert,Nápoje,albert-583-28113515,"Mattoni imuno hruška 0,7l",mattoni_imuno_hruska,19.9,29.9,Kč,19.9 Kč / 0.7 l,,,False,,,,2026-10-07 - 2026-10-13,https://albertloyaltycz-albert-service-app-prod.delhaize.eu/public/content/leaflet/v3?storeId=583,,2026-10-07T05:30:53+02:00
Albert,Nápoje,albert-583-28004066,"Mattoni imuno mix ovoce 0,7l",mattoni_imuno_mix_ovoce,19.9,29.9,Kč,19.9 Kč / 0.7 l,,,False,,,,2026-10-07 - 2026-10-13,https://albertloyaltycz-albert-service-app-prod.delhaize.eu/public/content/leaflet/v3?storeId=583,,2026-10-07T05:30:53+02:00
Albert,Nápoje,albert-583-24631235,"Mattoni miner. bílý hrozen1,5l",mattoni_miner_bily_hrozen1,14.9,19.9,Kč,14.9 Kč / 1.5 l,,,False,,,,2026-10-07 - 2026-10-13,https://albertloyaltycz-albert-service-app-prod.delhaize.eu/public/content/leaflet/v3?storeId=583,,2026-10-07T05:30:53+02:00
Albert,Nápoje,albert-583-21360800,"Mattoni miner. pomeranč 1,5l",mattoni_miner_pomeranc,14.9,19.9,Kč,14.9 Kč / 1.5 l,,,False,,,,2026-10-07 - 2026-10-13,https://albertloyaltycz-albert-service-app-prod.delhaize.eu/public/content/leaflet/v3?storeId=583,,2026-10-07T05:30:53+02:00
Albert,Nápoje,albert-583-28004059,Mattoni minerální Imuno mango a pomeranč 0.7 l,mattoni_mineralni_imuno_mango_a_pomeranc,19.9,29.9,Kč,19.9 Kč / 0.7 l,,,False,,,,2026-10-07 - 2026-10-13,https://albertloyaltycz-albert-service-app-prod.delhaize.eu/public/content/leaflet/v3?storeId=583,https://albertloyaltycz-albert-service-app-prod.delhaize.eu/public/minio/images-products/28004059,2026-10-07T05:30:53+02:00
Albert,Nápoje,albert-583-23727656,"Mattoni minerální neperl.1,5l",mattoni_mineralni_neperl,12.9,16.9,Kč,12.9 Kč / 1.5 l,,,False,,,,2026-10-07 - 2026-10-13,https://albertloyaltycz-albert-service-app-prod.delhaize.eu/public/content/leaflet/v3?storeId=583,,2026-10-07T05:30:53+02:00
Albert,Nápoje,albert-583-21360770,"Mattoni minerální perlivá1,5l",mattoni_mineralni_perliva1,12.9,16.9,Kč,12.9 Kč / 1.5 l,,,False,,,,2026-10-07 - 2026-10-13,https://albertloyaltycz-albert-service-app-prod.delhaize.eu/public/content/leaflet/v3?storeId=583,,2026-10-07T05:30:53+02:00
Albert,Nápoje,albert-583-21360787,"Mattoni minerální voda citron, perlivá 1.5 l",mattoni_mineralni_voda_citron_perliva,14.9,19.9,Kč,14.9 Kč / 1.5 l,,,False,,,,2026-10-07 - 2026-10-13,https://albertloyaltycz-albert-service-app-prod.delhaize.eu/public/content/leaflet/v3?storeId=583,https://albertloyaltycz-albert-service-app-prod.delhaize.eu/public/minio/images-products/21360787,2026-10-07T05:30:53+02:00
Albert,Nápoje,albert-583-23568211,Mattoni minerální voda jemně perlivá 1.5 l,mattoni_mineralni_voda_jemne_perliva,12.9,16.9,Kč,12.9 Kč / 1.5 l,,,False,,,,2026-10-07 - 2026-10-13,https://albertloyaltycz-albert-service-app-prod.delhaize.eu/public/content/leaflet/v3?storeId=583,https://albertloyaltycz-albert-service-app-prod.delhaize.eu/public/minio/images-products/23568211,2026-10-07T05:30:53+02:00
Albert,Nápoje,albert-583-27265789,"Mattoni multi jemně per.1,5l",mattoni_multi_jemne_per,14.9,19.9,Kč,14.9 Kč / 1.5 l,,,False,,,,2026-10-07 - 2026-10-13,https://albertloyaltycz-albert-service-app-prod.delhaize.eu/public/content/leaflet/v3?storeId=583,,2026-10-07T05:30:53+02:00
Albert,Nápoje,albert-583-28190004,"Mattoni vision švěstka 0,7l",mattoni_vision_svestka,19.9,29.9,Kč,19.9 Kč / 0.7 l,,,False,,,-33%,2026-10-07 - 2026-10-13,https://albertloyaltycz-albert-service-app-prod.delhaize.eu/public/content/leaflet/v3?storeId=583,,2026-10-07T05:30:53+02:00
Billa,Vaření a pečení,36436,Med květový Medokom 900 g,med_kvetovy_medokom,109.9,148.51,Kč,"12,21 Kč / 100 g",122.1,,False,,,-26% platí do úterý 13. 10.,2026-10-07 - 2026-10-13,https://www.kupi.cz/letak/billa-velky-letak-292?page=17&map=216582765,https://img.kupi.cz/kupi/thumbs/med-kvetovy-medokomerc_170_340.png,2026-10-07T05:31:23+02:00
Tesco,Vaření a pečení,30367,Med květový Product Bohemia 900 g,med_kvetovy_product_bohemia,179.9,227.72,Kč,"19,99 Kč / 100 g",199.9,,True,Clubcard,179.9,-21% Clubcard platí do úterý 20. 10.,2026-10-07 - 2026-10-20,https://www.kupi.cz/letak/tesco-hypermarket-letak-370?page=20&map=216580620,https://img.kupi.cz/kupi/thumbs/med-kvetovy-product-bohemia_170_340.jpg,2026-10-07T05:32:12+02:00
Albert,Trvanlivé,albert-583-25262940,Medokom český med květový 0.5 kg,medokom_cesky_med_kvetovy,99.9,114.9,Kč,99.9 Kč / 0.5 kg,199.8,,False,,,-13%,2026-10-07 - 2026-10-13,https://albertloyaltycz-albert-service-app-prod.delhaize.eu/public/content/leaflet/v3?storeId=583,https://albertloyaltycz-albert-service-app-prod.delhaize.eu/public/minio/images-products/25262940,2026-10-07T05:30:53+02:00
Albert,Albertovo pekařství,albert-583-28057598,Medovníček Classic 220 g,medovnicek_classic,119.9,149.9,Kč,119.9 Kč / 220 g,545.0,,False,,,-20%,2026-10-07 - 2026-10-13,https://albertloyaltycz-albert-service-app-prod.delhaize.eu/public/content/leaflet/v3?storeId=583,https://albertloyaltycz-albert-service-app-prod.delhaize.eu/public/minio/images-products/28057598,2026-10-07T05:30:53+02:00
Albert,Albertovo pekařství,albert-583-28057574,Medovníček karamelový 220 g,medovnicek_karamelovy,119.9,149.9,Kč,119.9 Kč / 220 g,545.0,,False,,,-20%,2026-10-07 - 2026-10-13,https://albertloyaltycz-albert-service-app-prod.delhaize.eu/public/content/leaflet/v3?storeId=583,https://albertloyaltycz-albert-service-app-prod.delhaize.eu/public/minio/images-products/28057574,2026-10-07T05:30:53+02:00
Albert,Albertovo pekařství,albert-583-28057581,Medovníček makový 220 g,medovnicek_makovy,119.9,149.9,Kč,119.9 Kč / 220 g,545.0,,False,,,-20%,2026-10-07 - 2026-10-13,https://albertloyaltycz-albert-service-app-prod.delhaize.eu/public/content/leaflet/v3?storeId=583,https://albertloyaltycz-albert-service-app-prod.delhaize.eu/public/minio/images-products/28057581,2026-10-07T05:30:53+02:00
Albert,Nápoje,albert-583-22953292,Medvědí Krev červené bulharské víno 0.75 l,medvedi_krev_cervene_bulharske_vino,54.9,69.9,Kč,54.9 Kč / 0.75 l,,,False,,,-21%,2026-10-07 - 2026-10-13,https://albertloyaltycz-albert-service-app-prod.delhaize.eu/public/content/leaflet/v3?storeId=583,https://albertloyaltycz-albert-service-app-prod.delhaize.eu/public/minio/images-products/22953292,2026-10-07T05:30:53+02:00
Albert,Tržnice u Alberta,albert-583-27940204,Albert Menu Box Indická mrkvová polévka 1.2 kg,menu_box_indicka_mrkvova_polevka,79.9,,Kč,79.9 Kč / 1.2 kg,66.58,,False,,,,2026-09-30 - 2026-10-13,https://albertloyaltycz-albert-service-app-prod.delhaize.eu/public/content/leaflet/v3?storeId=583,https://albertloyaltycz-albert-service-app-prod.delhaize.eu/public/minio/images-products/27940204,2026-10-07T05:30:53+02:00
Albert,Tržnice u Alberta,albert-583-28059097,Albert Menu Box Siamské kuře 1.06 kg,menu_box_siamske_kure,99.9,,Kč,99.9 Kč / 1.06 kg,94.25,,False,,,,2026-09-30 - 2026-10-13,https://albertloyaltycz-albert-service-app-prod.delhaize.eu/public/content/leaflet/v3?storeId=583,https://albertloyaltycz-albert-service-app-prod.delhaize.eu/public/minio/images-products/28059097,2026-10-07T05:30:53+02:00
Albert,Tržnice u Alberta,albert-583-28131762,Albert Menu Box Sladkokyselý wok 1.08 kg,menu_box_sladkokysely_wok,99.9,,Kč,99.9 Kč / 1.08 kg,92.5,,False,,,,2026-09-30 - 2026-10-13,https://albertloyaltycz-albert-service-app-prod.delhaize.eu/public/content/leaflet/v3?storeId=583,https://albertloyaltycz-albert-service-app-prod.delhaize.eu/public/minio/images-products/28131762,2026-10-07T05:30:53+02:00
Albert,Mléčné a chlazené,albert-583-25057249,Florian lahod.jog.meruňka 150g,merunky,7.9,15.9,Kč,7.9 Kč / 150 g,52.67,,False,,,-50%,2026-10-07 - 2026-10-13,https://albertloyaltycz-albert-service-app-prod.delhaize.eu/public/content/leaflet/v3?storeId=583,,2026-10-07T05:30:53+02:00
Albert,Trvanlivé,albert-583-23157781,Giana meruňky 410/240g,merunky,29.9,54.9,Kč,29.9 Kč / 240 g,124.58,,False,,,,2026-10-07 - 2026-10-13,https://albertloyaltycz-albert-service-app-prod.delhaize.eu/public/content/leaflet/v3?storeId=583,,2026-10-07T05:30:53+02:00
Albert,Nápoje,albert-583-25273274,"Korunni meruňka jem.perl.1,5l",merunky,13.9,19.9,Kč,13.9 Kč / 1.5 l,,,False,,,,2026-10-07 - 2026-10-13,https://albertloyaltycz-albert-service-app-prod.delhaize.eu/public/content/leaflet/v3?storeId=583,,2026-10-07T05:30:53+02:00
Albert,Nápoje,albert-583-27800744,"Moravská meruňka 30% 0,5l",merunky,159.0,209.0,Kč,159 Kč / 0.5 l,,,False,,,,2026-10-07 - 2026-10-13,https://albertloyaltycz-albert-service-app-prod.delhaize.eu/public/content/leaflet/v3?storeId=583,,2026-10-07T05:30:53+02:00
Albert,Trvanlivé,albert-583-22574916,Schwartau meruňka extra 340g,merunky,69.9,119.9,Kč,69.9 Kč / 340 g,205.59,,False,,,,2026-10-07 - 2026-10-13,https://albertloyaltycz-albert-service-app-prod.delhaize.eu/public/content/leaflet/v3?storeId=583,,2026-10-07T05:30:53+02:00
Tesco,Alkohol,103960,Míchané nápoje Le Coq 0.33 l,michane_napoje_le_coq,29.9,44.63,Kč,"90,61 Kč / 1 l",,,True,Clubcard,29.9,-33% Clubcard platí do neděle 25. 10.,2026-10-07 - 2026-10-25,https://www.kupi.cz/letaky/tesco,https://img.kupi.cz/kupi/thumbs/michane-napoje-le-coq_170_340.png,2026-10-07T05:32:24+02:00
Billa,Alkohol,393940,Míchaný nápoj Aperol Spritz 0.2 l,michany_napoj_aperol_spritz,179.9,,Kč,"299,83 Kč / 1 l",,,False,,,platí do úterý 20. 10.,2026-10-07 - 2026-10-20,https://www.kupi.cz/letak/billa-letak-italie-u-vas-doma?page=15&map=215641779,https://img.kupi.cz/kupi/thumbs/michany-napoj-aperol-spritz_170_340.png,2026-10-07T05:31:35+02:00
Tesco,Alkohol,393940,Míchaný nápoj Aperol Spritz 0.2 l,michany_napoj_aperol_spritz,199.9,259.61,Kč,"333,17 Kč / 1 l",,,True,Clubcard,199.9,-23% Clubcard platí do úterý 27. 10.,2026-10-07 - 2026-10-27,https://www.kupi.cz/letak/tesco-hypermarket-letak-370?page=21&map=216580665,https://img.kupi.cz/kupi/thumbs/michany-napoj-aperol-spritz_170_340.png,2026-10-07T05:32:24+02:00
Albert,Trvanlivé,albert-583-27083949,Milka almond caramel 300g,milka_almond_caramel,69.9,109.9,Kč,69.9 Kč / 300 g,233.0,,False,,,,2026-10-07 - 2026-10-13,https://albertloyaltycz-albert-service-app-prod.delhaize.eu/public/content/leaflet/v3?storeId=583,,2026-10-07T05:30:53+02:00
Albert,Trvanlivé,albert-583-25277616,Milka Choco Jaffa piškoty malinové 147 g,milka_choco_jaffa_piskoty_malinove,29.9,47.9,Kč,29.9 Kč / 147 g,203.4,,False,,,,2026-10-07 - 2026-10-13,https://albertloyaltycz-albert-service-app-prod.delhaize.eu/public/content/leaflet/v3?storeId=583,https://albertloyaltycz-albert-service-app-prod.delhaize.eu/public/minio/images-products/25277616,2026-10-07T05:30:53+02:00
Albert,Trvanlivé,albert-583-25582963,"Milka chocominis 37,5g 37 g",milka_chocominis,12.9,18.9,Kč,12.9 Kč / 37 g,348.65,,False,,,,2026-10-07 - 2026-10-13,https://albertloyaltycz-albert-service-app-prod.delhaize.eu/public/content/leaflet/v3?storeId=583,,2026-10-07T05:30:53+02:00
Albert,Trvanlivé,albert-583-24838047,Milka čokol.wholenut tofee300g,milka_cokol_wholenut_tofee300g,69.9,109.9,Kč,69.9 Kč / 300 g,233.0,,False,,,,2026-10-07 - 2026-10-13,https://albertloyaltycz-albert-service-app-prod.delhaize.eu/public/content/leaflet/v3?storeId=583,,2026-10-07T05:30:53+02:00
Albert,Trvanlivé,albert-583-24616393,Milka Mmmax Alpine Milk 250 g,milka_mmmax_alpine_milk,69.9,109.9,Kč,69.9 Kč / 250 g,279.6,,False,,,,2026-10-07 - 2026-10-13,https://albertloyaltycz-albert-service-app-prod.delhaize.eu/public/content/leaflet/v3?storeId=583,https://albertloyaltycz-albert-service-app-prod.delhaize.eu/public/minio/images-products/24616393,2026-10-07T05:30:53+02:00
Albert,Trvanlivé,albert-583-27715086,Milka noisette 250g,milka_noisette,69.9,109.9,Kč,69.9 Kč / 250 g,279.6,,False,,,,2026-10-07 - 2026-10-13,https://albertloyaltycz-albert-service-app-prod.delhaize.eu/public/content/leaflet/v3?storeId=583,,2026-10-07T05:30:53+02:00
Albert,Trvanlivé,albert-583-26104980,Milka oreo 300g,milka_oreo,69.9,109.9,Kč,69.9 Kč / 300 g,233.0,,False,,,,2026-10-07 - 2026-10-13,https://albertloyaltycz-albert-service-app-prod.delhaize.eu/public/content/leaflet/v3?storeId=583,,2026-10-07T05:30:53+02:00
Albert,Trvanlivé,albert-583-26761060,Milka tyč oreo 37g,milka_tyc_oreo,16.9,23.9,Kč,16.9 Kč / 37 g,456.76,,False,,,,2026-10-07 - 2026-10-13,https://albertloyaltycz-albert-service-app-prod.delhaize.eu/public/content/leaflet/v3?storeId=583,,2026-10-07T05:30:53+02:00
Albert,Trvanlivé,albert-583-20316914,"Milka tyčinka leo 33,3g 33 g",milka_tycinka_leo,16.9,23.9,Kč,16.9 Kč / 33 g,512.12,,False,,,,2026-10-07 - 2026-10-13,https://albertloyaltycz-albert-service-app-prod.delhaize.eu/public/content/leaflet/v3?storeId=583,,2026-10-07T05:30:53+02:00
Albert,Trvanlivé,albert-583-27850251,"Milka tyčinka leo white 33,3g 33 g",milka_tycinka_leo_white,16.9,23.9,Kč,16.9 Kč / 33 g,512.12,,False,,,,2026-10-07 - 2026-10-13,https://albertloyaltycz-albert-service-app-prod.delhaize.eu/public/content/leaflet/v3?storeId=583,,2026-10-07T05:30:53+02:00
Albert,Trvanlivé,albert-583-27717080,Milka whole nuts 250g,milka_whole_nuts,69.9,109.9,Kč,69.9 Kč / 250 g,279.6,,False,,,,2026-10-07 - 2026-10-13,https://albertloyaltycz-albert-service-app-prod.delhaize.eu/public/content/leaflet/v3?storeId=583,,2026-10-07T05:30:53+02:00
Billa,Nealko nápoje,187903,Minerální voda Lubovnianka Billa 1.5 l,mineralni_voda_lubovnianka,9.9,11.79,Kč,"6,60 Kč / 1 l",,,True,Billa Club,9.9,-16% Billa Club platí do úterý 13. 10.,2026-10-07 - 2026-10-13,https://www.kupi.cz/letak/billa-velky-letak-292?page=19&map=216582852,https://img.kupi.cz/kupi/thumbs/mineralni-voda-lubovnianka-billa_170_340.png,2026-10-07T05:31:19+02:00
Billa,Pečivo,44476,Mini pizza 80 g,mini_pizza,19.9,23.69,Kč,"24,88 Kč / 100 g",248.8,,True,Billa Club,19.9,-16% Billa Club platí do úterý 20. 10.,2026-10-07 - 2026-10-20,https://www.kupi.cz/letak/billa-letak-italie-u-vas-doma?page=12&map=215641611,https://img.kupi.cz/kupi/thumbs/mini-pizza-2_170_340.jpg,2026-10-07T05:30:59+02:00
Albert,Nápoje,albert-583-26422879,"Mionetto luxury brut 0,75l",mionetto_luxury_brut,229.0,299.0,Kč,229 Kč / 0.75 l,,,False,,,,2026-10-07 - 2026-10-13,https://albertloyaltycz-albert-service-app-prod.delhaize.eu/public/content/leaflet/v3?storeId=583,,2026-10-07T05:30:53+02:00
Albert,Nápoje,albert-583-26422831,"Mionetto prestige ex.dry 0,75l",mionetto_prestige_ex_dry,189.0,269.0,Kč,189 Kč / 0.75 l,,,False,,,,2026-10-07 - 2026-10-13,https://albertloyaltycz-albert-service-app-prod.delhaize.eu/public/content/leaflet/v3?storeId=583,,2026-10-07T05:30:53+02:00
Albert,Nápoje,albert-583-26768649,"Mionetto prestige rosé 0,75l",mionetto_prestige_rose,189.0,269.0,Kč,189 Kč / 0.75 l,,,False,,,,2026-10-07 - 2026-10-13,https://albertloyaltycz-albert-service-app-prod.delhaize.eu/public/content/leaflet/v3?storeId=583,,2026-10-07T05:30:53+02:00
Albert,Nápoje,albert-583-27289419,"Mionetto prosecco frizz 0,75l",mionetto_prosecco_frizz,139.9,219.0,Kč,139.9 Kč / 0.75 l,,,False,,,,2026-10-07 - 2026-10-13,https://albertloyaltycz-albert-service-app-prod.delhaize.eu/public/content/leaflet/v3?storeId=583,,2026-10-07T05:30:53+02:00
Albert,Nápoje,albert-583-25931921,Mionetto Prosecco Treviso Brut 0.75 l,mionetto_prosecco_treviso_brut,169.0,269.0,Kč,169 Kč / 0.75 l,,,False,,,,2026-10-07 - 2026-10-13,https://albertloyaltycz-albert-service-app-prod.delhaize.eu/public/content/leaflet/v3?storeId=583,https://albertloyaltycz-albert-service-app-prod.delhaize.eu/public/minio/images-products/25931921,2026-10-07T05:30:53+02:00
Albert,Nápoje,albert-583-26422855,"Mionetto treviso friz. 0,75l",mionetto_treviso_friz,189.0,239.0,Kč,189 Kč / 0.75 l,,,False,,,,2026-10-07 - 2026-10-13,https://albertloyaltycz-albert-service-app-prod.delhaize.eu/public/content/leaflet/v3?storeId=583,,2026-10-07T05:30:53+02:00
Albert,Nápoje,albert-583-21172472,Mirinda pomeranč 2.25 l,mirinda_pomeranc,24.9,47.2,Kč,24.9 Kč / 2.25 l,,,False,,,,2026-10-07 - 2026-10-13,https://albertloyaltycz-albert-service-app-prod.delhaize.eu/public/content/leaflet/v3?storeId=583,https://albertloyaltycz-albert-service-app-prod.delhaize.eu/public/minio/images-products/21172472,2026-10-07T05:30:53+02:00
Albert,Nápoje,albert-583-21172472,Mirinda pomeranč 2.25 l,mirinda_pomeranc,32.9,47.2,Kč,32.9 Kč / 2.25 l,,,False,,,,2026-10-07 - 2026-10-13,https://albertloyaltycz-albert-service-app-prod.delhaize.eu/public/content/leaflet/v3?storeId=583,https://albertloyaltycz-albert-service-app-prod.delhaize.eu/public/minio/images-products/21172472,2026-10-07T05:30:53+02:00
Albert,Mléčné a chlazené,albert-583-27645147,Míša tvarohový mls mix 130g,misa_tvarohovy_mls_mix,15.9,24.9,Kč,15.9 Kč / 130 g,122.31,,False,,,-36%,2026-10-07 - 2026-10-13,https://albertloyaltycz-albert-service-app-prod.delhaize.eu/public/content/leaflet/v3?storeId=583,,2026-10-07T05:30:53+02:00
Albert,Mléčné a chlazené,albert-583-27434314,Míša tvarohový mls smetan.130g,misa_tvarohovy_mls_smetan,15.9,24.9,Kč,15.9 Kč / 130 g,122.31,,False,,,-36%,2026-10-07 - 2026-10-13,https://albertloyaltycz-albert-service-app-prod.delhaize.eu/public/content/leaflet/v3?storeId=583,,2026-10-07T05:30:53+02:00
Albert,Mléčné a chlazené,albert-583-25868388,Míša tvarohový nanuk v kakao. polevě multipack 270 ml,misa_tvarohovy_nanuk_v_kakao_poleve_multipack,89.9,109.9,Kč,89.9 Kč / 270 ml,,,False,,,,2026-10-07 - 2026-10-13,https://albertloyaltycz-albert-service-app-prod.delhaize.eu/public/content/leaflet/v3?storeId=583,https://albertloyaltycz-albert-service-app-prod.delhaize.eu/public/minio/images-products/25868388,2026-10-07T05:30:53+02:00
Albert,Uzeniny a lahůdky,albert-583-27858349,Mistrovská šunka 100 g,mistrovska_sunka,19.9,31.9,Kč,19.9 Kč / 100 g,199.0,,False,,,-37%,2026-10-07 - 2026-10-13,https://albertloyaltycz-albert-service-app-prod.delhaize.eu/public/content/leaflet/v3?storeId=583,https://albertloyaltycz-albert-service-app-prod.delhaize.eu/public/minio/images-products/27858349,2026-10-07T05:30:53+02:00
Albert,Albertovo pekařství,albert-583-28100638,Mistrovský koláč s jablky 80 g,mistrovsky_kolac_s_jablky,14.9,19.9,Kč,14.9 Kč / 80 g,186.25,,False,,,-25%,2026-10-07 - 2026-10-13,https://albertloyaltycz-albert-service-app-prod.delhaize.eu/public/content/leaflet/v3?storeId=583,https://albertloyaltycz-albert-service-app-prod.delhaize.eu/public/minio/images-products/28100638,2026-10-07T05:30:53+02:00
Albert,Albertovo pekařství,albert-583-27985441,Mistrovský koláč s mákem 80 g,mistrovsky_kolac_s_makem,14.9,19.9,Kč,14.9 Kč / 80 g,186.25,,False,,,-25%,2026-10-07 - 2026-10-13,https://albertloyaltycz-albert-service-app-prod.delhaize.eu/public/content/leaflet/v3?storeId=583,https://albertloyaltycz-albert-service-app-prod.delhaize.eu/public/minio/images-products/27985441,2026-10-07T05:30:53+02:00
Albert,Albertovo pekařství,albert-583-27985434,Mistrovský koláč s tvarohem 80 g,mistrovsky_kolac_s_tvarohem,14.9,19.9,Kč,14.9 Kč / 80 g,186.25,,False,,,-25%,2026-10-07 - 2026-10-13,https://albertloyaltycz-albert-service-app-prod.delhaize.eu/public/content/leaflet/v3?storeId=583,https://albertloyaltycz-albert-service-app-prod.delhaize.eu/public/minio/images-products/27985434,2026-10-07T05:30:53+02:00
Billa,Zdravá výživa,494868,Mix ořechů a ovoce Nice Bites 200 g,mix_orechu_a_ovoce_nice_bites,49.9,69.31,Kč,"24,95 Kč / 100 g",249.5,,False,,,-28% platí do úterý 13. 10.,2026-10-07 - 2026-10-13,https://www.kupi.cz/letak/billa-velky-letak-292?page=5&map=216582507,https://img.kupi.cz/kupi/thumbs/mix-orechu-a-ovoce-nice-bites_170_340.jpg,2026-10-07T05:31:31+02:00
Albert,Trvanlivé,albert-583-25030723,Ml.k.jacobs krönung inten.250g,ml_k_jacobs_kronung_inten,99.9,177.0,Kč,99.9 Kč / 250 g,399.6,,False,,,,2026-10-07 - 2026-10-13,https://albertloyaltycz-albert-service-app-prod.delhaize.eu/public/content/leaflet/v3?storeId=583,,2026-10-07T05:30:53+02:00
Albert,Trvanlivé,albert-583-24822220,Ml.sunar 24 600g 0.6 kg,ml_sunar,229.0,339.0,Kč,229 Kč / 0.6 kg,381.67,,False,,,,2026-10-07 - 2026-10-13,https://albertloyaltycz-albert-service-app-prod.delhaize.eu/public/content/leaflet/v3?storeId=583,,2026-10-07T05:30:53+02:00
Albert,Trvanlivé,albert-583-24160766,"Ml.sunar komplex 3, 600g 0.6 kg",ml_sunar_komplex,229.0,339.0,Kč,229 Kč / 0.6 kg,381.67,,False,,,,2026-10-07 - 2026-10-13,https://albertloyaltycz-albert-service-app-prod.delhaize.eu/public/content/leaflet/v3?storeId=583,,2026-10-07T05:30:53+02:00
Tesco,Mléčné výrobky a vejce,922,Mléčná rýže Mlékárna Kunín 400 g,mlecna_ryze_mlekarna_kunin,34.9,56.29,Kč,"8,72 Kč / 100 g",87.2,,True,Clubcard,34.9,-38% Clubcard platí do úterý 3. 11.,2026-10-07 - 2026-11-03,https://www.kupi.cz/letak/tesco-hypermarket-letak-370?page=7&map=216579252,https://img.kupi.cz/kupi/thumbs/mlecna-ryze-mlekarna-kunin_170_340.jpg,2026-10-07T05:31:48+02:00
Albert,Mléčné a chlazené,albert-583-25222289,Mlékárna Kunín mléčná krupice natural 150 g,mlekarna_kunin_mlecna_krupice_natural,17.9,24.9,Kč,17.9 Kč / 150 g,119.33,,False,,,-28%,2026-10-07 - 2026-10-13,https://albertloyaltycz-albert-service-app-prod.delhaize.eu/public/content/leaflet/v3?storeId=583,https://albertloyaltycz-albert-service-app-prod.delhaize.eu/public/minio/images-products/25222289,2026-10-07T05:30:53+02:00
Albert,Mléčné a chlazené,albert-583-26965284,Mlékárna Otinoves Niva porce 100 g,mlekarna_otinoves_niva_porce,19.9,27.9,Kč,19.9 Kč / 100 g,199.0,,False,,,-28%,2026-10-07 - 2026-10-13,https://albertloyaltycz-albert-service-app-prod.delhaize.eu/public/content/leaflet/v3?storeId=583,https://albertloyaltycz-albert-service-app-prod.delhaize.eu/public/minio/images-products/26965284,2026-10-07T05:30:53+02:00
Albert,Mléčné a chlazené,albert-583-22356871,Mlékárna ValMez mléko jahodové kefírové 450 g,mlekarna_valmez_mleko_jahodove_kefirove,19.9,29.9,Kč,19.9 Kč / 450 g,44.22,,False,,,-33%,2026-10-07 - 2026-10-13,https://albertloyaltycz-albert-service-app-prod.delhaize.eu/public/content/leaflet/v3?storeId=583,https://albertloyaltycz-albert-service-app-prod.delhaize.eu/public/minio/images-products/22356871,2026-10-07T05:30:53+02:00
Billa,Mléčné výrobky a vejce,494985,Mléko čerstvé selské Srdce Domova 1 l,mleko_cerstve_selske_srdce_domova,26.9,32.8,Kč,"26,90 Kč / 1 l",,,False,,,-18% platí do úterý 13. 10.,2026-10-07 - 2026-10-13,https://www.kupi.cz/letak/billa-velky-letak-292?page=16&map=216582714,https://img.kupi.cz/kupi/thumbs/mleko-cerstve-selske-srdce-domova_170_340.jpg,2026-10-07T05:31:05+02:00
Billa,Mléčné výrobky a vejce,3878,Mléko kondenzované Salko Tatra 397 g,mleko_kondenzovane_salko_tatra,69.9,139.8,Kč,"8,80 Kč / 100 g",176.07,,False,,,-50% platí do úterý 13. 10.,2026-10-07 - 2026-10-13,https://www.kupi.cz/letak/billa-velky-letak-292?map=216582006,https://img.kupi.cz/kupi/thumbs/mleko-kondenzovane-salko-tatra_170_340.png,2026-10-07T05:31:01+02:00
Albert,Mléčné a chlazené,albert-583-24056779,"Albert mléko plnotučné trvanlivé 3,5% 1 l",mleko_plnotucne_trvanlive,15.9,24.9,Kč,15.9 Kč / 1 l,,,False,,,,2026-10-07 - 2026-10-13,https://albertloyaltycz-albert-service-app-prod.delhaize.eu/public/content/leaflet/v3?storeId=583,https://albertloyaltycz-albert-service-app-prod.delhaize.eu/public/minio/images-products/24056779,2026-10-07T05:30:53+02:00
Tesco,Mléčné výrobky a vejce,17290,"Mléko trvanlivé Tesco - 1,5% polotučné 1 l",mleko_trvanlive_polotucne,9.9,21.52,Kč,"9,90 Kč / 1 l",,,False,,,-54% platí do úterý 13. 10.,2026-10-07 - 2026-10-13,https://www.kupi.cz/letak/tesco-supermarket-letak-416?map=216252771,https://img.kupi.cz/kupi/thumbs/mleko-trvanlive-tesco-15-polotucne_170_340.png,2026-10-07T05:31:48+02:00
Billa,Mléčné výrobky a vejce,4492,"Mléko trvanlivé Tatra - 1,5% polotučné 1 l",mleko_trvanlive_tatra_polotucne,8.9,13.69,Kč,"8,90 Kč / 1 l",,,True,Billa Club,8.9,-35% Billa Club po 12. 10. – út 13. 10.,2026-10-12 - 2026-10-13,https://www.kupi.cz/letak/billa-maly-letak-721?page=8&map=216583833,https://img.kupi.cz/kupi/thumbs/trvanlive-mleko-tatra-1-5-polotucne_170_340.png,2026-10-07T05:31:01+02:00
Billa,Nealko nápoje,183829,Mletá káva Bristot 250 g,mleta_kava_bristot,129.9,,Kč,"51,96 Kč / 100 g",519.6,,False,,,platí do úterý 20. 10.,2026-10-07 - 2026-10-20,https://www.kupi.cz/letak/billa-letak-italie-u-vas-doma?page=10&map=215641512,https://img.kupi.cz/kupi/thumbs/mleta-kava-bristot_170_340.png,2026-10-07T05:31:19+02:00
Tesco,Nealko nápoje,104857,Mletá káva Caffee Vergnano 250 g,mleta_kava_caffee_vergnano,159.9,213.2,Kč,"63,96 Kč / 100 g",639.6,,True,Clubcard,159.9,-25% Clubcard st 14. 10. – út 27. 10.,2026-10-14 - 2026-10-27,https://www.kupi.cz/letak/tesco-hypermarket-znacky-ktere-mate-radi-2?page=24&map=215328096,https://img.kupi.cz/kupi/thumbs/mleta-kava-vergnano_170_340.png,2026-10-07T05:32:09+02:00
Billa,Nealko nápoje,48257,Mletá káva Clever 150 g,mleta_kava_clever,49.9,,Kč,"33,27 Kč / 100 g",332.7,,False,,,platí do úterý 13. 10.,2026-10-07 - 2026-10-13,https://www.kupi.cz/letak/billa-velky-letak-292?page=15&map=216582699,https://img.kupi.cz/kupi/thumbs/kava-mleta-clever_170_340.jpg,2026-10-07T05:31:19+02:00
Billa,Nealko nápoje,26266,Mletá káva Crema e Gusto Lavazza 250 g,mleta_kava_crema_e_gusto_lavazza,149.9,,Kč,"59,96 Kč / 100 g",599.6,,False,,,platí do úterý 20. 10.,2026-10-07 - 2026-10-20,https://www.kupi.cz/letak/billa-letak-italie-u-vas-doma?page=10&map=215641545,https://img.kupi.cz/kupi/thumbs/mleta-kava-crema-e-gusto-lavazza-1_170_340.jpg,2026-10-07T05:31:19+02:00
Tesco,Nealko nápoje,26266,Mletá káva Crema e Gusto Lavazza 250 g,mleta_kava_crema_e_gusto_lavazza,129.9,177.95,Kč,"51,96 Kč / 100 g",519.6,,True,Clubcard,129.9,-27% Clubcard platí do úterý 13. 10.,2026-10-07 - 2026-10-13,https://www.kupi.cz/letaky/tesco,https://img.kupi.cz/kupi/thumbs/mleta-kava-crema-e-gusto-lavazza-1_170_340.jpg,2026-10-07T05:32:07+02:00
Tesco,Nealko nápoje,2506,Mletá káva Jacobs Krönung 250 g,mleta_kava_jacobs_kronung,114.9,168.97,Kč,"45,96 Kč / 100 g",459.6,,True,Clubcard,114.9,-32% Clubcard platí do úterý 13. 10.,2026-10-07 - 2026-10-13,https://www.kupi.cz/letak/tesco-hypermarket-letak-370?page=22&map=216580728,https://img.kupi.cz/kupi/thumbs/mleta-kava-jacobs-kronung-1_170_340.jpg,2026-10-07T05:32:06+02:00
Billa,Nealko nápoje,37666,Mletá káva Lavazza 250 g,mleta_kava_lavazza,169.9,,Kč,"67,96 Kč / 100 g",679.6,,False,,,platí do úterý 20. 10.,2026-10-07 - 2026-10-20,https://www.kupi.cz/letak/billa-letak-italie-u-vas-doma?page=10&map=215641539,https://img.kupi.cz/kupi/thumbs/mleta-kava-lavazza-1_170_340.jpg,2026-10-07T05:31:19+02:00
Billa,Nealko nápoje,276,Mletá káva Standard Jihlavanka 1000 g,mleta_kava_standard_jihlavanka,189.9,,Kč,"18,99 Kč / 100 g",189.9,,False,,,čt 8. 10. – ne 11. 10.,2026-10-08 - 2026-10-11,https://www.kupi.cz/letak/billa-maly-letak-721?page=7&map=216583815,https://img.kupi.cz/kupi/thumbs/mleta-kava-standard-jihlavanka_170_340.jpg,2026-10-07T05:31:17+02:00
Tesco,Nealko nápoje,128133,Mleté kávy Douwe Egberts 250 g,mlete_kavy_douwe_egberts,84.9,134.76,Kč,"33,96 Kč / 100 g",339.6,,True,Clubcard,84.9,-37% Clubcard platí do úterý 13. 10.,2026-10-07 - 2026-10-13,https://www.kupi.cz/letaky/tesco,https://img.kupi.cz/kupi/thumbs/mlete-kavy-douwe-egberts-1_170_340.jpg,2026-10-07T05:32:07+02:00
Albert,Albertovo pekařství,albert-583-27722800,Mlynářská brioška 400g,mlynarska_brioska,33.9,,Kč,33.9 Kč / 400 g,84.75,,False,,,,2026-10-07 - 2026-10-13,https://albertloyaltycz-albert-service-app-prod.delhaize.eu/public/content/leaflet/v3?storeId=583,,2026-10-07T05:30:53+02:00
Albert,Albertovo pekařství,albert-583-28124122,Mlynářská bulka 70g,mlynarska_bulka,10.9,,Kč,10.9 Kč / 70 g,155.71,,False,,,,2026-10-07 - 2026-10-13,https://albertloyaltycz-albert-service-app-prod.delhaize.eu/public/content/leaflet/v3?storeId=583,,2026-10-07T05:30:53+02:00
Albert,Albertovo pekařství,albert-583-27586891,Mlynářská veka 400 g,mlynarska_veka,29.5,,Kč,29.5 Kč / 400 g,73.75,,True,Můj Albert,29.5,Můj Albert,2026-10-07 - 2026-10-13,https://albertloyaltycz-albert-service-app-prod.delhaize.eu/public/content/leaflet/v3?storeId=583,https://albertloyaltycz-albert-service-app-prod.delhaize.eu/public/minio/images-products/27586891,2026-10-07T05:30:53+02:00
Albert,Albertovo pekařství,albert-583-27586891,Mlynářská veka 400 g,mlynarska_veka,34.9,,Kč,34.9 Kč / 400 g,87.25,,False,,,,2026-10-07 - 2026-10-13,https://albertloyaltycz-albert-service-app-prod.delhaize.eu/public/content/leaflet/v3?storeId=583,https://albertloyaltycz-albert-service-app-prod.delhaize.eu/public/minio/images-products/27586891,2026-10-07T05:30:53+02:00
Albert,Albertovo pekařství,albert-583-28140498,Mlynářský bochník 0.5 kg,mlynarsky_bochnik,41.9,,Kč,41.9 Kč / 0.5 kg,83.8,,True,Můj Albert,41.9,Můj Albert,2026-10-07 - 2026-10-13,https://albertloyaltycz-albert-service-app-prod.delhaize.eu/public/content/leaflet/v3?storeId=583,https://albertloyaltycz-albert-service-app-prod.delhaize.eu/public/minio/images-products/28140498,2026-10-07T05:30:53+02:00
Albert,Albertovo pekařství,albert-583-28140498,Mlynářský bochník 0.5 kg,mlynarsky_bochnik,49.9,,Kč,49.9 Kč / 0.5 kg,99.8,,False,,,,2026-10-07 - 2026-10-13,https://albertloyaltycz-albert-service-app-prod.delhaize.eu/public/content/leaflet/v3?storeId=583,https://albertloyaltycz-albert-service-app-prod.delhaize.eu/public/minio/images-products/28140498,2026-10-07T05:30:53+02:00
Albert,Trvanlivé,albert-583-24493086,"Mon cheri 52,5g 52 g",mon_cheri,37.9,44.9,Kč,37.9 Kč / 52 g,728.85,,False,,,,2026-10-07 - 2026-10-13,https://albertloyaltycz-albert-service-app-prod.delhaize.eu/public/content/leaflet/v3?storeId=583,,2026-10-07T05:30:53+02:00
Albert,Trvanlivé,albert-583-20319311,Mon cheri t15 157 g,mon_cheri_t15,119.9,179.0,Kč,119.9 Kč / 157 g,763.69,,False,,,,2026-10-07 - 2026-10-13,https://albertloyaltycz-albert-service-app-prod.delhaize.eu/public/content/leaflet/v3?storeId=583,,2026-10-07T05:30:53+02:00
Albert,Nápoje,albert-583-27106754,"Moravská hruška 38% 0,5l",moravska_hruska,169.0,229.0,Kč,169 Kč / 0.5 l,,,False,,,,2026-10-07 - 2026-10-13,https://albertloyaltycz-albert-service-app-prod.delhaize.eu/public/content/leaflet/v3?storeId=583,,2026-10-07T05:30:53+02:00
Billa,"Maso, uzeniny a ryby",562728,Moravská krkovička speciál 100 g,moravska_krkovicka_special,22.9,31.81,Kč,"22,90 Kč / 100 g",229.0,,False,,,-28% platí do úterý 13. 10.,2026-10-07 - 2026-10-13,https://www.kupi.cz/letak/billa-velky-letak-292?page=11&map=216582618,https://img.kupi.cz/kupi/thumbs/moravska-krkovicka-special_170_340.jpg,2026-10-07T05:31:10+02:00
Albert,Trvanlivé,albert-583-23323995,Albert mouka hladká pšeničná 1 kg,mouka_hladka_psenicna,9.9,12.9,Kč,9.9 Kč / 1 kg,9.9,,False,,,,2026-10-07 - 2026-10-13,https://albertloyaltycz-albert-service-app-prod.delhaize.eu/public/content/leaflet/v3?storeId=583,https://albertloyaltycz-albert-service-app-prod.delhaize.eu/public/minio/images-products/23323995,2026-10-07T05:30:53+02:00
Billa,Vaření a pečení,398005,Mouka na pizzu Babiččina volba 1 kg,mouka_na_pizzu_babiccina_volba,24.9,,Kč,"24,90 Kč / 1 kg",24.9,,False,,,platí do úterý 20. 10.,2026-10-07 - 2026-10-20,https://www.kupi.cz/letak/billa-letak-italie-u-vas-doma?page=8&map=215641419,https://img.kupi.cz/kupi/thumbs/mouka-na-pizzu-babiccina-volba_170_340.jpg,2026-10-07T05:31:25+02:00
Tesco,Vaření a pečení,1706,Mouka Předměřická Mlýny J. Voženílek 1 kg,mouka_predmericka_mlyny_j_vozenilek,11.9,21.64,Kč,"11,90 Kč / 1 kg",11.9,,False,,,-45% platí do úterý 20. 10.,2026-10-07 - 2026-10-20,https://www.kupi.cz/letak/tesco-supermarket-letak-416?page=2&map=216252870,https://img.kupi.cz/kupi/thumbs/mouka-predmericka-mlyny-vozenilek-2_170_340.jpg,2026-10-07T05:32:11+02:00
Billa,Vaření a pečení,12775,Mouka pšeničná Zátkova 1 kg,mouka_psenicna_zatkova,12.9,,Kč,"12,90 Kč / 1 kg",12.9,,False,,,platí do úterý 13. 10.,2026-10-07 - 2026-10-13,https://www.kupi.cz/letak/billa-velky-letak-292?map=216581997,https://img.kupi.cz/kupi/thumbs/mouka-psenicna-zatkova_170_340.jpg,2026-10-07T05:31:23+02:00
Albert,Nápoje,albert-583-26965543,"Mountain dew 2,25l",mountain_dew,24.9,47.2,Kč,24.9 Kč / 2.25 l,,,False,,,,2026-10-07 - 2026-10-13,https://albertloyaltycz-albert-service-app-prod.delhaize.eu/public/content/leaflet/v3?storeId=583,,2026-10-07T05:30:53+02:00
Billa,Pečivo,20277,Mřížka s náplní 85 g,mrizka_s_naplni,12.9,14.83,Kč,"15,18 Kč / 100 g",151.8,,True,Billa Club,12.9,-13% Billa Club platí do úterý 20. 10.,2026-10-07 - 2026-10-20,https://www.kupi.cz/letak/billa-letak-italie-u-vas-doma?page=12&map=215641644,https://img.kupi.cz/kupi/thumbs/mrizka-s-naplni-2_170_340.jpg,2026-10-07T05:30:59+02:00
Albert,Nápoje,albert-583-28190011,"Mattoni Vision s příchutí citron, mrkev, pomeranč 0.7 l",mrkev,19.9,29.9,Kč,19.9 Kč / 0.7 l,,,False,,,-33%,2026-10-07 - 2026-10-13,https://albertloyaltycz-albert-service-app-prod.delhaize.eu/public/content/leaflet/v3?storeId=583,https://albertloyaltycz-albert-service-app-prod.delhaize.eu/public/minio/images-products/28190011,2026-10-07T05:30:53+02:00
Billa,Ovoce a zelenina,53620,Mrkev Česká farma 1 kg,mrkev,11.9,24.79,Kč,"11,90 Kč / 1 kg",11.9,,False,,,-52% platí do úterý 13. 10.,2026-10-07 - 2026-10-13,https://www.kupi.cz/letak/billa-velky-letak-292?page=4&map=216582462,https://img.kupi.cz/kupi/thumbs/mrkev-ceska-farma_170_340.jpg,2026-10-07T05:30:57+02:00
Billa,Lahůdky,573309,Mrkvový salát s ananasem Billa Ready 350 g,mrkvovy_salat_s_ananasem_ready,27.9,32.82,Kč,"7,97 Kč / 100 g",79.7,,True,Billa Club,27.9,-15% Billa Club platí do úterý 13. 10.,2026-10-07 - 2026-10-13,https://www.kupi.cz/letak/billa-velky-letak-292?page=39&map=216584754,https://img.kupi.cz/kupi/thumbs/mrkvovy-salat-s-ananasem-billa-ready_170_340.jpg,2026-10-07T05:31:11+02:00
Albert,Maso a ryby,albert-583-28175049,MSC Mořská štika kapská filet s kůží 100 g,msc_morska_stika_kapska_filet_s_kuzi,29.9,,Kč,29.9 Kč / 100 g,299.0,,False,,,,2026-10-06 - 2026-10-13,https://albertloyaltycz-albert-service-app-prod.delhaize.eu/public/content/leaflet/v3?storeId=583,https://albertloyaltycz-albert-service-app-prod.delhaize.eu/public/minio/images-products/28175049,2026-10-07T05:30:53+02:00
Tesco,Pečivo,303329,Muffiny mini Tesco 180 g,muffiny_mini,34.9,47.81,Kč,"19,39 Kč / 100 g",193.9,,True,Clubcard,34.9,-27% Clubcard platí do úterý 3. 11.,2026-10-07 - 2026-11-03,https://www.kupi.cz/letak/tesco-supermarket-letak-416?page=3&map=216252951,https://img.kupi.cz/kupi/thumbs/muffiny-mini-tesco_170_340.png,2026-10-07T05:31:46+02:00
Albert,Mléčné a chlazené,albert-583-25076080,Müller coffee 3 druhy 250ml,muller_coffee_druhy,28.9,34.9,Kč,28.9 Kč / 250 ml,,,False,,,-17%,2026-10-07 - 2026-10-13,https://albertloyaltycz-albert-service-app-prod.delhaize.eu/public/content/leaflet/v3?storeId=583,,2026-10-07T05:30:53+02:00
Albert,Mléčné a chlazené,albert-583-28173960,Müller matcha latt.mix 380-381 380 ml,muller_matcha_latt_mix,31.9,44.9,Kč,31.9 Kč / 380 ml,,,False,,,-28%,2026-10-07 - 2026-10-13,https://albertloyaltycz-albert-service-app-prod.delhaize.eu/public/content/leaflet/v3?storeId=583,,2026-10-07T05:30:53+02:00
Albert,Mléčné a chlazené,albert-583-25709902,Müllermilch mix I 380 ml,mullermilch_mix_i,21.9,31.9,Kč,21.9 Kč / 380 ml,,,False,,,-31%,2026-10-07 - 2026-10-13,https://albertloyaltycz-albert-service-app-prod.delhaize.eu/public/content/leaflet/v3?storeId=583,https://albertloyaltycz-albert-service-app-prod.delhaize.eu/public/minio/images-products/25709902,2026-10-07T05:30:53+02:00
Albert,Mléčné a chlazené,albert-583-25709919,Müllermilch mix ii 377-380ml 377 ml,mullermilch_mix_ii,21.9,31.9,Kč,21.9 Kč / 377 ml,,,False,,,-31%,2026-10-07 - 2026-10-13,https://albertloyaltycz-albert-service-app-prod.delhaize.eu/public/content/leaflet/v3?storeId=583,,2026-10-07T05:30:53+02:00
Albert,Mléčné a chlazené,albert-583-25709896,Müllermilch mix iii 378-382ml 378 ml,mullermilch_mix_iii,21.9,31.9,Kč,21.9 Kč / 378 ml,,,False,,,-31%,2026-10-07 - 2026-10-13,https://albertloyaltycz-albert-service-app-prod.delhaize.eu/public/content/leaflet/v3?storeId=583,,2026-10-07T05:30:53+02:00
Albert,Mléčné a chlazené,albert-583-27117545,Müllermilch prot.zero mix376ml,mullermilch_prot_zero_mix376ml,31.9,44.9,Kč,31.9 Kč / 376 ml,,,False,,,-28%,2026-10-07 - 2026-10-13,https://albertloyaltycz-albert-service-app-prod.delhaize.eu/public/content/leaflet/v3?storeId=583,,2026-10-07T05:30:53+02:00
Albert,Mléčné a chlazené,albert-583-26980362,Müllermilch protein mix 376ml,mullermilch_protein_mix,31.9,44.9,Kč,31.9 Kč / 376 ml,,,False,,,-28%,2026-10-07 - 2026-10-13,https://albertloyaltycz-albert-service-app-prod.delhaize.eu/public/content/leaflet/v3?storeId=583,,2026-10-07T05:30:53+02:00
Billa,Zdravá výživa,44219,Müsli Emco 750 g,musli_emco,69.9,,Kč,"9,32 Kč / 100 g",93.2,,False,,,platí do úterý 13. 10.,2026-10-07 - 2026-10-13,https://www.kupi.cz/letak/billa-velky-letak-292?page=2&map=216582414,https://img.kupi.cz/kupi/thumbs/musli-emco-1_170_340.png,2026-10-07T05:31:31+02:00
Tesco,Zdravá výživa,553941,Müsli Fitmix Emco 375 g,musli_fitmix_emco,64.9,92.71,Kč,"17,31 Kč / 100 g",173.1,,True,Clubcard,64.9,-30% Clubcard platí do úterý 13. 10.,2026-10-07 - 2026-10-13,https://www.kupi.cz/letaky/tesco,https://img.kupi.cz/kupi/thumbs/musli-fitmix-emco_170_340.jpg,2026-10-07T05:32:19+02:00
Billa,Zdravá výživa,255732,Müsli Mysli Emco 750 g,musli_mysli_emco,69.9,,Kč,"9,32 Kč / 100 g",93.2,,False,,,platí do úterý 13. 10.,2026-10-07 - 2026-10-13,https://www.kupi.cz/letak/billa-maly-letak-721?page=2&map=216583314,https://img.kupi.cz/kupi/thumbs/musli-mysli-emco-1_170_340.jpg,2026-10-07T05:31:31+02:00
Tesco,Zdravá výživa,255732,Müsli Mysli Emco 750 g,musli_mysli_emco,69.9,124.82,Kč,"9,32 Kč / 100 g",93.2,,True,Clubcard,69.9,-44% Clubcard platí do úterý 13. 10.,2026-10-07 - 2026-10-13,https://www.kupi.cz/letaky/tesco,https://img.kupi.cz/kupi/thumbs/musli-mysli-emco-1_170_340.jpg,2026-10-07T05:32:19+02:00
Billa,Zdravá výživa,2507,Müsli tyčinka Fit 30 g,musli_tycinka_fit,12.9,25.8,Kč,"21,50 Kč / 100 g",430.0,,False,,,-50% platí do úterý 13. 10.,2026-10-07 - 2026-10-13,https://www.kupi.cz/letak/billa-velky-letak-292?page=26&map=216583005,https://img.kupi.cz/kupi/thumbs/musli-tycinka-fit_170_340.jpg,2026-10-07T05:31:31+02:00
Albert,Nápoje,albert-583-28008668,Mustang hořký světlý ležák 12 0.5 l,mustang_horky_svetly_lezak,15.9,26.9,Kč,15.9 Kč / 0.5 l,,,False,,,,2026-10-07 - 2026-10-13,https://albertloyaltycz-albert-service-app-prod.delhaize.eu/public/content/leaflet/v3?storeId=583,https://albertloyaltycz-albert-service-app-prod.delhaize.eu/public/minio/images-products/28008668,2026-10-07T05:30:53+02:00
Albert,Trvanlivé,albert-583-24267823,Mz hami boloňské špagety 250g,mz_hami_bolonske_spagety,31.9,52.9,Kč,31.9 Kč / 250 g,127.6,,False,,,,2026-10-07 - 2026-10-13,https://albertloyaltycz-albert-service-app-prod.delhaize.eu/public/content/leaflet/v3?storeId=583,,2026-10-07T05:30:53+02:00
Albert,Trvanlivé,albert-583-23350069,Mz hami bram.kuř.mr.špen 250g,mz_hami_bram_kur_mr_spen,31.9,52.9,Kč,31.9 Kč / 250 g,127.6,,False,,,,2026-10-07 - 2026-10-13,https://albertloyaltycz-albert-service-app-prod.delhaize.eu/public/content/leaflet/v3?storeId=583,,2026-10-07T05:30:53+02:00
Albert,Trvanlivé,albert-583-25126907,Mz hami mg těs.duš.kýt.raj230g,mz_hami_mg_tes_dus_kyt_raj230g,62.9,74.9,Kč,62.9 Kč / 230 g,273.48,,False,,,,2026-10-07 - 2026-10-13,https://albertloyaltycz-albert-service-app-prod.delhaize.eu/public/content/leaflet/v3?storeId=583,,2026-10-07T05:30:53+02:00
Albert,Trvanlivé,albert-583-23890688,Mz hami těst.zelenikrůta 250g,mz_hami_test_zelenikruta,31.9,52.9,Kč,31.9 Kč / 250 g,127.6,,False,,,,2026-10-07 - 2026-10-13,https://albertloyaltycz-albert-service-app-prod.delhaize.eu/public/content/leaflet/v3?storeId=583,,2026-10-07T05:30:53+02:00
Billa,Mražené a instantní potraviny,398944,Nanuk Fruitisimo 70 ml,nanuk_fruitisimo,39.9,,Kč,"57,00 Kč / 100 ml",,,False,,,platí do úterý 20. 10.,2026-10-07 - 2026-10-20,https://www.kupi.cz/letak/billa-letak-italie-u-vas-doma?page=11&map=215641593,https://img.kupi.cz/kupi/thumbs/nanuk-fruitisimo_170_340.png,2026-10-07T05:31:15+02:00
Billa,Mražené a instantní potraviny,19438,Nanuk kornout Cornetto Algida 125 ml,nanuk_kornout_cornetto_algida,29.9,,Kč,"23,92 Kč / 100 ml",,,False,,,platí do úterý 20. 10.,2026-10-07 - 2026-10-20,https://www.kupi.cz/letak/billa-letak-italie-u-vas-doma?page=11&map=215641596,https://img.kupi.cz/kupi/thumbs/nanuk-kornout-cornetto-algida_170_340.png,2026-10-07T05:31:15+02:00
Tesco,Mražené a instantní potraviny,29900,Nanuk Magnum Mini Algida 55 ml,nanuk_magnum_mini_algida,119.9,193.39,Kč,"36,33 Kč / 100 ml",,,True,Clubcard,119.9,-38% Clubcard platí do úterý 13. 10.,2026-10-07 - 2026-10-13,https://www.kupi.cz/letaky/tesco,https://img.kupi.cz/kupi/thumbs/nanuk-magnum-mini-algida_170_340.png,2026-10-07T05:32:04+02:00
Tesco,Vaření a pečení,417913,Náplň Dr. Oetker 250 g,napln_dr_oetker,49.9,59.4,Kč,"19,96 Kč / 100 g",199.6,,True,Clubcard,49.9,-16% Clubcard platí do úterý 13. 10.,2026-10-07 - 2026-10-13,https://www.kupi.cz/letak/tesco-hypermarket-letak-370?page=20&map=216580617,https://img.kupi.cz/kupi/thumbs/napln-dr-oetker_170_340.jpg,2026-10-07T05:32:13+02:00
Billa,Nealko nápoje,587946,Nápoj Barista Billa Bio 1 l,napoj_barista_bio,29.9,,Kč,"29,90 Kč / 1 l",,,False,,,platí do úterý 13. 10.,2026-10-07 - 2026-10-13,https://www.kupi.cz/letak/billa-maly-letak-721?page=4&map=216583575,https://img.kupi.cz/kupi/thumbs/napoj-barista-billa-bio_170_340.jpg,2026-10-07T05:31:19+02:00
Billa,Nealko nápoje,586311,Nápoj Capri-Sun +Electrolytes 0.33 l,napoj_capri_sun_electrolytes,24.9,,Kč,"75,45 Kč / 1 l",,,False,,,platí do úterý 13. 10.,2026-10-07 - 2026-10-13,https://www.kupi.cz/letak/billa-velky-letak-292?page=24&map=216582948,https://img.kupi.cz/kupi/thumbs/napoj-capri-sun-electrolytes_170_340.jpg,2026-10-07T05:31:20+02:00
Billa,Nealko nápoje,3971,Nápoj Jupík 0.5 l,napoj_jupik,14.9,,Kč,"29,80 Kč / 1 l",,,False,,,platí do úterý 13. 10.,2026-10-07 - 2026-10-13,https://www.kupi.cz/letak/billa-velky-letak-292?page=31&map=216583437,https://img.kupi.cz/kupi/thumbs/napoj-jupik-2_170_340.jpg,2026-10-07T05:31:19+02:00
Tesco,Mléčné výrobky a vejce,243,Nápoj mléčný Müllermilch Müller 400 g,napoj_mlecny_mullermilch_muller,16.9,31.89,Kč,"4,22 Kč / 100 g",42.2,,False,,,-47% po 12. 10. – út 13. 10.,2026-10-12 - 2026-10-13,https://www.kupi.cz/letak/tesco-supermarket-letak-416?page=10&map=216253470,https://img.kupi.cz/kupi/thumbs/napoj-mlecny-mullermilch-muller_170_340.jpg,2026-10-07T05:31:48+02:00
Tesco,Mléčné výrobky a vejce,585306,Nápoj mléčný Skyr To Go Müller 330 g,napoj_mlecny_skyr_to_go_muller,29.9,39.87,Kč,"9,06 Kč / 100 g",90.6,,True,Clubcard,29.9,-25% Clubcard platí do úterý 3. 11.,2026-10-07 - 2026-11-03,https://www.kupi.cz/letak/tesco-hypermarket-letak-370?page=34&map=216578139,https://www.kupi.cz/img/no_img/no_discounts.png,2026-10-07T05:31:53+02:00
Billa,Mléčné výrobky a vejce,9302,Nápoj mléko ochucené Kravík Tatra 250 ml,napoj_mleko_ochucene_kravik_tatra,14.9,,Kč,"5,96 Kč / 100 ml",,,False,,,platí do úterý 13. 10.,2026-10-07 - 2026-10-13,https://www.kupi.cz/letak/billa-velky-letak-292?page=39&map=216584745,https://img.kupi.cz/kupi/thumbs/napoj-mleko-ochucene-kravik-tatra_170_340.jpg,2026-10-07T05:31:04+02:00
Tesco,Mléčné výrobky a vejce,5115,Nápoj mléko ochucené Lipánek Madeta 0.25 l,napoj_mleko_ochucene_lipanek_madeta,9.9,19.8,Kč,"39,60 Kč / 1 l",,,True,Clubcard,9.9,-50% Clubcard platí do úterý 13. 10.,2026-10-07 - 2026-10-13,https://www.kupi.cz/letak/tesco-supermarket-letak-416?page=12&map=216253740,https://img.kupi.cz/kupi/thumbs/napoj-mleko-ochucene-lipanek-madeta-1_170_340.jpg,2026-10-07T05:31:50+02:00
Tesco,Nealko nápoje,53060,Nápoj ovocný Relax 1 l,napoj_ovocny_relax,26.9,52.75,Kč,"26,90 Kč / 1 l",,,True,Clubcard,26.9,-49% Clubcard platí do úterý 20. 10.,2026-10-07 - 2026-10-20,https://www.kupi.cz/letak/tesco-supermarket-letak-416?page=14&map=216253854,https://img.kupi.cz/kupi/thumbs/napoj-ovocny-relax-3_170_340.png,2026-10-07T05:32:07+02:00
Tesco,Nealko nápoje,53060,Nápoj ovocný Relax 1 l,napoj_ovocny_relax,26.9,44.83,Kč,"26,90 Kč / 1 l",,,True,Clubcard,26.9,-40% Clubcard platí do úterý 20. 10.,2026-10-07 - 2026-10-20,https://www.kupi.cz/letak/tesco-hypermarket-letak-370?page=22&map=216580746,https://img.kupi.cz/kupi/thumbs/napoj-ovocny-relax-3_170_340.png,2026-10-07T05:32:07+02:00
Billa,"Maso, uzeniny a ryby",218820,Nářez sendvičový se sýrem a kapií Váhala 100 g,narez_sendvicovy_se_syrem_a_kapii_vahala,16.9,19.88,Kč,"16,90 Kč / 100 g",169.0,,False,,,-15% platí do úterý 13. 10.,2026-10-07 - 2026-10-13,https://www.kupi.cz/letak/billa-velky-letak-292?page=24&map=216582963,https://img.kupi.cz/kupi/thumbs/narez-sendvicovy-se-syrem-a-kapii-vahala-1_170_340.png,2026-10-07T05:31:09+02:00
Billa,"Maso, uzeniny a ryby",13749,Nářez sendvičový Váhala 100 g,narez_sendvicovy_vahala,16.9,19.88,Kč,"16,90 Kč / 100 g",169.0,,False,,,-15% platí do úterý 13. 10.,2026-10-07 - 2026-10-13,https://www.kupi.cz/letak/billa-velky-letak-292?page=24&map=216582960,https://img.kupi.cz/kupi/thumbs/narez-sendvicovy-vahala_170_340.png,2026-10-07T05:31:09+02:00
Albert,Trvanlivé,albert-583-24745017,Natur bujón zelen.6 kostek 60g,natur_bujon_zelen_kostek,36.9,44.9,Kč,36.9 Kč / 60 g,615.0,,False,,,,2026-10-07 - 2026-10-13,https://albertloyaltycz-albert-service-app-prod.delhaize.eu/public/content/leaflet/v3?storeId=583,,2026-10-07T05:30:53+02:00
Albert,Mléčné a chlazené,albert-583-26982076,Nature's Promise bifido jogurt bílý bez laktózy 180 g,nature_s_promise_bifido_jogurt_bily_bez_laktozy,10.9,16.9,Kč,10.9 Kč / 180 g,60.56,,False,,,-35%,2026-10-07 - 2026-10-13,https://albertloyaltycz-albert-service-app-prod.delhaize.eu/public/content/leaflet/v3?storeId=583,https://albertloyaltycz-albert-service-app-prod.delhaize.eu/public/minio/images-products/26982076,2026-10-07T05:30:53+02:00
Albert,Maso a ryby,albert-583-27501115,Nature's Promise Bio kuřecí nugety obalované 220 g,nature_s_promise_bio_kureci_nugety_obalovane,79.9,99.9,Kč,79.9 Kč / 220 g,363.18,,False,,,-20%,2026-10-07 - 2026-10-13,https://albertloyaltycz-albert-service-app-prod.delhaize.eu/public/content/leaflet/v3?storeId=583,https://albertloyaltycz-albert-service-app-prod.delhaize.eu/public/minio/images-products/27501115,2026-10-07T05:30:53+02:00
Albert,Mléčné a chlazené,albert-583-26374970,Nature's Promise čerstvé mléko polotuč.bez laktózy 1 l,nature_s_promise_cerstve_mleko_polotuc_bez_laktozy,28.9,36.9,Kč,28.9 Kč / 1 l,,,False,,,-21%,2026-10-07 - 2026-10-13,https://albertloyaltycz-albert-service-app-prod.delhaize.eu/public/content/leaflet/v3?storeId=583,https://albertloyaltycz-albert-service-app-prod.delhaize.eu/public/minio/images-products/26374970,2026-10-07T05:30:53+02:00
Albert,Mléčné a chlazené,albert-583-27023440,Nature's Promise jogurt bílý bez laktózy 150 g,nature_s_promise_jogurt_bily_bez_laktozy,14.9,18.9,Kč,14.9 Kč / 150 g,99.33,,False,,,-21%,2026-10-07 - 2026-10-13,https://albertloyaltycz-albert-service-app-prod.delhaize.eu/public/content/leaflet/v3?storeId=583,https://albertloyaltycz-albert-service-app-prod.delhaize.eu/public/minio/images-products/27023440,2026-10-07T05:30:53+02:00
Albert,Mléčné a chlazené,albert-583-27023433,Nature's Promise jogurt čokoládový bez laktózy 150 g,nature_s_promise_jogurt_cokoladovy_bez_laktozy,14.9,18.9,Kč,14.9 Kč / 150 g,99.33,,False,,,-21%,2026-10-07 - 2026-10-13,https://albertloyaltycz-albert-service-app-prod.delhaize.eu/public/content/leaflet/v3?storeId=583,https://albertloyaltycz-albert-service-app-prod.delhaize.eu/public/minio/images-products/27023433,2026-10-07T05:30:53+02:00
Albert,Mléčné a chlazené,albert-583-26374963,Nature's Promise máslo bez laktózy 82% 125 g,nature_s_promise_maslo_bez_laktozy,34.9,47.9,Kč,34.9 Kč / 125 g,279.2,,False,,,,2026-10-07 - 2026-10-13,https://albertloyaltycz-albert-service-app-prod.delhaize.eu/public/content/leaflet/v3?storeId=583,https://albertloyaltycz-albert-service-app-prod.delhaize.eu/public/minio/images-products/26374963,2026-10-07T05:30:53+02:00
Albert,Mléčné a chlazené,albert-583-27879566,Nature's Promise smetana bez laktózy 30% 200 ml,nature_s_promise_smetana_bez_laktozy,28.9,36.9,Kč,28.9 Kč / 200 ml,,,False,,,-21%,2026-10-07 - 2026-10-13,https://albertloyaltycz-albert-service-app-prod.delhaize.eu/public/content/leaflet/v3?storeId=583,https://albertloyaltycz-albert-service-app-prod.delhaize.eu/public/minio/images-products/27879566,2026-10-07T05:30:53+02:00
Albert,Mléčné a chlazené,albert-583-27859599,Nature's Promise smetana zakysaná bez laktózy 15% 180 g,nature_s_promise_smetana_zakysana_bez_laktozy,24.9,32.9,Kč,24.9 Kč / 180 g,138.33,,False,,,-24%,2026-10-07 - 2026-10-13,https://albertloyaltycz-albert-service-app-prod.delhaize.eu/public/content/leaflet/v3?storeId=583,https://albertloyaltycz-albert-service-app-prod.delhaize.eu/public/minio/images-products/27859599,2026-10-07T05:30:53+02:00
Albert,Mléčné a chlazené,albert-583-27241066,Nature's Promise tvaroh polotučný bez laktózy 250 g,nature_s_promise_tvaroh_polotucny_bez_laktozy,25.9,32.9,Kč,25.9 Kč / 250 g,103.6,,False,,,-21%,2026-10-07 - 2026-10-13,https://albertloyaltycz-albert-service-app-prod.delhaize.eu/public/content/leaflet/v3?storeId=583,https://albertloyaltycz-albert-service-app-prod.delhaize.eu/public/minio/images-products/27241066,2026-10-07T05:30:53+02:00
Tesco,Alkohol,625,Nealkoholické pivo Birell 0.5 l,nealkoholicke_pivo_birell,13.9,19.86,Kč,"27,80 Kč / 1 l",,,False,,,-30% platí do úterý 13. 10.,2026-10-07 - 2026-10-13,https://www.kupi.cz/letaky/tesco,https://img.kupi.cz/kupi/thumbs/nealkoholicke-pivo-birell-2_170_340.png,2026-10-07T05:32:22+02:00
Tesco,Alkohol,15053,Nealkoholické pivo ochucené Birell 0.5 l,nealkoholicke_pivo_ochucene_birell,18.9,24.87,Kč,"37,80 Kč / 1 l",,,False,,,-24% platí do úterý 13. 10.,2026-10-07 - 2026-10-13,https://www.kupi.cz/letaky/tesco,https://img.kupi.cz/kupi/thumbs/nealkoholicke-pivo-ochucene-birell_170_340.png,2026-10-07T05:32:22+02:00
Tesco,Alkohol,587829,Nealkoholické pivo ochucené Birell extra 0.33 l,nealkoholicke_pivo_ochucene_birell_extra,21.9,26.71,Kč,"66,36 Kč / 1 l",,,True,Clubcard,21.9,-18% Clubcard platí do úterý 20. 10.,2026-10-07 - 2026-10-20,https://www.kupi.cz/letak/tesco-hypermarket-letak-370?page=23&map=216580806,https://www.kupi.cz/img/no_img/no_discounts.png,2026-10-07T05:32:27+02:00
Tesco,Alkohol,394666,Nealkoholické pivo ochucené Birgo 0.5 l,nealkoholicke_pivo_ochucene_birgo,15.9,24.84,Kč,"31,80 Kč / 1 l",,,True,Clubcard,15.9,-36% Clubcard platí do úterý 13. 10.,2026-10-07 - 2026-10-13,https://www.kupi.cz/letaky/tesco,https://img.kupi.cz/kupi/thumbs/nealkoholicke-pivo-ochucene-birgo_170_340.jpg,2026-10-07T05:32:24+02:00
Tesco,Alkohol,28669,Nealkoholické pivo ochucené Litovel 0.5 l,nealkoholicke_pivo_ochucene_litovel,17.9,21.83,Kč,"35,80 Kč / 1 l",,,True,Clubcard,17.9,-18% Clubcard platí do úterý 27. 10.,2026-10-07 - 2026-10-27,https://www.kupi.cz/letak/tesco-hypermarket-znacky-ktere-mate-radi-2?page=23&map=215328075,https://img.kupi.cz/kupi/thumbs/nealkoholicke-pivo-ochucene-litovel_170_340.jpg,2026-10-07T05:32:23+02:00
Billa,Alkohol,67344,Nealkoholické pivo ochucené Staropramen Cool 0.5 l,nealkoholicke_pivo_ochucene_staropramen_cool,16.9,,Kč,"33,80 Kč / 1 l",,,False,,,platí do úterý 13. 10.,2026-10-07 - 2026-10-13,https://www.kupi.cz/letak/billa-maly-letak-721?page=6&map=216583743,https://img.kupi.cz/kupi/thumbs/nealkoholicke-pivo-ochucene-staropramen-cool_170_340.png,2026-10-07T05:31:34+02:00
Billa,Alkohol,32273,Nealkoholický aperitiv Crodino 0.175 l,nealkoholicky_aperitiv_crodino,129.9,,Kč,"247,43 Kč / 1 l",,,False,,,platí do úterý 20. 10.,2026-10-07 - 2026-10-20,https://www.kupi.cz/letak/billa-letak-italie-u-vas-doma?page=15&map=215641788,https://img.kupi.cz/kupi/thumbs/aperitiv-crodino_170_340.jpg,2026-10-07T05:31:35+02:00
Tesco,Sladkosti a slané snacky,65788,Neloupané arašídy Tesco 500 g,neloupane_arasidy,44.9,58.31,Kč,"8,98 Kč / 100 g",89.8,,True,Clubcard,44.9,-23% Clubcard platí do úterý 3. 11.,2026-10-07 - 2026-11-03,https://www.kupi.cz/letak/tesco-hypermarket-letak-370?page=7&map=216579231,https://img.kupi.cz/kupi/thumbs/prazene-arasidy-neloupane-tesco_170_340.jpg,2026-10-07T05:32:16+02:00
Albert,Trvanlivé,albert-583-27774908,Nescafé classic 150 g,nescafe_classic,109.9,134.9,Kč,109.9 Kč / 150 g,732.67,,False,,,,2026-10-07 - 2026-10-13,https://albertloyaltycz-albert-service-app-prod.delhaize.eu/public/content/leaflet/v3?storeId=583,,2026-10-07T05:30:53+02:00
Albert,Trvanlivé,albert-583-27774915,Nescafé Crema instantní káva refill 150 g,nescafe_crema_instantni_kava_refill,109.9,134.9,Kč,109.9 Kč / 150 g,732.67,,False,,,,2026-10-07 - 2026-10-13,https://albertloyaltycz-albert-service-app-prod.delhaize.eu/public/content/leaflet/v3?storeId=583,https://albertloyaltycz-albert-service-app-prod.delhaize.eu/public/minio/images-products/27774915,2026-10-07T05:30:53+02:00
Albert,Trvanlivé,albert-583-28018407,Nescafé Dolce Gusto Latte Macchiato 30 ks,nescafe_dolce_gusto_latte_macchiato,199.0,249.0,Kč,199 Kč / 30 ks,,6.63,False,,,,2026-10-07 - 2026-10-13,https://albertloyaltycz-albert-service-app-prod.delhaize.eu/public/content/leaflet/v3?storeId=583,https://albertloyaltycz-albert-service-app-prod.delhaize.eu/public/minio/images-products/28018407,2026-10-07T05:30:53+02:00
Albert,Trvanlivé,albert-583-26494968,Nescafé gold barista 180g,nescafe_gold_barista,179.0,319.0,Kč,179 Kč / 180 g,994.44,,False,,,,2026-10-07 - 2026-10-13,https://albertloyaltycz-albert-service-app-prod.delhaize.eu/public/content/leaflet/v3?storeId=583,,2026-10-07T05:30:53+02:00
Albert,Trvanlivé,albert-583-25588453,Nescafé gold crema 200g,nescafe_gold_crema,179.0,319.0,Kč,179 Kč / 200 g,895.0,,False,,,,2026-10-07 - 2026-10-13,https://albertloyaltycz-albert-service-app-prod.delhaize.eu/public/content/leaflet/v3?storeId=583,,2026-10-07T05:30:53+02:00
Albert,Trvanlivé,albert-583-20319663,Nescafé Gold instantní káva 200 g,nescafe_gold_instantni_kava,179.0,319.0,Kč,179 Kč / 200 g,895.0,,False,,,,2026-10-07 - 2026-10-13,https://albertloyaltycz-albert-service-app-prod.delhaize.eu/public/content/leaflet/v3?storeId=583,https://albertloyaltycz-albert-service-app-prod.delhaize.eu/public/minio/images-products/20319663,2026-10-07T05:30:53+02:00
Albert,Trvanlivé,albert-583-20315962,Nestlé Lion tyčinka 42 g,nestle_lion_tycinka,14.9,19.9,Kč,14.9 Kč / 42 g,354.76,,False,,,,2026-10-07 - 2026-10-13,https://albertloyaltycz-albert-service-app-prod.delhaize.eu/public/content/leaflet/v3?storeId=583,https://albertloyaltycz-albert-service-app-prod.delhaize.eu/public/minio/images-products/20315962,2026-10-07T05:30:53+02:00
Albert,Trvanlivé,albert-583-27715390,Nestlé lion white 42g,nestle_lion_white,14.9,19.9,Kč,14.9 Kč / 42 g,354.76,,False,,,,2026-10-07 - 2026-10-13,https://albertloyaltycz-albert-service-app-prod.delhaize.eu/public/content/leaflet/v3?storeId=583,,2026-10-07T05:30:53+02:00
Albert,Trvanlivé,albert-583-27725924,Nestlé Nesquik cereálie 375 g,nestle_nesquik_cerealie,74.9,119.9,Kč,74.9 Kč / 375 g,199.73,,True,Můj Albert,74.9,Můj Albert,2026-10-07 - 2026-10-13,https://albertloyaltycz-albert-service-app-prod.delhaize.eu/public/content/leaflet/v3?storeId=583,https://albertloyaltycz-albert-service-app-prod.delhaize.eu/public/minio/images-products/27725924,2026-10-07T05:30:53+02:00
Albert,Trvanlivé,albert-583-27725924,Nestlé Nesquik cereálie 375 g,nestle_nesquik_cerealie,79.9,119.9,Kč,79.9 Kč / 375 g,213.07,,False,,,,2026-10-07 - 2026-10-13,https://albertloyaltycz-albert-service-app-prod.delhaize.eu/public/content/leaflet/v3?storeId=583,https://albertloyaltycz-albert-service-app-prod.delhaize.eu/public/minio/images-products/27725924,2026-10-07T05:30:53+02:00
Albert,Trvanlivé,albert-583-28042662,Nestlé strawberry minis 375 g,nestle_strawberry_minis,74.9,119.9,Kč,74.9 Kč / 375 g,199.73,,False,,,,2026-10-07 - 2026-10-13,https://albertloyaltycz-albert-service-app-prod.delhaize.eu/public/content/leaflet/v3?storeId=583,,2026-10-07T05:30:53+02:00
Billa,Vaření a pečení,44117,Noky bramborové Billa 500 g,noky_bramborove,19.9,,Kč,"3,98 Kč / 100 g",39.8,,False,,,platí do úterý 20. 10.,2026-10-07 - 2026-10-20,https://www.kupi.cz/letak/billa-letak-italie-u-vas-doma?page=16&map=215641809,https://img.kupi.cz/kupi/thumbs/noky-bramborove-billa_170_340.png,2026-10-07T05:31:24+02:00
Billa,Vaření a pečení,44117,Noky bramborové Billa 500 g,noky_bramborove,34.9,,Kč,"6,98 Kč / 100 g",69.8,,False,,,platí do úterý 20. 10.,2026-10-07 - 2026-10-20,https://www.kupi.cz/letak/billa-letak-italie-u-vas-doma?page=6&map=215641281,https://img.kupi.cz/kupi/thumbs/noky-bramborove-billa_170_340.png,2026-10-07T05:31:24+02:00
Billa,Vaření a pečení,570591,Noky bramborové Ready Billa 400 g,noky_bramborove_ready,34.9,39.66,Kč,"8,72 Kč / 100 g",87.2,,False,,,-12% platí do úterý 20. 10.,2026-10-07 - 2026-10-20,https://www.kupi.cz/letak/billa-letak-italie-u-vas-doma?page=9&map=215641509,https://img.kupi.cz/kupi/thumbs/noky-bramborove-ready-billa_170_340.jpg,2026-10-07T05:31:27+02:00
Billa,Lahůdky,568734,Noky Panzani 500 g,noky_panzani,39.9,,Kč,"7,98 Kč / 100 g",79.8,,False,,,platí do úterý 20. 10.,2026-10-07 - 2026-10-20,https://www.kupi.cz/letak/billa-letak-italie-u-vas-doma?page=6&map=215641266,https://img.kupi.cz/kupi/thumbs/noky-panzani_170_340.png,2026-10-07T05:31:11+02:00
Albert,Maso a ryby,albert-583-27180204,Now filé msc 400g,now_file_msc,79.9,129.9,Kč,79.9 Kč / 400 g,199.75,,False,,,-38%,2026-10-07 - 2026-10-13,https://albertloyaltycz-albert-service-app-prod.delhaize.eu/public/content/leaflet/v3?storeId=583,,2026-10-07T05:30:53+02:00
Albert,Uzeniny a lahůdky,albert-583-27979983,Now játrové knedlíčky 300g,now_jatrove_knedlicky,34.9,43.9,Kč,34.9 Kč / 300 g,116.33,,False,,,,2026-10-07 - 2026-10-13,https://albertloyaltycz-albert-service-app-prod.delhaize.eu/public/content/leaflet/v3?storeId=583,,2026-10-07T05:30:53+02:00
Albert,Tržnice u Alberta,albert-583-27740316,Now maliny 200g,now_maliny,59.9,77.9,Kč,59.9 Kč / 200 g,299.5,,False,,,,2026-10-07 - 2026-10-13,https://albertloyaltycz-albert-service-app-prod.delhaize.eu/public/content/leaflet/v3?storeId=583,,2026-10-07T05:30:53+02:00
Albert,Tržnice u Alberta,albert-583-27460900,Now mango premium 200g,now_mango_premium,44.9,53.9,Kč,44.9 Kč / 200 g,224.5,,False,,,,2026-10-07 - 2026-10-13,https://albertloyaltycz-albert-service-app-prod.delhaize.eu/public/content/leaflet/v3?storeId=583,,2026-10-07T05:30:53+02:00
Albert,Uzeniny a lahůdky,albert-583-27714881,Now obal. sýr do trouby 200g,now_obal_syr_do_trouby,64.9,79.9,Kč,64.9 Kč / 200 g,324.5,,False,,,-18%,2026-10-07 - 2026-10-13,https://albertloyaltycz-albert-service-app-prod.delhaize.eu/public/content/leaflet/v3?storeId=583,,2026-10-07T05:30:53+02:00
Albert,Uzeniny a lahůdky,albert-583-25932553,Now obalovaný sýr 200g,now_obalovany_syr,49.9,79.9,Kč,49.9 Kč / 200 g,249.5,,False,,,,2026-10-07 - 2026-10-13,https://albertloyaltycz-albert-service-app-prod.delhaize.eu/public/content/leaflet/v3?storeId=583,,2026-10-07T05:30:53+02:00
Albert,Tržnice u Alberta,albert-583-26956763,Now polévková směs zel.350g,now_polevkova_smes_zel,21.9,29.9,Kč,21.9 Kč / 350 g,62.57,,False,,,,2026-10-07 - 2026-10-13,https://albertloyaltycz-albert-service-app-prod.delhaize.eu/public/content/leaflet/v3?storeId=583,,2026-10-07T05:30:53+02:00
Albert,Maso a ryby,albert-583-27876725,Now premium filé 200g msc 200 g,now_premium_file_msc,59.9,66.9,Kč,59.9 Kč / 200 g,299.5,,False,,,-10%,2026-10-07 - 2026-10-13,https://albertloyaltycz-albert-service-app-prod.delhaize.eu/public/content/leaflet/v3?storeId=583,,2026-10-07T05:30:53+02:00
Albert,Maso a ryby,albert-583-27531747,Now rybí prsty 250g msc 250 g,now_rybi_prsty_msc,59.9,74.9,Kč,59.9 Kč / 250 g,239.6,,False,,,-20%,2026-10-07 - 2026-10-13,https://albertloyaltycz-albert-service-app-prod.delhaize.eu/public/content/leaflet/v3?storeId=583,,2026-10-07T05:30:53+02:00
Albert,Maso a ryby,albert-583-27269664,Now rybí prsty msc 450g,now_rybi_prsty_msc,99.9,119.9,Kč,99.9 Kč / 450 g,222.0,,False,,,-16%,2026-10-07 - 2026-10-13,https://albertloyaltycz-albert-service-app-prod.delhaize.eu/public/content/leaflet/v3?storeId=583,,2026-10-07T05:30:53+02:00
Albert,Tržnice u Alberta,albert-583-23073418,Now směs asie zeleninová 350g,now_smes_asie_zeleninova,34.9,44.9,Kč,34.9 Kč / 350 g,99.71,,False,,,,2026-10-07 - 2026-10-13,https://albertloyaltycz-albert-service-app-prod.delhaize.eu/public/content/leaflet/v3?storeId=583,,2026-10-07T05:30:53+02:00
Albert,Tržnice u Alberta,albert-583-26352169,Now směs lesní 200g,now_smes_lesni,49.9,64.9,Kč,49.9 Kč / 200 g,249.5,,False,,,,2026-10-07 - 2026-10-13,https://albertloyaltycz-albert-service-app-prod.delhaize.eu/public/content/leaflet/v3?storeId=583,,2026-10-07T05:30:53+02:00
Albert,Tržnice u Alberta,albert-583-25446340,Now směs s kukuřicí 350g,now_smes_s_kukurici,25.9,36.9,Kč,25.9 Kč / 350 g,74.0,,False,,,,2026-10-07 - 2026-10-13,https://albertloyaltycz-albert-service-app-prod.delhaize.eu/public/content/leaflet/v3?storeId=583,,2026-10-07T05:30:53+02:00
Albert,Tržnice u Alberta,albert-583-26956787,Now směs zeleninová jarní 350g,now_smes_zeleninova_jarni,23.9,33.9,Kč,23.9 Kč / 350 g,68.29,,False,,,,2026-10-07 - 2026-10-13,https://albertloyaltycz-albert-service-app-prod.delhaize.eu/public/content/leaflet/v3?storeId=583,,2026-10-07T05:30:53+02:00
Albert,Tržnice u Alberta,albert-583-26956756,Now zeleni.směs pod svíč.350g,now_zeleni_smes_pod_svic,22.9,34.9,Kč,22.9 Kč / 350 g,65.43,,False,,,,2026-10-07 - 2026-10-13,https://albertloyaltycz-albert-service-app-prod.delhaize.eu/public/content/leaflet/v3?storeId=583,,2026-10-07T05:30:53+02:00
Albert,Maso a ryby,albert-583-27972380,Nowaco Aljašská treska svíčková 400 g,nowaco_aljasska_treska_svickova,89.9,119.9,Kč,89.9 Kč / 400 g,224.75,,False,,,,2026-10-07 - 2026-10-13,https://albertloyaltycz-albert-service-app-prod.delhaize.eu/public/content/leaflet/v3?storeId=583,https://albertloyaltycz-albert-service-app-prod.delhaize.eu/public/minio/images-products/27972380,2026-10-07T05:30:53+02:00
Albert,Tržnice u Alberta,albert-583-25851342,Nowaco listový špenát 400 g,nowaco_listovy_spenat,37.9,46.9,Kč,37.9 Kč / 400 g,94.75,,False,,,,2026-10-07 - 2026-10-13,https://albertloyaltycz-albert-service-app-prod.delhaize.eu/public/content/leaflet/v3?storeId=583,https://albertloyaltycz-albert-service-app-prod.delhaize.eu/public/minio/images-products/25851342,2026-10-07T05:30:53+02:00
Albert,Uzeniny a lahůdky,albert-583-27928448,Nowaco obalovaný sýr Gouda premium 200 g,nowaco_obalovany_syr_gouda_premium,54.9,79.9,Kč,54.9 Kč / 200 g,274.5,,False,,,-31%,2026-10-07 - 2026-10-13,https://albertloyaltycz-albert-service-app-prod.delhaize.eu/public/content/leaflet/v3?storeId=583,https://albertloyaltycz-albert-service-app-prod.delhaize.eu/public/minio/images-products/27928448,2026-10-07T05:30:53+02:00
Tesco,Mražené a instantní potraviny,292064,Nudle smažené Fusian Maggi 130 g,nudle_smazene_fusian_maggi,29.9,53.39,Kč,"23,00 Kč / 100 g",230.0,,True,Clubcard,29.9,-44% Clubcard platí do neděle 25. 10.,2026-10-07 - 2026-10-25,https://www.kupi.cz/letak/tesco-hypermarket-znacky-ktere-mate-radi-2?page=11&map=215327058,https://img.kupi.cz/kupi/thumbs/nudle-smazene-fusian-maggi_170_340.jpg,2026-10-07T05:32:04+02:00
Tesco,Sladkosti a slané snacky,2188,Nutella 600 g,nutella,119.9,184.46,Kč,"19,98 Kč / 100 g",199.8,,True,Clubcard,119.9,-35% Clubcard platí do úterý 13. 10.,2026-10-07 - 2026-10-13,https://www.kupi.cz/letak/tesco-hypermarket-letak-370?page=5&map=216579216,https://img.kupi.cz/kupi/thumbs/nutella-2_170_340.jpg,2026-10-07T05:32:14+02:00
Tesco,Sladkosti a slané snacky,2188,Nutella 600 g,nutella,139.9,184.08,Kč,"23,32 Kč / 100 g",233.2,,True,Clubcard,139.9,-24% Clubcard platí do úterý 20. 10.,2026-10-07 - 2026-10-20,https://www.kupi.cz/letak/tesco-supermarket-letak-416?page=4&map=216253032,https://img.kupi.cz/kupi/thumbs/nutella-2_170_340.jpg,2026-10-07T05:32:14+02:00
Albert,Trvanlivé,albert-583-22566393,Nutella pomazánka lískooříšková s kakaem 0.6 kg,nutella_pomazanka_liskooriskova_s_kakaem,119.9,179.0,Kč,119.9 Kč / 0.6 kg,199.83,,True,Můj Albert,119.9,Můj Albert,2026-10-07 - 2026-10-13,https://albertloyaltycz-albert-service-app-prod.delhaize.eu/public/content/leaflet/v3?storeId=583,https://albertloyaltycz-albert-service-app-prod.delhaize.eu/public/minio/images-products/22566393,2026-10-07T05:30:53+02:00
Albert,Trvanlivé,albert-583-22566393,Nutella pomazánka lískooříšková s kakaem 0.6 kg,nutella_pomazanka_liskooriskova_s_kakaem,139.9,179.0,Kč,139.9 Kč / 0.6 kg,233.17,,False,,,,2026-10-07 - 2026-10-13,https://albertloyaltycz-albert-service-app-prod.delhaize.eu/public/content/leaflet/v3?storeId=583,https://albertloyaltycz-albert-service-app-prod.delhaize.eu/public/minio/images-products/22566393,2026-10-07T05:30:53+02:00
Tesco,Mléčné výrobky a vejce,559674,Nutričně kompletní jídlo nápoj bez lepku Yfood 500 ml,nutricne_kompletni_jidlo_napoj_bez_lepku_yfood,89.9,119.87,Kč,"17,98 Kč / 100 ml",,,True,Clubcard,89.9,-25% Clubcard platí do úterý 27. 10.,2026-10-07 - 2026-10-27,https://www.kupi.cz/letak/tesco-hypermarket-znacky-ktere-mate-radi-2?page=21&map=215328000,https://img.kupi.cz/kupi/thumbs/napoj-yfood_170_340.png,2026-10-07T05:31:53+02:00
Tesco,Vaření a pečení,558285,Obalovací směs Gold Plus 500 g,obalovaci_smes_gold_plus,44.9,51.61,Kč,"8,98 Kč / 100 g",89.8,,True,Clubcard,44.9,-13% Clubcard platí do úterý 20. 10.,2026-10-07 - 2026-10-20,https://www.kupi.cz/letak/tesco-hypermarket-znacky-ktere-mate-radi-2?page=9&map=215326977,https://img.kupi.cz/kupi/thumbs/obalovaci-smes-gold-plus_170_340.jpg,2026-10-07T05:32:13+02:00
Billa,Vaření a pečení,460946,Ocet balsamico di Modena Billa Premium 0.25 l,ocet_balsamico_di_modena_premium,124.9,158.1,Kč,"499,60 Kč / 1 l",,,False,,,-21% platí do úterý 20. 10.,2026-10-07 - 2026-10-20,https://www.kupi.cz/letak/billa-letak-italie-u-vas-doma?page=5&map=215641182,https://img.kupi.cz/kupi/thumbs/ocet-balsamico-di-modena-billa-premium_170_340.jpg,2026-10-07T05:31:27+02:00
Billa,Vaření a pečení,29956,Ocet Clever 1 l,ocet_clever,12.9,,Kč,"12,90 Kč / 1 l",,,False,,,platí do úterý 13. 10.,2026-10-07 - 2026-10-13,https://www.kupi.cz/letak/billa-velky-letak-292?page=15&map=216582684,https://img.kupi.cz/kupi/thumbs/ocet-clever_170_340.jpg,2026-10-07T05:31:25+02:00
Billa,Nealko nápoje,535,Ochucená voda Dobrá voda 1.5 l,ochucena_voda_dobra_voda,13.9,,Kč,"9,27 Kč / 1 l",,,False,,,platí do úterý 13. 10.,2026-10-07 - 2026-10-13,https://www.kupi.cz/letak/billa-velky-letak-292?page=31&map=216583410,https://img.kupi.cz/kupi/thumbs/ochucena-voda-dobra-voda_170_340.jpg,2026-10-07T05:31:17+02:00
Tesco,Nealko nápoje,586194,Ochucená voda Kids my water Hello 0.33 l,ochucena_voda_kids_my_water_hello,10.9,15.8,Kč,"33,03 Kč / 1 l",,,True,Clubcard,10.9,-31% Clubcard platí do neděle 25. 10.,2026-10-07 - 2026-10-25,https://www.kupi.cz/letaky/tesco,https://www.kupi.cz/img/no_img/no_discounts.png,2026-10-07T05:32:09+02:00
Tesco,Nealko nápoje,655,Ochucená voda Mattoni 1.5 l,ochucena_voda_mattoni,14.9,19.87,Kč,"9,93 Kč / 1 l",,,True,Clubcard,14.9,-25% Clubcard platí do úterý 20. 10.,2026-10-07 - 2026-10-20,https://www.kupi.cz/letak/tesco-supermarket-letak-416?page=7&map=216253266,https://img.kupi.cz/kupi/thumbs/ochucena-voda-mattoni_170_340.jpg,2026-10-07T05:32:06+02:00
Tesco,Nealko nápoje,527,Ochucená voda Poděbradka 1.5 l,ochucena_voda_podebradka,12.9,19.85,Kč,"8,60 Kč / 1 l",,,True,Clubcard,12.9,-35% Clubcard platí do úterý 13. 10.,2026-10-07 - 2026-10-13,https://www.kupi.cz/letaky/tesco,https://img.kupi.cz/kupi/thumbs/ochucena-voda-podebradka-1_170_340.jpg,2026-10-07T05:32:06+02:00
Tesco,Mléčné výrobky a vejce,587751,Ochucený jogurt funkční Hollandia 150 g,ochuceny_jogurt_funkcni_hollandia,13.9,19.86,Kč,"9,27 Kč / 100 g",92.7,,True,Clubcard,13.9,-30% Clubcard platí do úterý 3. 11.,2026-10-07 - 2026-11-03,https://www.kupi.cz/letak/tesco-hypermarket-letak-370?page=4&map=216578472,https://www.kupi.cz/img/no_img/no_discounts.png,2026-10-07T05:31:53+02:00
Tesco,Mléčné výrobky a vejce,439341,Ochucený jogurt řeckého typu Zvolenský 125 g,ochuceny_jogurt_reckeho_typu_zvolensky,14.9,20.69,Kč,"11,92 Kč / 100 g",119.2,,True,Clubcard,14.9,-28% Clubcard platí do úterý 20. 10.,2026-10-07 - 2026-10-20,https://www.kupi.cz/letak/tesco-hypermarket-letak-370?page=4&map=216578523,https://img.kupi.cz/kupi/thumbs/ochuceny-jogurt-reckeho-typu-zvolensky_170_340.jpg,2026-10-07T05:31:53+02:00
Billa,Mléčné výrobky a vejce,26,Ochucený jogurt selský Hollandia 200 g,ochuceny_jogurt_selsky_hollandia,9.9,21.52,Kč,"4,95 Kč / 100 g",49.5,,True,Billa Club,9.9,-54% Billa Club platí do úterý 13. 10.,2026-10-07 - 2026-10-13,https://www.kupi.cz/letak/billa-velky-letak-292?page=2&map=216582408,https://img.kupi.cz/kupi/thumbs/ochuceny-jogurt-selsky-hollandia-1_170_340.png,2026-10-07T05:31:01+02:00
Albert,Albertovo pekařství,albert-583-28005988,Odk.slovanský krajánek krb400g,odk_slovansky_krajanek_krb400g,33.9,,Kč,33.9 Kč / 400 g,84.75,,False,,,,2026-10-07 - 2026-10-13,https://albertloyaltycz-albert-service-app-prod.delhaize.eu/public/content/leaflet/v3?storeId=583,,2026-10-07T05:30:53+02:00
Albert,Trvanlivé,albert-583-24736534,Dětské okurky 330/190g,okurka,34.9,66.9,Kč,34.9 Kč / 190 g,183.68,,False,,,,2026-10-07 - 2026-10-13,https://albertloyaltycz-albert-service-app-prod.delhaize.eu/public/content/leaflet/v3?storeId=583,,2026-10-07T05:30:53+02:00
Albert,Trvanlivé,albert-583-20305895,Efko okurky delikates 5-8 cm 360 g,okurka,46.9,83.9,Kč,46.9 Kč / 360 g,130.28,,False,,,,2026-10-07 - 2026-10-13,https://albertloyaltycz-albert-service-app-prod.delhaize.eu/public/content/leaflet/v3?storeId=583,https://albertloyaltycz-albert-service-app-prod.delhaize.eu/public/minio/images-products/20305895,2026-10-07T05:30:53+02:00
Albert,Trvanlivé,albert-583-25781496,Efko okurky moravské 670/360g,okurka,49.9,79.9,Kč,49.9 Kč / 360 g,138.61,,False,,,,2026-10-07 - 2026-10-13,https://albertloyaltycz-albert-service-app-prod.delhaize.eu/public/content/leaflet/v3?storeId=583,,2026-10-07T05:30:53+02:00
Albert,Tržnice u Alberta,albert-583-20444624,Okurka hadovka 1 ks,okurka,12.9,24.9,Kč,12.9 Kč / 1 ks,,12.9,False,,,-48%,2026-10-07 - 2026-10-13,https://albertloyaltycz-albert-service-app-prod.delhaize.eu/public/content/leaflet/v3?storeId=583,https://albertloyaltycz-albert-service-app-prod.delhaize.eu/public/minio/images-products/20444624,2026-10-07T05:30:53+02:00
Billa,Ovoce a zelenina,646,Okurka salátová - hadovka 1 ks,okurka,12.9,24.81,Kč,"12,90 Kč / 1 ks",,12.9,False,,,-48% platí do úterý 13. 10.,2026-10-07 - 2026-10-13,https://www.kupi.cz/letak/billa-velky-letak-292?page=2&map=216582402,https://img.kupi.cz/kupi/thumbs/okurka-hadovka_170_340.jpg,2026-10-07T05:30:57+02:00
Billa,Konzervy,1469,Okurky delikates Efko 670 g,okurka,46.9,,Kč,"7,00 Kč / 100 g",70.0,,False,,,platí do úterý 13. 10.,2026-10-07 - 2026-10-13,https://www.kupi.cz/letak/billa-velky-letak-292?page=2&map=216582423,https://img.kupi.cz/kupi/thumbs/okurky-delikates-efko_170_340.jpg,2026-10-07T05:31:13+02:00
Lidl,Ovoce a zelenina,10052377,Okurka salátová,okurka,11.9,24.9,Kč,11.9 Kč / 1 ks,,11.9,False,,,-52%,2026-10-08 - 2026-10-11,https://www.lidl.cz/p/okurka-salatova/p10052377,,2026-10-07T05:31:40+02:00
Tesco,Konzervy,6,Okurky Znojmia 680 g,okurka,49.9,86.03,Kč,"7,34 Kč / 100 g",73.4,,True,Clubcard,49.9,-42% Clubcard platí do úterý 13. 10.,2026-10-07 - 2026-10-13,https://www.kupi.cz/letaky/tesco,https://img.kupi.cz/kupi/thumbs/okurky-znojmia_170_340.jpg,2026-10-07T05:32:01+02:00
Tesco,Konzervy,1469,Okurky delikates Efko 670 g,okurka,53.9,86.94,Kč,"8,04 Kč / 100 g",80.4,,True,Clubcard,53.9,-38% Clubcard platí do úterý 27. 10.,2026-10-07 - 2026-10-27,https://www.kupi.cz/letak/tesco-hypermarket-znacky-ktere-mate-radi-2?page=12&map=215327082,https://img.kupi.cz/kupi/thumbs/okurky-delikates-efko_170_340.jpg,2026-10-07T05:32:01+02:00
Tesco,Ovoce a zelenina,646,Okurka salátová - hadovka 1 ks,okurka,11.9,24.79,Kč,"11,90 Kč / 1 ks",,11.9,False,,,-52% pá 9. 10. – ne 11. 10.,2026-10-09 - 2026-10-11,https://www.kupi.cz/letak/tesco-supermarket-letak-416?map=216252813,https://img.kupi.cz/kupi/thumbs/okurka-hadovka_170_340.jpg,2026-10-07T05:31:43+02:00
Tesco,Konzervy,486975,Okurky Bob a Bobek Machland 330 g,okurka,34.9,51.32,Kč,"10,58 Kč / 100 g",105.8,,True,Clubcard,34.9,-32% Clubcard st 14. 10. – út 27. 10.,2026-10-14 - 2026-10-27,https://www.kupi.cz/letak/tesco-hypermarket-znacky-ktere-mate-radi-2?page=13&map=215327208,https://img.kupi.cz/kupi/thumbs/okurky-bob-a-bobek-machland_170_340.jpg,2026-10-07T05:32:02+02:00
Tesco,Konzervy,27705,Okurky Cornichons Machland 550 g,okurka,49.9,64.81,Kč,"9,07 Kč / 100 g",90.7,,True,Clubcard,49.9,-23% Clubcard st 14. 10. – út 27. 10.,2026-10-14 - 2026-10-27,https://www.kupi.cz/letak/tesco-hypermarket-znacky-ktere-mate-radi-2?page=13&map=215327124,https://img.kupi.cz/kupi/thumbs/okurky-cornichons-machland_170_340.png,2026-10-07T05:32:01+02:00
Tesco,Konzervy,12671,Okurky Machland,okurka,32.9,65.8,Kč,"6,09 Kč / 100 g",60.9,,True,Clubcard,32.9,-50% Clubcard st 14. 10. – út 27. 10.,2026-10-14 - 2026-10-27,https://www.kupi.cz/letak/tesco-hypermarket-znacky-ktere-mate-radi-2?page=13&map=215327214,https://img.kupi.cz/kupi/thumbs/okurky-machland_170_340.jpg,2026-10-07T05:32:01+02:00
Tesco,Konzervy,12671,Okurky Machland,okurka,49.9,73.38,Kč,"7,23 Kč / 100 g",72.3,,True,Clubcard,49.9,-32% Clubcard st 14. 10. – út 27. 10.,2026-10-14 - 2026-10-27,https://www.kupi.cz/letak/tesco-hypermarket-znacky-ktere-mate-radi-2?page=13&map=215327130,https://img.kupi.cz/kupi/thumbs/okurky-machland_170_340.jpg,2026-10-07T05:32:01+02:00
Tesco,Konzervy,12671,Okurky Machland,okurka,64.9,78.19,Kč,"4,19 Kč / 100 g",41.9,,True,Clubcard,64.9,-17% Clubcard st 14. 10. – út 27. 10.,2026-10-14 - 2026-10-27,https://www.kupi.cz/letak/tesco-hypermarket-znacky-ktere-mate-radi-2?page=13&map=215327127,https://img.kupi.cz/kupi/thumbs/okurky-machland_170_340.jpg,2026-10-07T05:32:01+02:00
Tesco,Konzervy,13763,Okurky delikates Machland 670 g,okurka,44.9,84.72,Kč,"6,70 Kč / 100 g",67.0,,True,Clubcard,44.9,-47% Clubcard st 14. 10. – út 27. 10.,2026-10-14 - 2026-10-27,https://www.kupi.cz/letak/tesco-hypermarket-znacky-ktere-mate-radi-2?page=13&map=215327121,https://img.kupi.cz/kupi/thumbs/okurky-delikates-machland_170_340.jpg,2026-10-07T05:32:01+02:00
Billa,Vaření a pečení,38303,Olej arašídový Olitalia 1 l,olej_arasidovy_olitalia,169.9,,Kč,"169,90 Kč / 1 l",,,False,,,platí do úterý 20. 10.,2026-10-07 - 2026-10-20,https://www.kupi.cz/letak/billa-letak-italie-u-vas-doma?page=4&map=215641134,https://img.kupi.cz/kupi/thumbs/olej-arasidovy-olitalia_170_340.jpg,2026-10-07T05:31:25+02:00
Billa,Vaření a pečení,38305,Olej kukuřičný Olitalia 1 l,olej_kukuricny_olitalia,119.9,,Kč,"119,90 Kč / 1 l",,,False,,,platí do úterý 20. 10.,2026-10-07 - 2026-10-20,https://www.kupi.cz/letak/billa-letak-italie-u-vas-doma?page=4&map=215641137,https://img.kupi.cz/kupi/thumbs/olej-kukuricny-olitalia_170_340.jpg,2026-10-07T05:31:27+02:00
Billa,Vaření a pečení,573822,Olej z hroznových jader Billa 1 l,olej_z_hroznovych_jader,139.9,,Kč,"139,90 Kč / 1 l",,,False,,,platí do úterý 20. 10.,2026-10-07 - 2026-10-20,https://www.kupi.cz/letak/billa-letak-italie-u-vas-doma?page=4&map=215641155,https://img.kupi.cz/kupi/thumbs/olej-z-hroznovych-jader-billa_170_340.jpg,2026-10-07T05:31:27+02:00
Albert,Trvanlivé,albert-583-25845464,Oliv. olej fjk ex. v. 1l,oliv_olej_fjk_ex_v,259.0,499.0,Kč,259 Kč / 1 l,,,False,,,,2026-10-07 - 2026-10-13,https://albertloyaltycz-albert-service-app-prod.delhaize.eu/public/content/leaflet/v3?storeId=583,,2026-10-07T05:30:53+02:00
Albert,Trvanlivé,albert-583-25845457,Oliv. olej fjk ex. v. 250 ml,oliv_olej_fjk_ex_v,79.9,169.0,Kč,79.9 Kč / 250 ml,,,False,,,,2026-10-07 - 2026-10-13,https://albertloyaltycz-albert-service-app-prod.delhaize.eu/public/content/leaflet/v3?storeId=583,,2026-10-07T05:30:53+02:00
Albert,Trvanlivé,albert-583-26934525,Oliv.olej krétský fjk 500ml 0.5 l,oliv_olej_kretsky_fjk,139.9,329.0,Kč,139.9 Kč / 0.5 l,,,False,,,,2026-10-07 - 2026-10-13,https://albertloyaltycz-albert-service-app-prod.delhaize.eu/public/content/leaflet/v3?storeId=583,,2026-10-07T05:30:53+02:00
Tesco,Vaření a pečení,48848,Olivový olej Ballester 0.5 l,olivovy_olej_ballester,129.9,188.26,Kč,"259,80 Kč / 1 l",,,True,Clubcard,129.9,-31% Clubcard platí do úterý 13. 10.,2026-10-07 - 2026-10-13,https://www.kupi.cz/letaky/tesco,https://img.kupi.cz/kupi/thumbs/olej-olivovy-ballester-2_170_340.jpg,2026-10-07T05:32:12+02:00
Billa,Vaření a pečení,9359,Olivový olej extra panenský Billa 1 l,olivovy_olej_extra_panensky,249.9,,Kč,"249,90 Kč / 1 l",,,False,,,platí do úterý 20. 10.,2026-10-07 - 2026-10-20,https://www.kupi.cz/letak/billa-letak-italie-u-vas-doma?page=4&map=215641140,https://img.kupi.cz/kupi/thumbs/olivovy-olej-extra-panensky-billa_170_340.jpg,2026-10-07T05:31:24+02:00
Tesco,Vaření a pečení,68690,Olivový olej extra panenský Demetra Agrocreta 1 l,olivovy_olej_extra_panensky_demetra_agrocreta,279.9,399.86,Kč,"279,90 Kč / 1 l",,,True,Clubcard,279.9,-30% Clubcard platí do úterý 13. 10.,2026-10-07 - 2026-10-13,https://www.kupi.cz/letak/tesco-hypermarket-letak-370?page=17&map=216580389,https://img.kupi.cz/kupi/thumbs/olivovy-olej-extra-panensky-demetra_170_340.jpg,2026-10-07T05:32:12+02:00
Billa,Vaření a pečení,1545,Olivový olej extra panenský Exclusive Franz Josef Kaiser 0.75 l,olivovy_olej_extra_panensky_exclusive_franz_josef_kaiser,199.9,344.66,Kč,"266,53 Kč / 1 l",,,False,,,-42% platí do úterý 13. 10.,2026-10-07 - 2026-10-13,https://www.kupi.cz/letak/billa-velky-letak-292?page=26&map=216583026,https://img.kupi.cz/kupi/thumbs/olivovy-olej-franz-josef_170_340.jpg,2026-10-07T05:31:23+02:00
Tesco,Vaření a pečení,1545,Olivový olej extra panenský Exclusive Franz Josef Kaiser,olivovy_olej_extra_panensky_exclusive_franz_josef_kaiser,149.9,227.12,Kč,"299,80 Kč / 1 l",,,True,Clubcard,149.9,-34% Clubcard platí do úterý 20. 10.,2026-10-07 - 2026-10-20,https://www.kupi.cz/letak/tesco-hypermarket-znacky-ktere-mate-radi-2?page=16&map=215327325,https://img.kupi.cz/kupi/thumbs/olivovy-olej-franz-josef_170_340.jpg,2026-10-07T05:32:11+02:00
Tesco,Vaření a pečení,1545,Olivový olej extra panenský Exclusive Franz Josef Kaiser,olivovy_olej_extra_panensky_exclusive_franz_josef_kaiser,189.9,296.72,Kč,"253,20 Kč / 1 l",,,True,Clubcard,189.9,-36% Clubcard platí do úterý 20. 10.,2026-10-07 - 2026-10-20,https://www.kupi.cz/letak/tesco-hypermarket-letak-370?page=21&map=216580671,https://img.kupi.cz/kupi/thumbs/olivovy-olej-franz-josef_170_340.jpg,2026-10-07T05:32:11+02:00
Billa,Vaření a pečení,526209,Olivový olej extra panenský Il Casolare Farchioni 1 l,olivovy_olej_extra_panensky_il_casolare_farchioni,299.9,,Kč,"299,90 Kč / 1 l",,,False,,,platí do úterý 20. 10.,2026-10-07 - 2026-10-20,https://www.kupi.cz/letak/billa-letak-italie-u-vas-doma?page=8&map=215641431,https://img.kupi.cz/kupi/thumbs/olivovy-olej-extra-panensky-il-casolare-farchioni_170_340.jpg,2026-10-07T05:31:27+02:00
Billa,Vaření a pečení,260,Olivový olej extra panenský Monini 0.5 l,olivovy_olej_extra_panensky_monini,169.9,,Kč,"339,80 Kč / 1 l",,,False,,,platí do úterý 20. 10.,2026-10-07 - 2026-10-20,https://www.kupi.cz/letak/billa-letak-italie-u-vas-doma?page=4&map=215641131,https://img.kupi.cz/kupi/thumbs/olej-olivovy-extra-panensky-monini_170_340.jpg,2026-10-07T05:31:23+02:00
Billa,Vaření a pečení,586593,Olivový olej extra panenský ochucený Premium Billa 0.25 l,olivovy_olej_extra_panensky_ochuceny_premium,99.9,,Kč,"399,60 Kč / 1 l",,,False,,,platí do úterý 20. 10.,2026-10-07 - 2026-10-20,https://www.kupi.cz/letak/billa-letak-italie-u-vas-doma?page=4&map=215641164,https://www.kupi.cz/img/no_img/no_discounts.png,2026-10-07T05:31:27+02:00
Billa,Vaření a pečení,58552,Olivový olej extra panenský Premium Billa 0.5 l,olivovy_olej_extra_panensky_premium,149.9,189.75,Kč,"299,80 Kč / 1 l",,,False,,,-21% platí do úterý 20. 10.,2026-10-07 - 2026-10-20,https://www.kupi.cz/letak/billa-letak-italie-u-vas-doma?page=6&map=215641278,https://img.kupi.cz/kupi/thumbs/olivovy-olej-extra-panensky-premium-billa_170_340.jpg,2026-10-07T05:31:25+02:00
Tesco,Lahůdky,33090,Olivy Exclusive Franz Josef Kaiser 300 g,olivy_exclusive_franz_josef_kaiser,29.9,57.5,Kč,"9,97 Kč / 100 g",99.7,,True,Clubcard,29.9,-48% Clubcard platí do úterý 27. 10.,2026-10-07 - 2026-10-27,https://www.kupi.cz/letak/tesco-hypermarket-znacky-ktere-mate-radi-2?page=16&map=215327337,https://img.kupi.cz/kupi/thumbs/olivy-exclusive-kaiser-franz-josef_170_340.jpg,2026-10-07T05:31:59+02:00
Tesco,Lahůdky,33090,Olivy Exclusive Franz Josef Kaiser 300 g,olivy_exclusive_franz_josef_kaiser,29.9,57.5,Kč,"9,97 Kč / 100 g",99.7,,True,Clubcard,29.9,-48% Clubcard platí do středy 28. 10.,2026-10-07 - 2026-10-28,https://www.kupi.cz/letak/tesco-hypermarket-letak-370?page=21&map=216580668,https://img.kupi.cz/kupi/thumbs/olivy-exclusive-kaiser-franz-josef_170_340.jpg,2026-10-07T05:31:59+02:00
Albert,Mléčné a chlazené,albert-583-20293871,Olma dez.pudink.př.vanil 200g,olma_dez_pudink_pr_vanil,13.9,19.9,Kč,13.9 Kč / 200 g,69.5,,False,,,-30%,2026-10-07 - 2026-10-13,https://albertloyaltycz-albert-service-app-prod.delhaize.eu/public/content/leaflet/v3?storeId=583,,2026-10-07T05:30:53+02:00
Albert,Mléčné a chlazené,albert-583-26930411,Olma Florian jogurt mix 150 g,olma_florian_jogurt_mix,7.9,15.9,Kč,7.9 Kč / 150 g,52.67,,False,,,-50%,2026-10-07 - 2026-10-13,https://albertloyaltycz-albert-service-app-prod.delhaize.eu/public/content/leaflet/v3?storeId=583,https://albertloyaltycz-albert-service-app-prod.delhaize.eu/public/minio/images-products/26930411,2026-10-07T05:30:53+02:00
Albert,Mléčné a chlazené,albert-583-27353271,Olma Florian jogurtový nápoj mix 400 g,olma_florian_jogurtovy_napoj_mix,17.9,29.9,Kč,17.9 Kč / 400 g,44.75,,False,,,-40%,2026-10-07 - 2026-10-13,https://albertloyaltycz-albert-service-app-prod.delhaize.eu/public/content/leaflet/v3?storeId=583,https://albertloyaltycz-albert-service-app-prod.delhaize.eu/public/minio/images-products/27353271,2026-10-07T05:30:53+02:00
Albert,Mléčné a chlazené,albert-583-28170655,Olma greek jogurt meruňka140g,olma_greek_jogurt_merunka140g,14.9,19.9,Kč,14.9 Kč / 140 g,106.43,,False,,,-25%,2026-10-07 - 2026-10-13,https://albertloyaltycz-albert-service-app-prod.delhaize.eu/public/content/leaflet/v3?storeId=583,,2026-10-07T05:30:53+02:00
Albert,Mléčné a chlazené,albert-583-28170631,Olma greek řecký jogu.bílý140g,olma_greek_recky_jogu_bily140g,14.9,19.9,Kč,14.9 Kč / 140 g,106.43,,False,,,-25%,2026-10-07 - 2026-10-13,https://albertloyaltycz-albert-service-app-prod.delhaize.eu/public/content/leaflet/v3?storeId=583,,2026-10-07T05:30:53+02:00
Albert,Mléčné a chlazené,albert-583-28170648,Olma Greek řecký jogurt malina 140 g,olma_greek_recky_jogurt_malina,14.9,19.9,Kč,14.9 Kč / 140 g,106.43,,False,,,-25%,2026-10-07 - 2026-10-13,https://albertloyaltycz-albert-service-app-prod.delhaize.eu/public/content/leaflet/v3?storeId=583,https://albertloyaltycz-albert-service-app-prod.delhaize.eu/public/minio/images-products/28170648,2026-10-07T05:30:53+02:00
Albert,Mléčné a chlazené,albert-583-27202043,Olma jahodový jogurt 105 g,olma_jahodovy_jogurt,11.9,16.9,Kč,11.9 Kč / 105 g,113.33,,False,,,-29%,2026-10-07 - 2026-10-13,https://albertloyaltycz-albert-service-app-prod.delhaize.eu/public/content/leaflet/v3?storeId=583,https://albertloyaltycz-albert-service-app-prod.delhaize.eu/public/minio/images-products/27202043,2026-10-07T05:30:53+02:00
Albert,Mléčné a chlazené,albert-583-20392727,Olma kysaná smetana pochoutková 16% 200 g,olma_kysana_smetana_pochoutkova,19.9,29.9,Kč,19.9 Kč / 200 g,99.5,,False,,,-33%,2026-10-07 - 2026-10-13,https://albertloyaltycz-albert-service-app-prod.delhaize.eu/public/content/leaflet/v3?storeId=583,https://albertloyaltycz-albert-service-app-prod.delhaize.eu/public/minio/images-products/20392727,2026-10-07T05:30:53+02:00
Albert,Mléčné a chlazené,albert-583-25650501,Olma maty mix 110g,olma_maty_mix,15.9,20.9,Kč,15.9 Kč / 110 g,144.55,,False,,,-23%,2026-10-07 - 2026-10-13,https://albertloyaltycz-albert-service-app-prod.delhaize.eu/public/content/leaflet/v3?storeId=583,,2026-10-07T05:30:53+02:00
Albert,Mléčné a chlazené,albert-583-27434321,Olma Míša Tvarohový mls čokoládový 130 g,olma_misa_tvarohovy_mls_cokoladovy,15.9,24.9,Kč,15.9 Kč / 130 g,122.31,,False,,,-36%,2026-10-07 - 2026-10-13,https://albertloyaltycz-albert-service-app-prod.delhaize.eu/public/content/leaflet/v3?storeId=583,https://albertloyaltycz-albert-service-app-prod.delhaize.eu/public/minio/images-products/27434321,2026-10-07T05:30:53+02:00
Albert,Mléčné a chlazené,albert-583-20293895,Olma pudingový dezert čokoládový 200 g,olma_pudingovy_dezert_cokoladovy,13.9,19.9,Kč,13.9 Kč / 200 g,69.5,,False,,,-30%,2026-10-07 - 2026-10-13,https://albertloyaltycz-albert-service-app-prod.delhaize.eu/public/content/leaflet/v3?storeId=583,https://albertloyaltycz-albert-service-app-prod.delhaize.eu/public/minio/images-products/20293895,2026-10-07T05:30:53+02:00
Albert,Mléčné a chlazené,albert-583-26749938,Olmíci haribo mix 121g,olmici_haribo_mix,16.9,20.9,Kč,16.9 Kč / 121 g,139.67,,False,,,-19%,2026-10-07 - 2026-10-13,https://albertloyaltycz-albert-service-app-prod.delhaize.eu/public/content/leaflet/v3?storeId=583,,2026-10-07T05:30:53+02:00
Albert,Mléčné a chlazené,albert-583-27039083,Olmíci jahodoví chamallov.111g,olmici_jahodovi_chamallov,15.9,20.9,Kč,15.9 Kč / 111 g,143.24,,False,,,-23%,2026-10-07 - 2026-10-13,https://albertloyaltycz-albert-service-app-prod.delhaize.eu/public/content/leaflet/v3?storeId=583,,2026-10-07T05:30:53+02:00
Albert,Mléčné a chlazené,albert-583-25327199,Olmíci jogurtoví mix 113g,olmici_jogurtovi_mix,15.9,20.9,Kč,15.9 Kč / 113 g,140.71,,False,,,-23%,2026-10-07 - 2026-10-13,https://albertloyaltycz-albert-service-app-prod.delhaize.eu/public/content/leaflet/v3?storeId=583,,2026-10-07T05:30:53+02:00
Albert,Mléčné a chlazené,albert-583-25708363,Olmíci piškotoví mix 113g,olmici_piskotovi_mix,15.9,20.9,Kč,15.9 Kč / 113 g,140.71,,False,,,-23%,2026-10-07 - 2026-10-13,https://albertloyaltycz-albert-service-app-prod.delhaize.eu/public/content/leaflet/v3?storeId=583,,2026-10-07T05:30:53+02:00
Albert,Albertovo pekařství,albert-583-27206997,Ölz mléčné houstičky balené 350 g,olz_mlecne_housticky_balene,49.9,67.9,Kč,49.9 Kč / 350 g,142.57,,False,,,-26%,2026-10-07 - 2026-10-13,https://albertloyaltycz-albert-service-app-prod.delhaize.eu/public/content/leaflet/v3?storeId=583,https://albertloyaltycz-albert-service-app-prod.delhaize.eu/public/minio/images-products/27206997,2026-10-07T05:30:53+02:00
Albert,Albertovo pekařství,albert-583-26975368,Ölz sandwich wholegrain b.750g 0.75 kg,olz_sandwich_wholegrain_b,49.9,64.9,Kč,49.9 Kč / 0.75 kg,66.53,,False,,,-23%,2026-10-07 - 2026-10-13,https://albertloyaltycz-albert-service-app-prod.delhaize.eu/public/content/leaflet/v3?storeId=583,,2026-10-07T05:30:53+02:00
Albert,Albertovo pekařství,albert-583-26586175,Ölz toustový chléb balený 0.75 kg,olz_toustovy_chleb_baleny,49.9,64.9,Kč,49.9 Kč / 0.75 kg,66.53,,False,,,-23%,2026-10-07 - 2026-10-13,https://albertloyaltycz-albert-service-app-prod.delhaize.eu/public/content/leaflet/v3?storeId=583,https://albertloyaltycz-albert-service-app-prod.delhaize.eu/public/minio/images-products/26586175,2026-10-07T05:30:53+02:00
Albert,Trvanlivé,albert-583-26581828,Om. arrabbiata fjk 370 ml,om_arrabbiata_fjk,39.9,73.9,Kč,39.9 Kč / 370 ml,,,False,,,,2026-10-07 - 2026-10-13,https://albertloyaltycz-albert-service-app-prod.delhaize.eu/public/content/leaflet/v3?storeId=583,,2026-10-07T05:30:53+02:00
Albert,Trvanlivé,albert-583-21210914,Om.barilla basilico 400g,om_barilla_basilico,59.9,79.9,Kč,59.9 Kč / 400 g,149.75,,False,,,,2026-10-07 - 2026-10-13,https://albertloyaltycz-albert-service-app-prod.delhaize.eu/public/content/leaflet/v3?storeId=583,,2026-10-07T05:30:53+02:00
Albert,Trvanlivé,albert-583-26581859,Om. napoletana fjk 370 ml,om_napoletana_fjk,39.9,73.9,Kč,39.9 Kč / 370 ml,,,False,,,,2026-10-07 - 2026-10-13,https://albertloyaltycz-albert-service-app-prod.delhaize.eu/public/content/leaflet/v3?storeId=583,,2026-10-07T05:30:53+02:00
Albert,Trvanlivé,albert-583-25471694,Omáč.k masu steak hellm.250ml,omac_k_masu_steak_hellm,49.9,71.9,Kč,49.9 Kč / 250 ml,,,False,,,,2026-10-07 - 2026-10-13,https://albertloyaltycz-albert-service-app-prod.delhaize.eu/public/content/leaflet/v3?storeId=583,,2026-10-07T05:30:53+02:00
Billa,Vaření a pečení,1178,Omáčka Panzani 400 g,omacka_panzani,49.9,,Kč,"12,47 Kč / 100 g",124.7,,False,,,platí do úterý 13. 10.,2026-10-07 - 2026-10-13,https://www.kupi.cz/letak/billa-velky-letak-292?page=27&map=216583074,https://img.kupi.cz/kupi/thumbs/omacka-panzani-1_170_340.jpg,2026-10-07T05:31:23+02:00
Albert,Trvanlivé,albert-583-22219602,Omáčka příloh.pik.harissa 140g,omacka_priloh_pik_harissa,21.9,38.9,Kč,21.9 Kč / 140 g,156.43,,False,,,,2026-10-07 - 2026-10-13,https://albertloyaltycz-albert-service-app-prod.delhaize.eu/public/content/leaflet/v3?storeId=583,,2026-10-07T05:30:53+02:00
Tesco,Vaření a pečení,40510,Omáčka Vitana 220 g,omacka_vitana,34.9,47.81,Kč,"15,86 Kč / 100 g",158.6,,True,Clubcard,34.9,-27% Clubcard platí do úterý 13. 10.,2026-10-07 - 2026-10-13,https://www.kupi.cz/letak/tesco-hypermarket-letak-370?page=22&map=216580710,https://img.kupi.cz/kupi/thumbs/omacka-vitana_170_340.png,2026-10-07T05:32:13+02:00
Billa,Vaření a pečení,29852,Omáčky Barilla 400 g,omacky_barilla,54.9,,Kč,"13,72 Kč / 100 g",137.2,,False,,,platí do úterý 20. 10.,2026-10-07 - 2026-10-20,https://www.kupi.cz/letak/billa-letak-italie-u-vas-doma?page=16&map=215641824,https://img.kupi.cz/kupi/thumbs/omacky-barilla_170_340.jpg,2026-10-07T05:31:24+02:00
Tesco,Vaření a pečení,397672,Omáčky Hellmann's 250 ml,omacky_hellmann_s,59.9,74.88,Kč,"23,96 Kč / 100 ml",,,True,Clubcard,59.9,-20% Clubcard platí do úterý 13. 10.,2026-10-07 - 2026-10-13,https://www.kupi.cz/letaky/tesco,https://img.kupi.cz/kupi/thumbs/omacky-hellmanns_170_340.jpg,2026-10-07T05:32:12+02:00
Tesco,Lahůdky,570783,Omáčky hotové Spak 350 g,omacky_hotove_spak,54.9,79.57,Kč,"15,69 Kč / 100 g",156.9,,True,Clubcard,54.9,-31% Clubcard platí do úterý 13. 10.,2026-10-07 - 2026-10-13,https://www.kupi.cz/letak/tesco-hypermarket-znacky-ktere-mate-radi-2?page=18&map=215327394,https://img.kupi.cz/kupi/thumbs/omacky-hotove-spak-1_170_340.jpg,2026-10-07T05:31:59+02:00
Billa,Lahůdky,363286,Omáčky Otma 350 g,omacky_otma,42.9,,Kč,"12,26 Kč / 100 g",122.6,,False,,,platí do úterý 13. 10.,2026-10-07 - 2026-10-13,https://www.kupi.cz/letak/billa-velky-letak-292?page=27&map=216583071,https://img.kupi.cz/kupi/thumbs/omacky-otma_170_340.jpg,2026-10-07T05:31:11+02:00
Albert,Nápoje,albert-583-23169166,"Ondrášovka miner.citron 1,5l",ondrasovka_miner_citron,11.9,13.9,Kč,11.9 Kč / 1.5 l,,,False,,,-14%,2026-10-07 - 2026-10-13,https://albertloyaltycz-albert-service-app-prod.delhaize.eu/public/content/leaflet/v3?storeId=583,,2026-10-07T05:30:53+02:00
Albert,Nápoje,albert-583-25175561,Ondrášovka minerální voda lesní plody 1.5 l,ondrasovka_mineralni_voda_lesni_plody,11.9,13.9,Kč,11.9 Kč / 1.5 l,,,False,,,-14%,2026-10-07 - 2026-10-13,https://albertloyaltycz-albert-service-app-prod.delhaize.eu/public/content/leaflet/v3?storeId=583,https://albertloyaltycz-albert-service-app-prod.delhaize.eu/public/minio/images-products/25175561,2026-10-07T05:30:53+02:00
Albert,Trvanlivé,albert-583-25226485,Opavia Bebe Dobré ráno Mini kakaové sušenky 300 g,opavia_bebe_dobre_rano_mini_kakaove_susenky,67.9,89.9,Kč,67.9 Kč / 300 g,226.33,,False,,,,2026-10-07 - 2026-10-13,https://albertloyaltycz-albert-service-app-prod.delhaize.eu/public/content/leaflet/v3?storeId=583,https://albertloyaltycz-albert-service-app-prod.delhaize.eu/public/minio/images-products/25226485,2026-10-07T05:30:53+02:00
Albert,Trvanlivé,albert-583-22129680,Opavia Zlaté Esíčka se skořicí a kakaem 220 g,opavia_zlate_esicka_se_skorici_a_kakaem,24.9,29.9,Kč,24.9 Kč / 220 g,113.18,,True,Můj Albert,24.9,-16% Můj Albert,2026-10-07 - 2026-10-13,https://albertloyaltycz-albert-service-app-prod.delhaize.eu/public/content/leaflet/v3?storeId=583,https://albertloyaltycz-albert-service-app-prod.delhaize.eu/public/minio/images-products/22129680,2026-10-07T05:30:53+02:00
Albert,Trvanlivé,albert-583-22129680,Opavia Zlaté Esíčka se skořicí a kakaem 220 g,opavia_zlate_esicka_se_skorici_a_kakaem,29.9,29.9,Kč,29.9 Kč / 220 g,135.91,,False,,,,2026-10-07 - 2026-10-13,https://albertloyaltycz-albert-service-app-prod.delhaize.eu/public/content/leaflet/v3?storeId=583,https://albertloyaltycz-albert-service-app-prod.delhaize.eu/public/minio/images-products/22129680,2026-10-07T05:30:53+02:00
Albert,Trvanlivé,albert-583-20300005,Opavia Zlaté polomáčené hořké 100 g,opavia_zlate_polomacene_horke,19.9,25.9,Kč,19.9 Kč / 100 g,199.0,,False,,,,2026-10-07 - 2026-10-13,https://albertloyaltycz-albert-service-app-prod.delhaize.eu/public/content/leaflet/v3?storeId=583,https://albertloyaltycz-albert-service-app-prod.delhaize.eu/public/minio/images-products/20300005,2026-10-07T05:30:53+02:00
Albert,Trvanlivé,albert-583-20300012,Opavia Zlaté věnečky kakaové 150 g,opavia_zlate_venecky_kakaove,24.9,35.9,Kč,24.9 Kč / 150 g,166.0,,False,,,,2026-10-07 - 2026-10-13,https://albertloyaltycz-albert-service-app-prod.delhaize.eu/public/content/leaflet/v3?storeId=583,https://albertloyaltycz-albert-service-app-prod.delhaize.eu/public/minio/images-products/20300012,2026-10-07T05:30:53+02:00
Albert,Trvanlivé,albert-583-25582956,Opl kolon grand čoko 200g,opl_kolon_grand_coko,69.9,99.9,Kč,69.9 Kč / 200 g,349.5,,False,,,,2026-10-07 - 2026-10-13,https://albertloyaltycz-albert-service-app-prod.delhaize.eu/public/content/leaflet/v3?storeId=583,,2026-10-07T05:30:53+02:00
Tesco,Sladkosti a slané snacky,79043,Oplatky Balconi 150 g,oplatky_balconi,26.9,42.7,Kč,"17,93 Kč / 100 g",179.3,,True,Clubcard,26.9,-37% Clubcard platí do úterý 13. 10.,2026-10-07 - 2026-10-13,https://www.kupi.cz/letaky/tesco,https://img.kupi.cz/kupi/thumbs/oplatky-balconi_170_340.png,2026-10-07T05:32:17+02:00
Billa,Sladkosti a slané snacky,2155,Oplatky Clever 175 g,oplatky_clever,24.9,,Kč,"14,23 Kč / 100 g",142.3,,False,,,platí do úterý 20. 10.,2026-10-07 - 2026-10-20,https://www.kupi.cz/letak/billa-letak-italie-u-vas-doma?page=11&map=215641560,https://img.kupi.cz/kupi/thumbs/oplatky-clever_170_340.jpg,2026-10-07T05:31:30+02:00
Billa,Sladkosti a slané snacky,2830,Oplatky Horalky Sedita 50 g,oplatky_horalky_sedita,11.9,,Kč,"23,80 Kč / 100 g",238.0,,False,,,platí do úterý 13. 10.,2026-10-07 - 2026-10-13,https://www.kupi.cz/letak/billa-maly-letak-721?page=5&map=216583617,https://img.kupi.cz/kupi/thumbs/oplatky-horalky-sedita-1_170_340.jpg,2026-10-07T05:31:29+02:00
Tesco,Sladkosti a slané snacky,2830,Oplatky Horalky Sedita 50 g,oplatky_horalky_sedita,11.9,18.89,Kč,"23,80 Kč / 100 g",238.0,,True,Clubcard,11.9,-37% Clubcard platí do úterý 13. 10.,2026-10-07 - 2026-10-13,https://www.kupi.cz/letak/tesco-supermarket-letak-416?page=9&map=216253380,https://img.kupi.cz/kupi/thumbs/oplatky-horalky-sedita-1_170_340.jpg,2026-10-07T05:32:14+02:00
Tesco,Sladkosti a slané snacky,166,Oplatky Knoppers Storck 125 g,oplatky_knoppers_storck,39.9,49.87,Kč,"6,38 Kč / 100 g",319.2,,True,Clubcard,39.9,-20% Clubcard platí do úterý 13. 10.,2026-10-07 - 2026-10-13,https://www.kupi.cz/letaky/tesco,https://img.kupi.cz/kupi/thumbs/oplatky-knoppers-storck_170_340.png,2026-10-07T05:32:16+02:00
Billa,Sladkosti a slané snacky,266,Oplatky Kolonáda Opavia 92 g,oplatky_kolonada_opavia,26.9,57.23,Kč,"29,24 Kč / 100 g",292.4,,True,Billa Club,26.9,-53% Billa Club čt 8. 10. – ne 11. 10.,2026-10-08 - 2026-10-11,https://www.kupi.cz/letak/billa-maly-letak-721?page=7&map=216583800,https://img.kupi.cz/kupi/thumbs/oplatky-kolonada-opavia-1_170_340.jpg,2026-10-07T05:31:29+02:00
Tesco,Sladkosti a slané snacky,1160,Oplatky Mila Sedita 50 g,oplatky_mila_sedita,12.9,18.7,Kč,"25,80 Kč / 100 g",258.0,,True,Clubcard,12.9,-31% Clubcard po 12. 10. – út 13. 10.,2026-10-12 - 2026-10-13,https://www.kupi.cz/letak/tesco-supermarket-letak-416?page=10&map=216253467,https://img.kupi.cz/kupi/thumbs/oplatky-mila-sedita_170_340.jpg,2026-10-07T05:32:14+02:00
Tesco,Sladkosti a slané snacky,1132,Oplatky Miňonky Opavia 50 g,oplatky_minonky_opavia,12.9,19.85,Kč,"25,80 Kč / 100 g",258.0,,True,Clubcard,12.9,-35% Clubcard platí do úterý 13. 10.,2026-10-07 - 2026-10-13,https://www.kupi.cz/letak/tesco-hypermarket-letak-370?page=9&map=216579489,https://img.kupi.cz/kupi/thumbs/oplatky-minonky-opavia-1_170_340.jpg,2026-10-07T05:32:14+02:00
Albert,Trvanlivé,albert-583-27355138,Or.hospo.brambůrky slanina100g,or_hospo_bramburky_slanina100g,24.9,29.9,Kč,24.9 Kč / 100 g,249.0,,False,,,,2026-10-07 - 2026-10-13,https://albertloyaltycz-albert-service-app-prod.delhaize.eu/public/content/leaflet/v3?storeId=583,,2026-10-07T05:30:53+02:00
Albert,Trvanlivé,albert-583-27774168,Orbit blueberry dražé 14g,orbit_blueberry_draze,18.9,22.9,Kč,18.9 Kč / 14 g,1350.0,,False,,,,2026-10-07 - 2026-10-13,https://albertloyaltycz-albert-service-app-prod.delhaize.eu/public/content/leaflet/v3?storeId=583,,2026-10-07T05:30:53+02:00
Albert,Trvanlivé,albert-583-27968871,Orbit bubblemint sáček 50g,orbit_bubblemint_sacek,49.9,64.9,Kč,49.9 Kč / 50 g,998.0,,False,,,,2026-10-07 - 2026-10-13,https://albertloyaltycz-albert-service-app-prod.delhaize.eu/public/content/leaflet/v3?storeId=583,,2026-10-07T05:30:53+02:00
Albert,Trvanlivé,albert-583-25851489,Orbit Bubblemint žvýkačky větrové 14 g,orbit_bubblemint_zvykacky_vetrove,18.9,22.9,Kč,18.9 Kč / 14 g,1350.0,,False,,,,2026-10-07 - 2026-10-13,https://albertloyaltycz-albert-service-app-prod.delhaize.eu/public/content/leaflet/v3?storeId=583,https://albertloyaltycz-albert-service-app-prod.delhaize.eu/public/minio/images-products/25851489,2026-10-07T05:30:53+02:00
Albert,Trvanlivé,albert-583-27968864,Orbit peppermint sáček 50g,orbit_peppermint_sacek,49.9,64.9,Kč,49.9 Kč / 50 g,998.0,,False,,,,2026-10-07 - 2026-10-13,https://albertloyaltycz-albert-service-app-prod.delhaize.eu/public/content/leaflet/v3?storeId=583,,2026-10-07T05:30:53+02:00
Albert,Trvanlivé,albert-583-28039853,Orbit ref.dóza přích.me/ma 67g,orbit_ref_doza_prich_me_ma,64.9,89.9,Kč,64.9 Kč / 67 g,968.66,,False,,,,2026-10-07 - 2026-10-13,https://albertloyaltycz-albert-service-app-prod.delhaize.eu/public/content/leaflet/v3?storeId=583,,2026-10-07T05:30:53+02:00
Albert,Trvanlivé,albert-583-27869437,"Orbit ref.žv.s pří.ja/ci.17,9g 17 g",orbit_ref_zv_s_pri_ja_ci,19.9,25.9,Kč,19.9 Kč / 17 g,1170.59,,False,,,,2026-10-07 - 2026-10-13,https://albertloyaltycz-albert-service-app-prod.delhaize.eu/public/content/leaflet/v3?storeId=583,,2026-10-07T05:30:53+02:00
Albert,Trvanlivé,albert-583-28039860,"Orbit ref.žvý.s pří.me/ma17,9g 17 g",orbit_ref_zvy_s_pri_me_ma17,19.9,25.9,Kč,19.9 Kč / 17 g,1170.59,,False,,,,2026-10-07 - 2026-10-13,https://albertloyaltycz-albert-service-app-prod.delhaize.eu/public/content/leaflet/v3?storeId=583,,2026-10-07T05:30:53+02:00
Albert,Trvanlivé,albert-583-27869420,"Orbit ref.žvý.s pří.trop.17,9g 17 g",orbit_ref_zvy_s_pri_trop,19.9,25.9,Kč,19.9 Kč / 17 g,1170.59,,False,,,,2026-10-07 - 2026-10-13,https://albertloyaltycz-albert-service-app-prod.delhaize.eu/public/content/leaflet/v3?storeId=583,,2026-10-07T05:30:53+02:00
Albert,Trvanlivé,albert-583-27388907,Orbit refresher spearmint 67g,orbit_refresher_spearmint,64.9,89.9,Kč,64.9 Kč / 67 g,968.66,,False,,,,2026-10-07 - 2026-10-13,https://albertloyaltycz-albert-service-app-prod.delhaize.eu/public/content/leaflet/v3?storeId=583,,2026-10-07T05:30:53+02:00
Albert,Trvanlivé,albert-583-27968888,Orbit Spearmint sáček 50 g,orbit_spearmint_sacek,49.9,64.9,Kč,49.9 Kč / 50 g,998.0,,False,,,,2026-10-07 - 2026-10-13,https://albertloyaltycz-albert-service-app-prod.delhaize.eu/public/content/leaflet/v3?storeId=583,https://albertloyaltycz-albert-service-app-prod.delhaize.eu/public/minio/images-products/27968888,2026-10-07T05:30:53+02:00
Albert,Trvanlivé,albert-583-27773642,Orbit strawberry dražé 14g,orbit_strawberry_draze,18.9,22.9,Kč,18.9 Kč / 14 g,1350.0,,False,,,,2026-10-07 - 2026-10-13,https://albertloyaltycz-albert-service-app-prod.delhaize.eu/public/content/leaflet/v3?storeId=583,,2026-10-07T05:30:53+02:00
Albert,Trvanlivé,albert-583-27689936,Orbit tropical refresher 67g,orbit_tropical_refresher,64.9,89.9,Kč,64.9 Kč / 67 g,968.66,,False,,,,2026-10-07 - 2026-10-13,https://albertloyaltycz-albert-service-app-prod.delhaize.eu/public/content/leaflet/v3?storeId=583,,2026-10-07T05:30:53+02:00
Albert,Trvanlivé,albert-583-24195034,Orbit watermelon dr.bottle 64g,orbit_watermelon_dr_bottle,59.9,79.9,Kč,59.9 Kč / 64 g,935.94,,False,,,,2026-10-07 - 2026-10-13,https://albertloyaltycz-albert-service-app-prod.delhaize.eu/public/content/leaflet/v3?storeId=583,,2026-10-07T05:30:53+02:00
Albert,Trvanlivé,albert-583-28116929,Orbit winterfresh 14g,orbit_winterfresh,18.9,22.9,Kč,18.9 Kč / 14 g,1350.0,,False,,,,2026-10-07 - 2026-10-13,https://albertloyaltycz-albert-service-app-prod.delhaize.eu/public/content/leaflet/v3?storeId=583,,2026-10-07T05:30:53+02:00
Albert,Trvanlivé,albert-583-24195010,Orbit žvýk. pepp. dr. bot. 64g,orbit_zvyk_pepp_dr_bot,59.9,79.9,Kč,59.9 Kč / 64 g,935.94,,False,,,,2026-10-07 - 2026-10-13,https://albertloyaltycz-albert-service-app-prod.delhaize.eu/public/content/leaflet/v3?storeId=583,,2026-10-07T05:30:53+02:00
Albert,Trvanlivé,albert-583-24195027,Orbit žvýk. spear.dr. bot. 64g,orbit_zvyk_spear_dr_bot,59.9,79.9,Kč,59.9 Kč / 64 g,935.94,,False,,,,2026-10-07 - 2026-10-13,https://albertloyaltycz-albert-service-app-prod.delhaize.eu/public/content/leaflet/v3?storeId=583,,2026-10-07T05:30:53+02:00
Albert,Trvanlivé,albert-583-22773487,Orbit žvýk. sweet mint dr.17g,orbit_zvyk_sweet_mint_dr,18.9,22.9,Kč,18.9 Kč / 17 g,1111.76,,False,,,,2026-10-07 - 2026-10-13,https://albertloyaltycz-albert-service-app-prod.delhaize.eu/public/content/leaflet/v3?storeId=583,,2026-10-07T05:30:53+02:00
Albert,Trvanlivé,albert-583-23938557,Orbit žvýk. white classic 14g,orbit_zvyk_white_classic,19.9,22.9,Kč,19.9 Kč / 14 g,1421.43,,False,,,,2026-10-07 - 2026-10-13,https://albertloyaltycz-albert-service-app-prod.delhaize.eu/public/content/leaflet/v3?storeId=583,,2026-10-07T05:30:53+02:00
Albert,Trvanlivé,albert-583-25474893,Orbit žvýk. white fruitmint 14 14 g,orbit_zvyk_white_fruitmint,19.9,22.9,Kč,19.9 Kč / 14 g,1421.43,,False,,,,2026-10-07 - 2026-10-13,https://albertloyaltycz-albert-service-app-prod.delhaize.eu/public/content/leaflet/v3?storeId=583,,2026-10-07T05:30:53+02:00
Albert,Trvanlivé,albert-583-25474916,Orbit žvýk. white spearmin 14g,orbit_zvyk_white_spearmin,19.9,22.9,Kč,19.9 Kč / 14 g,1421.43,,False,,,,2026-10-07 - 2026-10-13,https://albertloyaltycz-albert-service-app-prod.delhaize.eu/public/content/leaflet/v3?storeId=583,,2026-10-07T05:30:53+02:00
Albert,Trvanlivé,albert-583-24104524,Orbit žvýkačky melounové 14 g,orbit_zvykacky_melounove,18.9,22.9,Kč,18.9 Kč / 14 g,1350.0,,False,,,,2026-10-07 - 2026-10-13,https://albertloyaltycz-albert-service-app-prod.delhaize.eu/public/content/leaflet/v3?storeId=583,https://albertloyaltycz-albert-service-app-prod.delhaize.eu/public/minio/images-products/24104524,2026-10-07T05:30:53+02:00
Albert,Nápoje,albert-583-20331856,Original River Tonic 2 l,original_river_tonic,19.9,32.9,Kč,19.9 Kč / 2 l,,,False,,,,2026-10-07 - 2026-10-13,https://albertloyaltycz-albert-service-app-prod.delhaize.eu/public/content/leaflet/v3?storeId=583,https://albertloyaltycz-albert-service-app-prod.delhaize.eu/public/minio/images-products/20331856,2026-10-07T05:30:53+02:00
Albert,Trvanlivé,albert-583-27597132,Originální hospodské brambůrky solené 180 g,originalni_hospodske_bramburky_solene,39.9,49.9,Kč,39.9 Kč / 180 g,221.67,,False,,,,2026-10-07 - 2026-10-13,https://albertloyaltycz-albert-service-app-prod.delhaize.eu/public/content/leaflet/v3?storeId=583,https://albertloyaltycz-albert-service-app-prod.delhaize.eu/public/minio/images-products/27597132,2026-10-07T05:30:53+02:00
Albert,Trvanlivé,albert-583-20318963,Orion čokoláda bílá 85g,orion_cokolada_bila,29.9,39.9,Kč,29.9 Kč / 85 g,351.76,,False,,,,2026-10-07 - 2026-10-13,https://albertloyaltycz-albert-service-app-prod.delhaize.eu/public/content/leaflet/v3?storeId=583,,2026-10-07T05:30:53+02:00
Albert,Trvanlivé,albert-583-20301262,Orion čokoláda hořká 85g,orion_cokolada_horka,29.9,39.9,Kč,29.9 Kč / 85 g,351.76,,False,,,,2026-10-07 - 2026-10-13,https://albertloyaltycz-albert-service-app-prod.delhaize.eu/public/content/leaflet/v3?storeId=583,,2026-10-07T05:30:53+02:00
Albert,Trvanlivé,albert-583-20301279,Orion čokoláda mléčná 85g,orion_cokolada_mlecna,29.9,39.9,Kč,29.9 Kč / 85 g,351.76,,False,,,,2026-10-07 - 2026-10-13,https://albertloyaltycz-albert-service-app-prod.delhaize.eu/public/content/leaflet/v3?storeId=583,,2026-10-07T05:30:53+02:00
Albert,Trvanlivé,albert-583-20301552,Orion koko čoko tyčinka 35g,orion_koko_coko_tycinka,9.9,17.9,Kč,9.9 Kč / 35 g,282.86,,False,,,,2026-10-07 - 2026-10-13,https://albertloyaltycz-albert-service-app-prod.delhaize.eu/public/content/leaflet/v3?storeId=583,,2026-10-07T05:30:53+02:00
Albert,Trvanlivé,albert-583-27153659,Orion margot bílá 80g,orion_margot_bila,15.9,26.9,Kč,15.9 Kč / 80 g,198.75,,False,,,,2026-10-07 - 2026-10-13,https://albertloyaltycz-albert-service-app-prod.delhaize.eu/public/content/leaflet/v3?storeId=583,,2026-10-07T05:30:53+02:00
Albert,Trvanlivé,albert-583-28167174,Orion margot peanut butter 70g,orion_margot_peanut_butter,15.9,26.9,Kč,15.9 Kč / 70 g,227.14,,False,,,,2026-10-07 - 2026-10-13,https://albertloyaltycz-albert-service-app-prod.delhaize.eu/public/content/leaflet/v3?storeId=583,,2026-10-07T05:30:53+02:00
Albert,Trvanlivé,albert-583-20301583,Orion Margot tyčinka s kokosem 80 g,orion_margot_tycinka_s_kokosem,15.9,26.9,Kč,15.9 Kč / 80 g,198.75,,False,,,,2026-10-07 - 2026-10-13,https://albertloyaltycz-albert-service-app-prod.delhaize.eu/public/content/leaflet/v3?storeId=583,https://albertloyaltycz-albert-service-app-prod.delhaize.eu/public/minio/images-products/20301583,2026-10-07T05:30:53+02:00
Albert,Trvanlivé,albert-583-20301538,Orion Milena Tyčinka čokoládová 32 g,orion_milena_tycinka_cokoladova,9.9,17.9,Kč,9.9 Kč / 32 g,309.38,,False,,,,2026-10-07 - 2026-10-13,https://albertloyaltycz-albert-service-app-prod.delhaize.eu/public/content/leaflet/v3?storeId=583,https://albertloyaltycz-albert-service-app-prod.delhaize.eu/public/minio/images-products/20301538,2026-10-07T05:30:53+02:00
Albert,Trvanlivé,albert-583-28046318,Orion Studentská pečeť čokoláda 90 g,orion_studentska_pecet_cokolada,29.9,39.9,Kč,29.9 Kč / 90 g,332.22,,False,,,,2026-10-07 - 2026-10-13,https://albertloyaltycz-albert-service-app-prod.delhaize.eu/public/content/leaflet/v3?storeId=583,https://albertloyaltycz-albert-service-app-prod.delhaize.eu/public/minio/images-products/28046318,2026-10-07T05:30:53+02:00
Albert,Trvanlivé,albert-583-25430882,Os hello mango 190 g,os_hello_mango,11.9,18.9,Kč,11.9 Kč / 190 g,62.63,,False,,,,2026-10-07 - 2026-10-13,https://albertloyaltycz-albert-service-app-prod.delhaize.eu/public/content/leaflet/v3?storeId=583,,2026-10-07T05:30:53+02:00
Tesco,"Maso, uzeniny a ryby",2398,Ostravská klobása 100 g,ostravska_klobasa,13.9,18.78,Kč,"13,90 Kč / 100 g",139.0,,True,Clubcard,13.9,-26% Clubcard platí do úterý 13. 10.,2026-10-07 - 2026-10-13,https://www.kupi.cz/letak/tesco-hypermarket-letak-370?page=18&map=216580461,https://img.kupi.cz/kupi/thumbs/ostravska-klobasa_170_340.jpg,2026-10-07T05:31:55+02:00
Tesco,"Maso, uzeniny a ryby",134838,Ostravská klobása Tesco 220 g,ostravska_klobasa,49.9,71.29,Kč,"22,68 Kč / 100 g",226.8,,True,Clubcard,49.9,-30% Clubcard platí do úterý 13. 10.,2026-10-07 - 2026-10-13,https://www.kupi.cz/letak/tesco-supermarket-letak-416?page=4&map=216253137,https://img.kupi.cz/kupi/thumbs/ostravska-klobasa-tesco-2_170_340.jpg,2026-10-07T05:31:55+02:00
Tesco,"Maso, uzeniny a ryby",134838,Ostravská klobása Tesco 220 g,ostravska_klobasa,49.9,,Kč,"22,68 Kč / 100 g",226.8,,True,Clubcard,49.9,Clubcard platí do úterý 13. 10.,2026-10-07 - 2026-10-13,https://www.kupi.cz/letak/tesco-hypermarket-letak-370?page=18&map=216580467,https://img.kupi.cz/kupi/thumbs/ostravska-klobasa-tesco-2_170_340.jpg,2026-10-07T05:31:55+02:00
Tesco,"Maso, uzeniny a ryby",134838,Ostravská klobása Tesco 220 g,ostravska_klobasa,71.9,,Kč,"32,68 Kč / 100 g",326.8,,False,,,platí do úterý 13. 10.,2026-10-07 - 2026-10-13,https://www.kupi.cz/letak/tesco-hypermarket-letak-370?page=18&map=216580464,https://img.kupi.cz/kupi/thumbs/ostravska-klobasa-tesco-2_170_340.jpg,2026-10-07T05:31:55+02:00
Albert,Trvanlivé,albert-583-20305901,Otma Gurmán kečup extra jemný 0.52 kg,otma_gurman_kecup_extra_jemny,49.9,79.9,Kč,49.9 Kč / 0.52 kg,95.96,,False,,,,2026-10-07 - 2026-10-13,https://albertloyaltycz-albert-service-app-prod.delhaize.eu/public/content/leaflet/v3?storeId=583,https://albertloyaltycz-albert-service-app-prod.delhaize.eu/public/minio/images-products/20305901,2026-10-07T05:30:53+02:00
Albert,Trvanlivé,albert-583-27495131,Otma kečup jemný 840g 0.84 kg,otma_kecup_jemny,82.6,111.9,Kč,82.6 Kč / 0.84 kg,98.33,,False,,,,2026-10-07 - 2026-10-13,https://albertloyaltycz-albert-service-app-prod.delhaize.eu/public/content/leaflet/v3?storeId=583,,2026-10-07T05:30:53+02:00
Albert,Trvanlivé,albert-583-25784084,Oves.suš.polom.čoko.60g,oves_sus_polom_coko,16.9,21.9,Kč,16.9 Kč / 60 g,281.67,,False,,,,2026-10-07 - 2026-10-13,https://albertloyaltycz-albert-service-app-prod.delhaize.eu/public/content/leaflet/v3?storeId=583,,2026-10-07T05:30:53+02:00
Billa,Zdravá výživa,25621,Ovesná kaše Dr. Oetker 58 g,ovesna_kase_dr_oetker,10.9,15.8,Kč,"18,79 Kč / 100 g",187.9,,False,,,-31% platí do úterý 13. 10.,2026-10-07 - 2026-10-13,https://www.kupi.cz/letak/billa-velky-letak-292?page=39&map=216584532,https://img.kupi.cz/kupi/thumbs/ovesna-kase-dr-oetker_170_340.jpg,2026-10-07T05:31:31+02:00
Tesco,Zdravá výživa,25621,Ovesná kaše Dr. Oetker 58 g,ovesna_kase_dr_oetker,10.9,15.8,Kč,"18,79 Kč / 100 g",187.9,,True,Clubcard,10.9,-31% Clubcard st 14. 10. – út 27. 10.,2026-10-14 - 2026-10-27,https://www.kupi.cz/letak/tesco-hypermarket-znacky-ktere-mate-radi-2?page=17&map=215327364,https://img.kupi.cz/kupi/thumbs/ovesna-kase-dr-oetker_170_340.jpg,2026-10-07T05:32:19+02:00
Tesco,Sladkosti a slané snacky,4162,Ovesné sušenky Mysli na zdraví Emco 60 g,ovesne_susenky_mysli_na_zdravi_emco,17.9,22.66,Kč,"29,83 Kč / 100 g",298.3,,True,Clubcard,17.9,-21% Clubcard platí do úterý 13. 10.,2026-10-07 - 2026-10-13,https://www.kupi.cz/letaky/tesco,https://img.kupi.cz/kupi/thumbs/ovesne-susenky-mysli-na-zdravi-emco_170_340.jpg,2026-10-07T05:32:16+02:00
Billa,Sladkosti a slané snacky,572478,Ovesné sušenky srdíčka Super bez cukru Emco 140 g,ovesne_susenky_srdicka_super_bez_cukru_emco,39.9,,Kč,"28,50 Kč / 100 g",285.0,,False,,,platí do úterý 13. 10.,2026-10-07 - 2026-10-13,https://www.kupi.cz/letak/billa-velky-letak-292?page=26&map=216583020,https://img.kupi.cz/kupi/thumbs/ovesne-susenky-srdicka-super-bez-cukru-emco_170_340.jpg,2026-10-07T05:31:30+02:00
Tesco,Sladkosti a slané snacky,572478,Ovesné sušenky srdíčka Super bez cukru Emco 140 g,ovesne_susenky_srdicka_super_bez_cukru_emco,39.9,59.55,Kč,"28,50 Kč / 100 g",285.0,,True,Clubcard,39.9,-33% Clubcard platí do úterý 13. 10.,2026-10-07 - 2026-10-13,https://www.kupi.cz/letaky/tesco,https://img.kupi.cz/kupi/thumbs/ovesne-susenky-srdicka-super-bez-cukru-emco_170_340.jpg,2026-10-07T05:32:17+02:00
Billa,Zdravá výživa,406606,Ovesný nápoj Barista Oatly 1 l,ovesny_napoj_barista_oatly,54.9,,Kč,"54,90 Kč / 1 l",,,False,,,platí do úterý 13. 10.,2026-10-07 - 2026-10-13,https://www.kupi.cz/letak/billa-velky-letak-292?page=25&map=216582990,https://img.kupi.cz/kupi/thumbs/ovesny-napoj-barista-oatly_170_340.jpg,2026-10-07T05:31:31+02:00
Billa,Zdravá výživa,571704,Ovesný nápoj Matcha Oatly 1 l,ovesny_napoj_matcha_oatly,64.9,,Kč,"64,90 Kč / 1 l",,,False,,,platí do úterý 13. 10.,2026-10-07 - 2026-10-13,https://www.kupi.cz/letak/billa-velky-letak-292?page=25&map=216582987,https://img.kupi.cz/kupi/thumbs/ovesny-napoj-matcha-oatly_170_340.png,2026-10-07T05:31:31+02:00
Tesco,Zdravá výživa,73929,Ovesný nápoj Oatly 1 l,ovesny_napoj_oatly,64.9,94.06,Kč,"64,90 Kč / 1 l",,,True,Clubcard,64.9,-31% Clubcard platí do úterý 27. 10.,2026-10-07 - 2026-10-27,https://www.kupi.cz/letak/tesco-hypermarket-znacky-ktere-mate-radi-2?page=19&map=215327946,https://img.kupi.cz/kupi/thumbs/ovesny-napoj-oatly_170_340.png,2026-10-07T05:32:19+02:00
Billa,Vaření a pečení,460940,Ovocná pomazánka Billa Premium 250 g,ovocna_pomazanka_premium,39.9,51.82,Kč,"15,96 Kč / 100 g",159.6,,False,,,-23% platí do úterý 13. 10.,2026-10-07 - 2026-10-13,https://www.kupi.cz/letak/billa-velky-letak-292?page=18&map=216582786,https://img.kupi.cz/kupi/thumbs/ovocna-pomazanka-billa-premium_170_340.jpg,2026-10-07T05:31:27+02:00
Albert,Tržnice u Alberta,albert-583-27198131,Albert 100% ovocná šťáva pomeranč s dužinou 2 l,ovocna_stava_pomeranc_s_duzinou,119.9,139.9,Kč,119.9 Kč / 2 l,,,False,,,-14%,2026-10-07 - 2026-10-13,https://albertloyaltycz-albert-service-app-prod.delhaize.eu/public/content/leaflet/v3?storeId=583,https://albertloyaltycz-albert-service-app-prod.delhaize.eu/public/minio/images-products/27198131,2026-10-07T05:30:53+02:00
Albert,Trvanlivé,albert-583-26446745,Ovocný čaj love 45g,ovocny_caj_love,32.9,44.9,Kč,32.9 Kč / 45 g,731.11,,False,,,,2026-10-07 - 2026-10-13,https://albertloyaltycz-albert-service-app-prod.delhaize.eu/public/content/leaflet/v3?storeId=583,,2026-10-07T05:30:53+02:00
Billa,"Maso, uzeniny a ryby",11946,Panenka vepřová 1 kg,panenka_veprova,169.9,257.42,Kč,"169,90 Kč / 1 kg",169.9,,False,,,-34% platí do úterý 13. 10.,2026-10-07 - 2026-10-13,https://www.kupi.cz/letak/billa-velky-letak-292?page=3&map=216582447,https://img.kupi.cz/kupi/thumbs/panenka-veprova_170_340.jpg,2026-10-07T05:31:08+02:00
Tesco,"Maso, uzeniny a ryby",44161,Panenka vepřová Tesco 1 kg,panenka_veprova,199.9,259.61,Kč,"199,90 Kč / 1 kg",199.9,,True,Clubcard,199.9,-23% Clubcard platí do úterý 13. 10.,2026-10-07 - 2026-10-13,https://www.kupi.cz/letak/tesco-hypermarket-letak-370?page=18&map=216580443,https://img.kupi.cz/kupi/thumbs/veprova-panenka-tesco_170_340.jpg,2026-10-07T05:31:55+02:00
Tesco,Mražené a instantní potraviny,363505,Pangasius filety mražený Mylord 1000 g,pangasius_filety_mrazeny_mylord,149.9,202.57,Kč,"14,99 Kč / 100 g",149.9,,True,Clubcard,149.9,-26% Clubcard platí do úterý 3. 11.,2026-10-07 - 2026-11-03,https://www.kupi.cz/letak/tesco-hypermarket-letak-370?page=19&map=216580578,https://www.kupi.cz/img/no_img/no_discounts.png,2026-10-07T05:32:04+02:00
Albert,Trvanlivé,albert-583-26934167,Panzani špagety maxi semolinové těstoviny 1 kg,panzani_spagety_maxi_semolinove_testoviny,44.9,95.9,Kč,44.9 Kč / 1 kg,44.9,,True,Můj Albert,44.9,-53% Můj Albert,2026-10-07 - 2026-10-13,https://albertloyaltycz-albert-service-app-prod.delhaize.eu/public/content/leaflet/v3?storeId=583,https://albertloyaltycz-albert-service-app-prod.delhaize.eu/public/minio/images-products/26934167,2026-10-07T05:30:53+02:00
Albert,Trvanlivé,albert-583-26934167,Panzani špagety maxi semolinové těstoviny 1 kg,panzani_spagety_maxi_semolinove_testoviny,49.9,95.9,Kč,49.9 Kč / 1 kg,49.9,,False,,,-47%,2026-10-07 - 2026-10-13,https://albertloyaltycz-albert-service-app-prod.delhaize.eu/public/content/leaflet/v3?storeId=583,https://albertloyaltycz-albert-service-app-prod.delhaize.eu/public/minio/images-products/26934167,2026-10-07T05:30:53+02:00
Albert,Tržnice u Alberta,albert-583-24228862,Albertova tržnice papriky sladké 2 ks,paprika,29.9,44.9,Kč,29.9 Kč / 2 ks,,14.95,False,,,-33%,2026-10-07 - 2026-10-13,https://albertloyaltycz-albert-service-app-prod.delhaize.eu/public/content/leaflet/v3?storeId=583,https://albertloyaltycz-albert-service-app-prod.delhaize.eu/public/minio/images-products/24228862,2026-10-07T05:30:53+02:00
Albert,Trvanlivé,albert-583-27228050,Boh. chips přích. paprika 130g,paprika,34.9,49.9,Kč,34.9 Kč / 130 g,268.46,,False,,,,2026-10-07 - 2026-10-13,https://albertloyaltycz-albert-service-app-prod.delhaize.eu/public/content/leaflet/v3?storeId=583,,2026-10-07T05:30:53+02:00
Albert,Trvanlivé,albert-583-20488628,Kotányi Paprika lahůdková mletá 25 g,paprika,15.9,25.9,Kč,15.9 Kč / 25 g,636.0,,False,,,,2026-10-07 - 2026-10-13,https://albertloyaltycz-albert-service-app-prod.delhaize.eu/public/content/leaflet/v3?storeId=583,https://albertloyaltycz-albert-service-app-prod.delhaize.eu/public/minio/images-products/20488628,2026-10-07T05:30:53+02:00
Albert,Trvanlivé,albert-583-26685120,Koř.paprika guláš.mletá 23g,paprika,12.9,15.9,Kč,12.9 Kč / 23 g,560.87,,False,,,-18%,2026-10-07 - 2026-10-13,https://albertloyaltycz-albert-service-app-prod.delhaize.eu/public/content/leaflet/v3?storeId=583,,2026-10-07T05:30:53+02:00
Albert,Mléčné a chlazené,albert-583-20294250,Král Sýrů Hermelín lahůdková paprika 120 g,paprika,29.9,59.9,Kč,29.9 Kč / 120 g,249.17,,True,Můj Albert,29.9,-50% Můj Albert,2026-10-07 - 2026-10-13,https://albertloyaltycz-albert-service-app-prod.delhaize.eu/public/content/leaflet/v3?storeId=583,https://albertloyaltycz-albert-service-app-prod.delhaize.eu/public/minio/images-products/20294250,2026-10-07T05:30:53+02:00
Albert,Mléčné a chlazené,albert-583-20294250,Král Sýrů Hermelín lahůdková paprika 120 g,paprika,34.9,59.9,Kč,34.9 Kč / 120 g,290.83,,False,,,-41%,2026-10-07 - 2026-10-13,https://albertloyaltycz-albert-service-app-prod.delhaize.eu/public/content/leaflet/v3?storeId=583,https://albertloyaltycz-albert-service-app-prod.delhaize.eu/public/minio/images-products/20294250,2026-10-07T05:30:53+02:00
Albert,Trvanlivé,albert-583-26685090,Vitana Paprika sladká mletá 23 g,paprika,12.9,15.9,Kč,12.9 Kč / 23 g,560.87,,False,,,-18%,2026-10-07 - 2026-10-13,https://albertloyaltycz-albert-service-app-prod.delhaize.eu/public/content/leaflet/v3?storeId=583,https://albertloyaltycz-albert-service-app-prod.delhaize.eu/public/minio/images-products/26685090,2026-10-07T05:30:53+02:00
Tesco,Ovoce a zelenina,2114,Paprika bílá 1 kg,paprika,29.9,49.83,Kč,"29,90 Kč / 1 kg",29.9,,True,Clubcard,29.9,-40% Clubcard platí do úterý 13. 10.,2026-10-07 - 2026-10-13,https://www.kupi.cz/letak/tesco-hypermarket-letak-370?page=3&map=216577860,https://img.kupi.cz/kupi/thumbs/paprika-bila_170_340.png,2026-10-07T05:31:43+02:00
Billa,Vaření a pečení,364534,Koření Paprika mletá Avokádo 25 g,paprika_avokado,8.9,,Kč,"35,60 Kč / 100 g",356.0,,False,,,platí do úterý 13. 10.,2026-10-07 - 2026-10-13,https://www.kupi.cz/letak/billa-velky-letak-292?page=26&map=216583035,https://img.kupi.cz/kupi/thumbs/koreni-paprika-mleta-avokado_170_340.png,2026-10-07T05:31:25+02:00
Billa,Ovoce a zelenina,1373,Paprika červená kapie 1 kg,paprika_cervena,59.9,84.37,Kč,"59,90 Kč / 1 kg",59.9,,False,,,-29% platí do úterý 13. 10.,2026-10-07 - 2026-10-13,https://www.kupi.cz/letak/billa-velky-letak-292?page=5&map=216582501,https://img.kupi.cz/kupi/thumbs/paprika-cervena-kapie-1_170_340.jpg,2026-10-07T05:30:57+02:00
Albert,Trvanlivé,albert-583-28171072,Energy snack paprika rajče 60g,paprika_rajcata,39.9,49.9,Kč,39.9 Kč / 60 g,665.0,,False,,,,2026-10-07 - 2026-10-13,https://albertloyaltycz-albert-service-app-prod.delhaize.eu/public/content/leaflet/v3?storeId=583,,2026-10-07T05:30:53+02:00
Albert,Mléčné a chlazené,albert-583-22839428,Gervais paprika a rajče 80g,paprika_rajcata,19.9,29.9,Kč,19.9 Kč / 80 g,248.75,,False,,,-33%,2026-10-07 - 2026-10-13,https://albertloyaltycz-albert-service-app-prod.delhaize.eu/public/content/leaflet/v3?storeId=583,,2026-10-07T05:30:53+02:00
Billa,"Maso, uzeniny a ryby",418273,Párek lidový drůbeží 340 g,parek_lidovy_drubezi,29.9,49.83,Kč,"8,79 Kč / 100 g",87.9,,True,Billa Club,29.9,-40% Billa Club platí do úterý 13. 10.,2026-10-07 - 2026-10-13,https://www.kupi.cz/letak/billa-velky-letak-292?page=22&map=216582858,https://img.kupi.cz/kupi/thumbs/parek-lidovy-drubezi_170_340.jpg,2026-10-07T05:31:10+02:00
Tesco,Mléčné výrobky a vejce,527634,Parenica gazdovská Agrofarma Červený Kameň 300 g,parenica_gazdovska_agrofarma_cerveny_kamen,74.9,89.17,Kč,"24,97 Kč / 100 g",249.7,,True,Clubcard,74.9,-16% Clubcard platí do úterý 27. 10.,2026-10-07 - 2026-10-27,https://www.kupi.cz/letak/tesco-hypermarket-znacky-ktere-mate-radi-2?page=5&map=215326851,https://www.kupi.cz/img/no_img/no_discounts.png,2026-10-07T05:31:53+02:00
Billa,Mléčné výrobky a vejce,7862,Pařížská šlehačka Mlékárna Kunín 27% 200 g,parizska_slehacka_mlekarna_kunin,34.9,41.55,Kč,"17,45 Kč / 100 g",174.5,,False,,,-16% platí do úterý 13. 10.,2026-10-07 - 2026-10-13,https://www.kupi.cz/letak/billa-velky-letak-292?page=17&map=216582750,https://img.kupi.cz/kupi/thumbs/parizska-slehacka-kunin-27-1_170_340.jpg,2026-10-07T05:31:04+02:00
Tesco,"Maso, uzeniny a ryby",258116,Párky kuřecí pochoutkové DZ Klatovy 850 g,parky_kureci_pochoutkove_dz_klatovy,69.9,129.44,Kč,"8,22 Kč / 100 g",82.2,,True,Clubcard,69.9,-46% Clubcard st 14. 10. – út 27. 10.,2026-10-14 - 2026-10-27,https://www.kupi.cz/letak/tesco-hypermarket-znacky-ktere-mate-radi-2?page=4&map=215326557,https://img.kupi.cz/kupi/thumbs/parky-kureci-pochoutkove-dz-klatovy_170_340.png,2026-10-07T05:31:57+02:00
Tesco,"Maso, uzeniny a ryby",60068,Párky poctivé Kostelecké uzeniny 180 g,parky_poctive_kostelecke_uzeniny,53.9,79.26,Kč,"29,94 Kč / 100 g",299.4,,True,Clubcard,53.9,-32% Clubcard platí do úterý 13. 10.,2026-10-07 - 2026-10-13,https://www.kupi.cz/letak/tesco-hypermarket-znacky-ktere-mate-radi-2?page=3&map=215325975,https://img.kupi.cz/kupi/thumbs/parky-poctive-kostelecke-uzeniny-1_170_340.jpg,2026-10-07T05:31:55+02:00
Tesco,"Maso, uzeniny a ryby",20595,Párky vídeňské Beskydské uzeniny Chodura 200 g,parky_videnske_beskydske_uzeniny_chodura,49.9,64.81,Kč,"24,95 Kč / 100 g",249.5,,True,Clubcard,49.9,-23% Clubcard platí do úterý 13. 10.,2026-10-07 - 2026-10-13,https://www.kupi.cz/letak/tesco-hypermarket-znacky-ktere-mate-radi-2?page=3&map=215326257,https://img.kupi.cz/kupi/thumbs/parky-videnske-beskydske-uzeniny-chodura_170_340.jpg,2026-10-07T05:31:55+02:00
Billa,"Maso, uzeniny a ryby",482604,Párky vídeňské Clean & Simple 180 g,parky_videnske_clean_simple,59.9,76.79,Kč,"33,28 Kč / 100 g",332.8,,False,,,-22% platí do úterý 13. 10.,2026-10-07 - 2026-10-13,https://www.kupi.cz/letak/billa-velky-letak-292?page=19&map=216582828,https://img.kupi.cz/kupi/thumbs/parky-videnske-clean-simple_170_340.jpg,2026-10-07T05:31:10+02:00
Billa,"Maso, uzeniny a ryby",553917,Párky vídeňské Deli 100 g,parky_videnske_deli,17.9,19.89,Kč,"17,90 Kč / 100 g",179.0,,False,,,-10% platí do úterý 13. 10.,2026-10-07 - 2026-10-13,https://www.kupi.cz/letak/billa-velky-letak-292?page=11&map=216582627,https://img.kupi.cz/kupi/thumbs/parky-videnske-deli_170_340.jpg,2026-10-07T05:31:10+02:00
Albert,Trvanlivé,albert-583-21429699,Pašt a bůčk.pomaz.hamé 48g,past_a_buck_pomaz_hame,9.9,19.9,Kč,9.9 Kč / 48 g,206.25,,False,,,,2026-10-07 - 2026-10-13,https://albertloyaltycz-albert-service-app-prod.delhaize.eu/public/content/leaflet/v3?storeId=583,,2026-10-07T05:30:53+02:00
Albert,Trvanlivé,albert-583-24556705,Pašt a ďáb.tous.drůb.hamé 120g,past_a_dab_tous_drub_hame,24.2,49.9,Kč,24.2 Kč / 120 g,201.67,,False,,,,2026-10-07 - 2026-10-13,https://albertloyaltycz-albert-service-app-prod.delhaize.eu/public/content/leaflet/v3?storeId=583,,2026-10-07T05:30:53+02:00
Albert,Trvanlivé,albert-583-24556712,Pašt a krůt.m.s. vej hamé 120g,past_a_krut_m_s_vej_hame,27.9,49.9,Kč,27.9 Kč / 120 g,232.5,,False,,,,2026-10-07 - 2026-10-13,https://albertloyaltycz-albert-service-app-prod.delhaize.eu/public/content/leaflet/v3?storeId=583,,2026-10-07T05:30:53+02:00
Albert,Trvanlivé,albert-583-23955561,Pašt a svačinka hamé 48g,past_a_svacinka_hame,9.9,19.9,Kč,9.9 Kč / 48 g,206.25,,False,,,,2026-10-07 - 2026-10-13,https://albertloyaltycz-albert-service-app-prod.delhaize.eu/public/content/leaflet/v3?storeId=583,,2026-10-07T05:30:53+02:00
Albert,Trvanlivé,albert-583-25080049,Pašt.pekel.tousty viva 120g,past_pekel_tousty_viva,19.9,36.9,Kč,19.9 Kč / 120 g,165.83,,False,,,,2026-10-07 - 2026-10-13,https://albertloyaltycz-albert-service-app-prod.delhaize.eu/public/content/leaflet/v3?storeId=583,,2026-10-07T05:30:53+02:00
Albert,Trvanlivé,albert-583-25080018,Pašt.tuňák s vejci viva 120g,past_tunak_s_vejci_viva,19.9,36.9,Kč,19.9 Kč / 120 g,165.83,,False,,,,2026-10-07 - 2026-10-13,https://albertloyaltycz-albert-service-app-prod.delhaize.eu/public/content/leaflet/v3?storeId=583,,2026-10-07T05:30:53+02:00
Albert,Trvanlivé,albert-583-25080056,Pašt.uzené s vejci viva 120g,past_uzene_s_vejci_viva,19.9,36.9,Kč,19.9 Kč / 120 g,165.83,,False,,,,2026-10-07 - 2026-10-13,https://albertloyaltycz-albert-service-app-prod.delhaize.eu/public/content/leaflet/v3?storeId=583,,2026-10-07T05:30:53+02:00
Tesco,Konzervy,7082,Paštika Tesco 150 g,pastika,19.9,23.69,Kč,"13,27 Kč / 100 g",132.7,,True,Clubcard,19.9,-16% Clubcard platí do úterý 13. 10.,2026-10-07 - 2026-10-13,https://www.kupi.cz/letak/tesco-supermarket-letak-416?page=4&map=216253140,https://img.kupi.cz/kupi/thumbs/pastika-tesco_170_340.jpg,2026-10-07T05:32:02+02:00
Billa,Konzervy,27892,Paštika ardénská s jablky 100 g,pastika_ardenska_s_jablky,36.9,42.41,Kč,"36,90 Kč / 100 g",369.0,,False,,,-13% platí do úterý 13. 10.,2026-10-07 - 2026-10-13,https://www.kupi.cz/letak/billa-velky-letak-292?page=11&map=216582639,https://img.kupi.cz/kupi/thumbs/pastika-ardenska-s-jablky_170_340.png,2026-10-07T05:31:13+02:00
Billa,Konzervy,284,Paštika Májka Hamé 192 g,pastika_majka_hame,22.9,,Kč,"11,93 Kč / 100 g",119.3,,False,,,platí do úterý 13. 10.,2026-10-07 - 2026-10-13,https://www.kupi.cz/letak/billa-maly-letak-721?page=5&map=216583641,https://img.kupi.cz/kupi/thumbs/pastika-majka-hame_170_340.jpg,2026-10-07T05:31:13+02:00
Albert,Trvanlivé,albert-583-25323610,Paštika matěj hamé 48g,pastika_matej_hame,9.9,19.9,Kč,9.9 Kč / 48 g,206.25,,False,,,,2026-10-07 - 2026-10-13,https://albertloyaltycz-albert-service-app-prod.delhaize.eu/public/content/leaflet/v3?storeId=583,,2026-10-07T05:30:53+02:00
Tesco,Konzervy,4442,Paštiky Hamé 120 g,pastiky_hame,19.9,29.7,Kč,"16,58 Kč / 100 g",165.8,,True,Clubcard,19.9,-33% Clubcard platí do úterý 13. 10.,2026-10-07 - 2026-10-13,https://www.kupi.cz/letaky/tesco,https://img.kupi.cz/kupi/thumbs/pastiky-hame_170_340.png,2026-10-07T05:32:01+02:00
Billa,Lahůdky,30395,Paté Rio Mare 100 g,pate_rio_mare,64.9,,Kč,"64,90 Kč / 100 g",649.0,,False,,,platí do úterý 20. 10.,2026-10-07 - 2026-10-20,https://www.kupi.cz/letak/billa-letak-italie-u-vas-doma?page=7&map=215641404,https://img.kupi.cz/kupi/thumbs/pate-rio-mare-1_170_340.jpg,2026-10-07T05:31:11+02:00
Lidl,Ovoce a zelenina,10057007,Patizon,patizon,29.9,39.9,Kč,29.9 Kč / 1 kg,29.9,,False,,,-25%,2026-10-08 - 2026-10-11,https://www.lidl.cz/p/patizon/p10057007,https://imgproxy-retcat.assets.schwarz/lQG5khFMPyLCv3OKf-20qs_ku6SXfYk90GImm5mEA0Y/sm:0/exar:1:ce/w:427/h:320/cz/M6Ly9wcm9kLWNhd/GFsb2ctbWVkaWEvY3ovMS9DMUIwQURENkI0OTE2RUEyRTEwQTJFMDU/wMEM0OEZCRjc4MjFDQzA3NEVBMEY4Mjk4RTI1NjdGNDQ1RjQ2REQxLnBuZw.png,2026-10-07T05:31:40+02:00
Tesco,Ovoce a zelenina,76498,Patizon 1 kg,patizon,24.9,39.52,Kč,"24,90 Kč / 1 kg",24.9,,True,Clubcard,24.9,-37% Clubcard platí do úterý 13. 10.,2026-10-07 - 2026-10-13,https://www.kupi.cz/letak/tesco-supermarket-letak-416?page=11&map=216253536,https://img.kupi.cz/kupi/thumbs/patizon_170_340.jpg,2026-10-07T05:31:44+02:00
Albert,Uzeniny a lahůdky,albert-583-20715427,*pečeně kladenská 100 g,pecene_kladenska,21.9,27.9,Kč,21.9 Kč / 100 g,219.0,,False,,,-21%,2026-10-07 - 2026-10-13,https://albertloyaltycz-albert-service-app-prod.delhaize.eu/public/content/leaflet/v3?storeId=583,,2026-10-07T05:30:53+02:00
Albert,Uzeniny a lahůdky,albert-583-28025528,Pečeně v pepři 100 g,pecene_v_pepri,25.9,29.9,Kč,25.9 Kč / 100 g,259.0,,False,,,-13%,2026-10-07 - 2026-10-13,https://albertloyaltycz-albert-service-app-prod.delhaize.eu/public/content/leaflet/v3?storeId=583,,2026-10-07T05:30:53+02:00
Billa,Pečivo,578205,Pečivo Flabatta 90 g,pecivo_flabatta,9.9,11.79,Kč,"11,00 Kč / 100 g",110.0,,True,Billa Club,9.9,-16% Billa Club platí do úterý 20. 10.,2026-10-07 - 2026-10-20,https://www.kupi.cz/letak/billa-letak-italie-u-vas-doma?page=12&map=215641605,https://www.kupi.cz/img/no_img/no_discounts.png,2026-10-07T05:30:59+02:00
Billa,Pečivo,477771,Pečivo pinsa 250 g,pecivo_pinsa,59.9,69.65,Kč,"23,96 Kč / 100 g",239.6,,True,Billa Club,59.9,-14% Billa Club platí do úterý 20. 10.,2026-10-07 - 2026-10-20,https://www.kupi.cz/letak/billa-letak-italie-u-vas-doma?page=12&map=215641653,https://img.kupi.cz/kupi/thumbs/pecivo-pinsa_170_340.jpg,2026-10-07T05:30:59+02:00
Billa,Pečivo,429438,Pečivo tyčinka sýrová 80 g,pecivo_tycinka_syrova,16.9,18.78,Kč,"21,12 Kč / 100 g",211.2,,True,Billa Club,16.9,-10% Billa Club platí do úterý 20. 10.,2026-10-07 - 2026-10-20,https://www.kupi.cz/letak/billa-letak-italie-u-vas-doma?page=12&map=215641629,https://img.kupi.cz/kupi/thumbs/pecivo-tycinka-syrova_170_340.png,2026-10-07T05:30:59+02:00
Albert,Trvanlivé,albert-583-26692425,Pepř černý celý 18g,pepr_cerny_cely,16.9,19.9,Kč,16.9 Kč / 18 g,938.89,,False,,,,2026-10-07 - 2026-10-13,https://albertloyaltycz-albert-service-app-prod.delhaize.eu/public/content/leaflet/v3?storeId=583,,2026-10-07T05:30:53+02:00
Albert,Nápoje,albert-583-28009887,"Pepsi cherry zero sugar 2,25l",pepsi_cherry_zero_sugar,24.9,47.2,Kč,24.9 Kč / 2.25 l,,,False,,,,2026-10-07 - 2026-10-13,https://albertloyaltycz-albert-service-app-prod.delhaize.eu/public/content/leaflet/v3?storeId=583,,2026-10-07T05:30:53+02:00
Albert,Nápoje,albert-583-25884548,Pepsi Cola 2.25 l,pepsi_cola,24.9,47.2,Kč,24.9 Kč / 2.25 l,,,True,Můj Albert,24.9,Můj Albert,2026-10-07 - 2026-10-13,https://albertloyaltycz-albert-service-app-prod.delhaize.eu/public/content/leaflet/v3?storeId=583,https://albertloyaltycz-albert-service-app-prod.delhaize.eu/public/minio/images-products/25884548,2026-10-07T05:30:53+02:00
Albert,Nápoje,albert-583-25884548,Pepsi Cola 2.25 l,pepsi_cola,32.9,47.2,Kč,32.9 Kč / 2.25 l,,,False,,,,2026-10-07 - 2026-10-13,https://albertloyaltycz-albert-service-app-prod.delhaize.eu/public/content/leaflet/v3?storeId=583,https://albertloyaltycz-albert-service-app-prod.delhaize.eu/public/minio/images-products/25884548,2026-10-07T05:30:53+02:00
Albert,Nápoje,albert-583-26965550,"Pepsi zero sugar 2,25l",pepsi_zero_sugar,24.9,47.2,Kč,24.9 Kč / 2.25 l,,,False,,,,2026-10-07 - 2026-10-13,https://albertloyaltycz-albert-service-app-prod.delhaize.eu/public/content/leaflet/v3?storeId=583,,2026-10-07T05:30:53+02:00
Albert,Trvanlivé,albert-583-27257340,Perla Aroma káva mletá 250 g,perla_aroma_kava_mleta,74.9,89.9,Kč,74.9 Kč / 250 g,299.6,,False,,,-16%,2026-10-07 - 2026-10-13,https://albertloyaltycz-albert-service-app-prod.delhaize.eu/public/content/leaflet/v3?storeId=583,https://albertloyaltycz-albert-service-app-prod.delhaize.eu/public/minio/images-products/27257340,2026-10-07T05:30:53+02:00
Albert,Trvanlivé,albert-583-27257227,Perla aroma zrno 1kg,perla_aroma_zrno,299.0,349.0,Kč,299 Kč / 1 kg,299.0,,False,,,-14%,2026-10-07 - 2026-10-13,https://albertloyaltycz-albert-service-app-prod.delhaize.eu/public/content/leaflet/v3?storeId=583,,2026-10-07T05:30:53+02:00
Albert,Trvanlivé,albert-583-27257265,Perla aroma zrno 500g 0.5 kg,perla_aroma_zrno,159.0,189.0,Kč,159 Kč / 0.5 kg,318.0,,False,,,-15%,2026-10-07 - 2026-10-13,https://albertloyaltycz-albert-service-app-prod.delhaize.eu/public/content/leaflet/v3?storeId=583,,2026-10-07T05:30:53+02:00
Albert,Trvanlivé,albert-583-27257210,Perla Bio Aroma káva zrnková 1 kg,perla_bio_aroma_kava_zrnkova,369.0,379.0,Kč,369 Kč / 1 kg,369.0,,False,,,,2026-10-07 - 2026-10-13,https://albertloyaltycz-albert-service-app-prod.delhaize.eu/public/content/leaflet/v3?storeId=583,https://albertloyaltycz-albert-service-app-prod.delhaize.eu/public/minio/images-products/27257210,2026-10-07T05:30:53+02:00
Albert,Trvanlivé,albert-583-27908877,Perla decaf roma mlétá 250g,perla_decaf_roma_mleta,109.9,129.9,Kč,109.9 Kč / 250 g,439.6,,False,,,,2026-10-07 - 2026-10-13,https://albertloyaltycz-albert-service-app-prod.delhaize.eu/public/content/leaflet/v3?storeId=583,,2026-10-07T05:30:53+02:00
Albert,Trvanlivé,albert-583-27329535,Perla espresso inst. káva 200g,perla_espresso_inst_kava,119.9,129.9,Kč,119.9 Kč / 200 g,599.5,,False,,,,2026-10-07 - 2026-10-13,https://albertloyaltycz-albert-service-app-prod.delhaize.eu/public/content/leaflet/v3?storeId=583,,2026-10-07T05:30:53+02:00
Albert,Trvanlivé,albert-583-27908846,Perla firenze zrno 500g 0.5 kg,perla_firenze_zrno,189.0,239.0,Kč,189 Kč / 0.5 kg,378.0,,False,,,,2026-10-07 - 2026-10-13,https://albertloyaltycz-albert-service-app-prod.delhaize.eu/public/content/leaflet/v3?storeId=583,,2026-10-07T05:30:53+02:00
Albert,Trvanlivé,albert-583-27329528,Perla Intenza Káva instantní 200 g,perla_intenza_kava_instantni,149.9,169.0,Kč,149.9 Kč / 200 g,749.5,,False,,,,2026-10-07 - 2026-10-13,https://albertloyaltycz-albert-service-app-prod.delhaize.eu/public/content/leaflet/v3?storeId=583,https://albertloyaltycz-albert-service-app-prod.delhaize.eu/public/minio/images-products/27329528,2026-10-07T05:30:53+02:00
Albert,Trvanlivé,albert-583-27382332,Perla Intenza káva zrnková 1 kg,perla_intenza_kava_zrnkova,299.0,359.0,Kč,299 Kč / 1 kg,299.0,,True,Můj Albert,299.0,Můj Albert,2026-10-07 - 2026-10-13,https://albertloyaltycz-albert-service-app-prod.delhaize.eu/public/content/leaflet/v3?storeId=583,https://albertloyaltycz-albert-service-app-prod.delhaize.eu/public/minio/images-products/27382332,2026-10-07T05:30:53+02:00
Albert,Trvanlivé,albert-583-27382332,Perla Intenza káva zrnková 1 kg,perla_intenza_kava_zrnkova,319.0,359.0,Kč,319 Kč / 1 kg,319.0,,False,,,,2026-10-07 - 2026-10-13,https://albertloyaltycz-albert-service-app-prod.delhaize.eu/public/content/leaflet/v3?storeId=583,https://albertloyaltycz-albert-service-app-prod.delhaize.eu/public/minio/images-products/27382332,2026-10-07T05:30:53+02:00
Albert,Trvanlivé,albert-583-27261538,Perla intenza zrno 500g 0.5 kg,perla_intenza_zrno,169.0,199.0,Kč,169 Kč / 0.5 kg,338.0,,False,,,,2026-10-07 - 2026-10-13,https://albertloyaltycz-albert-service-app-prod.delhaize.eu/public/content/leaflet/v3?storeId=583,,2026-10-07T05:30:53+02:00
Albert,Trvanlivé,albert-583-27577967,Perla it.r. firenze ml. 250g,perla_it_r_firenze_ml,109.9,129.9,Kč,109.9 Kč / 250 g,439.6,,False,,,,2026-10-07 - 2026-10-13,https://albertloyaltycz-albert-service-app-prod.delhaize.eu/public/content/leaflet/v3?storeId=583,,2026-10-07T05:30:53+02:00
Albert,Trvanlivé,albert-583-27908884,Perla ital.roast palermo 250g,perla_ital_roast_palermo,109.9,129.9,Kč,109.9 Kč / 250 g,439.6,,False,,,,2026-10-07 - 2026-10-13,https://albertloyaltycz-albert-service-app-prod.delhaize.eu/public/content/leaflet/v3?storeId=583,,2026-10-07T05:30:53+02:00
Albert,Trvanlivé,albert-583-27908907,Perla kap. fin. ristretto 20ks,perla_kap_fin_ristretto,119.9,149.9,Kč,119.9 Kč / 20 ks,,6.0,False,,,,2026-10-07 - 2026-10-13,https://albertloyaltycz-albert-service-app-prod.delhaize.eu/public/content/leaflet/v3?storeId=583,,2026-10-07T05:30:53+02:00
Albert,Trvanlivé,albert-583-28153948,Perla kapsle au lait 12 ks 114 g,perla_kapsle_au_lait,99.9,109.9,Kč,99.9 Kč / 114 g,876.32,,False,,,,2026-10-07 - 2026-10-13,https://albertloyaltycz-albert-service-app-prod.delhaize.eu/public/content/leaflet/v3?storeId=583,,2026-10-07T05:30:53+02:00
Albert,Trvanlivé,albert-583-27257135,Perla kapsle cappuccino 12ks,perla_kapsle_cappuccino,99.9,109.9,Kč,99.9 Kč / 12 ks,,8.33,False,,,,2026-10-07 - 2026-10-13,https://albertloyaltycz-albert-service-app-prod.delhaize.eu/public/content/leaflet/v3?storeId=583,,2026-10-07T05:30:53+02:00
Albert,Trvanlivé,albert-583-27257111,Perla kapsle colombia 10ks,perla_kapsle_colombia,79.9,99.9,Kč,79.9 Kč / 10 ks,,7.99,False,,,,2026-10-07 - 2026-10-13,https://albertloyaltycz-albert-service-app-prod.delhaize.eu/public/content/leaflet/v3?storeId=583,,2026-10-07T05:30:53+02:00
Albert,Trvanlivé,albert-583-27257142,Perla kapsle espresso 12ks,perla_kapsle_espresso,99.9,109.9,Kč,99.9 Kč / 12 ks,,8.33,False,,,,2026-10-07 - 2026-10-13,https://albertloyaltycz-albert-service-app-prod.delhaize.eu/public/content/leaflet/v3?storeId=583,,2026-10-07T05:30:53+02:00
Albert,Trvanlivé,albert-583-27908891,Perla kapsle ethiopia 10ks,perla_kapsle_ethiopia,79.9,99.9,Kč,79.9 Kč / 10 ks,,7.99,False,,,,2026-10-07 - 2026-10-13,https://albertloyaltycz-albert-service-app-prod.delhaize.eu/public/content/leaflet/v3?storeId=583,,2026-10-07T05:30:53+02:00
Albert,Trvanlivé,albert-583-27257159,Perla kapsle latte macch.12ks,perla_kapsle_latte_macch,99.9,109.9,Kč,99.9 Kč / 12 ks,,8.33,False,,,,2026-10-07 - 2026-10-13,https://albertloyaltycz-albert-service-app-prod.delhaize.eu/public/content/leaflet/v3?storeId=583,,2026-10-07T05:30:53+02:00
Albert,Trvanlivé,albert-583-27257166,Perla kapsle lungo 12ks,perla_kapsle_lungo,99.9,109.9,Kč,99.9 Kč / 12 ks,,8.33,False,,,,2026-10-07 - 2026-10-13,https://albertloyaltycz-albert-service-app-prod.delhaize.eu/public/content/leaflet/v3?storeId=583,,2026-10-07T05:30:53+02:00
Albert,Trvanlivé,albert-583-27837047,Perla kapsle napoli 10ks,perla_kapsle_napoli,79.9,99.9,Kč,79.9 Kč / 10 ks,,7.99,False,,,,2026-10-07 - 2026-10-13,https://albertloyaltycz-albert-service-app-prod.delhaize.eu/public/content/leaflet/v3?storeId=583,,2026-10-07T05:30:53+02:00
Albert,Trvanlivé,albert-583-27908914,Perla kapsle palermo 10ks,perla_kapsle_palermo,79.9,99.9,Kč,79.9 Kč / 10 ks,,7.99,False,,,,2026-10-07 - 2026-10-13,https://albertloyaltycz-albert-service-app-prod.delhaize.eu/public/content/leaflet/v3?storeId=583,,2026-10-07T05:30:53+02:00
Albert,Trvanlivé,albert-583-27908921,Perla kávové kapsle Lungo Originale 20 ks,perla_kavove_kapsle_lungo_originale,119.9,149.9,Kč,119.9 Kč / 20 ks,,6.0,False,,,,2026-10-07 - 2026-10-13,https://albertloyaltycz-albert-service-app-prod.delhaize.eu/public/content/leaflet/v3?storeId=583,https://albertloyaltycz-albert-service-app-prod.delhaize.eu/public/minio/images-products/27908921,2026-10-07T05:30:53+02:00
Albert,Trvanlivé,albert-583-27257531,Perla napoli mletá 250g,perla_napoli_mleta,109.9,129.9,Kč,109.9 Kč / 250 g,439.6,,False,,,,2026-10-07 - 2026-10-13,https://albertloyaltycz-albert-service-app-prod.delhaize.eu/public/content/leaflet/v3?storeId=583,,2026-10-07T05:30:53+02:00
Albert,Trvanlivé,albert-583-27257289,Perla napoli zrno 500g 0.5 kg,perla_napoli_zrno,189.0,239.0,Kč,189 Kč / 0.5 kg,378.0,,False,,,,2026-10-07 - 2026-10-13,https://albertloyaltycz-albert-service-app-prod.delhaize.eu/public/content/leaflet/v3?storeId=583,,2026-10-07T05:30:53+02:00
Albert,Trvanlivé,albert-583-27577981,Perla or. brazil zrno 1kg,perla_or_brazil_zrno,369.0,459.0,Kč,369 Kč / 1 kg,369.0,,False,,,,2026-10-07 - 2026-10-13,https://albertloyaltycz-albert-service-app-prod.delhaize.eu/public/content/leaflet/v3?storeId=583,,2026-10-07T05:30:53+02:00
Albert,Trvanlivé,albert-583-27257548,Perla orig.brazil.mletá 250g,perla_orig_brazil_mleta,109.9,129.9,Kč,109.9 Kč / 250 g,439.6,,False,,,,2026-10-07 - 2026-10-13,https://albertloyaltycz-albert-service-app-prod.delhaize.eu/public/content/leaflet/v3?storeId=583,,2026-10-07T05:30:53+02:00
Albert,Trvanlivé,albert-583-27257319,Perla orig.brazilie zrno 500g 0.5 kg,perla_orig_brazilie_zrno,189.0,239.0,Kč,189 Kč / 0.5 kg,378.0,,False,,,,2026-10-07 - 2026-10-13,https://albertloyaltycz-albert-service-app-prod.delhaize.eu/public/content/leaflet/v3?storeId=583,,2026-10-07T05:30:53+02:00
Albert,Trvanlivé,albert-583-27257326,Perla orig.colombia zrno 500g 0.5 kg,perla_orig_colombia_zrno,189.0,239.0,Kč,189 Kč / 0.5 kg,378.0,,False,,,,2026-10-07 - 2026-10-13,https://albertloyaltycz-albert-service-app-prod.delhaize.eu/public/content/leaflet/v3?storeId=583,,2026-10-07T05:30:53+02:00
Albert,Trvanlivé,albert-583-27577950,Perla orig. guatem. ml. 250g,perla_orig_guatem_ml,109.9,129.9,Kč,109.9 Kč / 250 g,439.6,,False,,,,2026-10-07 - 2026-10-13,https://albertloyaltycz-albert-service-app-prod.delhaize.eu/public/content/leaflet/v3?storeId=583,,2026-10-07T05:30:53+02:00
Albert,Trvanlivé,albert-583-27258156,Perla orig.kenya mletá 250g,perla_orig_kenya_mleta,109.9,129.9,Kč,109.9 Kč / 250 g,439.6,,False,,,,2026-10-07 - 2026-10-13,https://albertloyaltycz-albert-service-app-prod.delhaize.eu/public/content/leaflet/v3?storeId=583,,2026-10-07T05:30:53+02:00
Albert,Trvanlivé,albert-583-27257333,Perla orig.kenya zrno 500g 0.5 kg,perla_orig_kenya_zrno,189.0,239.0,Kč,189 Kč / 0.5 kg,378.0,,False,,,,2026-10-07 - 2026-10-13,https://albertloyaltycz-albert-service-app-prod.delhaize.eu/public/content/leaflet/v3?storeId=583,,2026-10-07T05:30:53+02:00
Albert,Trvanlivé,albert-583-27577936,Perla orig. sumatra zrno 500g 0.5 kg,perla_orig_sumatra_zrno,189.0,239.0,Kč,189 Kč / 0.5 kg,378.0,,False,,,,2026-10-07 - 2026-10-13,https://albertloyaltycz-albert-service-app-prod.delhaize.eu/public/content/leaflet/v3?storeId=583,,2026-10-07T05:30:53+02:00
Albert,Trvanlivé,albert-583-27257708,Perla Origins Colombia mletá káva 250 g,perla_origins_colombia_mleta_kava,109.9,129.9,Kč,109.9 Kč / 250 g,439.6,,False,,,,2026-10-07 - 2026-10-13,https://albertloyaltycz-albert-service-app-prod.delhaize.eu/public/content/leaflet/v3?storeId=583,https://albertloyaltycz-albert-service-app-prod.delhaize.eu/public/minio/images-products/27257708,2026-10-07T05:30:53+02:00
Albert,Trvanlivé,albert-583-27577974,Perla Origins Colombia zrnková káva 1 kg,perla_origins_colombia_zrnkova_kava,369.0,459.0,Kč,369 Kč / 1 kg,369.0,,False,,,,2026-10-07 - 2026-10-13,https://albertloyaltycz-albert-service-app-prod.delhaize.eu/public/content/leaflet/v3?storeId=583,https://albertloyaltycz-albert-service-app-prod.delhaize.eu/public/minio/images-products/27577974,2026-10-07T05:30:53+02:00
Albert,Trvanlivé,albert-583-27908860,Perla origins ethio.mletá250g,perla_origins_ethio_mleta250g,109.9,129.9,Kč,109.9 Kč / 250 g,439.6,,False,,,,2026-10-07 - 2026-10-13,https://albertloyaltycz-albert-service-app-prod.delhaize.eu/public/content/leaflet/v3?storeId=583,,2026-10-07T05:30:53+02:00
Albert,Trvanlivé,albert-583-27908839,Perla Palermo zrnková káva 0.5 kg,perla_palermo_zrnkova_kava,189.0,239.0,Kč,189 Kč / 0.5 kg,378.0,,False,,,,2026-10-07 - 2026-10-13,https://albertloyaltycz-albert-service-app-prod.delhaize.eu/public/content/leaflet/v3?storeId=583,https://albertloyaltycz-albert-service-app-prod.delhaize.eu/public/minio/images-products/27908839,2026-10-07T05:30:53+02:00
Billa,Vaření a pečení,58209,Pesto Barilla 190 g,pesto_barilla,69.9,,Kč,"36,79 Kč / 100 g",367.9,,False,,,platí do úterý 20. 10.,2026-10-07 - 2026-10-20,https://www.kupi.cz/letak/billa-letak-italie-u-vas-doma?map=215641068,https://img.kupi.cz/kupi/thumbs/pesto-barilla_170_340.jpg,2026-10-07T05:31:25+02:00
Tesco,Vaření a pečení,144680,Pesto Exclusive Franz Josef Kaiser 190 g,pesto_exclusive_franz_josef_kaiser,44.9,76.1,Kč,"23,63 Kč / 100 g",236.3,,True,Clubcard,44.9,-41% Clubcard st 14. 10. – út 27. 10.,2026-10-14 - 2026-10-27,https://www.kupi.cz/letak/tesco-hypermarket-znacky-ktere-mate-radi-2?page=16&map=215327301,https://img.kupi.cz/kupi/thumbs/pesto-exclusive-kaiser-franz-josef_170_340.jpg,2026-10-07T05:32:12+02:00
Billa,Ovoce a zelenina,431061,Petržel Česká farma 0.35 kg,petrzel_ceska_farma,24.9,29.64,Kč,"71,14 Kč / 1 kg",71.14,,False,,,-16% platí do úterý 13. 10.,2026-10-07 - 2026-10-13,https://www.kupi.cz/letak/billa-velky-letak-292?page=4&map=216582471,https://img.kupi.cz/kupi/thumbs/petrzel-ceska-farma_170_340.jpg,2026-10-07T05:30:58+02:00
Tesco,Ovoce a zelenina,466031,Petržel hladkolistá čerstvá 200 g,petrzel_hladkolista_cerstva,39.9,49.87,Kč,"19,95 Kč / 100 g",199.5,,True,Clubcard,39.9,-20% Clubcard platí do úterý 20. 10.,2026-10-07 - 2026-10-20,https://www.kupi.cz/letak/tesco-hypermarket-letak-370?page=3&map=216578058,https://www.kupi.cz/img/no_img/no_discounts.png,2026-10-07T05:31:44+02:00
Billa,Ovoce a zelenina,20523,Petržel kudrnka čerstvá 100 g,petrzel_kudrnka_cerstva,24.9,29.64,Kč,"24,90 Kč / 100 g",249.0,,False,,,-16% platí do úterý 13. 10.,2026-10-07 - 2026-10-13,https://www.kupi.cz/letak/billa-velky-letak-292?page=5&map=216582504,https://img.kupi.cz/kupi/thumbs/petrzel-kaderava-nat-1_170_340.jpg,2026-10-07T05:30:57+02:00
Albert,Nápoje,albert-583-21395208,Pfanner multivitamin 100% 1l,pfanner_multivitamin,44.9,69.9,Kč,44.9 Kč / 1 l,,,False,,,,2026-10-07 - 2026-10-13,https://albertloyaltycz-albert-service-app-prod.delhaize.eu/public/content/leaflet/v3?storeId=583,,2026-10-07T05:30:53+02:00
Albert,Nápoje,albert-583-20700454,Pfanner pomeranč 100% 1l,pfanner_pomeranc,54.9,79.9,Kč,54.9 Kč / 1 l,,,False,,,,2026-10-07 - 2026-10-13,https://albertloyaltycz-albert-service-app-prod.delhaize.eu/public/content/leaflet/v3?storeId=583,,2026-10-07T05:30:53+02:00
Albert,Nápoje,albert-583-22409300,Pfanner růžový grep 1l,pfanner_ruzovy_grep,44.9,69.9,Kč,44.9 Kč / 1 l,,,False,,,,2026-10-07 - 2026-10-13,https://albertloyaltycz-albert-service-app-prod.delhaize.eu/public/content/leaflet/v3?storeId=583,,2026-10-07T05:30:53+02:00
Albert,Uzeniny a lahůdky,albert-583-27095980,Pikantní slanina delikates 100 g,pikantni_slanina_delikates,24.9,31.9,Kč,24.9 Kč / 100 g,249.0,,False,,,-21%,2026-10-07 - 2026-10-13,https://albertloyaltycz-albert-service-app-prod.delhaize.eu/public/content/leaflet/v3?storeId=583,,2026-10-07T05:30:53+02:00
Albert,Mléčné a chlazené,albert-583-24179843,Pikao 75g,pikao,22.9,32.9,Kč,22.9 Kč / 75 g,305.33,,False,,,-30%,2026-10-07 - 2026-10-13,https://albertloyaltycz-albert-service-app-prod.delhaize.eu/public/content/leaflet/v3?storeId=583,,2026-10-07T05:30:53+02:00
Albert,Mléčné a chlazené,albert-583-20308322,Pikao 150ge 150 g,pikao_150ge,33.9,46.9,Kč,33.9 Kč / 150 g,226.0,,False,,,-27%,2026-10-07 - 2026-10-13,https://albertloyaltycz-albert-service-app-prod.delhaize.eu/public/content/leaflet/v3?storeId=583,,2026-10-07T05:30:53+02:00
Albert,Mléčné a chlazené,albert-583-20308285,Piknik 150g,piknik,33.9,46.9,Kč,33.9 Kč / 150 g,226.0,,False,,,-27%,2026-10-07 - 2026-10-13,https://albertloyaltycz-albert-service-app-prod.delhaize.eu/public/content/leaflet/v3?storeId=583,,2026-10-07T05:30:53+02:00
Albert,Mléčné a chlazené,albert-583-24179867,Piknik 75g,piknik,22.9,32.9,Kč,22.9 Kč / 75 g,305.33,,False,,,-30%,2026-10-07 - 2026-10-13,https://albertloyaltycz-albert-service-app-prod.delhaize.eu/public/content/leaflet/v3?storeId=583,,2026-10-07T05:30:53+02:00
Albert,Nápoje,albert-583-25220339,Pilsner Urquell 12 světlý ležák 12 3 l,pilsner_urquell_svetly_lezak,173.0,219.0,Kč,173 Kč / 3 l,,,False,,,,2026-10-07 - 2026-10-13,https://albertloyaltycz-albert-service-app-prod.delhaize.eu/public/content/leaflet/v3?storeId=583,https://albertloyaltycz-albert-service-app-prod.delhaize.eu/public/minio/images-products/25220339,2026-10-07T05:30:53+02:00
Billa,Sladkosti a slané snacky,221835,Piškoty cukrářské Ladyfingers Billa 400 g,piskoty_cukrarske_ladyfingers,49.9,59.4,Kč,"12,47 Kč / 100 g",124.7,,False,,,-16% platí do úterý 20. 10.,2026-10-07 - 2026-10-20,https://www.kupi.cz/letak/billa-letak-italie-u-vas-doma?page=11&map=215641563,https://img.kupi.cz/kupi/thumbs/piskoty-cukrarske-ladyfingers-billa_170_340.png,2026-10-07T05:31:29+02:00
Billa,Sladkosti a slané snacky,4786,Piškoty Sedita 240 g,piskoty_sedita,29.9,,Kč,"12,46 Kč / 100 g",124.6,,False,,,platí do úterý 13. 10.,2026-10-07 - 2026-10-13,https://www.kupi.cz/letak/billa-velky-letak-292?page=18&map=216582780,https://img.kupi.cz/kupi/thumbs/piskoty-sedita_170_340.png,2026-10-07T05:31:29+02:00
Tesco,Nealko nápoje,5446,Pitíčko Hello 0.25 l,piticko_hello,6.9,12.78,Kč,"27,60 Kč / 1 l",,,True,Clubcard,6.9,-46% Clubcard platí do pondělí 19. 10.,2026-10-07 - 2026-10-19,https://www.kupi.cz/letak/tesco-hypermarket-letak-370?page=23&map=216580866,https://img.kupi.cz/kupi/thumbs/mini-napoj-hello_170_340.jpg,2026-10-07T05:32:07+02:00
Tesco,Alkohol,105568,Pivo Krušovice 0.5 l,pivo_krusovice,14.9,21.59,Kč,"29,80 Kč / 1 l",,,True,Clubcard,14.9,-31% Clubcard platí do úterý 13. 10.,2026-10-07 - 2026-10-13,https://www.kupi.cz/letaky/tesco,https://img.kupi.cz/kupi/thumbs/pivo-krusovice_170_340.png,2026-10-07T05:32:26+02:00
Billa,Alkohol,354025,Pivo nealkoholické Královsky hořké Krušovice 0.5 l,pivo_nealkoholicke_kralovsky_horke_krusovice,14.9,,Kč,"29,80 Kč / 1 l",,,False,,,platí do úterý 13. 10.,2026-10-07 - 2026-10-13,https://www.kupi.cz/letak/billa-velky-letak-292?page=31&map=216583392,https://img.kupi.cz/kupi/thumbs/pivo-nealkoholicke-kralovsky-horke-krusovice_170_340.png,2026-10-07T05:31:35+02:00
Tesco,Alkohol,354025,Pivo nealkoholické Královsky hořké Krušovice 0.5 l,pivo_nealkoholicke_kralovsky_horke_krusovice,14.9,22.58,Kč,"29,80 Kč / 1 l",,,True,Clubcard,14.9,-34% Clubcard platí do úterý 13. 10.,2026-10-07 - 2026-10-13,https://www.kupi.cz/letaky/tesco,https://img.kupi.cz/kupi/thumbs/pivo-nealkoholicke-kralovsky-horke-krusovice_170_340.png,2026-10-07T05:32:24+02:00
Tesco,Alkohol,354025,Pivo nealkoholické Královsky hořké Krušovice 0.5 l,pivo_nealkoholicke_kralovsky_horke_krusovice,11.9,16.3,Kč,"23,80 Kč / 1 l",,,True,Clubcard,11.9,-27% Clubcard platí do úterý 27. 10.,2026-10-07 - 2026-10-27,https://www.kupi.cz/letak/tesco-hypermarket-znacky-ktere-mate-radi-2?page=23&map=215328087,https://img.kupi.cz/kupi/thumbs/pivo-nealkoholicke-kralovsky-horke-krusovice_170_340.png,2026-10-07T05:32:24+02:00
Billa,Alkohol,618,Pivo Pilsner Urquell,pivo_pilsner_urquell,25.9,,Kč,"51,80 Kč / 1 l",,,False,,,platí do úterý 13. 10.,2026-10-07 - 2026-10-13,https://www.kupi.cz/letak/billa-velky-letak-292?map=216581991,https://img.kupi.cz/kupi/thumbs/pivo-pilsner-urquell_170_340.png,2026-10-07T05:31:34+02:00
Tesco,Alkohol,618,Pivo Pilsner Urquell,pivo_pilsner_urquell,25.9,31.59,Kč,"51,80 Kč / 1 l",,,False,,,-18% pá 9. 10. – ne 11. 10.,2026-10-09 - 2026-10-11,https://www.kupi.cz/letak/tesco-supermarket-letak-416?map=216252816,https://img.kupi.cz/kupi/thumbs/pivo-pilsner-urquell_170_340.png,2026-10-07T05:32:22+02:00
Tesco,Alkohol,469764,Pivo Starobrno 0.5 l,pivo_starobrno,15.9,22.71,Kč,"31,80 Kč / 1 l",,,True,Clubcard,15.9,-30% Clubcard platí do neděle 25. 10.,2026-10-07 - 2026-10-25,https://www.kupi.cz/letaky/tesco,https://img.kupi.cz/kupi/thumbs/pivo-starobrno_170_340.png,2026-10-07T05:32:26+02:00
Billa,Alkohol,579,Pivo světlé výčepní 10° Braník 0.5 l,pivo_svetle_vycepni_branik,9.9,,Kč,"19,80 Kč / 1 l",,,False,,,platí do úterý 13. 10.,2026-10-07 - 2026-10-13,https://www.kupi.cz/letak/billa-maly-letak-721?page=6&map=216583707,https://img.kupi.cz/kupi/thumbs/pivo-svetle-vycepni-10-branik-1_170_340.jpg,2026-10-07T05:31:34+02:00
Tesco,Alkohol,579,Pivo světlé výčepní 10° Braník 0.5 l,pivo_svetle_vycepni_branik,9.9,14.35,Kč,"19,80 Kč / 1 l",,,True,Clubcard,9.9,-31% Clubcard platí do úterý 20. 10.,2026-10-07 - 2026-10-20,https://www.kupi.cz/letak/tesco-supermarket-letak-416?page=9&map=216253410,https://img.kupi.cz/kupi/thumbs/pivo-svetle-vycepni-10-branik-1_170_340.jpg,2026-10-07T05:32:22+02:00
Tesco,Alkohol,4623,Pivo světlé výčepní Moravan Litovel 0.5 l,pivo_svetle_vycepni_moravan_litovel,15.9,21.78,Kč,"31,80 Kč / 1 l",,,True,Clubcard,15.9,-27% Clubcard platí do úterý 27. 10.,2026-10-07 - 2026-10-27,https://www.kupi.cz/letak/tesco-hypermarket-znacky-ktere-mate-radi-2?page=23&map=215328072,https://img.kupi.cz/kupi/thumbs/pivo-svetle-vycepni-moravan-litovel_170_340.jpg,2026-10-07T05:32:24+02:00
Tesco,Alkohol,597,Pivo světlé výčepní Originál 10° Gambrinus 0.5 l,pivo_svetle_vycepni_original_gambrinus,16.9,22.84,Kč,"33,80 Kč / 1 l",,,True,Clubcard,16.9,-26% Clubcard platí do úterý 20. 10.,2026-10-07 - 2026-10-20,https://www.kupi.cz/letak/tesco-supermarket-letak-416?page=14&map=216253881,https://img.kupi.cz/kupi/thumbs/pivo-svetle-vycepni-original-10-gambrinus_170_340.png,2026-10-07T05:32:22+02:00
Billa,Alkohol,213183,Pivo světlé výčepní Originál Královská 10° Krušovice 0.5 l,pivo_svetle_vycepni_original_kralovska_krusovice,14.9,,Kč,"29,80 Kč / 1 l",,,False,,,platí do úterý 13. 10.,2026-10-07 - 2026-10-13,https://www.kupi.cz/letak/billa-velky-letak-292?page=31&map=216583389,https://img.kupi.cz/kupi/thumbs/pivo-svetle-vycepni-original-kralovska-10-krusovice-3_170_340.png,2026-10-07T05:31:35+02:00
Tesco,Alkohol,213183,Pivo světlé výčepní Originál Královská 10° Krušovice 0.5 l,pivo_svetle_vycepni_original_kralovska_krusovice,14.9,21.59,Kč,"29,80 Kč / 1 l",,,True,Clubcard,14.9,-31% Clubcard platí do úterý 13. 10.,2026-10-07 - 2026-10-13,https://www.kupi.cz/letaky/tesco,https://img.kupi.cz/kupi/thumbs/pivo-svetle-vycepni-original-kralovska-10-krusovice-3_170_340.png,2026-10-07T05:32:23+02:00
Tesco,Alkohol,213183,Pivo světlé výčepní Originál Královská 10° Krušovice 0.5 l,pivo_svetle_vycepni_original_kralovska_krusovice,10.9,15.8,Kč,"21,80 Kč / 1 l",,,True,Clubcard,10.9,-31% Clubcard platí do úterý 27. 10.,2026-10-07 - 2026-10-27,https://www.kupi.cz/letak/tesco-hypermarket-znacky-ktere-mate-radi-2?page=23&map=215328084,https://img.kupi.cz/kupi/thumbs/pivo-svetle-vycepni-original-kralovska-10-krusovice-3_170_340.png,2026-10-07T05:32:23+02:00
Billa,Alkohol,103015,Pivo světlé výčepní Rázná 10° Radegast 0.5 l,pivo_svetle_vycepni_razna_radegast,13.9,,Kč,"27,80 Kč / 1 l",,,False,,,platí do úterý 13. 10.,2026-10-07 - 2026-10-13,https://www.kupi.cz/letak/billa-velky-letak-292?page=14&map=216582672,https://img.kupi.cz/kupi/thumbs/pivo-svetle-vycepni-razna-10-radegast-1_170_340.jpg,2026-10-07T05:31:34+02:00
Tesco,Alkohol,103015,Pivo světlé výčepní Rázná 10° Radegast 0.5 l,pivo_svetle_vycepni_razna_radegast,17.9,23.87,Kč,"35,80 Kč / 1 l",,,True,Clubcard,17.9,-25% Clubcard platí do neděle 25. 10.,2026-10-07 - 2026-10-25,https://www.kupi.cz/letaky/tesco,https://img.kupi.cz/kupi/thumbs/pivo-svetle-vycepni-razna-10-radegast-1_170_340.jpg,2026-10-07T05:32:22+02:00
Tesco,Alkohol,293,Pivo světlé výčepní 10° Staropramen 0.5 l,pivo_svetle_vycepni_staropramen,11.9,16.76,Kč,"23,80 Kč / 1 l",,,True,Clubcard,11.9,-29% Clubcard platí do úterý 13. 10.,2026-10-07 - 2026-10-13,https://www.kupi.cz/letaky/tesco,https://img.kupi.cz/kupi/thumbs/pivo-svetle-vycepni-10-staropramen_170_340.jpg,2026-10-07T05:32:22+02:00
Billa,Alkohol,293108,Pivo světlý ležák 33 Budweiser Budvar 0.5 l,pivo_svetly_lezak_budweiser_budvar,19.9,,Kč,"39,80 Kč / 1 l",,,False,,,čt 8. 10. – ne 11. 10.,2026-10-08 - 2026-10-11,https://www.kupi.cz/letak/billa-velky-letak-292?page=37&map=216584490,https://img.kupi.cz/kupi/thumbs/pivo-svetly-lezak-33-budweiser-budvar-2_170_340.jpg,2026-10-07T05:31:35+02:00
Tesco,Alkohol,44819,Pivo světlý ležák 11° Grand Pivovar Zubr 0.5 l,pivo_svetly_lezak_grand_pivovar_zubr,13.9,18.78,Kč,"27,80 Kč / 1 l",,,True,Clubcard,13.9,-26% Clubcard platí do úterý 27. 10.,2026-10-07 - 2026-10-27,https://www.kupi.cz/letak/tesco-hypermarket-znacky-ktere-mate-radi-2?page=23&map=215328069,https://img.kupi.cz/kupi/thumbs/pivo-svetly-lezak-11-grand-pivovar-zubr-1_170_340.png,2026-10-07T05:32:23+02:00
Tesco,Alkohol,19658,Pivo světlý ležák Heineken - soudek 5 l,pivo_svetly_lezak_heineken_soudek,359.9,545.3,Kč,"71,98 Kč / 1 l",,,True,Clubcard,359.9,-34% Clubcard platí do úterý 20. 10.,2026-10-07 - 2026-10-20,https://www.kupi.cz/letak/tesco-hypermarket-letak-370?page=7&map=216579267,https://img.kupi.cz/kupi/thumbs/pivo-svetly-lezak-heineken-soudek_170_340.png,2026-10-07T05:32:23+02:00
Billa,Alkohol,150584,Pivo světlý ležák Královský 12° Krušovice 0.5 l,pivo_svetly_lezak_kralovsky_krusovice,17.9,,Kč,"35,80 Kč / 1 l",,,False,,,platí do úterý 13. 10.,2026-10-07 - 2026-10-13,https://www.kupi.cz/letak/billa-maly-letak-721?page=6&map=216583740,https://img.kupi.cz/kupi/thumbs/pivo-svetle-kralovsky-lezak-12-krusovice-1_170_340.png,2026-10-07T05:31:34+02:00
Tesco,Alkohol,150584,Pivo světlý ležák Královský 12° Krušovice 0.5 l,pivo_svetly_lezak_kralovsky_krusovice,15.9,23.73,Kč,"31,80 Kč / 1 l",,,False,,,-33% platí do úterý 13. 10.,2026-10-07 - 2026-10-13,https://www.kupi.cz/letaky/tesco,https://img.kupi.cz/kupi/thumbs/pivo-svetle-kralovsky-lezak-12-krusovice-1_170_340.png,2026-10-07T05:32:23+02:00
Tesco,Alkohol,150584,Pivo světlý ležák Královský 12° Krušovice 0.5 l,pivo_svetly_lezak_kralovsky_krusovice,15.9,19.88,Kč,"31,80 Kč / 1 l",,,True,Clubcard,15.9,-20% Clubcard platí do úterý 27. 10.,2026-10-07 - 2026-10-27,https://www.kupi.cz/letak/tesco-hypermarket-znacky-ktere-mate-radi-2?page=23&map=215328078,https://img.kupi.cz/kupi/thumbs/pivo-svetle-kralovsky-lezak-12-krusovice-1_170_340.png,2026-10-07T05:32:23+02:00
Tesco,Alkohol,514047,Pivo světlý ležák 11° Krušovice 0.5 l,pivo_svetly_lezak_krusovice,12.9,18.7,Kč,"25,80 Kč / 1 l",,,True,Clubcard,12.9,-31% Clubcard platí do úterý 27. 10.,2026-10-07 - 2026-10-27,https://www.kupi.cz/letak/tesco-hypermarket-znacky-ktere-mate-radi-2?page=23&map=215328081,https://img.kupi.cz/kupi/thumbs/pivo-svetly-lezak-11-krusovice-1_170_340.png,2026-10-07T05:32:26+02:00
Billa,Alkohol,6929,Pivo světlý ležák 11° Medium Velkopopovický Kozel 0.5 l,pivo_svetly_lezak_medium_velkopopovicky_kozel,100.9,,Kč,"33,63 Kč / 1 l",,,False,,,platí do úterý 13. 10.,2026-10-07 - 2026-10-13,https://www.kupi.cz/letak/billa-velky-letak-292?page=2&map=216582426,https://img.kupi.cz/kupi/thumbs/pivo-svetly-lezak-11-medium-velkopopovicky-kozel-1_170_340.png,2026-10-07T05:31:34+02:00
Tesco,Alkohol,514989,Pivo světlý ležák Mustang Hořký 12° Ostravar 0.5 l,pivo_svetly_lezak_mustang_horky_ostravar,16.9,24.85,Kč,"33,80 Kč / 1 l",,,True,Clubcard,16.9,-32% Clubcard platí do úterý 13. 10.,2026-10-07 - 2026-10-13,https://www.kupi.cz/letak/tesco-supermarket-letak-416?page=14&map=216253884,https://img.kupi.cz/kupi/thumbs/pivo-svetly-lezak-mustang-horky-12-ostravar_170_340.jpg,2026-10-07T05:32:24+02:00
Tesco,Alkohol,396859,Pivo světlý ležák Mustang 11° Ostravar 0.5 l,pivo_svetly_lezak_mustang_ostravar,16.9,24.85,Kč,"33,80 Kč / 1 l",,,True,Clubcard,16.9,-32% Clubcard platí do úterý 13. 10.,2026-10-07 - 2026-10-13,https://www.kupi.cz/letaky/tesco,https://img.kupi.cz/kupi/thumbs/pivo-svetly-lezak-mustang-11-ostravar_170_340.png,2026-10-07T05:32:24+02:00
Billa,Alkohol,27476,Pivo světlý ležák Original Budweiser Budvar 0.5 l,pivo_svetly_lezak_original_budweiser_budvar,19.9,,Kč,"39,80 Kč / 1 l",,,False,,,čt 8. 10. – ne 11. 10.,2026-10-08 - 2026-10-11,https://www.kupi.cz/letak/billa-velky-letak-292?page=37&map=216584487,https://img.kupi.cz/kupi/thumbs/pivo-svetly-lezak-original-budweiser-budvar_170_340.png,2026-10-07T05:31:34+02:00
Billa,Alkohol,270383,Pivo světlý ležák 12° Patron Gambrinus 0.5 l,pivo_svetly_lezak_patron_gambrinus,18.9,,Kč,"37,80 Kč / 1 l",,,False,,,platí do úterý 13. 10.,2026-10-07 - 2026-10-13,https://www.kupi.cz/letak/billa-velky-letak-292?page=31&map=216583395,https://img.kupi.cz/kupi/thumbs/pivo-svetly-lezak-12-patron-gambrinus_170_340.png,2026-10-07T05:31:34+02:00
Tesco,Alkohol,29840,Pivo světlý ležák 12° Ryze hořká Radegast 0.5 l,pivo_svetly_lezak_ryze_horka_radegast,21.9,29.59,Kč,"43,80 Kč / 1 l",,,True,Clubcard,21.9,-26% Clubcard platí do úterý 13. 10.,2026-10-07 - 2026-10-13,https://www.kupi.cz/letaky/tesco,https://img.kupi.cz/kupi/thumbs/pivo-svetly-lezak-12-ryze-horka-radegast_170_340.png,2026-10-07T05:32:22+02:00
Tesco,Alkohol,29840,Pivo světlý ležák 12° Ryze hořká Radegast 0.5 l,pivo_svetly_lezak_ryze_horka_radegast,19.9,25.84,Kč,"39,80 Kč / 1 l",,,True,Clubcard,19.9,-23% Clubcard platí do neděle 25. 10.,2026-10-07 - 2026-10-25,https://www.kupi.cz/letaky/tesco,https://img.kupi.cz/kupi/thumbs/pivo-svetly-lezak-12-ryze-horka-radegast_170_340.png,2026-10-07T05:32:22+02:00
Tesco,Alkohol,47988,Pivo světlý ležák 11° Šerák Holba 0.5 l,pivo_svetly_lezak_serak_holba,13.9,18.78,Kč,"27,80 Kč / 1 l",,,True,Clubcard,13.9,-26% Clubcard platí do úterý 27. 10.,2026-10-07 - 2026-10-27,https://www.kupi.cz/letak/tesco-hypermarket-znacky-ktere-mate-radi-2?page=23&map=215328066,https://img.kupi.cz/kupi/thumbs/pivo-svetly-lezak-11-serak-holba-1_170_340.png,2026-10-07T05:32:23+02:00
Billa,Alkohol,3973,Pivo světlý ležák 11° Staropramen 0.5 l,pivo_svetly_lezak_staropramen,16.9,,Kč,"33,80 Kč / 1 l",,,False,,,platí do úterý 13. 10.,2026-10-07 - 2026-10-13,https://www.kupi.cz/letak/billa-velky-letak-292?page=31&map=216583386,https://img.kupi.cz/kupi/thumbs/pivo-svetly-lezak-11-staropramen_170_340.png,2026-10-07T05:31:35+02:00
Billa,Alkohol,1365,Pivo světlý ležák 12° Staropramen 0.5 l,pivo_svetly_lezak_staropramen,13.9,,Kč,"27,80 Kč / 1 l",,,False,,,platí do úterý 13. 10.,2026-10-07 - 2026-10-13,https://www.kupi.cz/letak/billa-velky-letak-292?page=31&map=216583401,https://img.kupi.cz/kupi/thumbs/pivo-svetly-lezak-12-staropramen-1_170_340.jpg,2026-10-07T05:31:35+02:00
Tesco,Alkohol,1365,Pivo světlý ležák 12° Staropramen 0.5 l,pivo_svetly_lezak_staropramen,15.9,26.5,Kč,"31,80 Kč / 1 l",,,True,Clubcard,15.9,-40% Clubcard platí do neděle 25. 10.,2026-10-07 - 2026-10-25,https://www.kupi.cz/letaky/tesco,https://img.kupi.cz/kupi/thumbs/pivo-svetly-lezak-12-staropramen-1_170_340.jpg,2026-10-07T05:32:23+02:00
Tesco,Alkohol,608,Pivo světlý ležák 11° Svijanský Máz Svijany 0.5 l,pivo_svetly_lezak_svijansky_maz_svijany,9.9,,Kč,"19,80 Kč / 1 l",,,False,,,platí do úterý 13. 10.,2026-10-07 - 2026-10-13,https://www.kupi.cz/letak/tesco-supermarket-letak-416?map=216252741,https://img.kupi.cz/kupi/thumbs/pivo-svetly-lezak-11-svijansky-maz-svijany_170_340.png,2026-10-07T05:32:22+02:00
Tesco,Alkohol,1709,Pivo světlý ležák 12° Zlatý Bažant 0.5 l,pivo_svetly_lezak_zlaty_bazant,17.9,25.57,Kč,"35,80 Kč / 1 l",,,True,Clubcard,17.9,-30% Clubcard platí do úterý 20. 10.,2026-10-07 - 2026-10-20,https://www.kupi.cz/letak/tesco-supermarket-letak-416?page=9&map=216253407,https://img.kupi.cz/kupi/thumbs/pivo-svetly-lezak-12-zlaty-bazant_170_340.png,2026-10-07T05:32:22+02:00
Tesco,Lahůdky,579144,Pizza Tesco Finest 380 g,pizza_finest,109.9,124.89,Kč,"28,92 Kč / 100 g",289.2,,True,Clubcard,109.9,-12% Clubcard platí do úterý 13. 10.,2026-10-07 - 2026-10-13,https://www.kupi.cz/letak/tesco-hypermarket-letak-370?page=21&map=216580680,https://img.kupi.cz/kupi/thumbs/pizza-tesco-finest-1_170_340.jpg,2026-10-07T05:31:59+02:00
Billa,Mražené a instantní potraviny,523395,Pizza mini mražená Billa 360 g,pizza_mini_mrazena,69.9,,Kč,"19,42 Kč / 100 g",194.2,,False,,,platí do úterý 20. 10.,2026-10-07 - 2026-10-20,https://www.kupi.cz/letak/billa-letak-italie-u-vas-doma?page=9&map=215641470,https://img.kupi.cz/kupi/thumbs/pizza-mini-mrazena-billa_170_340.jpg,2026-10-07T05:31:15+02:00
Billa,Mražené a instantní potraviny,358174,Pizza mražená Billa 330 g,pizza_mrazena,54.9,,Kč,"16,64 Kč / 100 g",166.4,,False,,,platí do úterý 20. 10.,2026-10-07 - 2026-10-20,https://www.kupi.cz/letak/billa-letak-italie-u-vas-doma?page=9&map=215641461,https://img.kupi.cz/kupi/thumbs/pizza-mrazena-billa-1_170_340.jpg,2026-10-07T05:31:15+02:00
Billa,Mražené a instantní potraviny,181171,Pizza mražená Feliciana Dr. Oetker 320 g,pizza_mrazena_feliciana_dr_oetker,54.9,,Kč,"17,16 Kč / 100 g",171.6,,False,,,platí do úterý 20. 10.,2026-10-07 - 2026-10-20,https://www.kupi.cz/letak/billa-letak-italie-u-vas-doma?page=9&map=215641479,https://img.kupi.cz/kupi/thumbs/pizza-mrazena-feliciana-dr-oetker_170_340.jpg,2026-10-07T05:31:15+02:00
Tesco,Mražené a instantní potraviny,507933,Pizza mražená Tesco Finest 400 g,pizza_mrazena_finest,89.9,104.53,Kč,"22,48 Kč / 100 g",224.8,,True,Clubcard,89.9,-14% Clubcard platí do úterý 13. 10.,2026-10-07 - 2026-10-13,https://www.kupi.cz/letak/tesco-hypermarket-letak-370?page=21&map=216580677,https://img.kupi.cz/kupi/thumbs/pizza-tesco-finest_170_340.jpg,2026-10-07T05:32:04+02:00
Billa,Mražené a instantní potraviny,3175,Pizza mražená Guseppe Dr. Oetker 335 g,pizza_mrazena_guseppe_dr_oetker,59.9,89.4,Kč,"17,88 Kč / 100 g",178.8,,True,Billa Club,59.9,-33% Billa Club platí do úterý 13. 10.,2026-10-07 - 2026-10-13,https://www.kupi.cz/letak/billa-velky-letak-292?page=22&map=216582867,https://img.kupi.cz/kupi/thumbs/pizza-mrazena-guseppe-dr-oetker_170_340.png,2026-10-07T05:31:15+02:00
Billa,Mražené a instantní potraviny,40064,Pizza mražená Piccolinis Buitoni 270 g,pizza_mrazena_piccolinis_buitoni,69.9,99.86,Kč,"25,89 Kč / 100 g",258.9,,False,,,-30% platí do úterý 20. 10.,2026-10-07 - 2026-10-20,https://www.kupi.cz/letak/billa-letak-italie-u-vas-doma?page=9&map=215641458,https://img.kupi.cz/kupi/thumbs/pizza-mrazena-piccolinis-buitoni-1_170_340.jpg,2026-10-07T05:31:15+02:00
Tesco,Mražené a instantní potraviny,1129,Pizza mražená Ristorante Dr. Oetker,pizza_mrazena_ristorante_dr_oetker,49.9,89.11,Kč,"13,67 Kč / 100 g",136.7,,True,Clubcard,49.9,-44% Clubcard platí do úterý 13. 10.,2026-10-07 - 2026-10-13,https://www.kupi.cz/letak/tesco-hypermarket-letak-370?page=5&map=216579219,https://img.kupi.cz/kupi/thumbs/pizza-mrazena-ristorante-dr-oetker-1_170_340.jpg,2026-10-07T05:32:04+02:00
Tesco,Mražené a instantní potraviny,1129,Pizza mražená Ristorante Dr. Oetker,pizza_mrazena_ristorante_dr_oetker,49.9,89.11,Kč,"14,06 Kč / 100 g",140.6,,True,Clubcard,49.9,-44% Clubcard platí do úterý 13. 10.,2026-10-07 - 2026-10-13,https://www.kupi.cz/letak/tesco-supermarket-letak-416?page=4&map=216253035,https://img.kupi.cz/kupi/thumbs/pizza-mrazena-ristorante-dr-oetker-1_170_340.jpg,2026-10-07T05:32:04+02:00
Tesco,Mražené a instantní potraviny,1129,Pizza mražená Ristorante Dr. Oetker,pizza_mrazena_ristorante_dr_oetker,54.9,88.55,Kč,"15,04 Kč / 100 g",150.4,,True,Clubcard,54.9,-38% Clubcard platí do úterý 13. 10.,2026-10-07 - 2026-10-13,https://www.kupi.cz/letak/tesco-hypermarket-letak-370?page=5&map=216579222,https://img.kupi.cz/kupi/thumbs/pizza-mrazena-ristorante-dr-oetker-1_170_340.jpg,2026-10-07T05:32:04+02:00
Tesco,Mražené a instantní potraviny,1129,Pizza mražená Ristorante Dr. Oetker,pizza_mrazena_ristorante_dr_oetker,54.9,88.55,Kč,"15,46 Kč / 100 g",154.6,,True,Clubcard,54.9,-38% Clubcard platí do úterý 13. 10.,2026-10-07 - 2026-10-13,https://www.kupi.cz/letak/tesco-supermarket-letak-416?page=4&map=216253041,https://img.kupi.cz/kupi/thumbs/pizza-mrazena-ristorante-dr-oetker-1_170_340.jpg,2026-10-07T05:32:04+02:00
Tesco,Zdravá výživa,19944,Plátky křehké Tesco 65 g,platky_krehke,9.9,13.75,Kč,"15,23 Kč / 100 g",152.3,,True,Clubcard,9.9,-28% Clubcard platí do úterý 3. 11.,2026-10-07 - 2026-11-03,https://www.kupi.cz/letak/tesco-supermarket-letak-416?page=3&map=216252990,https://img.kupi.cz/kupi/thumbs/platky-krehke-tesco_170_340.png,2026-10-07T05:32:19+02:00
Albert,Nápoje,albert-583-27739853,"Poct.malinovka 1,5l",poct_malinovka,24.9,26.9,Kč,24.9 Kč / 1.5 l,,,False,,,,2026-10-07 - 2026-10-13,https://albertloyaltycz-albert-service-app-prod.delhaize.eu/public/content/leaflet/v3?storeId=583,,2026-10-07T05:30:53+02:00
Albert,Uzeniny a lahůdky,albert-583-26175690,Poctivá pečená šunka 100g,poctiva_pecena_sunka,36.9,49.9,Kč,36.9 Kč / 100 g,369.0,,False,,,-26%,2026-10-07 - 2026-10-13,https://albertloyaltycz-albert-service-app-prod.delhaize.eu/public/content/leaflet/v3?storeId=583,,2026-10-07T05:30:53+02:00
Albert,Uzeniny a lahůdky,albert-583-26175669,Poctivý vídeň.pár.pro děti180g,poctivy_viden_par_pro_deti180g,53.9,79.9,Kč,53.9 Kč / 180 g,299.44,,False,,,-32%,2026-10-07 - 2026-10-13,https://albertloyaltycz-albert-service-app-prod.delhaize.eu/public/content/leaflet/v3?storeId=583,,2026-10-07T05:30:53+02:00
Albert,Nápoje,albert-583-23989580,"Poděbr.prol.miner.limeta1,5l",podebr_prol_miner_limeta1,10.9,13.9,Kč,10.9 Kč / 1.5 l,,,False,,,-21%,2026-10-07 - 2026-10-13,https://albertloyaltycz-albert-service-app-prod.delhaize.eu/public/content/leaflet/v3?storeId=583,,2026-10-07T05:30:53+02:00
Albert,Nápoje,albert-583-23223486,"Poděbradka Prolinie citron, jemně perlivá 1.5 l",podebradka_prolinie_citron_jemne_perliva,10.9,13.9,Kč,10.9 Kč / 1.5 l,,,True,Můj Albert,10.9,-21% Můj Albert,2026-10-07 - 2026-10-13,https://albertloyaltycz-albert-service-app-prod.delhaize.eu/public/content/leaflet/v3?storeId=583,https://albertloyaltycz-albert-service-app-prod.delhaize.eu/public/minio/images-products/23223486,2026-10-07T05:30:53+02:00
Albert,Nápoje,albert-583-23223486,"Poděbradka Prolinie citron, jemně perlivá 1.5 l",podebradka_prolinie_citron_jemne_perliva,13.9,13.9,Kč,13.9 Kč / 1.5 l,,,False,,,,2026-10-07 - 2026-10-13,https://albertloyaltycz-albert-service-app-prod.delhaize.eu/public/content/leaflet/v3?storeId=583,https://albertloyaltycz-albert-service-app-prod.delhaize.eu/public/minio/images-products/23223486,2026-10-07T05:30:53+02:00
Billa,Zdravá výživa,141146,Pohankové lupínky Bonavita 375 g,pohankove_lupinky_bonavita,59.9,,Kč,"15,97 Kč / 100 g",159.7,,False,,,platí do úterý 13. 10.,2026-10-07 - 2026-10-13,https://www.kupi.cz/letak/billa-velky-letak-292?page=19&map=216582849,https://img.kupi.cz/kupi/thumbs/pohankove-lupinky-bonavita_170_340.jpg,2026-10-07T05:31:31+02:00
Tesco,Vaření a pečení,3528,Polévkové koření Kucharek 200 g,polevkove_koreni_kucharek,16.9,25.61,Kč,"8,45 Kč / 100 g",84.5,,True,Clubcard,16.9,-34% Clubcard platí do úterý 13. 10.,2026-10-07 - 2026-10-13,https://www.kupi.cz/letak/tesco-hypermarket-znacky-ktere-mate-radi-2?page=15&map=216192369,https://img.kupi.cz/kupi/thumbs/polevkove-koreni-kucharek_170_340.png,2026-10-07T05:32:12+02:00
Albert,Uzeniny a lahůdky,albert-583-25464672,Polický uherák 100 g,policky_uherak,26.9,34.9,Kč,26.9 Kč / 100 g,269.0,,False,,,-22%,2026-10-07 - 2026-10-13,https://albertloyaltycz-albert-service-app-prod.delhaize.eu/public/content/leaflet/v3?storeId=583,https://albertloyaltycz-albert-service-app-prod.delhaize.eu/public/minio/images-products/25464672,2026-10-07T05:30:53+02:00
Albert,Uzeniny a lahůdky,albert-583-25668346,Polický uherák krájený 75g,policky_uherak_krajeny,34.9,41.9,Kč,34.9 Kč / 75 g,465.33,,False,,,-16%,2026-10-07 - 2026-10-13,https://albertloyaltycz-albert-service-app-prod.delhaize.eu/public/content/leaflet/v3?storeId=583,,2026-10-07T05:30:53+02:00
Albert,Uzeniny a lahůdky,albert-583-27687130,Polosuchý salám 500 g 0.5 kg,polosuchy_salam,79.9,94.9,Kč,79.9 Kč / 0.5 kg,159.8,,False,,,-15%,2026-10-07 - 2026-10-13,https://albertloyaltycz-albert-service-app-prod.delhaize.eu/public/content/leaflet/v3?storeId=583,,2026-10-07T05:30:53+02:00
Tesco,Sladkosti a slané snacky,10790,Pomazánka Biscoff Lotus 400 g,pomazanka_biscoff_lotus,79.9,103.77,Kč,"19,98 Kč / 100 g",199.8,,True,Clubcard,79.9,-23% Clubcard st 14. 10. – út 27. 10.,2026-10-14 - 2026-10-27,https://www.kupi.cz/letak/tesco-hypermarket-znacky-ktere-mate-radi-2?page=15&map=216192519,https://img.kupi.cz/kupi/thumbs/karamelova-pomazanka-lotus-2_170_340.jpg,2026-10-07T05:32:14+02:00
Tesco,Mléčné výrobky a vejce,12722,Pomazánka Bystřická 200 g,pomazanka_bystricka,24.9,28.62,Kč,"12,45 Kč / 100 g",124.5,,True,Clubcard,24.9,-13% Clubcard platí do úterý 3. 11.,2026-10-07 - 2026-11-03,https://www.kupi.cz/letak/tesco-supermarket-letak-416?page=12&map=216253608,https://img.kupi.cz/kupi/thumbs/pomazanka-bystricka_170_340.jpg,2026-10-07T05:31:50+02:00
Tesco,Lahůdky,127167,Pomazánka Cottage Krajánek 100 g,pomazanka_cottage_krajanek,19.9,27.64,Kč,"19,90 Kč / 100 g",199.0,,True,Clubcard,19.9,-28% Clubcard platí do úterý 13. 10.,2026-10-07 - 2026-10-13,https://www.kupi.cz/letaky/tesco,https://img.kupi.cz/kupi/thumbs/pomazanka-cottage-krajanek-1_170_340.jpg,2026-10-07T05:31:59+02:00
Tesco,Lahůdky,127167,Pomazánka Cottage Krajánek 100 g,pomazanka_cottage_krajanek,19.9,27.64,Kč,"19,90 Kč / 100 g",199.0,,True,Clubcard,19.9,-28% Clubcard platí do úterý 13. 10.,2026-10-07 - 2026-10-13,https://www.kupi.cz/letak/tesco-hypermarket-znacky-ktere-mate-radi-2?page=6&map=215326869,https://img.kupi.cz/kupi/thumbs/pomazanka-cottage-krajanek-1_170_340.jpg,2026-10-07T05:31:59+02:00
Tesco,Lahůdky,180424,Pomazánka Cottage s tuňákem Krajánek 100 g,pomazanka_cottage_s_tunakem_krajanek,19.9,27.64,Kč,"19,90 Kč / 100 g",199.0,,True,Clubcard,19.9,-28% Clubcard platí do úterý 13. 10.,2026-10-07 - 2026-10-13,https://www.kupi.cz/letak/tesco-supermarket-letak-416?page=13&map=216253764,https://img.kupi.cz/kupi/thumbs/pomazanka-cottage-s-tunakem-krajanek-1_170_340.jpg,2026-10-07T05:31:59+02:00
Billa,Ovoce a zelenina,2859,Pomeranče 1 kg,pomerance,29.9,49.83,Kč,"29,90 Kč / 1 kg",29.9,,False,,,-40% platí do úterý 13. 10.,2026-10-07 - 2026-10-13,https://www.kupi.cz/letak/billa-velky-letak-292?page=5&map=216582492,https://img.kupi.cz/kupi/thumbs/pomerance_170_340.jpg,2026-10-07T05:30:57+02:00
Albert,Nápoje,albert-583-28131540,Popstar Dračí ovoce 0.5 l,popstar_draci_ovoce,29.9,34.9,Kč,29.9 Kč / 0.5 l,,,False,,,,2026-10-07 - 2026-10-13,https://albertloyaltycz-albert-service-app-prod.delhaize.eu/public/content/leaflet/v3?storeId=583,https://albertloyaltycz-albert-service-app-prod.delhaize.eu/public/minio/images-products/28131540,2026-10-07T05:30:53+02:00
Albert,Nápoje,albert-583-28045021,"Popstar tea citron/yuzu 0,5l",popstar_tea_citron_yuzu,29.9,34.9,Kč,29.9 Kč / 0.5 l,,,False,,,,2026-10-07 - 2026-10-13,https://albertloyaltycz-albert-service-app-prod.delhaize.eu/public/content/leaflet/v3?storeId=583,,2026-10-07T05:30:53+02:00
Billa,Ovoce a zelenina,310,Pórek 1 ks,porek,14.9,24.83,Kč,"14,90 Kč / 1 ks",,14.9,False,,,-40% platí do úterý 13. 10.,2026-10-07 - 2026-10-13,https://www.kupi.cz/letak/billa-velky-letak-292?page=5&map=216582516,https://img.kupi.cz/kupi/thumbs/porek_170_340.png,2026-10-07T05:30:57+02:00
Tesco,Vaření a pečení,541989,Povidla Gold Plus 440 g,povidla_gold_plus,50.0,64.1,Kč,"11,36 Kč / 100 g",113.6,,True,Clubcard,50.0,-22% Clubcard platí do úterý 13. 10.,2026-10-07 - 2026-10-13,https://www.kupi.cz/letaky/tesco,https://img.kupi.cz/kupi/thumbs/povidla-gold-plus_170_340.jpg,2026-10-07T05:32:13+02:00
Albert,Maso a ryby,albert-583-28160830,Pražma královská 100 g,prazma_kralovska,28.9,33.9,Kč,28.9 Kč / 100 g,289.0,,False,,,-14%,2026-10-06 - 2026-10-13,https://albertloyaltycz-albert-service-app-prod.delhaize.eu/public/content/leaflet/v3?storeId=583,https://albertloyaltycz-albert-service-app-prod.delhaize.eu/public/minio/images-products/28160830,2026-10-07T05:30:53+02:00
Albert,Nápoje,albert-583-25374797,"Pražská vodka 37,5% 0.5 l",prazska_vodka,139.9,229.0,Kč,139.9 Kč / 0.5 l,,,False,,,,2026-10-07 - 2026-10-13,https://albertloyaltycz-albert-service-app-prod.delhaize.eu/public/content/leaflet/v3?storeId=583,https://albertloyaltycz-albert-service-app-prod.delhaize.eu/public/minio/images-products/25374797,2026-10-07T05:30:53+02:00
Billa,Sladkosti a slané snacky,68760,Preclíky Dupetky Alka 70 g,precliky_dupetky_alka,16.9,,Kč,"24,14 Kč / 100 g",241.4,,False,,,platí do úterý 13. 10.,2026-10-07 - 2026-10-13,https://www.kupi.cz/letak/billa-velky-letak-292?page=14&map=216582660,https://img.kupi.cz/kupi/thumbs/precliky-dupetky-alka_170_340.png,2026-10-07T05:31:29+02:00
Albert,Uzeniny a lahůdky,albert-583-26453675,Premium debrecínská pečeně 100 g,premium_debrecinska_pecene,22.9,28.9,Kč,22.9 Kč / 100 g,229.0,,False,,,-20%,2026-10-07 - 2026-10-13,https://albertloyaltycz-albert-service-app-prod.delhaize.eu/public/content/leaflet/v3?storeId=583,,2026-10-07T05:30:53+02:00
Albert,Uzeniny a lahůdky,albert-583-28069836,Premium gourmet salám 100 g,premium_gourmet_salam,27.9,34.9,Kč,27.9 Kč / 100 g,279.0,,False,,,-20%,2026-10-07 - 2026-10-13,https://albertloyaltycz-albert-service-app-prod.delhaize.eu/public/content/leaflet/v3?storeId=583,,2026-10-07T05:30:53+02:00
Albert,Uzeniny a lahůdky,albert-583-28136095,Premium klobása bez přid.éček 100 g,premium_klobasa_bez_prid_ecek,19.9,28.9,Kč,19.9 Kč / 100 g,199.0,,False,,,-31%,2026-10-07 - 2026-10-13,https://albertloyaltycz-albert-service-app-prod.delhaize.eu/public/content/leaflet/v3?storeId=583,,2026-10-07T05:30:53+02:00
Albert,Uzeniny a lahůdky,albert-583-25462074,PREMIUM Královská slanina 100 g,premium_kralovska_slanina,25.9,32.9,Kč,25.9 Kč / 100 g,259.0,,False,,,-21%,2026-10-07 - 2026-10-13,https://albertloyaltycz-albert-service-app-prod.delhaize.eu/public/content/leaflet/v3?storeId=583,https://albertloyaltycz-albert-service-app-prod.delhaize.eu/public/minio/images-products/25462074,2026-10-07T05:30:53+02:00
Albert,Uzeniny a lahůdky,albert-583-27057926,Premium kuřecí tlačenka 100 g,premium_kureci_tlacenka,15.9,19.9,Kč,15.9 Kč / 100 g,159.0,,False,,,-20%,2026-10-07 - 2026-10-13,https://albertloyaltycz-albert-service-app-prod.delhaize.eu/public/content/leaflet/v3?storeId=583,,2026-10-07T05:30:53+02:00
Albert,Uzeniny a lahůdky,albert-583-25961355,Premium mistrovská klobása 100 g,premium_mistrovska_klobasa,22.9,28.9,Kč,22.9 Kč / 100 g,229.0,,False,,,-20%,2026-10-07 - 2026-10-13,https://albertloyaltycz-albert-service-app-prod.delhaize.eu/public/content/leaflet/v3?storeId=583,,2026-10-07T05:30:53+02:00
Albert,Uzeniny a lahůdky,albert-583-25964745,Premium paprikáš 100 g,premium_paprikas,26.9,34.9,Kč,26.9 Kč / 100 g,269.0,,False,,,-22%,2026-10-07 - 2026-10-13,https://albertloyaltycz-albert-service-app-prod.delhaize.eu/public/content/leaflet/v3?storeId=583,,2026-10-07T05:30:53+02:00
Albert,Uzeniny a lahůdky,albert-583-25960730,Premium párek extra se sýrem 100 g,premium_parek_extra_se_syrem,22.9,28.9,Kč,22.9 Kč / 100 g,229.0,,False,,,-20%,2026-10-07 - 2026-10-13,https://albertloyaltycz-albert-service-app-prod.delhaize.eu/public/content/leaflet/v3?storeId=583,,2026-10-07T05:30:53+02:00
Albert,Uzeniny a lahůdky,albert-583-25961225,Premium špekáčky farmářské 100 g,premium_spekacky_farmarske,16.9,21.9,Kč,16.9 Kč / 100 g,169.0,,False,,,-22%,2026-10-07 - 2026-10-13,https://albertloyaltycz-albert-service-app-prod.delhaize.eu/public/content/leaflet/v3?storeId=583,,2026-10-07T05:30:53+02:00
Albert,Uzeniny a lahůdky,albert-583-26669359,Premium tlačenka 100 g,premium_tlacenka,17.9,23.9,Kč,17.9 Kč / 100 g,179.0,,False,,,-25%,2026-10-07 - 2026-10-13,https://albertloyaltycz-albert-service-app-prod.delhaize.eu/public/content/leaflet/v3?storeId=583,,2026-10-07T05:30:53+02:00
Albert,Uzeniny a lahůdky,albert-583-26449128,Premium vepřová šun.nejvyš.jak 100 g,premium_veprova_sun_nejvys_jak,23.9,31.9,Kč,23.9 Kč / 100 g,239.0,,False,,,-25%,2026-10-07 - 2026-10-13,https://albertloyaltycz-albert-service-app-prod.delhaize.eu/public/content/leaflet/v3?storeId=583,,2026-10-07T05:30:53+02:00
Albert,Uzeniny a lahůdky,albert-583-26794679,Premium vídeňské párky 100 g,premium_videnske_parky,23.9,29.9,Kč,23.9 Kč / 100 g,239.0,,False,,,-20%,2026-10-07 - 2026-10-13,https://albertloyaltycz-albert-service-app-prod.delhaize.eu/public/content/leaflet/v3?storeId=583,,2026-10-07T05:30:53+02:00
Tesco,Mléčné výrobky a vejce,381949,Přepuštěné máslo Alfa 200 g,prepustene_maslo_alfa,59.9,99.83,Kč,"29,95 Kč / 100 g",299.5,,True,Clubcard,59.9,-40% Clubcard platí do úterý 3. 11.,2026-10-07 - 2026-11-03,https://www.kupi.cz/letak/tesco-supermarket-letak-416?page=12&map=216253605,https://img.kupi.cz/kupi/thumbs/prepustene-maslo-alfa_170_340.jpg,2026-10-07T05:31:50+02:00
Billa,Mléčné výrobky a vejce,223938,Přepuštěné máslo Ghí Living Spoon 420 ml,prepustene_maslo_ghi_living_spoon,189.9,296.72,Kč,"45,21 Kč / 100 ml",,,True,Billa Club,189.9,-36% Billa Club platí do úterý 13. 10.,2026-10-07 - 2026-10-13,https://www.kupi.cz/letak/billa-velky-letak-292?page=17&map=216582759,https://img.kupi.cz/kupi/thumbs/prepustene-maslo-ghi-living-spoon-1_170_340.jpg,2026-10-07T05:31:04+02:00
Albert,Mléčné a chlazené,albert-583-24956758,Président Cheddar plátky 100 g,president_cheddar_platky,44.9,62.9,Kč,44.9 Kč / 100 g,449.0,,False,,,-28%,2026-10-07 - 2026-10-13,https://albertloyaltycz-albert-service-app-prod.delhaize.eu/public/content/leaflet/v3?storeId=583,https://albertloyaltycz-albert-service-app-prod.delhaize.eu/public/minio/images-products/24956758,2026-10-07T05:30:53+02:00
Albert,Mléčné a chlazené,albert-583-25457629,Président emmental plátky 100g,president_emmental_platky,35.9,51.9,Kč,35.9 Kč / 100 g,359.0,,False,,,-30%,2026-10-07 - 2026-10-13,https://albertloyaltycz-albert-service-app-prod.delhaize.eu/public/content/leaflet/v3?storeId=583,,2026-10-07T05:30:53+02:00
Albert,Mléčné a chlazené,albert-583-25660357,Président gouda plátky 100g,president_gouda_platky,35.9,51.9,Kč,35.9 Kč / 100 g,359.0,,False,,,-30%,2026-10-07 - 2026-10-13,https://albertloyaltycz-albert-service-app-prod.delhaize.eu/public/content/leaflet/v3?storeId=583,,2026-10-07T05:30:53+02:00
Albert,Mléčné a chlazené,albert-583-25022216,Président maasdamer plát.100g,president_maasdamer_plat,35.9,51.9,Kč,35.9 Kč / 100 g,359.0,,False,,,-30%,2026-10-07 - 2026-10-13,https://albertloyaltycz-albert-service-app-prod.delhaize.eu/public/content/leaflet/v3?storeId=583,,2026-10-07T05:30:53+02:00
Albert,Mléčné a chlazené,albert-583-28068730,Pribináček čokopěna 110g,pribinacek_cokopena,21.9,29.9,Kč,21.9 Kč / 110 g,199.09,,False,,,-26%,2026-10-07 - 2026-10-13,https://albertloyaltycz-albert-service-app-prod.delhaize.eu/public/content/leaflet/v3?storeId=583,,2026-10-07T05:30:53+02:00
Albert,Mléčné a chlazené,albert-583-24110846,Pribináček kakaový 125g,pribinacek_kakaovy,21.9,29.9,Kč,21.9 Kč / 125 g,175.2,,False,,,-26%,2026-10-07 - 2026-10-13,https://albertloyaltycz-albert-service-app-prod.delhaize.eu/public/content/leaflet/v3?storeId=583,,2026-10-07T05:30:53+02:00
Albert,Mléčné a chlazené,albert-583-27170557,Pribináček kapsík vanilka 70 g,pribinacek_kapsik_vanilka,19.9,25.9,Kč,19.9 Kč / 70 g,284.29,,False,,,-23%,2026-10-07 - 2026-10-13,https://albertloyaltycz-albert-service-app-prod.delhaize.eu/public/content/leaflet/v3?storeId=583,,2026-10-07T05:30:53+02:00
Albert,Mléčné a chlazené,albert-583-25268683,Pribináček mixík v/k 125g,pribinacek_mixik_v_k,21.9,29.9,Kč,21.9 Kč / 125 g,175.2,,False,,,-26%,2026-10-07 - 2026-10-13,https://albertloyaltycz-albert-service-app-prod.delhaize.eu/public/content/leaflet/v3?storeId=583,,2026-10-07T05:30:53+02:00
Albert,Mléčné a chlazené,albert-583-27727485,Pribináček tyč s tvarohem 38g,pribinacek_tyc_s_tvarohem,12.9,16.9,Kč,12.9 Kč / 38 g,339.47,,False,,,-23%,2026-10-07 - 2026-10-13,https://albertloyaltycz-albert-service-app-prod.delhaize.eu/public/content/leaflet/v3?storeId=583,,2026-10-07T05:30:53+02:00
Albert,Mléčné a chlazené,albert-583-24110662,Pribináček vanilka 125 g,pribinacek_vanilka,21.9,29.9,Kč,21.9 Kč / 125 g,175.2,,False,,,-26%,2026-10-07 - 2026-10-13,https://albertloyaltycz-albert-service-app-prod.delhaize.eu/public/content/leaflet/v3?storeId=583,https://albertloyaltycz-albert-service-app-prod.delhaize.eu/public/minio/images-products/24110662,2026-10-07T05:30:53+02:00
Billa,Nealko nápoje,2871,Přírodní voda Aquila 1.5 l,prirodni_voda_aquila,13.9,,Kč,"9,27 Kč / 1 l",,,False,,,platí do úterý 13. 10.,2026-10-07 - 2026-10-13,https://www.kupi.cz/letak/billa-velky-letak-292?page=31&map=216583416,https://img.kupi.cz/kupi/thumbs/prirodni-voda-aquila-1_170_340.jpg,2026-10-07T05:31:17+02:00
Tesco,Vaření a pečení,965,Přísada do jídla Podravka,prisada_do_jidla_podravka,34.9,47.81,Kč,"13,96 Kč / 100 g",139.6,,True,Clubcard,34.9,-27% Clubcard platí do úterý 13. 10.,2026-10-07 - 2026-10-13,https://www.kupi.cz/letak/tesco-hypermarket-znacky-ktere-mate-radi-2?page=9&map=215326932,https://img.kupi.cz/kupi/thumbs/prisada-do-jidla-podravka_170_340.png,2026-10-07T05:32:11+02:00
Tesco,Vaření a pečení,965,Přísada do jídla Podravka,prisada_do_jidla_podravka,34.9,39.66,Kč,"17,45 Kč / 100 g",174.5,,True,Clubcard,34.9,-12% Clubcard platí do úterý 13. 10.,2026-10-07 - 2026-10-13,https://www.kupi.cz/letak/tesco-hypermarket-znacky-ktere-mate-radi-2?page=9&map=215326959,https://img.kupi.cz/kupi/thumbs/prisada-do-jidla-podravka_170_340.png,2026-10-07T05:32:11+02:00
Tesco,Vaření a pečení,965,Přísada do jídla Podravka,prisada_do_jidla_podravka,74.9,87.09,Kč,"14,98 Kč / 100 g",149.8,,True,Clubcard,74.9,-14% Clubcard platí do úterý 13. 10.,2026-10-07 - 2026-10-13,https://www.kupi.cz/letak/tesco-hypermarket-znacky-ktere-mate-radi-2?page=9&map=215326944,https://img.kupi.cz/kupi/thumbs/prisada-do-jidla-podravka_170_340.png,2026-10-07T05:32:11+02:00
Billa,Alkohol,195045,Prosecco Brut DOC Cavit Trento 0.75 l,prosecco_brut_doc_cavit_trento,199.9,,Kč,"266,53 Kč / 1 l",,,False,,,platí do úterý 20. 10.,2026-10-07 - 2026-10-20,https://www.kupi.cz/letak/billa-letak-italie-u-vas-doma?page=15&map=215641791,https://img.kupi.cz/kupi/thumbs/sekt-brut-prosecco-doc-cavit-trento_170_340.jpg,2026-10-07T05:31:36+02:00
Billa,Alkohol,502566,Prosecco Contello DOC Frizante,prosecco_contello_doc_frizante,89.9,,Kč,"119,87 Kč / 1 l",,,False,,,platí do úterý 13. 10.,2026-10-07 - 2026-10-13,https://www.kupi.cz/letak/billa-maly-letak-721?page=6&map=216583671,https://img.kupi.cz/kupi/thumbs/prosecco-contello-doc-frizante_170_340.jpg,2026-10-07T05:31:36+02:00
Billa,Alkohol,502566,Prosecco Contello DOC Frizante,prosecco_contello_doc_frizante,49.9,,Kč,"249,50 Kč / 1 l",,,False,,,platí do úterý 20. 10.,2026-10-07 - 2026-10-20,https://www.kupi.cz/letak/billa-letak-italie-u-vas-doma?page=15&map=215641794,https://img.kupi.cz/kupi/thumbs/prosecco-contello-doc-frizante_170_340.jpg,2026-10-07T05:31:36+02:00
Albert,Nápoje,albert-583-27955376,Prosecco DOC Brut Millesimato Rialto 0.75 l,prosecco_doc_brut_millesimato_rialto,139.9,189.0,Kč,139.9 Kč / 0.75 l,,,False,,,,2026-10-07 - 2026-10-13,https://albertloyaltycz-albert-service-app-prod.delhaize.eu/public/content/leaflet/v3?storeId=583,https://albertloyaltycz-albert-service-app-prod.delhaize.eu/public/minio/images-products/27955376,2026-10-07T05:30:53+02:00
Billa,Alkohol,328894,Prosecco DOC Cielo 0.75 l,prosecco_doc_cielo,129.9,,Kč,"173,20 Kč / 1 l",,,False,,,platí do úterý 20. 10.,2026-10-07 - 2026-10-20,https://www.kupi.cz/letak/billa-letak-italie-u-vas-doma?page=14&map=215641671,https://img.kupi.cz/kupi/thumbs/prosecco-doc-cielo_170_340.png,2026-10-07T05:31:35+02:00
Albert,Nápoje,albert-583-27955345,"Prosecco doc frizzante 0,75l",prosecco_doc_frizzante,89.9,129.9,Kč,89.9 Kč / 0.75 l,,,False,,,,2026-10-07 - 2026-10-13,https://albertloyaltycz-albert-service-app-prod.delhaize.eu/public/content/leaflet/v3?storeId=583,,2026-10-07T05:30:53+02:00
Tesco,Alkohol,65247,Prosecco DOC Treviso Mionetto 0.75 l,prosecco_doc_treviso_mionetto,139.9,229.34,Kč,"186,53 Kč / 1 l",,,True,Clubcard,139.9,-39% Clubcard platí do úterý 27. 10.,2026-10-07 - 2026-10-27,https://www.kupi.cz/letaky/tesco,https://img.kupi.cz/kupi/thumbs/sekt-prosecco-doc-mionetto_170_340.jpg,2026-10-07T05:32:24+02:00
Billa,Alkohol,471687,Prosecco Extra Brut DOCG Rebuli Zerogrammi 0.75 l,prosecco_extra_brut_docg_rebuli_zerogrammi,289.9,,Kč,"386,53 Kč / 1 l",,,False,,,platí do úterý 20. 10.,2026-10-07 - 2026-10-20,https://www.kupi.cz/letak/billa-letak-italie-u-vas-doma?page=14&map=215641695,https://img.kupi.cz/kupi/thumbs/prosecco-extra-brut-docg-rebuli-zerogrammi_170_340.jpg,2026-10-07T05:31:36+02:00
Billa,Alkohol,456704,Prosecco Extra Dry Superiore DOCG Billa Premium 0.75 l,prosecco_extra_dry_superiore_docg_premium,169.9,,Kč,"226,53 Kč / 1 l",,,False,,,platí do úterý 20. 10.,2026-10-07 - 2026-10-20,https://www.kupi.cz/letak/billa-letak-italie-u-vas-doma?map=215641080,https://img.kupi.cz/kupi/thumbs/prosecco-extra-dry-superiore-docg-billa-premium_170_340.jpg,2026-10-07T05:31:36+02:00
Tesco,Alkohol,181648,Prosecco Tesco Finest 0.75 l,prosecco_finest,169.9,249.85,Kč,"226,53 Kč / 1 l",,,True,Clubcard,169.9,-32% Clubcard platí do úterý 13. 10.,2026-10-07 - 2026-10-13,https://www.kupi.cz/letaky/tesco,https://img.kupi.cz/kupi/thumbs/prosecco-tesco-finest_170_340.jpg,2026-10-07T05:32:26+02:00
Tesco,Alkohol,90322,Prosecco Frizzante Bella Cucina 0.75 l,prosecco_frizzante_bella_cucina,64.9,108.17,Kč,"86,53 Kč / 1 l",,,True,Clubcard,64.9,-40% Clubcard platí do úterý 13. 10.,2026-10-07 - 2026-10-13,https://www.kupi.cz/letak/tesco-supermarket-letak-416?page=14&map=216253893,https://img.kupi.cz/kupi/thumbs/sekt-prosecco-frizzante-bella-cucina_170_340.jpg,2026-10-07T05:32:24+02:00
Billa,Alkohol,343237,Prosecco Frizzante D.O.C. Scalini 0.75 l,prosecco_frizzante_d_o_c_scalini,119.9,,Kč,"159,87 Kč / 1 l",,,False,,,platí do úterý 20. 10.,2026-10-07 - 2026-10-20,https://www.kupi.cz/letak/billa-letak-italie-u-vas-doma?page=14&map=215641686,https://img.kupi.cz/kupi/thumbs/prosecco-frizzante-doc-scalini_170_340.jpg,2026-10-07T05:31:35+02:00
Tesco,Alkohol,479913,Prosecco Frizzante Mionetto 0.75 l,prosecco_frizzante_mionetto,139.9,,Kč,"186,53 Kč / 1 l",,,True,Clubcard,139.9,Clubcard platí do úterý 27. 10.,2026-10-07 - 2026-10-27,https://www.kupi.cz/letaky/tesco,https://img.kupi.cz/kupi/thumbs/frizzante-prosecco-mionetto_170_340.png,2026-10-07T05:32:26+02:00
Tesco,Alkohol,107556,Prosecco Mionetto 0.75 l,prosecco_mionetto,199.9,229.77,Kč,"266,53 Kč / 1 l",,,True,Clubcard,199.9,-13% Clubcard platí do úterý 27. 10.,2026-10-07 - 2026-10-27,https://www.kupi.cz/letak/tesco-hypermarket-letak-370?page=21&map=216580644,https://img.kupi.cz/kupi/thumbs/sekt-prosecco-mionetto_170_340.jpg,2026-10-07T05:32:23+02:00
Tesco,Alkohol,107556,Prosecco Mionetto 0.75 l,prosecco_mionetto,199.9,229.77,Kč,"266,53 Kč / 1 l",,,True,Clubcard,199.9,-13% Clubcard platí do středy 28. 10.,2026-10-07 - 2026-10-28,https://www.kupi.cz/letak/tesco-supermarket-letak-416?page=14&map=216253902,https://img.kupi.cz/kupi/thumbs/sekt-prosecco-mionetto_170_340.jpg,2026-10-07T05:32:23+02:00
Albert,Nápoje,albert-583-26872926,Prosecco Solicello DOC 0.75 l,prosecco_solicello_doc,69.9,119.9,Kč,69.9 Kč / 0.75 l,,,False,,,,2026-10-07 - 2026-10-13,https://albertloyaltycz-albert-service-app-prod.delhaize.eu/public/content/leaflet/v3?storeId=583,https://albertloyaltycz-albert-service-app-prod.delhaize.eu/public/minio/images-products/26872926,2026-10-07T05:30:53+02:00
Billa,Alkohol,439107,Prosecco Spumante DOC Brilla 0.75 l,prosecco_spumante_doc_brilla,199.9,,Kč,"266,53 Kč / 1 l",,,False,,,platí do úterý 20. 10.,2026-10-07 - 2026-10-20,https://www.kupi.cz/letak/billa-letak-italie-u-vas-doma?page=14&map=215641692,https://img.kupi.cz/kupi/thumbs/prosecco-spumante-brilla_170_340.jpg,2026-10-07T05:31:36+02:00
Albert,Nápoje,albert-583-28026914,"Prosecco valdobbiadene 0,75l",prosecco_valdobbiadene,199.0,269.0,Kč,199 Kč / 0.75 l,,,False,,,,2026-10-07 - 2026-10-13,https://albertloyaltycz-albert-service-app-prod.delhaize.eu/public/content/leaflet/v3?storeId=583,,2026-10-07T05:30:53+02:00
Albert,Nápoje,albert-583-27852972,Proud pivo ležák 0.5 l,proud_pivo_lezak,25.9,31.9,Kč,25.9 Kč / 0.5 l,,,False,,,,2026-10-07 - 2026-10-13,https://albertloyaltycz-albert-service-app-prod.delhaize.eu/public/content/leaflet/v3?storeId=583,https://albertloyaltycz-albert-service-app-prod.delhaize.eu/public/minio/images-products/27852972,2026-10-07T05:30:53+02:00
Tesco,Pečivo,587634,Pšeničnožitná kostka 70 g,psenicnozitna_kostka,9.9,13.75,Kč,"14,14 Kč / 100 g",141.4,,False,,,-28% platí do úterý 13. 10.,2026-10-07 - 2026-10-13,https://www.kupi.cz/letak/tesco-hypermarket-letak-370?page=4&map=216578391,https://www.kupi.cz/img/no_img/no_discounts.png,2026-10-07T05:31:46+02:00
Albert,Trvanlivé,albert-583-20304416,Puding nat.příchuť čoko 40g,puding_nat_prichut_coko,7.9,9.9,Kč,7.9 Kč / 40 g,197.5,,False,,,-20%,2026-10-07 - 2026-10-13,https://albertloyaltycz-albert-service-app-prod.delhaize.eu/public/content/leaflet/v3?storeId=583,,2026-10-07T05:30:53+02:00
Albert,Trvanlivé,albert-583-20304386,Puding nat.příchuť vanilka 37g,puding_nat_prichut_vanilka,6.9,9.9,Kč,6.9 Kč / 37 g,186.49,,False,,,-30%,2026-10-07 - 2026-10-13,https://albertloyaltycz-albert-service-app-prod.delhaize.eu/public/content/leaflet/v3?storeId=583,,2026-10-07T05:30:53+02:00
Albert,Trvanlivé,albert-583-20304225,Puding oet.příchuť čoko.46g,puding_oet_prichut_coko,9.9,11.9,Kč,9.9 Kč / 46 g,215.22,,False,,,-16%,2026-10-07 - 2026-10-13,https://albertloyaltycz-albert-service-app-prod.delhaize.eu/public/content/leaflet/v3?storeId=583,,2026-10-07T05:30:53+02:00
Albert,Trvanlivé,albert-583-23319431,Puding oet.příchuť kokos 38g,puding_oet_prichut_kokos,9.9,11.9,Kč,9.9 Kč / 38 g,260.53,,False,,,-16%,2026-10-07 - 2026-10-13,https://albertloyaltycz-albert-service-app-prod.delhaize.eu/public/content/leaflet/v3?storeId=583,,2026-10-07T05:30:53+02:00
Albert,Trvanlivé,albert-583-20304270,Puding oet.příchuť vanilk.38g,puding_oet_prichut_vanilk,9.9,11.9,Kč,9.9 Kč / 38 g,260.53,,False,,,-16%,2026-10-07 - 2026-10-13,https://albertloyaltycz-albert-service-app-prod.delhaize.eu/public/content/leaflet/v3?storeId=583,,2026-10-07T05:30:53+02:00
Albert,Trvanlivé,albert-583-25388107,Puding prem.jemná pistácie 40g,puding_prem_jemna_pistacie,13.9,19.9,Kč,13.9 Kč / 40 g,347.5,,False,,,-30%,2026-10-07 - 2026-10-13,https://albertloyaltycz-albert-service-app-prod.delhaize.eu/public/content/leaflet/v3?storeId=583,,2026-10-07T05:30:53+02:00
Albert,Trvanlivé,albert-583-25064537,Puding premium čokoláda 52g,puding_premium_cokolada,13.9,19.9,Kč,13.9 Kč / 52 g,267.31,,False,,,-30%,2026-10-07 - 2026-10-13,https://albertloyaltycz-albert-service-app-prod.delhaize.eu/public/content/leaflet/v3?storeId=583,,2026-10-07T05:30:53+02:00
Billa,Mléčné výrobky a vejce,554436,Pudink High Protein Billa 200 g,pudink_high_protein,21.9,25.76,Kč,"10,95 Kč / 100 g",109.5,,False,,,-15% platí do úterý 13. 10.,2026-10-07 - 2026-10-13,https://www.kupi.cz/letak/billa-velky-letak-292?page=19&map=216582837,https://img.kupi.cz/kupi/thumbs/pudink-high-protein-billa_170_340.jpg,2026-10-07T05:31:05+02:00
Billa,Vaření a pečení,1593,Pudink Premium Dr. Oetker 40 g,pudink_premium_dr_oetker,14.9,,Kč,"37,25 Kč / 100 g",372.5,,False,,,platí do úterý 13. 10.,2026-10-07 - 2026-10-13,https://www.kupi.cz/letak/billa-velky-letak-292?page=16&map=216582726,https://img.kupi.cz/kupi/thumbs/pudink-premium-dr-oetker_170_340.jpg,2026-10-07T05:31:24+02:00
Tesco,Vaření a pečení,1593,Pudink Premium Dr. Oetker,pudink_premium_dr_oetker,14.9,19.87,Kč,"28,65 Kč / 100 g",286.5,,True,Clubcard,14.9,-25% Clubcard platí do úterý 13. 10.,2026-10-07 - 2026-10-13,https://www.kupi.cz/letaky/tesco,https://img.kupi.cz/kupi/thumbs/pudink-premium-dr-oetker_170_340.jpg,2026-10-07T05:32:11+02:00
Tesco,Vaření a pečení,1593,Pudink Premium Dr. Oetker,pudink_premium_dr_oetker,14.9,19.87,Kč,"37,25 Kč / 100 g",372.5,,True,Clubcard,14.9,-25% Clubcard platí do úterý 13. 10.,2026-10-07 - 2026-10-13,https://www.kupi.cz/letaky/tesco,https://img.kupi.cz/kupi/thumbs/pudink-premium-dr-oetker_170_340.jpg,2026-10-07T05:32:11+02:00
Albert,Trvanlivé,albert-583-26446608,Pyramidový čaj lesní plody 40g,pyramidovy_caj_lesni_plody,26.9,44.9,Kč,26.9 Kč / 40 g,672.5,,False,,,,2026-10-07 - 2026-10-13,https://albertloyaltycz-albert-service-app-prod.delhaize.eu/public/content/leaflet/v3?storeId=583,,2026-10-07T05:30:53+02:00
Albert,Trvanlivé,albert-583-27382646,Quinoové chipsy cre.fraiche60g,quinoove_chipsy_cre_fraiche60g,23.9,28.9,Kč,23.9 Kč / 60 g,398.33,,False,,,,2026-10-07 - 2026-10-13,https://albertloyaltycz-albert-service-app-prod.delhaize.eu/public/content/leaflet/v3?storeId=583,,2026-10-07T05:30:53+02:00
Albert,Nápoje,albert-583-27106815,R. Jelínek Moravská švestka 38% 0.5 l,r_jelinek_moravska_svestka,169.0,229.0,Kč,169 Kč / 0.5 l,,,False,,,,2026-10-07 - 2026-10-13,https://albertloyaltycz-albert-service-app-prod.delhaize.eu/public/content/leaflet/v3?storeId=583,https://albertloyaltycz-albert-service-app-prod.delhaize.eu/public/minio/images-products/27106815,2026-10-07T05:30:53+02:00
Albert,Trvanlivé,albert-583-25428025,Racio cornies ln. semín. 115g,racio_cornies_ln_semin,19.9,24.9,Kč,19.9 Kč / 115 g,173.04,,False,,,,2026-10-07 - 2026-10-13,https://albertloyaltycz-albert-service-app-prod.delhaize.eu/public/content/leaflet/v3?storeId=583,,2026-10-07T05:30:53+02:00
Albert,Trvanlivé,albert-583-27879481,Racio knäckebrot žitný 230 g,racio_knackebrot_zitny,39.9,54.9,Kč,39.9 Kč / 230 g,173.48,,False,,,,2026-10-07 - 2026-10-13,https://albertloyaltycz-albert-service-app-prod.delhaize.eu/public/content/leaflet/v3?storeId=583,https://albertloyaltycz-albert-service-app-prod.delhaize.eu/public/minio/images-products/27879481,2026-10-07T05:30:53+02:00
Albert,Nápoje,albert-583-28189053,Radegast Drsná 15 plech 0.5 l,radegast_drsna_plech,28.9,,Kč,28.9 Kč / 0.5 l,,,False,,,,2026-10-07 - 2026-10-13,https://albertloyaltycz-albert-service-app-prod.delhaize.eu/public/content/leaflet/v3?storeId=583,https://albertloyaltycz-albert-service-app-prod.delhaize.eu/public/minio/images-products/28189053,2026-10-07T05:30:53+02:00
Albert,Nápoje,albert-583-20403133,Radegast Rázná 10 světlé výčepní 10 0.5 l,radegast_razna_svetle_vycepni,13.9,18.9,Kč,13.9 Kč / 0.5 l,,,False,,,,2026-10-07 - 2026-10-13,https://albertloyaltycz-albert-service-app-prod.delhaize.eu/public/content/leaflet/v3?storeId=583,https://albertloyaltycz-albert-service-app-prod.delhaize.eu/public/minio/images-products/20403133,2026-10-07T05:30:53+02:00
Albert,Nápoje,albert-583-20403140,Radegast Ryze Hořká 12 0.5 l,radegast_ryze_horka,21.9,29.9,Kč,21.9 Kč / 0.5 l,,,False,,,,2026-10-07 - 2026-10-13,https://albertloyaltycz-albert-service-app-prod.delhaize.eu/public/content/leaflet/v3?storeId=583,https://albertloyaltycz-albert-service-app-prod.delhaize.eu/public/minio/images-products/20403140,2026-10-07T05:30:53+02:00
Albert,Nápoje,albert-583-28170761,Radegast temně hořká 12 polotmavý ležák 0.5 l,radegast_temne_horka_polotmavy_lezak,20.9,30.9,Kč,20.9 Kč / 0.5 l,,,False,,,,2026-10-07 - 2026-10-13,https://albertloyaltycz-albert-service-app-prod.delhaize.eu/public/content/leaflet/v3?storeId=583,https://albertloyaltycz-albert-service-app-prod.delhaize.eu/public/minio/images-products/28170761,2026-10-07T05:30:53+02:00
Albert,Trvanlivé,albert-583-27595268,Fjk rajčata sušená 100g,rajcata,44.9,59.9,Kč,44.9 Kč / 100 g,449.0,,False,,,,2026-10-07 - 2026-10-13,https://albertloyaltycz-albert-service-app-prod.delhaize.eu/public/content/leaflet/v3?storeId=583,,2026-10-07T05:30:53+02:00
Albert,Trvanlivé,albert-583-26479958,Fjk suš. rajčata olej 180/110g,rajcata,34.9,69.9,Kč,34.9 Kč / 110 g,317.27,,False,,,,2026-10-07 - 2026-10-13,https://albertloyaltycz-albert-service-app-prod.delhaize.eu/public/content/leaflet/v3?storeId=583,,2026-10-07T05:30:53+02:00
Albert,Trvanlivé,albert-583-25449211,Franz Josef Kaiser sušená rajčata v oleji 110 g,rajcata,36.9,69.9,Kč,36.9 Kč / 110 g,335.45,,False,,,,2026-10-07 - 2026-10-13,https://albertloyaltycz-albert-service-app-prod.delhaize.eu/public/content/leaflet/v3?storeId=583,https://albertloyaltycz-albert-service-app-prod.delhaize.eu/public/minio/images-products/25449211,2026-10-07T05:30:53+02:00
Albert,Trvanlivé,albert-583-25159271,Giana rajčata krájená 240 g,rajcata,19.9,36.9,Kč,19.9 Kč / 240 g,82.92,,False,,,,2026-10-07 - 2026-10-13,https://albertloyaltycz-albert-service-app-prod.delhaize.eu/public/content/leaflet/v3?storeId=583,https://albertloyaltycz-albert-service-app-prod.delhaize.eu/public/minio/images-products/25159271,2026-10-07T05:30:53+02:00
Albert,Trvanlivé,albert-583-25159264,Giana rajčata loupaná 400/240g,rajcata,19.9,36.9,Kč,19.9 Kč / 240 g,82.92,,False,,,,2026-10-07 - 2026-10-13,https://albertloyaltycz-albert-service-app-prod.delhaize.eu/public/content/leaflet/v3?storeId=583,,2026-10-07T05:30:53+02:00
Albert,Uzeniny a lahůdky,albert-583-28153740,Tapas polosuš.rajčata byl.100g,rajcata,69.0,,Kč,69 Kč / 100 g,690.0,,False,,,,2026-10-07 - 2026-10-13,https://albertloyaltycz-albert-service-app-prod.delhaize.eu/public/content/leaflet/v3?storeId=583,,2026-10-07T05:30:53+02:00
Billa,Vaření a pečení,79370,Pasírovaná rajčata Billa 680 g,rajcata,29.9,35.6,Kč,"4,40 Kč / 100 g",44.0,,False,,,-16% platí do úterý 20. 10.,2026-10-07 - 2026-10-20,https://www.kupi.cz/letak/billa-letak-italie-u-vas-doma?map=215641065,https://img.kupi.cz/kupi/thumbs/pasirovana-rajcata-billa_170_340.png,2026-10-07T05:31:25+02:00
Billa,Konzervy,495480,Rajčata Cirio 400 g,rajcata,29.9,36.46,Kč,"7,47 Kč / 100 g",74.7,,False,,,-18% platí do úterý 20. 10.,2026-10-07 - 2026-10-20,https://www.kupi.cz/letak/billa-letak-italie-u-vas-doma?page=6&map=215641296,https://img.kupi.cz/kupi/thumbs/rajcata-cirio_170_340.png,2026-10-07T05:31:13+02:00
Billa,Konzervy,111644,Rajčata krájená La torrente 400 g,rajcata,34.9,49.86,Kč,"8,72 Kč / 100 g",87.2,,False,,,-30% platí do úterý 20. 10.,2026-10-07 - 2026-10-20,https://www.kupi.cz/letak/billa-letak-italie-u-vas-doma?page=6&map=215641329,https://img.kupi.cz/kupi/thumbs/rajcata-krajena-la-torrente-1_170_340.jpg,2026-10-07T05:31:13+02:00
Billa,Konzervy,157208,Rajčata loupaná Cirio 400 g,rajcata,29.9,36.46,Kč,"7,47 Kč / 100 g",74.7,,False,,,-18% platí do úterý 20. 10.,2026-10-07 - 2026-10-20,https://www.kupi.cz/letak/billa-letak-italie-u-vas-doma?page=6&map=215641290,https://img.kupi.cz/kupi/thumbs/rajcata-loupana-cirio-1_170_340.jpg,2026-10-07T05:31:13+02:00
Billa,Konzervy,111641,Rajčata loupaná La torrente 400 g,rajcata,34.9,49.86,Kč,"8,72 Kč / 100 g",87.2,,False,,,-30% platí do úterý 20. 10.,2026-10-07 - 2026-10-20,https://www.kupi.cz/letak/billa-letak-italie-u-vas-doma?page=6&map=215641299,https://img.kupi.cz/kupi/thumbs/rajcata-loupana-la-torrente_170_340.jpg,2026-10-07T05:31:13+02:00
Billa,Lahůdky,8128,Sušená rajčata v oleji Billa 280 g,rajcata,49.9,71.29,Kč,"17,82 Kč / 100 g",178.2,,False,,,-30% platí do úterý 20. 10.,2026-10-07 - 2026-10-20,https://www.kupi.cz/letak/billa-letak-italie-u-vas-doma?page=6&map=215641332,https://img.kupi.cz/kupi/thumbs/susena-rajcata-v-oleji-billa_170_340.png,2026-10-07T05:31:11+02:00
Albert,Tržnice u Alberta,albert-583-24802703,Nature's Promise Bio rajčata cherry 250 g,rajcata_cherry,39.9,49.9,Kč,39.9 Kč / 250 g,159.6,,False,,,-20%,2026-10-07 - 2026-10-13,https://albertloyaltycz-albert-service-app-prod.delhaize.eu/public/content/leaflet/v3?storeId=583,https://albertloyaltycz-albert-service-app-prod.delhaize.eu/public/minio/images-products/24802703,2026-10-07T05:30:53+02:00
Albert,Tržnice u Alberta,albert-583-20445836,Rajčata keříková 1 kg,rajcata_cherry,49.9,79.9,Kč,49.9 Kč / 1 kg,49.9,,False,,,-37%,2026-10-07 - 2026-10-13,https://albertloyaltycz-albert-service-app-prod.delhaize.eu/public/content/leaflet/v3?storeId=583,https://albertloyaltycz-albert-service-app-prod.delhaize.eu/public/minio/images-products/20445836,2026-10-07T05:30:53+02:00
Billa,Ovoce a zelenina,195024,Rajčata cherry Billa Bonvia 0.25 kg,rajcata_cherry,29.9,34.77,Kč,"119,60 Kč / 1 kg",119.6,,False,,,-14% čt 8. 10. – ne 11. 10.,2026-10-08 - 2026-10-11,https://www.kupi.cz/letak/billa-velky-letak-292?map=216581982,https://img.kupi.cz/kupi/thumbs/rajcata-cherry-billa-bonvia-1_170_340.jpg,2026-10-07T05:30:57+02:00
Tesco,Ovoce a zelenina,34287,Rajčata cherry Tesco,rajcata_cherry,24.9,39.52,Kč,"9,96 Kč / 100 g",99.6,,False,,,-37% platí do úterý 13. 10.,2026-10-07 - 2026-10-13,https://www.kupi.cz/letak/tesco-supermarket-letak-416?page=2&map=216252891,https://img.kupi.cz/kupi/thumbs/rajcata-cherry-tesco_170_340.jpg,2026-10-07T05:31:43+02:00
Tesco,Ovoce a zelenina,34287,Rajčata cherry Tesco,rajcata_cherry,24.9,39.52,Kč,"99,60 Kč / 1 kg",99.6,,False,,,-37% platí do úterý 13. 10.,2026-10-07 - 2026-10-13,https://www.kupi.cz/letak/tesco-hypermarket-letak-370?page=2&map=216577566,https://img.kupi.cz/kupi/thumbs/rajcata-cherry-tesco_170_340.jpg,2026-10-07T05:31:43+02:00
Billa,Vaření a pečení,74073,Rajčatový protlak Billa 140 g,rajcatovy_protlak,17.9,,Kč,"12,79 Kč / 100 g",127.9,,False,,,platí do úterý 20. 10.,2026-10-07 - 2026-10-20,https://www.kupi.cz/letak/billa-letak-italie-u-vas-doma?page=8&map=215641443,https://img.kupi.cz/kupi/thumbs/rajcatovy-protlak-billa_170_340.jpg,2026-10-07T05:31:25+02:00
Tesco,Vaření a pečení,492165,Rajčatový protlak Gustodoro 500 g,rajcatovy_protlak_gustodoro,36.9,42.41,Kč,"7,38 Kč / 100 g",73.8,,True,Clubcard,36.9,-13% Clubcard platí do úterý 20. 10.,2026-10-07 - 2026-10-20,https://www.kupi.cz/letak/tesco-hypermarket-letak-370?page=22&map=216580695,https://img.kupi.cz/kupi/thumbs/rajcatovy-protlak-gustodoro_170_340.jpg,2026-10-07T05:32:13+02:00
Albert,Mléčné a chlazené,albert-583-25232202,Rama Buttery 400 g,rama_buttery,54.9,84.9,Kč,54.9 Kč / 400 g,137.25,,False,,,,2026-10-07 - 2026-10-13,https://albertloyaltycz-albert-service-app-prod.delhaize.eu/public/content/leaflet/v3?storeId=583,https://albertloyaltycz-albert-service-app-prod.delhaize.eu/public/minio/images-products/25232202,2026-10-07T05:30:53+02:00
Albert,Mléčné a chlazené,albert-583-27299524,Rama classic 400g,rama_classic,54.9,84.9,Kč,54.9 Kč / 400 g,137.25,,False,,,,2026-10-07 - 2026-10-13,https://albertloyaltycz-albert-service-app-prod.delhaize.eu/public/content/leaflet/v3?storeId=583,,2026-10-07T05:30:53+02:00
Albert,Mléčné a chlazené,albert-583-27436820,Rama classic family 950g 0.95 kg,rama_classic_family,129.9,189.0,Kč,129.9 Kč / 0.95 kg,136.74,,False,,,,2026-10-07 - 2026-10-13,https://albertloyaltycz-albert-service-app-prod.delhaize.eu/public/content/leaflet/v3?storeId=583,,2026-10-07T05:30:53+02:00
Albert,Mléčné a chlazené,albert-583-27673683,Rama máslová příchuť 225g,rama_maslova_prichut,39.9,74.9,Kč,39.9 Kč / 225 g,177.33,,False,,,,2026-10-07 - 2026-10-13,https://albertloyaltycz-albert-service-app-prod.delhaize.eu/public/content/leaflet/v3?storeId=583,,2026-10-07T05:30:53+02:00
Albert,Mléčné a chlazené,albert-583-25783964,Rama salted 400g,rama_salted,54.9,84.9,Kč,54.9 Kč / 400 g,137.25,,False,,,,2026-10-07 - 2026-10-13,https://albertloyaltycz-albert-service-app-prod.delhaize.eu/public/content/leaflet/v3?storeId=583,,2026-10-07T05:30:53+02:00
Albert,Nápoje,albert-583-25238396,RC Cola 1.5 l,rc_cola,23.9,29.9,Kč,23.9 Kč / 1.5 l,,,False,,,,2026-10-07 - 2026-10-13,https://albertloyaltycz-albert-service-app-prod.delhaize.eu/public/content/leaflet/v3?storeId=583,https://albertloyaltycz-albert-service-app-prod.delhaize.eu/public/minio/images-products/25238396,2026-10-07T05:30:53+02:00
Albert,Nápoje,albert-583-23144149,"Red bull bez cukru 0,25l 250 ml",red_bull_bez_cukru,32.9,42.9,Kč,32.9 Kč / 250 ml,,,False,,,,2026-10-07 - 2026-10-13,https://albertloyaltycz-albert-service-app-prod.delhaize.eu/public/content/leaflet/v3?storeId=583,,2026-10-07T05:30:53+02:00
Albert,Nápoje,albert-583-25590272,"Red bull blue edition 0,25l 250 ml",red_bull_blue_edition,32.9,42.9,Kč,32.9 Kč / 250 ml,,,False,,,,2026-10-07 - 2026-10-13,https://albertloyaltycz-albert-service-app-prod.delhaize.eu/public/content/leaflet/v3?storeId=583,,2026-10-07T05:30:53+02:00
Albert,Nápoje,albert-583-20298258,Red Bull Energy drink 250 ml,red_bull_energy_drink,32.9,42.9,Kč,32.9 Kč / 250 ml,,,False,,,,2026-10-07 - 2026-10-13,https://albertloyaltycz-albert-service-app-prod.delhaize.eu/public/content/leaflet/v3?storeId=583,https://albertloyaltycz-albert-service-app-prod.delhaize.eu/public/minio/images-products/20298258,2026-10-07T05:30:53+02:00
Albert,Nápoje,albert-583-27976081,"Red bull green cur/bez.k.0,25l 250 ml",red_bull_green_cur_bez_k,32.9,42.9,Kč,32.9 Kč / 250 ml,,,False,,,,2026-10-07 - 2026-10-13,https://albertloyaltycz-albert-service-app-prod.delhaize.eu/public/content/leaflet/v3?storeId=583,,2026-10-07T05:30:53+02:00
Albert,Nápoje,albert-583-28109648,Red bull ice 250 ml,red_bull_ice,32.9,42.9,Kč,32.9 Kč / 250 ml,,,False,,,,2026-10-07 - 2026-10-13,https://albertloyaltycz-albert-service-app-prod.delhaize.eu/public/content/leaflet/v3?storeId=583,,2026-10-07T05:30:53+02:00
Albert,Nápoje,albert-583-28109662,Red bull peach 250ml,red_bull_peach,32.9,42.9,Kč,32.9 Kč / 250 ml,,,False,,,,2026-10-07 - 2026-10-13,https://albertloyaltycz-albert-service-app-prod.delhaize.eu/public/content/leaflet/v3?storeId=583,,2026-10-07T05:30:53+02:00
Albert,Nápoje,albert-583-27976074,"Red bull s př.les.pl. sf.0,25l 250 ml",red_bull_s_pr_les_pl_sf,32.9,42.9,Kč,32.9 Kč / 250 ml,,,False,,,,2026-10-07 - 2026-10-13,https://albertloyaltycz-albert-service-app-prod.delhaize.eu/public/content/leaflet/v3?storeId=583,,2026-10-07T05:30:53+02:00
Albert,Nápoje,albert-583-27737132,"Red bull sea blue 0,25l 250 ml",red_bull_sea_blue,32.9,42.9,Kč,32.9 Kč / 250 ml,,,False,,,,2026-10-07 - 2026-10-13,https://albertloyaltycz-albert-service-app-prod.delhaize.eu/public/content/leaflet/v3?storeId=583,,2026-10-07T05:30:53+02:00
Albert,Nápoje,albert-583-28151159,"Red bull summer 0,25l 250 ml",red_bull_summer,32.9,42.9,Kč,32.9 Kč / 250 ml,,,False,,,,2026-10-07 - 2026-10-13,https://albertloyaltycz-albert-service-app-prod.delhaize.eu/public/content/leaflet/v3?storeId=583,,2026-10-07T05:30:53+02:00
Albert,Nápoje,albert-583-28186458,Red Bull Winter příchuť pistácie a lesní ovoce 250 ml,red_bull_winter_prichut_pistacie_a_lesni_ovoce,32.9,42.9,Kč,32.9 Kč / 250 ml,,,False,,,,2026-10-07 - 2026-10-13,https://albertloyaltycz-albert-service-app-prod.delhaize.eu/public/content/leaflet/v3?storeId=583,https://albertloyaltycz-albert-service-app-prod.delhaize.eu/public/minio/images-products/28186458,2026-10-07T05:30:53+02:00
Albert,Nápoje,albert-583-27971468,"Red bull zero 0,25l 250 ml",red_bull_zero,32.9,42.9,Kč,32.9 Kč / 250 ml,,,False,,,,2026-10-07 - 2026-10-13,https://albertloyaltycz-albert-service-app-prod.delhaize.eu/public/content/leaflet/v3?storeId=583,,2026-10-07T05:30:53+02:00
Albert,Tržnice u Alberta,albert-583-20451141,Ředkvičky 1 ks,redkvicky,7.9,12.9,Kč,7.9 Kč / 1 ks,,7.9,False,,,-38%,2026-10-09 - 2026-10-11,https://albertloyaltycz-albert-service-app-prod.delhaize.eu/public/content/leaflet/v3?storeId=583,https://albertloyaltycz-albert-service-app-prod.delhaize.eu/public/minio/images-products/20451141,2026-10-07T05:30:53+02:00
Albert,Nápoje,albert-583-26877143,Relax pomeranč 100% 1l pet 1 l,relax_pomeranc_pet,34.9,59.9,Kč,34.9 Kč / 1 l,,,False,,,,2026-10-07 - 2026-10-13,https://albertloyaltycz-albert-service-app-prod.delhaize.eu/public/content/leaflet/v3?storeId=583,,2026-10-07T05:30:53+02:00
Albert,Nápoje,albert-583-25459975,Relax sirup Hustý malina 0.7 l,relax_sirup_husty_malina,39.9,79.9,Kč,39.9 Kč / 0.7 l,,,False,,,,2026-10-07 - 2026-10-13,https://albertloyaltycz-albert-service-app-prod.delhaize.eu/public/content/leaflet/v3?storeId=583,https://albertloyaltycz-albert-service-app-prod.delhaize.eu/public/minio/images-products/25459975,2026-10-07T05:30:53+02:00
Albert,Nápoje,albert-583-25378344,"Relax sirup pomeranč 0,7l",relax_sirup_pomeranc,39.9,79.9,Kč,39.9 Kč / 0.7 l,,,False,,,,2026-10-07 - 2026-10-13,https://albertloyaltycz-albert-service-app-prod.delhaize.eu/public/content/leaflet/v3?storeId=583,,2026-10-07T05:30:53+02:00
Tesco,Vaření a pečení,50119,Řepkový olej Apetol 1 l,repkovy_olej_apetol,34.9,59.15,Kč,"34,90 Kč / 1 l",,,True,Clubcard,34.9,-41% Clubcard platí do úterý 13. 10.,2026-10-07 - 2026-10-13,https://www.kupi.cz/letaky/tesco,https://img.kupi.cz/kupi/thumbs/repkovy-olej-apetol_170_340.jpg,2026-10-07T05:32:12+02:00
Billa,Vaření a pečení,363508,Řepkový olej Manka máslová Fabio 1 l,repkovy_olej_manka_maslova_fabio,49.9,,Kč,"49,90 Kč / 1 l",,,False,,,platí do úterý 13. 10.,2026-10-07 - 2026-10-13,https://www.kupi.cz/letak/billa-velky-letak-292?page=17&map=216582774,https://img.kupi.cz/kupi/thumbs/repkovy-olej-manka-maslova-fabio_170_340.jpg,2026-10-07T05:31:24+02:00
Albert,Nápoje,albert-583-28148616,"Republi cuba libre 4,5% 0,25l 250 ml",republi_cuba_libre,39.9,54.9,Kč,39.9 Kč / 250 ml,,,False,,,,2026-10-07 - 2026-10-13,https://albertloyaltycz-albert-service-app-prod.delhaize.eu/public/content/leaflet/v3?storeId=583,,2026-10-07T05:30:53+02:00
Albert,Nápoje,albert-583-28064978,"Republica exclus 35% 0,7l nový 0.7 l",republica_exclus_novy,279.0,419.0,Kč,279 Kč / 0.7 l,,,False,,,,2026-10-07 - 2026-10-13,https://albertloyaltycz-albert-service-app-prod.delhaize.eu/public/content/leaflet/v3?storeId=583,,2026-10-07T05:30:53+02:00
Albert,Nápoje,albert-583-28064961,Republica Exclusive 35% 0.5 l,republica_exclusive,199.0,339.0,Kč,199 Kč / 0.5 l,,,False,,,,2026-10-07 - 2026-10-13,https://albertloyaltycz-albert-service-app-prod.delhaize.eu/public/content/leaflet/v3?storeId=583,https://albertloyaltycz-albert-service-app-prod.delhaize.eu/public/minio/images-products/28064961,2026-10-07T05:30:53+02:00
Tesco,Alkohol,142472,Republica Exclusive Božkov 0.5 l,republica_exclusive_bozkov,199.9,317.3,Kč,"399,80 Kč / 1 l",,,True,Clubcard,199.9,-37% Clubcard platí do úterý 13. 10.,2026-10-07 - 2026-10-13,https://www.kupi.cz/letaky/tesco,https://img.kupi.cz/kupi/thumbs/rum-republica-exclusive-bozkov_170_340.png,2026-10-07T05:32:22+02:00
Albert,Nápoje,albert-583-28064930,"Republica honey 30% 0,5l nový 0.5 l",republica_honey_novy,199.0,339.0,Kč,199 Kč / 0.5 l,,,False,,,,2026-10-07 - 2026-10-13,https://albertloyaltycz-albert-service-app-prod.delhaize.eu/public/content/leaflet/v3?storeId=583,,2026-10-07T05:30:53+02:00
Albert,Nápoje,albert-583-28064947,"Republica honey 30% 0,7l nový 0.7 l",republica_honey_novy,279.0,419.0,Kč,279 Kč / 0.7 l,,,False,,,,2026-10-07 - 2026-10-13,https://albertloyaltycz-albert-service-app-prod.delhaize.eu/public/content/leaflet/v3?storeId=583,,2026-10-07T05:30:53+02:00
Albert,Nápoje,albert-583-28147831,"Republica malina 20% 0,5l",republica_malina,179.0,319.0,Kč,179 Kč / 0.5 l,,,False,,,,2026-10-07 - 2026-10-13,https://albertloyaltycz-albert-service-app-prod.delhaize.eu/public/content/leaflet/v3?storeId=583,,2026-10-07T05:30:53+02:00
Albert,Nápoje,albert-583-28148609,"Republica Mojito 4,5% 250 ml",republica_mojito,39.9,54.9,Kč,39.9 Kč / 250 ml,,,False,,,,2026-10-07 - 2026-10-13,https://albertloyaltycz-albert-service-app-prod.delhaize.eu/public/content/leaflet/v3?storeId=583,https://albertloyaltycz-albert-service-app-prod.delhaize.eu/public/minio/images-products/28148609,2026-10-07T05:30:53+02:00
Albert,Nápoje,albert-583-27747285,"Republica solera0,5l38% 0.5 l",republica_solera0_5l38,199.0,339.0,Kč,199 Kč / 0.5 l,,,False,,,,2026-10-07 - 2026-10-13,https://albertloyaltycz-albert-service-app-prod.delhaize.eu/public/content/leaflet/v3?storeId=583,,2026-10-07T05:30:53+02:00
Albert,Nápoje,albert-583-28148623,"Republika piňa colad4,5% 0,25l 250 ml",republika_pina_colad4,39.9,54.9,Kč,39.9 Kč / 250 ml,,,False,,,,2026-10-07 - 2026-10-13,https://albertloyaltycz-albert-service-app-prod.delhaize.eu/public/content/leaflet/v3?storeId=583,,2026-10-07T05:30:53+02:00
Albert,Uzeniny a lahůdky,albert-583-26468037,Retro pochoutkový salát 100 g,retro_pochoutkovy_salat,13.9,16.9,Kč,13.9 Kč / 100 g,139.0,,False,,,-17%,2026-10-07 - 2026-10-13,https://albertloyaltycz-albert-service-app-prod.delhaize.eu/public/content/leaflet/v3?storeId=583,https://albertloyaltycz-albert-service-app-prod.delhaize.eu/public/minio/images-products/26468037,2026-10-07T05:30:53+02:00
Albert,Nápoje,albert-583-28075110,River lavender lime 2l,river_lavender_lime,19.9,32.9,Kč,19.9 Kč / 2 l,,,False,,,,2026-10-07 - 2026-10-13,https://albertloyaltycz-albert-service-app-prod.delhaize.eu/public/content/leaflet/v3?storeId=583,,2026-10-07T05:30:53+02:00
Albert,Nápoje,albert-583-27769102,River pink grapefruit 2l,river_pink_grapefruit,19.9,32.9,Kč,19.9 Kč / 2 l,,,False,,,,2026-10-07 - 2026-10-13,https://albertloyaltycz-albert-service-app-prod.delhaize.eu/public/content/leaflet/v3?storeId=583,,2026-10-07T05:30:53+02:00
Albert,Albertovo pekařství,albert-583-27422731,Rohlík mlynářský žitný 60 g,rohlik_mlynarsky_zitny,7.9,,Kč,7.9 Kč / 60 g,131.67,,True,Můj Albert,7.9,Můj Albert,2026-10-07 - 2026-10-13,https://albertloyaltycz-albert-service-app-prod.delhaize.eu/public/content/leaflet/v3?storeId=583,https://albertloyaltycz-albert-service-app-prod.delhaize.eu/public/minio/images-products/27422731,2026-10-07T05:30:53+02:00
Albert,Albertovo pekařství,albert-583-27422731,Rohlík mlynářský žitný 60 g,rohlik_mlynarsky_zitny,9.9,,Kč,9.9 Kč / 60 g,165.0,,False,,,,2026-10-07 - 2026-10-13,https://albertloyaltycz-albert-service-app-prod.delhaize.eu/public/content/leaflet/v3?storeId=583,https://albertloyaltycz-albert-service-app-prod.delhaize.eu/public/minio/images-products/27422731,2026-10-07T05:30:53+02:00
Billa,Sladkosti a slané snacky,48223,Roláda Roll Balconi 250 g,rolada_roll_balconi,29.9,33.6,Kč,"11,96 Kč / 100 g",119.6,,True,Billa Club,29.9,-11% Billa Club platí do úterý 20. 10.,2026-10-07 - 2026-10-20,https://www.kupi.cz/letak/billa-letak-italie-u-vas-doma?page=12&map=215641647,https://img.kupi.cz/kupi/thumbs/rolada-roll-balconi_170_340.png,2026-10-07T05:31:30+02:00
Tesco,Sladkosti a slané snacky,48223,Roláda Roll Balconi 250 g,rolada_roll_balconi,29.9,38.83,Kč,"11,96 Kč / 100 g",119.6,,True,Clubcard,29.9,-23% Clubcard platí do úterý 3. 11.,2026-10-07 - 2026-11-03,https://www.kupi.cz/letak/tesco-supermarket-letak-416?page=3&map=216252975,https://img.kupi.cz/kupi/thumbs/rolada-roll-balconi_170_340.png,2026-10-07T05:32:16+02:00
Billa,Pečivo,4390,Rolka čokoládová 90 g,rolka_cokoladova,14.9,16.74,Kč,"16,56 Kč / 100 g",165.6,,True,Billa Club,14.9,-11% Billa Club platí do úterý 20. 10.,2026-10-07 - 2026-10-20,https://www.kupi.cz/letak/billa-letak-italie-u-vas-doma?page=12&map=215641641,https://img.kupi.cz/kupi/thumbs/rolka-cokoladova_170_340.png,2026-10-07T05:30:59+02:00
Tesco,Zdravá výživa,2307,Rostlinné nápoje Alpro 1 l,rostlinne_napoje_alpro,54.9,84.46,Kč,"54,90 Kč / 1 l",,,True,Clubcard,54.9,-35% Clubcard platí do úterý 27. 10.,2026-10-07 - 2026-10-27,https://www.kupi.cz/letak/tesco-hypermarket-znacky-ktere-mate-radi-2?page=19&map=215327448,https://img.kupi.cz/kupi/thumbs/rostlinne-napoje-alpro-soya_170_340.png,2026-10-07T05:32:19+02:00
Tesco,Zdravá výživa,28848,Rozinky Tesco 200 g,rozinky,19.9,27.64,Kč,"9,95 Kč / 100 g",99.5,,True,Clubcard,19.9,-28% Clubcard platí do úterý 13. 10.,2026-10-07 - 2026-10-13,https://www.kupi.cz/letak/tesco-supermarket-letak-416?page=3&map=216252933,https://img.kupi.cz/kupi/thumbs/rozinky-tesco-1_170_340.jpg,2026-10-07T05:32:19+02:00
Billa,Zdravá výživa,470214,Rozinky Clever 500 g,rozinky_clever,44.9,64.14,Kč,"8,98 Kč / 100 g",89.8,,False,,,-30% platí do úterý 13. 10.,2026-10-07 - 2026-10-13,https://www.kupi.cz/letak/billa-velky-letak-292?page=18&map=216582813,https://img.kupi.cz/kupi/thumbs/rozinky-clever_170_340.jpg,2026-10-07T05:31:31+02:00
Albert,Maso a ryby,albert-583-26775685,Rt losos filet cca asc 600g 100 g,rt_losos_filet_cca_asc,28.9,53.5,Kč,28.9 Kč / 100 g,289.0,,False,,,-45%,2026-10-07 - 2026-10-13,https://albertloyaltycz-albert-service-app-prod.delhaize.eu/public/content/leaflet/v3?storeId=583,,2026-10-07T05:30:53+02:00
Tesco,Alkohol,379963,Rum Baroko Don Papa 0.7 l,rum_baroko_don_papa,799.0,1288.71,Kč,"1141,43 Kč / 1 l",,,True,Clubcard,799.0,-38% Clubcard platí do úterý 13. 10.,2026-10-07 - 2026-10-13,https://www.kupi.cz/letak/tesco-hypermarket-znacky-ktere-mate-radi-2?page=2&map=215325894,https://img.kupi.cz/kupi/thumbs/rum-baroko-don-papa_170_340.jpg,2026-10-07T05:32:24+02:00
Tesco,Alkohol,73796,Rum 23 YO Centenario Ron Zacapa 0.7 l,rum_yo_centenario_ron_zacapa,999.0,1816.36,Kč,"1427,14 Kč / 1 l",,,True,Clubcard,999.0,-45% Clubcard platí do úterý 13. 10.,2026-10-07 - 2026-10-13,https://www.kupi.cz/letak/tesco-hypermarket-znacky-ktere-mate-radi-2?page=2&map=215325891,https://img.kupi.cz/kupi/thumbs/rum-23-yo-centenario-ron-zacapa_170_340.jpg,2026-10-07T05:32:24+02:00
Billa,Alkohol,377608,Rumy Heffron Panama 0.5 l,rumy_heffron_panama,219.9,,Kč,"439,80 Kč / 1 l",,,False,,,platí do úterý 13. 10.,2026-10-07 - 2026-10-13,https://www.kupi.cz/letak/billa-velky-letak-292?page=18&map=216582783,https://img.kupi.cz/kupi/thumbs/rumy-heffron-panama_170_340.jpg,2026-10-07T05:31:35+02:00
Tesco,Alkohol,377608,Rumy Heffron Panama 0.5 l,rumy_heffron_panama,219.9,318.7,Kč,"439,80 Kč / 1 l",,,True,Clubcard,219.9,-31% Clubcard platí do úterý 20. 10.,2026-10-07 - 2026-10-20,https://www.kupi.cz/letak/tesco-supermarket-letak-416?page=14&map=216253920,https://img.kupi.cz/kupi/thumbs/rumy-heffron-panama_170_340.jpg,2026-10-07T05:32:24+02:00
Tesco,Lahůdky,232116,Rybí pomazánka Hamé 100 g,rybi_pomazanka_hame,26.9,49.81,Kč,"26,90 Kč / 100 g",269.0,,True,Clubcard,26.9,-46% Clubcard platí do neděle 25. 10.,2026-10-07 - 2026-10-25,https://www.kupi.cz/letak/tesco-hypermarket-znacky-ktere-mate-radi-2?page=14&map=215327229,https://img.kupi.cz/kupi/thumbs/rybi-pomazanka-hame_170_340.jpg,2026-10-07T05:31:59+02:00
Albert,Maso a ryby,albert-583-27447093,Rybí trh Krevety celé vařené ASC 300 g,rybi_trh_krevety_cele_varene_asc,119.9,,Kč,119.9 Kč / 300 g,399.67,,False,,,,2026-10-07 - 2026-10-13,https://albertloyaltycz-albert-service-app-prod.delhaize.eu/public/content/leaflet/v3?storeId=583,https://albertloyaltycz-albert-service-app-prod.delhaize.eu/public/minio/images-products/27447093,2026-10-07T05:30:53+02:00
Albert,Maso a ryby,albert-583-24389617,Rybí trh Losos porce filet s kůží ASC 100 g,rybi_trh_losos_porce_filet_s_kuzi_asc,28.9,53.5,Kč,28.9 Kč / 100 g,289.0,,False,,,-45%,2026-10-07 - 2026-10-13,https://albertloyaltycz-albert-service-app-prod.delhaize.eu/public/content/leaflet/v3?storeId=583,https://albertloyaltycz-albert-service-app-prod.delhaize.eu/public/minio/images-products/24389617,2026-10-07T05:30:53+02:00
Billa,Vaření a pečení,21179,Rýže arborio Riso Scotti 500 g,ryze_arborio_riso_scotti,59.9,,Kč,"11,98 Kč / 100 g",119.8,,False,,,platí do úterý 20. 10.,2026-10-07 - 2026-10-20,https://www.kupi.cz/letak/billa-letak-italie-u-vas-doma?page=7&map=215641368,https://img.kupi.cz/kupi/thumbs/ryze-arborio-scotti_170_340.jpg,2026-10-07T05:31:25+02:00
Billa,Vaření a pečení,84181,Rýže jasmínová Menu Gold 2000 g,ryze_jasminova_menu_gold,109.9,,Kč,"5,50 Kč / 100 g",55.0,,False,,,platí do úterý 13. 10.,2026-10-07 - 2026-10-13,https://www.kupi.cz/letak/billa-velky-letak-292?page=27&map=216583080,https://img.kupi.cz/kupi/thumbs/ryze-jasminova-menu-gold_170_340.png,2026-10-07T05:31:24+02:00
Billa,Vaření a pečení,106397,Rýže jasmínová Riso Scotti 500 g,ryze_jasminova_riso_scotti,54.9,,Kč,"10,98 Kč / 100 g",109.8,,False,,,platí do úterý 20. 10.,2026-10-07 - 2026-10-20,https://www.kupi.cz/letak/billa-letak-italie-u-vas-doma?page=7&map=215641374,https://img.kupi.cz/kupi/thumbs/ryze-jasminova-riso-scotti_170_340.jpg,2026-10-07T05:31:25+02:00
Tesco,Vaření a pečení,412907,Rýže jasmínová thajská White Elephant 2000 g,ryze_jasminova_thajska_white_elephant,144.9,183.42,Kč,"7,25 Kč / 100 g",72.5,,True,Clubcard,144.9,-21% Clubcard platí do úterý 13. 10.,2026-10-07 - 2026-10-13,https://www.kupi.cz/letak/tesco-hypermarket-letak-370?page=17&map=216580386,https://img.kupi.cz/kupi/thumbs/ryze-jasminova-thajska-white-elephant-1_170_340.jpg,2026-10-07T05:32:13+02:00
Billa,Vaření a pečení,59960,Rýže kulatozrnná Riso Scotti 1000 g,ryze_kulatozrnna_riso_scotti,58.9,,Kč,"5,89 Kč / 100 g",58.9,,False,,,platí do úterý 20. 10.,2026-10-07 - 2026-10-20,https://www.kupi.cz/letak/billa-letak-italie-u-vas-doma?page=7&map=215641362,https://img.kupi.cz/kupi/thumbs/ryze-kulatozrnna-scotti_170_340.jpg,2026-10-07T05:31:25+02:00
Billa,Vaření a pečení,855,Rýže loupaná dlouhozrnná Vitana 400 g,ryze_loupana_dlouhozrnna_vitana,19.9,,Kč,"4,97 Kč / 100 g",49.7,,False,,,platí do úterý 13. 10.,2026-10-07 - 2026-10-13,https://www.kupi.cz/letak/billa-maly-letak-721?page=5&map=216583635,https://img.kupi.cz/kupi/thumbs/ryze-loupana-dlouhozrnna-vitana_170_340.png,2026-10-07T05:31:23+02:00
Tesco,Vaření a pečení,855,Rýže loupaná dlouhozrnná Vitana 800 g,ryze_loupana_dlouhozrnna_vitana,49.9,69.31,Kč,"6,24 Kč / 100 g",62.4,,True,Clubcard,49.9,-28% Clubcard platí do úterý 13. 10.,2026-10-07 - 2026-10-13,https://www.kupi.cz/letaky/tesco,https://img.kupi.cz/kupi/thumbs/ryze-loupana-dlouhozrnna-vitana_170_340.png,2026-10-07T05:32:11+02:00
Tesco,Vaření a pečení,447201,Rýže loupaná Menu Gold 800 g,ryze_loupana_menu_gold,39.9,51.82,Kč,"4,99 Kč / 100 g",49.9,,True,Clubcard,39.9,-23% Clubcard platí do úterý 20. 10.,2026-10-07 - 2026-10-20,https://www.kupi.cz/letak/tesco-hypermarket-letak-370?page=9&map=216579456,https://img.kupi.cz/kupi/thumbs/ryze-loupana-menu-gold_170_340.png,2026-10-07T05:32:13+02:00
Billa,Vaření a pečení,4530,Rýže parboiled Riso Scotti 1000 g,ryze_parboiled_riso_scotti,54.9,,Kč,"5,49 Kč / 100 g",54.9,,False,,,platí do úterý 20. 10.,2026-10-07 - 2026-10-20,https://www.kupi.cz/letak/billa-letak-italie-u-vas-doma?page=7&map=215641359,https://img.kupi.cz/kupi/thumbs/ryze-scotti_170_340.jpg,2026-10-07T05:31:24+02:00
Tesco,Vaření a pečení,526092,Rýže premium ST25 Menu Gold 1000 g,ryze_premium_st25_menu_gold,79.9,97.44,Kč,"7,99 Kč / 100 g",79.9,,True,Clubcard,79.9,-18% Clubcard platí do úterý 20. 10.,2026-10-07 - 2026-10-20,https://www.kupi.cz/letak/tesco-hypermarket-znacky-ktere-mate-radi-2?page=10&map=215327001,https://img.kupi.cz/kupi/thumbs/ryze-premium-st25-menu-gold_170_340.jpg,2026-10-07T05:32:13+02:00
Billa,Vaření a pečení,64971,Rýže Risotto Riso Scotti 1000 g,ryze_risotto_riso_scotti,59.9,,Kč,"5,99 Kč / 100 g",59.9,,False,,,platí do úterý 20. 10.,2026-10-07 - 2026-10-20,https://www.kupi.cz/letak/billa-letak-italie-u-vas-doma?page=7&map=215641356,https://img.kupi.cz/kupi/thumbs/ryze-risotto-scotti-1_170_340.jpg,2026-10-07T05:31:25+02:00
Albert,Trvanlivé,albert-583-20313272,Rýže vitana parb. vs 400g,ryze_vitana_parb_vs,42.9,54.9,Kč,42.9 Kč / 400 g,107.25,,False,,,,2026-10-07 - 2026-10-13,https://albertloyaltycz-albert-service-app-prod.delhaize.eu/public/content/leaflet/v3?storeId=583,,2026-10-07T05:30:53+02:00
Albert,Trvanlivé,albert-583-22823755,Rýže vitana pb vs 800g 0.8 kg,ryze_vitana_pb_vs,64.9,69.9,Kč,64.9 Kč / 0.8 kg,81.12,,False,,,,2026-10-07 - 2026-10-13,https://albertloyaltycz-albert-service-app-prod.delhaize.eu/public/content/leaflet/v3?storeId=583,,2026-10-07T05:30:53+02:00
Albert,Trvanlivé,albert-583-20296346,Rýže vitana vs 400g,ryze_vitana_vs,36.9,39.9,Kč,36.9 Kč / 400 g,92.25,,False,,,,2026-10-07 - 2026-10-13,https://albertloyaltycz-albert-service-app-prod.delhaize.eu/public/content/leaflet/v3?storeId=583,,2026-10-07T05:30:53+02:00
Billa,Zdravá výživa,505332,Rýžové chlebíčky Srdce Domova 130 g,ryzove_chlebicky_srdce_domova,15.9,18.71,Kč,"12,23 Kč / 100 g",122.3,,True,Billa Club,15.9,-15% Billa Club platí do úterý 13. 10.,2026-10-07 - 2026-10-13,https://www.kupi.cz/letak/billa-velky-letak-292?page=10&map=216582603,https://img.kupi.cz/kupi/thumbs/ryzove-chlebicky-srdce-domova_170_340.jpg,2026-10-07T05:31:31+02:00
Albert,Trvanlivé,albert-583-24854061,Rýžové nudle 5mm 200g,ryzove_nudle_5mm,32.9,39.9,Kč,32.9 Kč / 200 g,164.5,,False,,,-17%,2026-10-07 - 2026-10-13,https://albertloyaltycz-albert-service-app-prod.delhaize.eu/public/content/leaflet/v3?storeId=583,,2026-10-07T05:30:53+02:00
Albert,Trvanlivé,albert-583-24188340,Rýžové nudle - 3 mm 400g,ryzove_nudle_mm,59.9,79.9,Kč,59.9 Kč / 400 g,149.75,,False,,,,2026-10-07 - 2026-10-13,https://albertloyaltycz-albert-service-app-prod.delhaize.eu/public/content/leaflet/v3?storeId=583,,2026-10-07T05:30:53+02:00
Albert,Trvanlivé,albert-583-24854078,Rýžové špagety 400g,ryzove_spagety,58.9,69.9,Kč,58.9 Kč / 400 g,147.25,,False,,,-15%,2026-10-07 - 2026-10-13,https://albertloyaltycz-albert-service-app-prod.delhaize.eu/public/content/leaflet/v3?storeId=583,,2026-10-07T05:30:53+02:00
Tesco,Sladkosti a slané snacky,554601,Rýžový snack Tastees 65 g,ryzovy_snack_tastees,21.9,34.76,Kč,"33,69 Kč / 100 g",336.9,,True,Clubcard,21.9,-37% Clubcard platí do úterý 13. 10.,2026-10-07 - 2026-10-13,https://www.kupi.cz/letaky/tesco,https://img.kupi.cz/kupi/thumbs/ryzovy-snack-tastees_170_340.jpg,2026-10-07T05:32:17+02:00
Tesco,Vaření a pečení,13031,Sádlo škvařené Brick 250 g,sadlo_skvarene_brick,34.9,41.55,Kč,"13,96 Kč / 100 g",139.6,,True,Clubcard,34.9,-16% Clubcard platí do úterý 13. 10.,2026-10-07 - 2026-10-13,https://www.kupi.cz/letaky/tesco,https://img.kupi.cz/kupi/thumbs/skvarene-sadlo-brick_170_340.jpg,2026-10-07T05:32:12+02:00
Billa,"Maso, uzeniny a ryby",35302,Salám extra jemný Berger 100 g,salam_extra_jemny_berger,19.9,22.87,Kč,"19,90 Kč / 100 g",199.0,,False,,,-13% platí do úterý 13. 10.,2026-10-07 - 2026-10-13,https://www.kupi.cz/letak/billa-velky-letak-292?page=11&map=216582615,https://img.kupi.cz/kupi/thumbs/salam-extra-jemny-berger_170_340.png,2026-10-07T05:31:09+02:00
Tesco,"Maso, uzeniny a ryby",433779,Salám Fuet Tesco Finest 170 g,salam_fuet_finest,44.9,72.42,Kč,"26,41 Kč / 100 g",264.1,,True,Clubcard,44.9,-38% Clubcard platí do úterý 13. 10.,2026-10-07 - 2026-10-13,https://www.kupi.cz/letaky/tesco,https://img.kupi.cz/kupi/thumbs/salam-fuet-tesco-finest_170_340.jpg,2026-10-07T05:31:55+02:00
Billa,"Maso, uzeniny a ryby",456791,Salám Fuet Iberico Premium Billa 150 g,salam_fuet_iberico_premium,49.9,79.21,Kč,"33,27 Kč / 100 g",332.7,,True,Billa Club,49.9,-37% Billa Club platí do úterý 13. 10.,2026-10-07 - 2026-10-13,https://www.kupi.cz/letak/billa-velky-letak-292?page=2&map=216582399,https://img.kupi.cz/kupi/thumbs/salam-fuet-iberico-premium-billa-2_170_340.jpg,2026-10-07T05:31:09+02:00
Billa,"Maso, uzeniny a ryby",6677,Salám Horal Kostelecké uzeniny 900 g,salam_horal_kostelecke_uzeniny,89.9,128.43,Kč,"9,99 Kč / 100 g",99.9,,False,,,-30% platí do úterý 13. 10.,2026-10-07 - 2026-10-13,https://www.kupi.cz/letak/billa-velky-letak-292?page=25&map=216582972,https://img.kupi.cz/kupi/thumbs/salam-horal-kostelecke-uzeniny_170_340.png,2026-10-07T05:31:09+02:00
Tesco,"Maso, uzeniny a ryby",6677,Salám Horal Kostelecké uzeniny 900 g,salam_horal_kostelecke_uzeniny,89.9,138.31,Kč,"9,99 Kč / 100 g",99.9,,True,Clubcard,89.9,-35% Clubcard platí do úterý 3. 11.,2026-10-07 - 2026-11-03,https://www.kupi.cz/letak/tesco-hypermarket-letak-370?page=16&map=216580335,https://img.kupi.cz/kupi/thumbs/salam-horal-kostelecke-uzeniny_170_340.png,2026-10-07T05:31:55+02:00
Billa,"Maso, uzeniny a ryby",38164,Salám jemný Kostelecké uzeniny 700 g,salam_jemny_kostelecke_uzeniny,59.9,84.37,Kč,"8,56 Kč / 100 g",85.6,,False,,,-29% platí do úterý 13. 10.,2026-10-07 - 2026-10-13,https://www.kupi.cz/letak/billa-velky-letak-292?page=25&map=216582975,https://img.kupi.cz/kupi/thumbs/salam-jemny-kostelecke-uzeniny_170_340.png,2026-10-07T05:31:09+02:00
Albert,Uzeniny a lahůdky,albert-583-25959413,Salám kapiový 100g,salam_kapiovy,25.9,32.9,Kč,25.9 Kč / 100 g,259.0,,False,,,-21%,2026-10-07 - 2026-10-13,https://albertloyaltycz-albert-service-app-prod.delhaize.eu/public/content/leaflet/v3?storeId=583,,2026-10-07T05:30:53+02:00
Tesco,"Maso, uzeniny a ryby",318569,Salám Křemešník kostelecký Kostelecké uzeniny 380 g,salam_kremesnik_kostelecky_kostelecke_uzeniny,99.9,149.1,Kč,"26,29 Kč / 100 g",262.9,,True,Clubcard,99.9,-33% Clubcard platí do úterý 3. 11.,2026-10-07 - 2026-11-03,https://www.kupi.cz/letak/tesco-hypermarket-letak-370?page=8&map=216579390,https://img.kupi.cz/kupi/thumbs/salam-kremesnik-kostelecky-kostelecke-uzeniny-1_170_340.jpg,2026-10-07T05:31:55+02:00
Billa,"Maso, uzeniny a ryby",258320,Salám Miláno Billa 120 g,salam_milano,69.9,86.3,Kč,"58,25 Kč / 100 g",582.5,,False,,,-19% platí do úterý 20. 10.,2026-10-07 - 2026-10-20,https://www.kupi.cz/letak/billa-letak-italie-u-vas-doma?page=3&map=215641110,https://img.kupi.cz/kupi/thumbs/salam-milano-billa_170_340.jpg,2026-10-07T05:31:09+02:00
Billa,"Maso, uzeniny a ryby",36894,Salám Mortadella Bologna 150 g,salam_mortadella_bologna,53.9,59.89,Kč,"35,93 Kč / 100 g",359.3,,False,,,-10% platí do úterý 20. 10.,2026-10-07 - 2026-10-20,https://www.kupi.cz/letak/billa-letak-italie-u-vas-doma?page=3&map=215641116,https://img.kupi.cz/kupi/thumbs/salam-mortadella-bologna_170_340.jpg,2026-10-07T05:31:09+02:00
Tesco,"Maso, uzeniny a ryby",4977,Salám Paprikáš 100 g,salam_paprikas,25.9,28.78,Kč,"25,90 Kč / 100 g",259.0,,True,Clubcard,25.9,-10% Clubcard platí do úterý 13. 10.,2026-10-07 - 2026-10-13,https://www.kupi.cz/letak/tesco-hypermarket-letak-370?page=5&map=216579003,https://img.kupi.cz/kupi/thumbs/salam-paprikas_170_340.jpg,2026-10-07T05:31:55+02:00
Tesco,"Maso, uzeniny a ryby",4433,Salám Paprikáš Tesco 100 g,salam_paprikas,23.9,29.87,Kč,"23,90 Kč / 100 g",239.0,,True,Clubcard,23.9,-20% Clubcard platí do úterý 13. 10.,2026-10-07 - 2026-10-13,https://www.kupi.cz/letak/tesco-supermarket-letak-416?page=13&map=216253755,https://www.kupi.cz/img/no_img/no_discounts.png,2026-10-07T05:31:57+02:00
Tesco,"Maso, uzeniny a ryby",466076,Salám Pašerák Pejskar 750 g,salam_paserak_pejskar,119.9,139.42,Kč,"15,99 Kč / 100 g",159.9,,True,Clubcard,119.9,-14% Clubcard platí do úterý 3. 11.,2026-10-07 - 2026-11-03,https://www.kupi.cz/letak/tesco-hypermarket-letak-370?page=16&map=216580332,https://www.kupi.cz/img/no_img/no_discounts.png,2026-10-07T05:31:57+02:00
Tesco,"Maso, uzeniny a ryby",9199,Salám pivní Beskydské uzeniny Chodura 100 g,salam_pivni_beskydske_uzeniny_chodura,19.9,29.7,Kč,"19,90 Kč / 100 g",199.0,,True,Clubcard,19.9,-33% Clubcard platí do úterý 13. 10.,2026-10-07 - 2026-10-13,https://www.kupi.cz/letak/tesco-hypermarket-znacky-ktere-mate-radi-2?page=3&map=215326125,https://img.kupi.cz/kupi/thumbs/salam-pivni-beskydske-uzeniny-chodura-1_170_340.jpg,2026-10-07T05:31:55+02:00
Tesco,"Maso, uzeniny a ryby",569364,Salám pivní se sýrem Beskydské uzeniny Chodura 100 g,salam_pivni_se_syrem_beskydske_uzeniny_chodura,19.9,29.7,Kč,"19,90 Kč / 100 g",199.0,,True,Clubcard,19.9,-33% Clubcard platí do úterý 13. 10.,2026-10-07 - 2026-10-13,https://www.kupi.cz/letak/tesco-hypermarket-znacky-ktere-mate-radi-2?page=3&map=215326161,https://img.kupi.cz/kupi/thumbs/salam-pivni-se-syrem-beskydske-uzeniny-chodura_170_340.png,2026-10-07T05:31:57+02:00
Tesco,"Maso, uzeniny a ryby",569361,Salám pivní se zeleným pepřem Beskydské uzeniny Chodura 100 g,salam_pivni_se_zelenym_peprem_beskydske_uzeniny_chodura,19.9,29.7,Kč,"19,90 Kč / 100 g",199.0,,True,Clubcard,19.9,-33% Clubcard platí do úterý 13. 10.,2026-10-07 - 2026-10-13,https://www.kupi.cz/letak/tesco-hypermarket-znacky-ktere-mate-radi-2?page=3&map=215326128,https://img.kupi.cz/kupi/thumbs/salam-pivni-se-zelenym-peprem-beskydske-uzeniny-chodura_170_340.png,2026-10-07T05:31:57+02:00
Tesco,"Maso, uzeniny a ryby",26542,Salám špekáčkový točený 100 g,salam_spekackovy_toceny,16.9,19.88,Kč,"16,90 Kč / 100 g",169.0,,True,Clubcard,16.9,-15% Clubcard platí do úterý 20. 10.,2026-10-07 - 2026-10-20,https://www.kupi.cz/letak/tesco-hypermarket-letak-370?page=5&map=216578799,https://img.kupi.cz/kupi/thumbs/salam-spekackovy-toceny_170_340.jpg,2026-10-07T05:31:55+02:00
Tesco,"Maso, uzeniny a ryby",101162,Salám špekáčkový točený Krahulík 400 g,salam_spekackovy_toceny_krahulik,69.9,,Kč,"17,48 Kč / 100 g",174.8,,True,Clubcard,69.9,Clubcard platí do úterý 20. 10.,2026-10-07 - 2026-10-20,https://www.kupi.cz/letak/tesco-hypermarket-letak-370?page=5&map=216578832,https://img.kupi.cz/kupi/thumbs/salam-spekackovy-toceny-krahulik-1_170_340.jpg,2026-10-07T05:31:57+02:00
Tesco,"Maso, uzeniny a ryby",101162,Salám špekáčkový točený Krahulík 400 g,salam_spekackovy_toceny_krahulik,83.9,,Kč,"20,98 Kč / 100 g",209.8,,False,,,platí do úterý 20. 10.,2026-10-07 - 2026-10-20,https://www.kupi.cz/letak/tesco-hypermarket-letak-370?page=5&map=216578802,https://img.kupi.cz/kupi/thumbs/salam-spekackovy-toceny-krahulik-1_170_340.jpg,2026-10-07T05:31:57+02:00
Billa,"Maso, uzeniny a ryby",477747,Salám Spianata Piccante 80 g,salam_spianata_piccante,59.9,69.65,Kč,"74,88 Kč / 100 g",748.8,,False,,,-14% platí do úterý 20. 10.,2026-10-07 - 2026-10-20,https://www.kupi.cz/letak/billa-letak-italie-u-vas-doma?page=3&map=215641113,https://img.kupi.cz/kupi/thumbs/salam-spianata-piccante_170_340.jpg,2026-10-07T05:31:10+02:00
Tesco,"Maso, uzeniny a ryby",2243,Salám šunkový Tesco 100 g,salam_sunkovy,64.9,74.6,Kč,"64,90 Kč / 100 g",649.0,,True,Clubcard,64.9,-13% Clubcard platí do úterý 20. 10.,2026-10-07 - 2026-10-20,https://www.kupi.cz/letak/tesco-supermarket-letak-416?page=13&map=216253749,https://img.kupi.cz/kupi/thumbs/salam-sunkovy-tesco_170_340.jpg,2026-10-07T05:31:57+02:00
Billa,"Maso, uzeniny a ryby",1603,Salám šunkový Kostelecké uzeniny 100 g,salam_sunkovy_kostelecke_uzeniny,13.9,19.86,Kč,"13,90 Kč / 100 g",139.0,,False,,,-30% platí do úterý 13. 10.,2026-10-07 - 2026-10-13,https://www.kupi.cz/letak/billa-velky-letak-292?page=25&map=216582978,https://img.kupi.cz/kupi/thumbs/salam-sunkovy-kostelecke-uzeniny_170_340.png,2026-10-07T05:31:08+02:00
Billa,"Maso, uzeniny a ryby",1252,Salám Vysočina 100 g,salam_vysocina,19.9,22.87,Kč,"19,90 Kč / 100 g",199.0,,False,,,-13% platí do úterý 13. 10.,2026-10-07 - 2026-10-13,https://www.kupi.cz/letak/billa-velky-letak-292?page=11&map=216582630,https://img.kupi.cz/kupi/thumbs/salam-vysocina_170_340.png,2026-10-07T05:31:08+02:00
Albert,Tržnice u Alberta,albert-583-26991924,Albert salát Allegra mix 160 g,salat_allegra_mix,29.9,36.9,Kč,29.9 Kč / 160 g,186.88,,False,,,-18%,2026-10-07 - 2026-10-13,https://albertloyaltycz-albert-service-app-prod.delhaize.eu/public/content/leaflet/v3?storeId=583,https://albertloyaltycz-albert-service-app-prod.delhaize.eu/public/minio/images-products/26991924,2026-10-07T05:30:53+02:00
Tesco,Lahůdky,1682,Salát hermelínový 100 g,salat_hermelinovy,14.9,21.59,Kč,"14,90 Kč / 100 g",149.0,,True,Clubcard,14.9,-31% Clubcard platí do úterý 13. 10.,2026-10-07 - 2026-10-13,https://www.kupi.cz/letak/tesco-hypermarket-letak-370?page=4&map=216578397,https://img.kupi.cz/kupi/thumbs/salat-hermelinovy_170_340.png,2026-10-07T05:31:59+02:00
Billa,Konzervy,496,Salát Insalatissime Rio Mare 160 g,salat_insalatissime_rio_mare,64.9,,Kč,"40,56 Kč / 100 g",405.6,,False,,,platí do úterý 20. 10.,2026-10-07 - 2026-10-20,https://www.kupi.cz/letak/billa-letak-italie-u-vas-doma?page=7&map=215641413,https://img.kupi.cz/kupi/thumbs/salat-insalatissime-rio-mare_170_340.jpg,2026-10-07T05:31:13+02:00
Billa,Ovoce a zelenina,46989,Salát ledový Česká farma 1 ks,salat_ledovy_ceska_farma,22.9,39.48,Kč,"22,90 Kč / 1 ks",,22.9,False,,,-42% platí do úterý 13. 10.,2026-10-07 - 2026-10-13,https://www.kupi.cz/letak/billa-velky-letak-292?page=4&map=216582486,https://img.kupi.cz/kupi/thumbs/salat-ledovy-ceska-farma_170_340.jpg,2026-10-07T05:30:57+02:00
Tesco,Konzervy,30283,Salát s tuňákem Wellness Nekton 160 g,salat_s_tunakem_wellness_nekton,49.9,74.48,Kč,"31,19 Kč / 100 g",311.9,,True,Clubcard,49.9,-33% Clubcard platí do úterý 20. 10.,2026-10-07 - 2026-10-20,https://www.kupi.cz/letak/tesco-hypermarket-letak-370?page=22&map=216580704,https://img.kupi.cz/kupi/thumbs/salat-s-tunakem-wellness-nekton-1_170_340.jpg,2026-10-07T05:32:01+02:00
Tesco,Lahůdky,583725,Salát Treska Exclusiv Radoma 140 g,salat_treska_exclusiv_radoma,29.9,,Kč,"21,36 Kč / 100 g",213.6,,True,Clubcard,29.9,Clubcard platí do úterý 13. 10.,2026-10-07 - 2026-10-13,https://www.kupi.cz/letaky/tesco,https://img.kupi.cz/kupi/thumbs/salat-treska-exclusiv-radoma_170_340.jpg,2026-10-07T05:31:59+02:00
Tesco,Lahůdky,583725,Salát Treska Exclusiv Radoma 140 g,salat_treska_exclusiv_radoma,36.9,,Kč,"26,36 Kč / 100 g",263.6,,False,,,platí do úterý 13. 10.,2026-10-07 - 2026-10-13,https://www.kupi.cz/letaky/tesco,https://img.kupi.cz/kupi/thumbs/salat-treska-exclusiv-radoma_170_340.jpg,2026-10-07T05:31:59+02:00
Tesco,Lahůdky,586170,Salát Treska Radoma 140 g,salat_treska_radoma,21.9,27.72,Kč,"15,64 Kč / 100 g",156.4,,True,Clubcard,21.9,-21% Clubcard platí do úterý 13. 10.,2026-10-07 - 2026-10-13,https://www.kupi.cz/letaky/tesco,https://www.kupi.cz/img/no_img/no_discounts.png,2026-10-07T05:31:59+02:00
Albert,Trvanlivé,albert-583-28183723,Samyang Buldak ramen nudle příchuť carbonara 130 g,samyang_buldak_ramen_nudle_prichut_carbonara,39.9,59.9,Kč,39.9 Kč / 130 g,306.92,,False,,,-33%,2026-10-07 - 2026-10-13,https://albertloyaltycz-albert-service-app-prod.delhaize.eu/public/content/leaflet/v3?storeId=583,https://albertloyaltycz-albert-service-app-prod.delhaize.eu/public/minio/images-products/28183723,2026-10-07T05:30:53+02:00
Albert,Trvanlivé,albert-583-26274997,Sardel.filety fjk v ol 45/27g,sardel_filety_fjk_v_ol,45.9,69.9,Kč,45.9 Kč / 27 g,1700.0,,False,,,,2026-10-07 - 2026-10-13,https://albertloyaltycz-albert-service-app-prod.delhaize.eu/public/content/leaflet/v3?storeId=583,,2026-10-07T05:30:53+02:00
Tesco,Konzervy,4910,Sardinky Giana 125 g,sardinky_giana,24.9,36.62,Kč,"19,92 Kč / 100 g",199.2,,True,Clubcard,24.9,-32% Clubcard platí do úterý 13. 10.,2026-10-07 - 2026-10-13,https://www.kupi.cz/letaky/tesco,https://img.kupi.cz/kupi/thumbs/sardinky-giana_170_340.png,2026-10-07T05:32:01+02:00
Albert,Trvanlivé,albert-583-27244753,Sbux blonde espres.10ks,sbux_blonde_espres,99.9,124.9,Kč,99.9 Kč / 10 ks,,9.99,False,,,,2026-10-07 - 2026-10-13,https://albertloyaltycz-albert-service-app-prod.delhaize.eu/public/content/leaflet/v3?storeId=583,,2026-10-07T05:30:53+02:00
Albert,Trvanlivé,albert-583-27180464,Sbux dg caram.macchi.12ks 128 g,sbux_dg_caram_macchi,119.9,149.9,Kč,119.9 Kč / 128 g,936.72,,False,,,,2026-10-07 - 2026-10-13,https://albertloyaltycz-albert-service-app-prod.delhaize.eu/public/content/leaflet/v3?storeId=583,,2026-10-07T05:30:53+02:00
Albert,Trvanlivé,albert-583-27910641,Sbux dg pumpk.spice lat.12 ks,sbux_dg_pumpk_spice_lat,119.9,149.9,Kč,119.9 Kč / 12 ks,,9.99,False,,,,2026-10-07 - 2026-10-13,https://albertloyaltycz-albert-service-app-prod.delhaize.eu/public/content/leaflet/v3?storeId=583,,2026-10-07T05:30:53+02:00
Albert,Trvanlivé,albert-583-27455296,Sbux dg vanilla mac.12ks,sbux_dg_vanilla_mac,119.9,149.9,Kč,119.9 Kč / 12 ks,,9.99,False,,,,2026-10-07 - 2026-10-13,https://albertloyaltycz-albert-service-app-prod.delhaize.eu/public/content/leaflet/v3?storeId=583,,2026-10-07T05:30:53+02:00
Albert,Trvanlivé,albert-583-27244777,Sbux espresso roast 10ks,sbux_espresso_roast,99.9,124.9,Kč,99.9 Kč / 10 ks,,9.99,False,,,,2026-10-07 - 2026-10-13,https://albertloyaltycz-albert-service-app-prod.delhaize.eu/public/content/leaflet/v3?storeId=583,,2026-10-07T05:30:53+02:00
Albert,Trvanlivé,albert-583-27311646,Sbux house blend 10ks,sbux_house_blend,99.9,124.9,Kč,99.9 Kč / 10 ks,,9.99,False,,,,2026-10-07 - 2026-10-13,https://albertloyaltycz-albert-service-app-prod.delhaize.eu/public/content/leaflet/v3?storeId=583,,2026-10-07T05:30:53+02:00
Albert,Trvanlivé,albert-583-27390757,Sbux italian roast 10ks,sbux_italian_roast,99.9,124.9,Kč,99.9 Kč / 10 ks,,9.99,False,,,,2026-10-07 - 2026-10-13,https://albertloyaltycz-albert-service-app-prod.delhaize.eu/public/content/leaflet/v3?storeId=583,,2026-10-07T05:30:53+02:00
Albert,Trvanlivé,albert-583-27390740,Sbux pike place 450g,sbux_pike_place,339.0,399.0,Kč,339 Kč / 450 g,753.33,,False,,,,2026-10-07 - 2026-10-13,https://albertloyaltycz-albert-service-app-prod.delhaize.eu/public/content/leaflet/v3?storeId=583,,2026-10-07T05:30:53+02:00
Albert,Trvanlivé,albert-583-27244784,Sbux pike place roast 10ks,sbux_pike_place_roast,99.9,124.9,Kč,99.9 Kč / 10 ks,,9.99,False,,,,2026-10-07 - 2026-10-13,https://albertloyaltycz-albert-service-app-prod.delhaize.eu/public/content/leaflet/v3?storeId=583,,2026-10-07T05:30:53+02:00
Albert,Trvanlivé,albert-583-28019251,Sbux ristretto shot 10 ks,sbux_ristretto_shot,99.9,124.9,Kč,99.9 Kč / 10 ks,,9.99,False,,,,2026-10-07 - 2026-10-13,https://albertloyaltycz-albert-service-app-prod.delhaize.eu/public/content/leaflet/v3?storeId=583,,2026-10-07T05:30:53+02:00
Billa,Pečivo,479937,Schiacciata 80 g,schiacciata,16.9,18.78,Kč,"21,12 Kč / 100 g",211.2,,True,Billa Club,16.9,-10% Billa Club platí do úterý 20. 10.,2026-10-07 - 2026-10-20,https://www.kupi.cz/letak/billa-letak-italie-u-vas-doma?page=12&map=215641635,https://img.kupi.cz/kupi/thumbs/schiacciata_170_340.jpg,2026-10-07T05:30:59+02:00
Albert,Trvanlivé,albert-583-28009450,Schwartau ext.džem ostruž.340g,schwartau_ext_dzem_ostruz,69.9,119.9,Kč,69.9 Kč / 340 g,205.59,,False,,,,2026-10-07 - 2026-10-13,https://albertloyaltycz-albert-service-app-prod.delhaize.eu/public/content/leaflet/v3?storeId=583,,2026-10-07T05:30:53+02:00
Albert,Trvanlivé,albert-583-25926613,Schwartau extr.červ.rybiz 340g,schwartau_extr_cerv_rybiz,69.9,119.9,Kč,69.9 Kč / 340 g,205.59,,False,,,,2026-10-07 - 2026-10-13,https://albertloyaltycz-albert-service-app-prod.delhaize.eu/public/content/leaflet/v3?storeId=583,,2026-10-07T05:30:53+02:00
Albert,Trvanlivé,albert-583-22574947,Schwartau Extra džem jahodový 340 g,schwartau_extra_dzem_jahodovy,69.9,119.9,Kč,69.9 Kč / 340 g,205.59,,False,,,,2026-10-07 - 2026-10-13,https://albertloyaltycz-albert-service-app-prod.delhaize.eu/public/content/leaflet/v3?storeId=583,https://albertloyaltycz-albert-service-app-prod.delhaize.eu/public/minio/images-products/22574947,2026-10-07T05:30:53+02:00
Albert,Trvanlivé,albert-583-22574961,Schwartau les.plody ext 340g,schwartau_les_plody_ext,69.9,119.9,Kč,69.9 Kč / 340 g,205.59,,False,,,,2026-10-07 - 2026-10-13,https://albertloyaltycz-albert-service-app-prod.delhaize.eu/public/content/leaflet/v3?storeId=583,,2026-10-07T05:30:53+02:00
Albert,Trvanlivé,albert-583-22574923,Schwartau malina extra 340g,schwartau_malina_extra,69.9,119.9,Kč,69.9 Kč / 340 g,205.59,,False,,,,2026-10-07 - 2026-10-13,https://albertloyaltycz-albert-service-app-prod.delhaize.eu/public/content/leaflet/v3?storeId=583,,2026-10-07T05:30:53+02:00
Albert,Trvanlivé,albert-583-24441926,Schwartau višeň extra 340g,schwartau_visen_extra,69.9,119.9,Kč,69.9 Kč / 340 g,205.59,,False,,,,2026-10-07 - 2026-10-13,https://albertloyaltycz-albert-service-app-prod.delhaize.eu/public/content/leaflet/v3?storeId=583,,2026-10-07T05:30:53+02:00
Albert,Nápoje,albert-583-25702491,Schweppes Tonic 1.5 l,schweppes_tonic,19.9,39.9,Kč,19.9 Kč / 1.5 l,,,False,,,-50%,2026-10-07 - 2026-10-13,https://albertloyaltycz-albert-service-app-prod.delhaize.eu/public/content/leaflet/v3?storeId=583,https://albertloyaltycz-albert-service-app-prod.delhaize.eu/public/minio/images-products/25702491,2026-10-07T05:30:53+02:00
Albert,Trvanlivé,albert-583-21709661,*sedita horalky 50g,sedita_horalky,12.9,18.9,Kč,12.9 Kč / 50 g,258.0,,False,,,,2026-10-07 - 2026-10-13,https://albertloyaltycz-albert-service-app-prod.delhaize.eu/public/content/leaflet/v3?storeId=583,,2026-10-07T05:30:53+02:00
Albert,Trvanlivé,albert-583-28121954,Sedita Horalky multipack 250 g,sedita_horalky_multipack,59.9,,Kč,59.9 Kč / 250 g,239.6,,False,,,,2026-10-07 - 2026-10-13,https://albertloyaltycz-albert-service-app-prod.delhaize.eu/public/content/leaflet/v3?storeId=583,https://albertloyaltycz-albert-service-app-prod.delhaize.eu/public/minio/images-products/28121954,2026-10-07T05:30:53+02:00
Albert,Trvanlivé,albert-583-28108498,Sedita Kakaové řezy Original Minis 240 g,sedita_kakaove_rezy_original_minis,37.9,49.9,Kč,37.9 Kč / 240 g,157.92,,False,,,-24%,2026-10-07 - 2026-10-13,https://albertloyaltycz-albert-service-app-prod.delhaize.eu/public/content/leaflet/v3?storeId=583,https://albertloyaltycz-albert-service-app-prod.delhaize.eu/public/minio/images-products/28108498,2026-10-07T05:30:53+02:00
Albert,Trvanlivé,albert-583-28108504,Sedita Kávenky Original Minis 240 g,sedita_kavenky_original_minis,37.9,49.9,Kč,37.9 Kč / 240 g,157.92,,False,,,-24%,2026-10-07 - 2026-10-13,https://albertloyaltycz-albert-service-app-prod.delhaize.eu/public/content/leaflet/v3?storeId=583,https://albertloyaltycz-albert-service-app-prod.delhaize.eu/public/minio/images-products/28108504,2026-10-07T05:30:53+02:00
Albert,Trvanlivé,albert-583-20300166,Sedita Mila 50 g,sedita_mila,14.9,18.9,Kč,14.9 Kč / 50 g,298.0,,False,,,,2026-10-07 - 2026-10-13,https://albertloyaltycz-albert-service-app-prod.delhaize.eu/public/content/leaflet/v3?storeId=583,https://albertloyaltycz-albert-service-app-prod.delhaize.eu/public/minio/images-products/20300166,2026-10-07T05:30:53+02:00
Albert,Trvanlivé,albert-583-28121947,Sedita Mila multipack 250 g,sedita_mila_multipack,59.9,,Kč,59.9 Kč / 250 g,239.6,,False,,,,2026-10-07 - 2026-10-13,https://albertloyaltycz-albert-service-app-prod.delhaize.eu/public/content/leaflet/v3?storeId=583,https://albertloyaltycz-albert-service-app-prod.delhaize.eu/public/minio/images-products/28121947,2026-10-07T05:30:53+02:00
Albert,Trvanlivé,albert-583-28108528,Sedita Mini Club karamelové sušenky 160 g,sedita_mini_club_karamelove_susenky,29.9,39.9,Kč,29.9 Kč / 160 g,186.88,,False,,,,2026-10-07 - 2026-10-13,https://albertloyaltycz-albert-service-app-prod.delhaize.eu/public/content/leaflet/v3?storeId=583,https://albertloyaltycz-albert-service-app-prod.delhaize.eu/public/minio/images-products/28108528,2026-10-07T05:30:53+02:00
Albert,Trvanlivé,albert-583-28108511,Sedita Mini Club máslové sušenky 160 g,sedita_mini_club_maslove_susenky,29.9,39.9,Kč,29.9 Kč / 160 g,186.88,,False,,,,2026-10-07 - 2026-10-13,https://albertloyaltycz-albert-service-app-prod.delhaize.eu/public/content/leaflet/v3?storeId=583,https://albertloyaltycz-albert-service-app-prod.delhaize.eu/public/minio/images-products/28108511,2026-10-07T05:30:53+02:00
Albert,Trvanlivé,albert-583-25933949,Sedita Rodinné věnečky kakaové 120 g,sedita_rodinne_venecky_kakaove,19.9,29.9,Kč,19.9 Kč / 120 g,165.83,,False,,,,2026-10-07 - 2026-10-13,https://albertloyaltycz-albert-service-app-prod.delhaize.eu/public/content/leaflet/v3?storeId=583,https://albertloyaltycz-albert-service-app-prod.delhaize.eu/public/minio/images-products/25933949,2026-10-07T05:30:53+02:00
Albert,Trvanlivé,albert-583-25933956,Sedita Rodinné věnečky s příchutí vanilky 120 g,sedita_rodinne_venecky_s_prichuti_vanilky,19.9,29.9,Kč,19.9 Kč / 120 g,165.83,,False,,,,2026-10-07 - 2026-10-13,https://albertloyaltycz-albert-service-app-prod.delhaize.eu/public/content/leaflet/v3?storeId=583,https://albertloyaltycz-albert-service-app-prod.delhaize.eu/public/minio/images-products/25933956,2026-10-07T05:30:53+02:00
Albert,Trvanlivé,albert-583-24902755,Sedita tatranky mléčné 33g,sedita_tatranky_mlecne,7.9,11.9,Kč,7.9 Kč / 33 g,239.39,,False,,,-33%,2026-10-07 - 2026-10-13,https://albertloyaltycz-albert-service-app-prod.delhaize.eu/public/content/leaflet/v3?storeId=583,,2026-10-07T05:30:53+02:00
Albert,Uzeniny a lahůdky,albert-583-27714911,Sedlácký salám 100 g,sedlacky_salam,16.9,19.9,Kč,16.9 Kč / 100 g,169.0,,False,,,-15%,2026-10-07 - 2026-10-13,https://albertloyaltycz-albert-service-app-prod.delhaize.eu/public/content/leaflet/v3?storeId=583,https://albertloyaltycz-albert-service-app-prod.delhaize.eu/public/minio/images-products/27714911,2026-10-07T05:30:53+02:00
Billa,Mražené a instantní potraviny,2652,Sekaná drůbeží mražená Vodňanské kuře 500 g,sekana_drubezi_mrazena_vodnanske_kure,29.9,49.83,Kč,"5,98 Kč / 100 g",59.8,,True,Billa Club,29.9,-40% Billa Club platí do úterý 13. 10.,2026-10-07 - 2026-10-13,https://www.kupi.cz/letak/billa-velky-letak-292?page=22&map=216582864,https://img.kupi.cz/kupi/thumbs/drubezi-sekana-mrazena-vodnanske-kure_170_340.jpg,2026-10-07T05:31:15+02:00
Billa,Lahůdky,2722,Sekaná masová pečená Clever 500 g,sekana_masova_pecena_clever,43.9,,Kč,"8,78 Kč / 100 g",87.8,,False,,,platí do úterý 13. 10.,2026-10-07 - 2026-10-13,https://www.kupi.cz/letak/billa-velky-letak-292?page=15&map=216582702,https://img.kupi.cz/kupi/thumbs/sekana-masova-pecena-clever_170_340.png,2026-10-07T05:31:11+02:00
Billa,Alkohol,453716,Sekt Asti DOCG Martini 0.75 l,sekt_asti_docg_martini,219.9,,Kč,"293,20 Kč / 1 l",,,False,,,platí do úterý 20. 10.,2026-10-07 - 2026-10-20,https://www.kupi.cz/letak/billa-letak-italie-u-vas-doma?page=14&map=215641674,https://img.kupi.cz/kupi/thumbs/sekt-asti-docg-martini_170_340.jpg,2026-10-07T05:31:36+02:00
Billa,Alkohol,401533,Sekt Brut Habánské sklepy 0.75 l,sekt_brut_habanske_sklepy,99.9,,Kč,"133,20 Kč / 1 l",,,False,,,platí do úterý 13. 10.,2026-10-07 - 2026-10-13,https://www.kupi.cz/letak/billa-velky-letak-292?page=30&map=216583182,https://img.kupi.cz/kupi/thumbs/sekt-brut-habanske-sklepy_170_340.jpg,2026-10-07T05:31:36+02:00
Billa,Alkohol,53578,Sekt Brut Viňa Tarapaca 0.75 l,sekt_brut_vina_tarapaca,159.9,,Kč,"213,20 Kč / 1 l",,,False,,,platí do úterý 13. 10.,2026-10-07 - 2026-10-13,https://www.kupi.cz/letak/billa-velky-letak-292?page=29&map=216583140,https://img.kupi.cz/kupi/thumbs/sekt-brut-vina-tarapaca_170_340.jpg,2026-10-07T05:31:37+02:00
Billa,Alkohol,401530,Sekt Demi Sec Habánské sklepy 0.75 l,sekt_demi_sec_habanske_sklepy,99.9,,Kč,"133,20 Kč / 1 l",,,False,,,platí do úterý 13. 10.,2026-10-07 - 2026-10-13,https://www.kupi.cz/letak/billa-velky-letak-292?page=30&map=216583179,https://img.kupi.cz/kupi/thumbs/sekt-demi-sec-habanske-sklepy_170_340.jpg,2026-10-07T05:31:35+02:00
Billa,Alkohol,354841,Sekt Ice Mucha 0.75 l,sekt_ice_mucha,119.9,,Kč,"159,87 Kč / 1 l",,,False,,,platí do úterý 13. 10.,2026-10-07 - 2026-10-13,https://www.kupi.cz/letak/billa-velky-letak-292?page=29&map=216583146,https://img.kupi.cz/kupi/thumbs/sekt-ice-mucha_170_340.jpg,2026-10-07T05:31:35+02:00
Billa,Alkohol,490437,Sekt Moravica Vinselekt Michlovský 0.75 l,sekt_moravica_vinselekt_michlovsky,139.9,,Kč,"186,53 Kč / 1 l",,,False,,,platí do úterý 13. 10.,2026-10-07 - 2026-10-13,https://www.kupi.cz/letak/billa-velky-letak-292?page=29&map=216583152,https://img.kupi.cz/kupi/thumbs/sekt-moravica-vinselekt-michlovsky_170_340.png,2026-10-07T05:31:38+02:00
Billa,Alkohol,1619,Sekt nealkoholický dětský Robby Bubble 0.75 l,sekt_nealkoholicky_detsky_robby_bubble,49.9,87.54,Kč,"66,53 Kč / 1 l",,,True,Billa Club,49.9,-43% Billa Club platí do úterý 13. 10.,2026-10-07 - 2026-10-13,https://www.kupi.cz/letak/billa-velky-letak-292?page=30&map=216583176,https://img.kupi.cz/kupi/thumbs/sekt-nealkoholicky-detsky-robby-bubble-1_170_340.jpg,2026-10-07T05:31:34+02:00
Tesco,Alkohol,362869,Sekty Královský sekt 0.75 l,sekty_kralovsky_sekt,109.9,154.79,Kč,"146,53 Kč / 1 l",,,True,Clubcard,109.9,-29% Clubcard platí do úterý 13. 10.,2026-10-07 - 2026-10-13,https://www.kupi.cz/letaky/tesco,https://img.kupi.cz/kupi/thumbs/sekt-kralovsky_170_340.jpg,2026-10-07T05:32:26+02:00
Billa,Alkohol,50736,Sekty Mucha 0.75 l,sekty_mucha,109.9,,Kč,"146,53 Kč / 1 l",,,False,,,platí do úterý 13. 10.,2026-10-07 - 2026-10-13,https://www.kupi.cz/letak/billa-velky-letak-292?page=30&map=216583185,https://img.kupi.cz/kupi/thumbs/sekty-mucha_170_340.jpg,2026-10-07T05:31:35+02:00
Tesco,Alkohol,50736,Sekty Mucha 0.75 l,sekty_mucha,99.9,188.49,Kč,"133,20 Kč / 1 l",,,True,Clubcard,99.9,-47% Clubcard platí do úterý 13. 10.,2026-10-07 - 2026-10-13,https://www.kupi.cz/letak/tesco-hypermarket-letak-370?page=10&map=216580110,https://img.kupi.cz/kupi/thumbs/sekty-mucha_170_340.jpg,2026-10-07T05:32:23+02:00
Albert,Nápoje,albert-583-24742238,Semtex Energy Original 0.5 l,semtex_energy_original,14.9,17.9,Kč,14.9 Kč / 0.5 l,,,False,,,-16%,2026-10-07 - 2026-10-13,https://albertloyaltycz-albert-service-app-prod.delhaize.eu/public/content/leaflet/v3?storeId=583,https://albertloyaltycz-albert-service-app-prod.delhaize.eu/public/minio/images-products/24742238,2026-10-07T05:30:53+02:00
Albert,Nápoje,albert-583-25910568,"Semtex kaktus 0,5l",semtex_kaktus,14.9,17.9,Kč,14.9 Kč / 0.5 l,,,False,,,-16%,2026-10-07 - 2026-10-13,https://albertloyaltycz-albert-service-app-prod.delhaize.eu/public/content/leaflet/v3?storeId=583,,2026-10-07T05:30:53+02:00
Albert,Uzeniny a lahůdky,albert-583-20416409,Šetra Babické listové těsto 0.5 kg,setra_babicke_listove_testo,35.9,47.9,Kč,35.9 Kč / 0.5 kg,71.8,,False,,,-25%,2026-10-07 - 2026-10-13,https://albertloyaltycz-albert-service-app-prod.delhaize.eu/public/content/leaflet/v3?storeId=583,https://albertloyaltycz-albert-service-app-prod.delhaize.eu/public/minio/images-products/20416409,2026-10-07T05:30:53+02:00
Albert,Nápoje,albert-583-28148531,"Sierra margar lime 4,5% 0,25l 250 ml",sierra_margar_lime,39.9,54.9,Kč,39.9 Kč / 250 ml,,,False,,,,2026-10-07 - 2026-10-13,https://albertloyaltycz-albert-service-app-prod.delhaize.eu/public/content/leaflet/v3?storeId=583,,2026-10-07T05:30:53+02:00
Albert,Nápoje,albert-583-28148548,"Sierra margar mango 4,5% 0,25l 250 ml",sierra_margar_mango,39.9,54.9,Kč,39.9 Kč / 250 ml,,,False,,,,2026-10-07 - 2026-10-13,https://albertloyaltycz-albert-service-app-prod.delhaize.eu/public/content/leaflet/v3?storeId=583,,2026-10-07T05:30:53+02:00
Tesco,Nealko nápoje,470316,Sirup hustý Lahvinka Jupí 0.7 l,sirup_husty_lahvinka_jupi,39.9,68.79,Kč,"57,00 Kč / 1 l",,,True,Clubcard,39.9,-42% Clubcard platí do úterý 20. 10.,2026-10-07 - 2026-10-20,https://www.kupi.cz/letak/tesco-supermarket-letak-416?page=14&map=216253857,https://img.kupi.cz/kupi/thumbs/sirup-husty-lahvinka-jupi_170_340.png,2026-10-07T05:32:07+02:00
Billa,Nealko nápoje,661,Sirup Jupí 0.7 l,sirup_jupi,31.9,52.3,Kč,"45,57 Kč / 1 l",,,True,Billa Club,31.9,-39% Billa Club platí do úterý 13. 10.,2026-10-07 - 2026-10-13,https://www.kupi.cz/letak/billa-velky-letak-292?page=40&map=216584799,https://img.kupi.cz/kupi/thumbs/sirup-jupi-2_170_340.jpg,2026-10-07T05:31:17+02:00
Billa,Nealko nápoje,440793,Sirup ovocný Hello 0.7 l,sirup_ovocny_hello,36.9,,Kč,"52,71 Kč / 1 l",,,False,,,platí do úterý 13. 10.,2026-10-07 - 2026-10-13,https://www.kupi.cz/letak/billa-velky-letak-292?page=31&map=216583446,https://img.kupi.cz/kupi/thumbs/sirup-ovocny-hello_170_340.jpg,2026-10-07T05:31:19+02:00
Tesco,Nealko nápoje,440793,Sirup ovocný Hello 0.7 l,sirup_ovocny_hello,36.9,70.96,Kč,"52,71 Kč / 1 l",,,True,Clubcard,36.9,-48% Clubcard platí do úterý 13. 10.,2026-10-07 - 2026-10-13,https://www.kupi.cz/letaky/tesco,https://img.kupi.cz/kupi/thumbs/sirup-ovocny-hello_170_340.jpg,2026-10-07T05:32:07+02:00
Albert,Trvanlivé,albert-583-25369779,Skittles bon. sour 38g,skittles_bon_sour,13.9,17.9,Kč,13.9 Kč / 38 g,365.79,,False,,,-22%,2026-10-07 - 2026-10-13,https://albertloyaltycz-albert-service-app-prod.delhaize.eu/public/content/leaflet/v3?storeId=583,,2026-10-07T05:30:53+02:00
Albert,Trvanlivé,albert-583-28179627,Skittles citrus 152g,skittles_citrus,44.9,59.9,Kč,44.9 Kč / 152 g,295.39,,False,,,-25%,2026-10-07 - 2026-10-13,https://albertloyaltycz-albert-service-app-prod.delhaize.eu/public/content/leaflet/v3?storeId=583,,2026-10-07T05:30:53+02:00
Albert,Trvanlivé,albert-583-28179634,Skittles citrus 38g,skittles_citrus,13.9,17.9,Kč,13.9 Kč / 38 g,365.79,,False,,,-22%,2026-10-07 - 2026-10-13,https://albertloyaltycz-albert-service-app-prod.delhaize.eu/public/content/leaflet/v3?storeId=583,,2026-10-07T05:30:53+02:00
Albert,Trvanlivé,albert-583-25369762,Skittles Fruits 38 g,skittles_fruits,13.9,17.9,Kč,13.9 Kč / 38 g,365.79,,False,,,-22%,2026-10-07 - 2026-10-13,https://albertloyaltycz-albert-service-app-prod.delhaize.eu/public/content/leaflet/v3?storeId=583,https://albertloyaltycz-albert-service-app-prod.delhaize.eu/public/minio/images-products/25369762,2026-10-07T05:30:53+02:00
Albert,Trvanlivé,albert-583-27300527,Skittles smoothies le 38g,skittles_smoothies_le,13.9,17.9,Kč,13.9 Kč / 38 g,365.79,,False,,,-22%,2026-10-07 - 2026-10-13,https://albertloyaltycz-albert-service-app-prod.delhaize.eu/public/content/leaflet/v3?storeId=583,,2026-10-07T05:30:53+02:00
Albert,Trvanlivé,albert-583-21459276,Skořic. cukr oetker 20g,skoric_cukr_oetker,4.9,6.9,Kč,4.9 Kč / 20 g,245.0,,False,,,-28%,2026-10-07 - 2026-10-13,https://albertloyaltycz-albert-service-app-prod.delhaize.eu/public/content/leaflet/v3?storeId=583,,2026-10-07T05:30:53+02:00
Billa,"Maso, uzeniny a ryby",525066,Slanina Pancetta a cubetti 110 g,slanina_pancetta_a_cubetti,44.9,49.89,Kč,"40,82 Kč / 100 g",408.2,,False,,,-10% platí do úterý 20. 10.,2026-10-07 - 2026-10-20,https://www.kupi.cz/letak/billa-letak-italie-u-vas-doma?page=3&map=215641122,https://img.kupi.cz/kupi/thumbs/slanina-pancetta-a-cubetti_170_340.jpg,2026-10-07T05:31:09+02:00
Albert,Trvanlivé,albert-583-23011632,Sleď filety v rost.ol.170/102g,sled_filety_v_rost_ol,29.9,49.9,Kč,29.9 Kč / 102 g,293.14,,False,,,,2026-10-07 - 2026-10-13,https://albertloyaltycz-albert-service-app-prod.delhaize.eu/public/content/leaflet/v3?storeId=583,,2026-10-07T05:30:53+02:00
Billa,Mléčné výrobky a vejce,106652,Šlehačka ve spreji Billa 250 g,slehacka_ve_spreji,39.9,45.86,Kč,"15,96 Kč / 100 g",159.6,,False,,,-13% platí do úterý 13. 10.,2026-10-07 - 2026-10-13,https://www.kupi.cz/letak/billa-maly-letak-721?page=4&map=216583569,https://img.kupi.cz/kupi/thumbs/slehacka-ve-spreji-billa_170_340.png,2026-10-07T05:31:04+02:00
Albert,Albertovo pekařství,albert-583-27745663,Slovanský brambůrek krb 400g,slovansky_bramburek_krb,33.9,39.9,Kč,33.9 Kč / 400 g,84.75,,False,,,-15%,2026-10-07 - 2026-10-13,https://albertloyaltycz-albert-service-app-prod.delhaize.eu/public/content/leaflet/v3?storeId=583,,2026-10-07T05:30:53+02:00
Tesco,Vaření a pečení,26900,Slunečnicový olej Giana 1 l,slunecnicovy_olej_giana,29.9,,Kč,"29,90 Kč / 1 l",,,False,,,platí do úterý 13. 10.,2026-10-07 - 2026-10-13,https://www.kupi.cz/letak/tesco-supermarket-letak-416?map=216252708,https://img.kupi.cz/kupi/thumbs/slunecnicovy-olej-giana_170_340.jpg,2026-10-07T05:32:11+02:00
Tesco,Vaření a pečení,586254,Slunečnicový rafinovaný olej Gold Plus 1 l,slunecnicovy_rafinovany_olej_gold_plus,59.9,69.65,Kč,"59,90 Kč / 1 l",,,True,Clubcard,59.9,-14% Clubcard st 14. 10. – st 28. 10.,2026-10-14 - 2026-10-28,https://www.kupi.cz/letak/tesco-hypermarket-znacky-ktere-mate-radi-2?page=9&map=215326971,https://www.kupi.cz/img/no_img/no_discounts.png,2026-10-07T05:32:13+02:00
Tesco,Lahůdky,587814,Smažený eidam s bramborem Lakmilk 380 g,smazeny_eidam_s_bramborem_lakmilk,74.9,89.17,Kč,"19,71 Kč / 100 g",197.1,,True,Clubcard,74.9,-16% Clubcard platí do úterý 13. 10.,2026-10-07 - 2026-10-13,https://www.kupi.cz/letak/tesco-hypermarket-letak-370?page=19&map=216580518,https://www.kupi.cz/img/no_img/no_discounts.png,2026-10-07T05:31:59+02:00
Tesco,Mražené a instantní potraviny,29312,Směs obalovací Air Fryer Maggi 70 g,smes_obalovaci_air_fryer_maggi,19.9,41.46,Kč,"28,43 Kč / 100 g",284.3,,True,Clubcard,19.9,-52% Clubcard platí do neděle 25. 10.,2026-10-07 - 2026-10-25,https://www.kupi.cz/letak/tesco-hypermarket-znacky-ktere-mate-radi-2?page=11&map=215327055,https://img.kupi.cz/kupi/thumbs/smes-obalovaci-air-fryer-maggi_170_340.png,2026-10-07T05:32:04+02:00
Billa,Vaření a pečení,3720,Směs ovocná linecká Hamé 300 g,smes_ovocna_linecka_hame,34.9,59.15,Kč,"11,63 Kč / 100 g",116.3,,True,Billa Club,34.9,-41% Billa Club platí do úterý 13. 10.,2026-10-07 - 2026-10-13,https://www.kupi.cz/letak/billa-velky-letak-292?page=17&map=216582762,https://img.kupi.cz/kupi/thumbs/smes-ovocna-linecka-hame_170_340.png,2026-10-07T05:31:24+02:00
Tesco,Zdravá výživa,37758,Směs sušeného ovoce a ořechů Tesco 200 g,smes_suseneho_ovoce_a_orechu,59.9,76.79,Kč,"29,95 Kč / 100 g",299.5,,True,Clubcard,59.9,-22% Clubcard platí do úterý 13. 10.,2026-10-07 - 2026-10-13,https://www.kupi.cz/letaky/tesco,https://img.kupi.cz/kupi/thumbs/smes-suseneho-ovoce-a-orechu-tesco_170_340.jpg,2026-10-07T05:32:19+02:00
Billa,Mléčné výrobky a vejce,641,Smetana ke šlehání Mlékárna Kunín 31% 200 g,smetana_ke_slehani_mlekarna_kunin,21.9,36.5,Kč,"10,95 Kč / 100 g",109.5,,True,Billa Club,21.9,-40% Billa Club po 12. 10. – út 13. 10.,2026-10-12 - 2026-10-13,https://www.kupi.cz/letak/billa-maly-letak-721?page=8&map=216583848,https://img.kupi.cz/kupi/thumbs/smetana-ke-slehani-kunin-31_170_340.jpg,2026-10-07T05:31:01+02:00
Tesco,Mléčné výrobky a vejce,641,Smetana ke šlehání Mlékárna Kunín 31% 200 g,smetana_ke_slehani_mlekarna_kunin,19.9,37.55,Kč,"9,95 Kč / 100 g",99.5,,False,,,-47% platí do úterý 13. 10.,2026-10-07 - 2026-10-13,https://www.kupi.cz/letak/tesco-supermarket-letak-416?page=2&map=216252867,https://img.kupi.cz/kupi/thumbs/smetana-ke-slehani-kunin-31_170_340.jpg,2026-10-07T05:31:48+02:00
Billa,Mléčné výrobky a vejce,2774,Smetana zakysaná Olma 16% 200 g,smetana_zakysana_olma,16.9,29.65,Kč,"8,45 Kč / 100 g",84.5,,False,,,-43% platí do úterý 13. 10.,2026-10-07 - 2026-10-13,https://www.kupi.cz/letak/billa-velky-letak-292?page=17&map=216582753,https://img.kupi.cz/kupi/thumbs/smetana-zakysana-olma-16-1_170_340.jpg,2026-10-07T05:31:04+02:00
Billa,Mléčné výrobky a vejce,587949,Smetánky do kávy Clever 10 g,smetanky_do_kavy_clever,9.5,,Kč,"9,50 Kč / 100 g",950.0,,False,,,platí do úterý 13. 10.,2026-10-07 - 2026-10-13,https://www.kupi.cz/letak/billa-velky-letak-292?page=15&map=216582708,https://www.kupi.cz/img/no_img/no_discounts.png,2026-10-07T05:31:05+02:00
Tesco,Mléčné výrobky a vejce,3314,Smetánky do kávy Kapucín 10 g,smetanky_do_kavy_kapucin,13.9,19.86,Kč,"13,90 Kč / 100 g",1390.0,,True,Clubcard,13.9,-30% Clubcard platí do úterý 13. 10.,2026-10-07 - 2026-10-13,https://www.kupi.cz/letak/tesco-supermarket-letak-416?page=12&map=216253746,https://img.kupi.cz/kupi/thumbs/smetanky-do-kavy-kapucin_170_340.jpg,2026-10-07T05:31:50+02:00
Tesco,Sladkosti a slané snacky,571746,Snack Cheetos 85 g,snack_cheetos,24.9,34.58,Kč,"29,29 Kč / 100 g",292.9,,True,Clubcard,24.9,-28% Clubcard platí do úterý 13. 10.,2026-10-07 - 2026-10-13,https://www.kupi.cz/letaky/tesco,https://img.kupi.cz/kupi/thumbs/snack-cheetos_170_340.png,2026-10-07T05:32:17+02:00
Billa,Sladkosti a slané snacky,6001,Snack PomBär Chio 50 g,snack_pombar_chio,19.9,,Kč,"39,80 Kč / 100 g",398.0,,False,,,platí do úterý 13. 10.,2026-10-07 - 2026-10-13,https://www.kupi.cz/letak/billa-velky-letak-292?page=14&map=216582663,https://img.kupi.cz/kupi/thumbs/snack-pombar-chio_170_340.jpg,2026-10-07T05:31:29+02:00
Tesco,Sladkosti a slané snacky,6001,Snack PomBär Chio,snack_pombar_chio,19.9,39.8,Kč,"39,80 Kč / 100 g",398.0,,True,Clubcard,19.9,-50% Clubcard platí do úterý 13. 10.,2026-10-07 - 2026-10-13,https://www.kupi.cz/letak/tesco-hypermarket-letak-370?page=23&map=216580749,https://img.kupi.cz/kupi/thumbs/snack-pombar-chio_170_340.jpg,2026-10-07T05:32:16+02:00
Tesco,Sladkosti a slané snacky,6001,Snack PomBär Chio,snack_pombar_chio,39.9,71.25,Kč,"36,27 Kč / 100 g",362.7,,True,Clubcard,39.9,-44% Clubcard platí do úterý 13. 10.,2026-10-07 - 2026-10-13,https://www.kupi.cz/letaky/tesco,https://img.kupi.cz/kupi/thumbs/snack-pombar-chio_170_340.jpg,2026-10-07T05:32:16+02:00
Billa,Sladkosti a slané snacky,587952,Snack Smajlíci Clever 55 g,snack_smajlici_clever,19.9,,Kč,"36,18 Kč / 100 g",361.8,,False,,,platí do úterý 13. 10.,2026-10-07 - 2026-10-13,https://www.kupi.cz/letak/billa-velky-letak-292?page=15&map=216582711,https://img.kupi.cz/kupi/thumbs/snack-smajlici-clever_170_340.jpg,2026-10-07T05:31:30+02:00
Billa,Pečivo,40296,Šnek s náplní 115 g,snek_s_naplni,17.9,19.89,Kč,"15,57 Kč / 100 g",155.7,,True,Billa Club,17.9,-10% Billa Club platí do úterý 20. 10.,2026-10-07 - 2026-10-20,https://www.kupi.cz/letak/billa-letak-italie-u-vas-doma?page=12&map=215641608,https://img.kupi.cz/kupi/thumbs/snek-s-naplni_170_340.png,2026-10-07T05:30:59+02:00
Albert,Albertovo pekařství,albert-583-26106205,Šnek se skořicí 80 g,snek_se_skorici,13.9,17.9,Kč,13.9 Kč / 80 g,173.75,,False,,,-22%,2026-10-07 - 2026-10-13,https://albertloyaltycz-albert-service-app-prod.delhaize.eu/public/content/leaflet/v3?storeId=583,https://albertloyaltycz-albert-service-app-prod.delhaize.eu/public/minio/images-products/26106205,2026-10-07T05:30:53+02:00
Tesco,Vaření a pečení,253077,Sójová omáčka Maggi 190 ml,sojova_omacka_maggi,24.9,49.8,Kč,"13,11 Kč / 100 ml",,,True,Clubcard,24.9,-50% Clubcard platí do neděle 25. 10.,2026-10-07 - 2026-10-25,https://www.kupi.cz/letak/tesco-hypermarket-znacky-ktere-mate-radi-2?page=11&map=215327037,https://img.kupi.cz/kupi/thumbs/sojova-omacka-maggi_170_340.jpg,2026-10-07T05:32:12+02:00
Tesco,Vaření a pečení,39178,Sójová omáčka Pearl River Bridge 500 ml,sojova_omacka_pearl_river_bridge,57.9,64.33,Kč,"11,58 Kč / 100 ml",,,True,Clubcard,57.9,-10% Clubcard platí do úterý 27. 10.,2026-10-07 - 2026-10-27,https://www.kupi.cz/letak/tesco-hypermarket-znacky-ktere-mate-radi-2?page=18&map=215327379,https://img.kupi.cz/kupi/thumbs/sojova-omacka-pearl-river-bridge-1_170_340.jpg,2026-10-07T05:32:12+02:00
Albert,Mléčné a chlazené,albert-583-28117223,Solero Mini multipack 300 ml,solero_mini_multipack,94.9,149.9,Kč,94.9 Kč / 300 ml,,,False,,,,2026-10-07 - 2026-10-13,https://albertloyaltycz-albert-service-app-prod.delhaize.eu/public/content/leaflet/v3?storeId=583,https://albertloyaltycz-albert-service-app-prod.delhaize.eu/public/minio/images-products/28117223,2026-10-07T05:30:53+02:00
Billa,"Maso, uzeniny a ryby",58543,Speck Alto Adige Premium Billa 100 g,speck_alto_adige_premium,69.9,79.43,Kč,"69,90 Kč / 100 g",699.0,,False,,,-12% platí do úterý 20. 10.,2026-10-07 - 2026-10-20,https://www.kupi.cz/letak/billa-letak-italie-u-vas-doma?page=3&map=215641119,https://img.kupi.cz/kupi/thumbs/speck-alto-adige-premium-billa-1_170_340.jpg,2026-10-07T05:31:09+02:00
Albert,Uzeniny a lahůdky,albert-583-26771380,Špekáčkový točený sal.pikant. 100 g,spekackovy_toceny_sal_pikant,16.9,19.9,Kč,16.9 Kč / 100 g,169.0,,False,,,-15%,2026-10-07 - 2026-10-13,https://albertloyaltycz-albert-service-app-prod.delhaize.eu/public/content/leaflet/v3?storeId=583,,2026-10-07T05:30:53+02:00
Albert,Uzeniny a lahůdky,albert-583-20325930,Špekáčky 100 g,spekacky,15.9,18.9,Kč,15.9 Kč / 100 g,159.0,,False,,,-15%,2026-10-07 - 2026-10-13,https://albertloyaltycz-albert-service-app-prod.delhaize.eu/public/content/leaflet/v3?storeId=583,,2026-10-07T05:30:53+02:00
Albert,Nápoje,albert-583-27728925,"Sprite 1,5l",sprite,32.9,44.9,Kč,32.9 Kč / 1.5 l,,,False,,,,2026-10-07 - 2026-10-13,https://albertloyaltycz-albert-service-app-prod.delhaize.eu/public/content/leaflet/v3?storeId=583,,2026-10-07T05:30:53+02:00
Albert,Nápoje,albert-583-27981887,"Sprite zero 1,5l",sprite_zero,32.9,44.9,Kč,32.9 Kč / 1.5 l,,,False,,,,2026-10-07 - 2026-10-13,https://albertloyaltycz-albert-service-app-prod.delhaize.eu/public/content/leaflet/v3?storeId=583,,2026-10-07T05:30:53+02:00
Albert,Nápoje,albert-583-28152996,Stará myslivecká 35% 0.5 l,stara_myslivecka,169.0,209.0,Kč,169 Kč / 0.5 l,,,False,,,,2026-10-07 - 2026-10-13,https://albertloyaltycz-albert-service-app-prod.delhaize.eu/public/content/leaflet/v3?storeId=583,https://albertloyaltycz-albert-service-app-prod.delhaize.eu/public/minio/images-products/28152996,2026-10-07T05:30:53+02:00
Tesco,Alkohol,735,Stará myslivecká 0.5 l,stara_myslivecka,149.9,208.19,Kč,"299,80 Kč / 1 l",,,True,Clubcard,149.9,-28% Clubcard platí do úterý 13. 10.,2026-10-07 - 2026-10-13,https://www.kupi.cz/letak/tesco-hypermarket-letak-370?page=10&map=216580119,https://img.kupi.cz/kupi/thumbs/stara-zitna-myslivecka_170_340.jpg,2026-10-07T05:32:23+02:00
Albert,Nápoje,albert-583-27019825,"Stará myslivecká reser40% 0,7l",stara_myslivecka_reser40,299.0,399.0,Kč,299 Kč / 0.7 l,,,False,,,,2026-10-07 - 2026-10-13,https://albertloyaltycz-albert-service-app-prod.delhaize.eu/public/content/leaflet/v3?storeId=583,,2026-10-07T05:30:53+02:00
Albert,Trvanlivé,albert-583-27390719,Starbucks Blonde Espresso zrnková káva 450 g,starbucks_blonde_espresso_zrnkova_kava,339.0,399.0,Kč,339 Kč / 450 g,753.33,,False,,,,2026-10-07 - 2026-10-13,https://albertloyaltycz-albert-service-app-prod.delhaize.eu/public/content/leaflet/v3?storeId=583,https://albertloyaltycz-albert-service-app-prod.delhaize.eu/public/minio/images-products/27390719,2026-10-07T05:30:53+02:00
Albert,Trvanlivé,albert-583-27244760,Starbucks ® by Nespresso® Origin Colombia 10 ks,starbucks_by_nespresso_origin_colombia,99.9,124.9,Kč,99.9 Kč / 10 ks,,9.99,False,,,,2026-10-07 - 2026-10-13,https://albertloyaltycz-albert-service-app-prod.delhaize.eu/public/content/leaflet/v3?storeId=583,https://albertloyaltycz-albert-service-app-prod.delhaize.eu/public/minio/images-products/27244760,2026-10-07T05:30:53+02:00
Albert,Trvanlivé,albert-583-27773727,Starbucks caramel 10 ks,starbucks_caramel,99.9,124.9,Kč,99.9 Kč / 10 ks,,9.99,False,,,,2026-10-07 - 2026-10-13,https://albertloyaltycz-albert-service-app-prod.delhaize.eu/public/content/leaflet/v3?storeId=583,,2026-10-07T05:30:53+02:00
Albert,Trvanlivé,albert-583-28174264,Starbucks pumpkin spice 10 ks,starbucks_pumpkin_spice,99.9,124.9,Kč,99.9 Kč / 10 ks,,9.99,False,,,,2026-10-07 - 2026-10-13,https://albertloyaltycz-albert-service-app-prod.delhaize.eu/public/content/leaflet/v3?storeId=583,,2026-10-07T05:30:53+02:00
Albert,Trvanlivé,albert-583-27816011,Starbucks Toffee Nut kávové kapsle 10 ks,starbucks_toffee_nut_kavove_kapsle,99.9,,Kč,99.9 Kč / 10 ks,,9.99,False,,,,2026-10-07 - 2026-10-13,https://albertloyaltycz-albert-service-app-prod.delhaize.eu/public/content/leaflet/v3?storeId=583,https://albertloyaltycz-albert-service-app-prod.delhaize.eu/public/minio/images-products/27816011,2026-10-07T05:30:53+02:00
Albert,Trvanlivé,albert-583-27316900,Starbucks Toffee Nuts kapsle 12 ks,starbucks_toffee_nuts_kapsle,119.9,,Kč,119.9 Kč / 12 ks,,9.99,False,,,,2026-10-07 - 2026-10-13,https://albertloyaltycz-albert-service-app-prod.delhaize.eu/public/content/leaflet/v3?storeId=583,https://albertloyaltycz-albert-service-app-prod.delhaize.eu/public/minio/images-products/27316900,2026-10-07T05:30:53+02:00
Albert,Nápoje,albert-583-22504845,Starobrno Medium světlý ležák 11 0.5 l,starobrno_medium_svetly_lezak,12.9,18.9,Kč,12.9 Kč / 0.5 l,,,False,,,,2026-10-07 - 2026-10-13,https://albertloyaltycz-albert-service-app-prod.delhaize.eu/public/content/leaflet/v3?storeId=583,https://albertloyaltycz-albert-service-app-prod.delhaize.eu/public/minio/images-products/22504845,2026-10-07T05:30:53+02:00
Albert,Nápoje,albert-583-20403003,Staropramen 12 0.5 l,staropramen,12.9,20.9,Kč,12.9 Kč / 0.5 l,,,False,,,,2026-10-07 - 2026-10-13,https://albertloyaltycz-albert-service-app-prod.delhaize.eu/public/content/leaflet/v3?storeId=583,https://albertloyaltycz-albert-service-app-prod.delhaize.eu/public/minio/images-products/20403003,2026-10-07T05:30:53+02:00
Albert,Nápoje,albert-583-25460452,Staropramen hořký nealko. 0.5 l,staropramen_horky_nealko,12.9,21.9,Kč,12.9 Kč / 0.5 l,,,False,,,,2026-10-07 - 2026-10-13,https://albertloyaltycz-albert-service-app-prod.delhaize.eu/public/content/leaflet/v3?storeId=583,https://albertloyaltycz-albert-service-app-prod.delhaize.eu/public/minio/images-products/25460452,2026-10-07T05:30:53+02:00
Albert,Nápoje,albert-583-24695688,"Staropramen 12 0,5l pl 0.5 l",staropramen_pl,15.9,25.9,Kč,15.9 Kč / 0.5 l,,,False,,,,2026-10-07 - 2026-10-13,https://albertloyaltycz-albert-service-app-prod.delhaize.eu/public/content/leaflet/v3?storeId=583,,2026-10-07T05:30:53+02:00
Albert,Nápoje,albert-583-25277746,"Staropramen 11 plech 0,5l",staropramen_plech,14.9,16.9,Kč,14.9 Kč / 0.5 l,,,False,,,-11%,2026-10-07 - 2026-10-13,https://albertloyaltycz-albert-service-app-prod.delhaize.eu/public/content/leaflet/v3?storeId=583,,2026-10-07T05:30:53+02:00
Tesco,Nealko nápoje,221610,Šťáva čerstvá Juice Bar Rauch 0.8 l,stava_cerstva_juice_bar_rauch,67.9,84.88,Kč,"84,88 Kč / 1 l",,,True,Clubcard,67.9,-20% Clubcard platí do úterý 20. 10.,2026-10-07 - 2026-10-20,https://www.kupi.cz/letak/tesco-hypermarket-letak-370?page=19&map=216580503,https://img.kupi.cz/kupi/thumbs/stava-cerstva-juice-bar-rauch_170_340.jpg,2026-10-07T05:32:09+02:00
Tesco,Nealko nápoje,462479,Šťáva Shot Andros 55 ml,stava_shot_andros,39.9,49.87,Kč,"72,55 Kč / 100 ml",,,True,Clubcard,39.9,-20% Clubcard platí do úterý 13. 10.,2026-10-07 - 2026-10-13,https://www.kupi.cz/letaky/tesco,https://img.kupi.cz/kupi/thumbs/stava-shot-andros_170_340.png,2026-10-07T05:32:09+02:00
Albert,Trvanlivé,albert-583-28103622,Stpe ml.s přích.karam.bubl.90g,stpe_ml_s_prich_karam_bubl,29.9,39.9,Kč,29.9 Kč / 90 g,332.22,,False,,,,2026-10-07 - 2026-10-13,https://albertloyaltycz-albert-service-app-prod.delhaize.eu/public/content/leaflet/v3?storeId=583,,2026-10-07T05:30:53+02:00
Albert,Trvanlivé,albert-583-28103615,Stpe mléčná bílé bublinky 90g,stpe_mlecna_bile_bublinky,29.9,39.9,Kč,29.9 Kč / 90 g,332.22,,False,,,,2026-10-07 - 2026-10-13,https://albertloyaltycz-albert-service-app-prod.delhaize.eu/public/content/leaflet/v3?storeId=583,,2026-10-07T05:30:53+02:00
Albert,Trvanlivé,albert-583-28046332,Stpe mléčná čok. jojo 90g,stpe_mlecna_cok_jojo,29.9,39.9,Kč,29.9 Kč / 90 g,332.22,,False,,,,2026-10-07 - 2026-10-13,https://albertloyaltycz-albert-service-app-prod.delhaize.eu/public/content/leaflet/v3?storeId=583,,2026-10-07T05:30:53+02:00
Albert,Trvanlivé,albert-583-28046325,Stpe mléčná čok.s lentil.90g,stpe_mlecna_cok_s_lentil,29.9,39.9,Kč,29.9 Kč / 90 g,332.22,,False,,,,2026-10-07 - 2026-10-13,https://albertloyaltycz-albert-service-app-prod.delhaize.eu/public/content/leaflet/v3?storeId=583,,2026-10-07T05:30:53+02:00
Albert,Trvanlivé,albert-583-28050483,Stpe mléčná čokoláda 90g,stpe_mlecna_cokolada,29.9,39.9,Kč,29.9 Kč / 90 g,332.22,,False,,,,2026-10-07 - 2026-10-13,https://albertloyaltycz-albert-service-app-prod.delhaize.eu/public/content/leaflet/v3?storeId=583,,2026-10-07T05:30:53+02:00
Albert,Trvanlivé,albert-583-28050476,Stpe mléčno-bílá čokoláda 90g,stpe_mlecno_bila_cokolada,29.9,39.9,Kč,29.9 Kč / 90 g,332.22,,False,,,,2026-10-07 - 2026-10-13,https://albertloyaltycz-albert-service-app-prod.delhaize.eu/public/content/leaflet/v3?storeId=583,,2026-10-07T05:30:53+02:00
Albert,Uzeniny a lahůdky,albert-583-22572776,Striptýzky 100 g,striptyzky,10.5,11.9,Kč,10.5 Kč / 100 g,105.0,,False,,,-11%,2026-10-07 - 2026-10-13,https://albertloyaltycz-albert-service-app-prod.delhaize.eu/public/content/leaflet/v3?storeId=583,,2026-10-07T05:30:53+02:00
Albert,Nápoje,albert-583-26957241,Strongbow Apple Cider Dark Fruit 440 ml,strongbow_apple_cider_dark_fruit,19.9,29.9,Kč,19.9 Kč / 440 ml,,,False,,,,2026-10-07 - 2026-10-13,https://albertloyaltycz-albert-service-app-prod.delhaize.eu/public/content/leaflet/v3?storeId=583,https://albertloyaltycz-albert-service-app-prod.delhaize.eu/public/minio/images-products/26957241,2026-10-07T05:30:53+02:00
Albert,Nápoje,albert-583-26957265,Strongbow Apple Cider Gold Apple 440 ml,strongbow_apple_cider_gold_apple,19.9,29.9,Kč,19.9 Kč / 440 ml,,,False,,,,2026-10-07 - 2026-10-13,https://albertloyaltycz-albert-service-app-prod.delhaize.eu/public/content/leaflet/v3?storeId=583,https://albertloyaltycz-albert-service-app-prod.delhaize.eu/public/minio/images-products/26957265,2026-10-07T05:30:53+02:00
Albert,Nápoje,albert-583-28138051,"Strongbow pineapple pom. 0,44l 440 ml",strongbow_pineapple_pom,19.9,29.9,Kč,19.9 Kč / 440 ml,,,False,,,,2026-10-07 - 2026-10-13,https://albertloyaltycz-albert-service-app-prod.delhaize.eu/public/content/leaflet/v3?storeId=583,,2026-10-07T05:30:53+02:00
Albert,Nápoje,albert-583-26957289,"Strongbow red ber.pl.0,44l 440 ml",strongbow_red_ber_pl,19.9,29.9,Kč,19.9 Kč / 440 ml,,,False,,,,2026-10-07 - 2026-10-13,https://albertloyaltycz-albert-service-app-prod.delhaize.eu/public/content/leaflet/v3?storeId=583,,2026-10-07T05:30:53+02:00
Albert,Nápoje,albert-583-27869611,Strongbow tropical 044l pl 440 ml,strongbow_tropical_pl,19.9,29.9,Kč,19.9 Kč / 440 ml,,,False,,,,2026-10-07 - 2026-10-13,https://albertloyaltycz-albert-service-app-prod.delhaize.eu/public/content/leaflet/v3?storeId=583,,2026-10-07T05:30:53+02:00
Tesco,Alkohol,37265,Šumivé nápoje Avanti 0.75 l,sumive_napoje_avanti,54.9,69.49,Kč,"73,20 Kč / 1 l",,,True,Clubcard,54.9,-21% Clubcard platí do úterý 27. 10.,2026-10-07 - 2026-10-27,https://www.kupi.cz/letaky/tesco,https://img.kupi.cz/kupi/thumbs/sekty-avanti_170_340.jpg,2026-10-07T05:32:23+02:00
Billa,Alkohol,544212,Šumivé víno nealkoholické Grande Alberone Sparkling Billa Premium 0.75 l,sumive_vino_nealkoholicke_grande_alberone_sparkling_premium,129.9,,Kč,"173,20 Kč / 1 l",,,False,,,platí do úterý 20. 10.,2026-10-07 - 2026-10-20,https://www.kupi.cz/letak/billa-letak-italie-u-vas-doma?page=15&map=215641746,https://img.kupi.cz/kupi/thumbs/sekt-nealkoholicky-grande-alberone-sparkling-billa-premium_170_340.jpg,2026-10-07T05:31:37+02:00
Albert,Trvanlivé,albert-583-28060062,Sunar batáty kuřecí maso 120g,sunar_bataty_kureci_maso,39.9,57.9,Kč,39.9 Kč / 120 g,332.5,,False,,,,2026-10-07 - 2026-10-13,https://albertloyaltycz-albert-service-app-prod.delhaize.eu/public/content/leaflet/v3?storeId=583,,2026-10-07T05:30:53+02:00
Albert,Trvanlivé,albert-583-23916463,Sunar Complex 2 pokračovací mléčná výživa 0.6 kg,sunar_complex_pokracovaci_mlecna_vyziva,229.0,339.0,Kč,229 Kč / 0.6 kg,381.67,,False,,,,2026-10-07 - 2026-10-13,https://albertloyaltycz-albert-service-app-prod.delhaize.eu/public/content/leaflet/v3?storeId=583,https://albertloyaltycz-albert-service-app-prod.delhaize.eu/public/minio/images-products/23916463,2026-10-07T05:30:53+02:00
Albert,Trvanlivé,albert-583-26933672,Sunar cool malin.ban. 120g,sunar_cool_malin_ban,25.9,33.9,Kč,25.9 Kč / 120 g,215.83,,False,,,,2026-10-07 - 2026-10-13,https://albertloyaltycz-albert-service-app-prod.delhaize.eu/public/content/leaflet/v3?storeId=583,,2026-10-07T05:30:53+02:00
Albert,Trvanlivé,albert-583-25862355,Sunar ml kaše medová 210g,sunar_ml_kase_medova,69.9,99.9,Kč,69.9 Kč / 210 g,332.86,,False,,,,2026-10-07 - 2026-10-13,https://albertloyaltycz-albert-service-app-prod.delhaize.eu/public/content/leaflet/v3?storeId=583,,2026-10-07T05:30:53+02:00
Albert,Trvanlivé,albert-583-25862379,Sunar ml krupi kaše vanil 210g,sunar_ml_krupi_kase_vanil,69.9,99.9,Kč,69.9 Kč / 210 g,332.86,,False,,,,2026-10-07 - 2026-10-13,https://albertloyaltycz-albert-service-app-prod.delhaize.eu/public/content/leaflet/v3?storeId=583,,2026-10-07T05:30:53+02:00
Albert,Trvanlivé,albert-583-26790145,Sunar msz lasag hov.maso 120g,sunar_msz_lasag_hov_maso,39.9,57.9,Kč,39.9 Kč / 120 g,332.5,,False,,,,2026-10-07 - 2026-10-13,https://albertloyaltycz-albert-service-app-prod.delhaize.eu/public/content/leaflet/v3?storeId=583,,2026-10-07T05:30:53+02:00
Albert,Trvanlivé,albert-583-26790169,Sunar msz špag.bol.omáč. 120g,sunar_msz_spag_bol_omac,39.9,57.9,Kč,39.9 Kč / 120 g,332.5,,False,,,,2026-10-07 - 2026-10-13,https://albertloyaltycz-albert-service-app-prod.delhaize.eu/public/content/leaflet/v3?storeId=583,,2026-10-07T05:30:53+02:00
Albert,Trvanlivé,albert-583-25702880,Sunar snack jabl.kroužky 50g,sunar_snack_jabl_krouzky,29.9,39.9,Kč,29.9 Kč / 50 g,598.0,,False,,,,2026-10-07 - 2026-10-13,https://albertloyaltycz-albert-service-app-prod.delhaize.eu/public/content/leaflet/v3?storeId=583,,2026-10-07T05:30:53+02:00
Billa,"Maso, uzeniny a ryby",468362,Šunka Bečva nejvyšší jakosti Váhala 100 g,sunka_becva_nejvyssi_jakosti_vahala,21.9,29.59,Kč,"21,90 Kč / 100 g",219.0,,False,,,-26% platí do úterý 13. 10.,2026-10-07 - 2026-10-13,https://www.kupi.cz/letak/billa-velky-letak-292?page=9&map=216582534,https://img.kupi.cz/kupi/thumbs/sunka-becva-vahala-1_170_340.png,2026-10-07T05:31:10+02:00
Tesco,"Maso, uzeniny a ryby",178765,Šunka česká výběrová 100 g,sunka_ceska_vyberova,24.9,31.52,Kč,"24,90 Kč / 100 g",249.0,,True,Clubcard,24.9,-21% Clubcard platí do úterý 13. 10.,2026-10-07 - 2026-10-13,https://www.kupi.cz/letak/tesco-hypermarket-letak-370?page=18&map=216580470,https://img.kupi.cz/kupi/thumbs/sunka-ceska-vyberova-1_170_340.jpg,2026-10-07T05:31:57+02:00
Tesco,"Maso, uzeniny a ryby",342628,Šunka česká výběrová Beskydské uzeniny Chodura 100 g,sunka_ceska_vyberova_beskydske_uzeniny_chodura,29.9,,Kč,"29,90 Kč / 100 g",299.0,,True,Clubcard,29.9,Clubcard platí do úterý 13. 10.,2026-10-07 - 2026-10-13,https://www.kupi.cz/letak/tesco-hypermarket-letak-370?page=18&map=216580482,https://img.kupi.cz/kupi/thumbs/sunka-ceska-vyberova-beskydske-uzeniny-chodura_170_340.png,2026-10-07T05:31:57+02:00
Tesco,"Maso, uzeniny a ryby",342628,Šunka česká výběrová Beskydské uzeniny Chodura 100 g,sunka_ceska_vyberova_beskydske_uzeniny_chodura,34.9,,Kč,"34,90 Kč / 100 g",349.0,,False,,,platí do úterý 13. 10.,2026-10-07 - 2026-10-13,https://www.kupi.cz/letak/tesco-hypermarket-letak-370?page=18&map=216580473,https://img.kupi.cz/kupi/thumbs/sunka-ceska-vyberova-beskydske-uzeniny-chodura_170_340.png,2026-10-07T05:31:57+02:00
Billa,"Maso, uzeniny a ryby",71642,Šunka dušená nejvyšší jakosti LE&CO 100 g,sunka_dusena_nejvyssi_jakosti_le_co,29.9,41.53,Kč,"29,90 Kč / 100 g",299.0,,False,,,-28% platí do úterý 13. 10.,2026-10-07 - 2026-10-13,https://www.kupi.cz/letak/billa-velky-letak-292?page=22&map=216582855,https://img.kupi.cz/kupi/thumbs/sunka-dusena-nejvyssi-jakosti-le-co-1_170_340.jpg,2026-10-07T05:31:08+02:00
Billa,"Maso, uzeniny a ryby",427044,Šunka Jamón Serrano Billa 80 g,sunka_jamon_serrano,49.9,66.53,Kč,"62,38 Kč / 100 g",623.8,,False,,,-25% platí do úterý 13. 10.,2026-10-07 - 2026-10-13,https://www.kupi.cz/letak/billa-velky-letak-292?page=22&map=216582861,https://img.kupi.cz/kupi/thumbs/sunka-jamon-serrano-billa_170_340.jpg,2026-10-07T05:31:09+02:00
Billa,"Maso, uzeniny a ryby",432864,Šunka kuřecí prsní nejvyšší jakosti DZ Klatovy 100 g,sunka_kureci_prsni_nejvyssi_jakosti_dz_klatovy,28.9,34.82,Kč,"28,90 Kč / 100 g",289.0,,False,,,-17% platí do úterý 13. 10.,2026-10-07 - 2026-10-13,https://www.kupi.cz/letak/billa-velky-letak-292?page=19&map=216582825,https://img.kupi.cz/kupi/thumbs/sunka-kureci-prsni-nejvyssi-jakosti-dz-klatovy_170_340.png,2026-10-07T05:31:09+02:00
Albert,Uzeniny a lahůdky,albert-583-27740057,Šunka nej. jakosti 100g,sunka_nej_jakosti,19.9,31.9,Kč,19.9 Kč / 100 g,199.0,,False,,,-37%,2026-10-07 - 2026-10-13,https://albertloyaltycz-albert-service-app-prod.delhaize.eu/public/content/leaflet/v3?storeId=583,,2026-10-07T05:30:53+02:00
Albert,Uzeniny a lahůdky,albert-583-23204980,*šunka od kosti 100 g,sunka_od_kosti,25.9,31.9,Kč,25.9 Kč / 100 g,259.0,,False,,,-18%,2026-10-07 - 2026-10-13,https://albertloyaltycz-albert-service-app-prod.delhaize.eu/public/content/leaflet/v3?storeId=583,,2026-10-07T05:30:53+02:00
Albert,Uzeniny a lahůdky,albert-583-25961805,Šunka od kosti nejv.jak.100g,sunka_od_kosti_nejv_jak,34.9,44.9,Kč,34.9 Kč / 100 g,349.0,,False,,,-22%,2026-10-07 - 2026-10-13,https://albertloyaltycz-albert-service-app-prod.delhaize.eu/public/content/leaflet/v3?storeId=583,,2026-10-07T05:30:53+02:00
Billa,"Maso, uzeniny a ryby",104850,Šunka Prosciutto Crudo Billa 90 g,sunka_prosciutto_crudo,59.9,79.87,Kč,"66,56 Kč / 100 g",665.6,,False,,,-25% platí do úterý 20. 10.,2026-10-07 - 2026-10-20,https://www.kupi.cz/letak/billa-letak-italie-u-vas-doma?page=3&map=215641107,https://img.kupi.cz/kupi/thumbs/sunka-prosciutto-crudo-billa-1_170_340.jpg,2026-10-07T05:31:09+02:00
Billa,"Maso, uzeniny a ryby",441123,Šunka schwarzwaldská Billa 100 g,sunka_schwarzwaldska,24.9,39.52,Kč,"24,90 Kč / 100 g",249.0,,False,,,-37% po 12. 10. – út 13. 10.,2026-10-12 - 2026-10-13,https://www.kupi.cz/letak/billa-velky-letak-292?page=38&map=216584520,https://img.kupi.cz/kupi/thumbs/sunka-schwarzwaldska-billa-1_170_340.jpg,2026-10-07T05:31:09+02:00
Billa,"Maso, uzeniny a ryby",441123,Šunka schwarzwaldská Billa 100 g,sunka_schwarzwaldska,24.9,,Kč,"24,90 Kč / 100 g",249.0,,False,,,po 12. 10. – út 13. 10.,2026-10-12 - 2026-10-13,https://www.kupi.cz/letak/billa-maly-letak-721?page=8&map=216583851,https://img.kupi.cz/kupi/thumbs/sunka-schwarzwaldska-billa-1_170_340.jpg,2026-10-07T05:31:09+02:00
Tesco,"Maso, uzeniny a ryby",44966,Šunka selská nejvyšší jakosti 100 g,sunka_selska_nejvyssi_jakosti,24.9,29.64,Kč,"24,90 Kč / 100 g",249.0,,False,,,-16% platí do úterý 13. 10.,2026-10-07 - 2026-10-13,https://www.kupi.cz/letak/tesco-hypermarket-letak-370?page=2&map=216577539,https://img.kupi.cz/kupi/thumbs/sunka-selska-nejvyssi-jakosti-1_170_340.jpg,2026-10-07T05:31:55+02:00
Tesco,"Maso, uzeniny a ryby",37588,Šunka selská nejvyšší jakosti LE&CO 100 g,sunka_selska_nejvyssi_jakosti_le_co,33.9,41.85,Kč,"33,90 Kč / 100 g",339.0,,False,,,-19% platí do úterý 13. 10.,2026-10-07 - 2026-10-13,https://www.kupi.cz/letak/tesco-supermarket-letak-416?page=2&map=216252861,https://img.kupi.cz/kupi/thumbs/sunka-selska-nejvyssi-jakosti-le-co_170_340.jpg,2026-10-07T05:31:55+02:00
Billa,"Maso, uzeniny a ryby",4882,Šunka vepřová Euro standard 100 g,sunka_veprova_euro_standard,16.9,19.88,Kč,"16,90 Kč / 100 g",169.0,,False,,,-15% platí do úterý 13. 10.,2026-10-07 - 2026-10-13,https://www.kupi.cz/letak/billa-velky-letak-292?page=11&map=216582612,https://img.kupi.cz/kupi/thumbs/sunka-veprova-euro-standard_170_340.jpg,2026-10-07T05:31:08+02:00
Tesco,"Maso, uzeniny a ryby",4882,Šunka vepřová Euro standard 100 g,sunka_veprova_euro_standard,16.9,19.88,Kč,"16,90 Kč / 100 g",169.0,,True,Clubcard,16.9,-15% Clubcard platí do úterý 13. 10.,2026-10-07 - 2026-10-13,https://www.kupi.cz/letak/tesco-hypermarket-letak-370?page=18&map=216580485,https://img.kupi.cz/kupi/thumbs/sunka-veprova-euro-standard_170_340.jpg,2026-10-07T05:31:55+02:00
Albert,Uzeniny a lahůdky,albert-583-26863115,Albert šunka výběrová dušená 200 g,sunka_vyberova_dusena,36.9,56.9,Kč,36.9 Kč / 200 g,184.5,,False,,,-35%,2026-10-07 - 2026-10-13,https://albertloyaltycz-albert-service-app-prod.delhaize.eu/public/content/leaflet/v3?storeId=583,https://albertloyaltycz-albert-service-app-prod.delhaize.eu/public/minio/images-products/26863115,2026-10-07T05:30:53+02:00
Albert,Uzeniny a lahůdky,albert-583-25885255,Šunka zvonařka nej.jak 100g,sunka_zvonarka_nej_jak,35.9,39.9,Kč,35.9 Kč / 100 g,359.0,,False,,,-10%,2026-10-07 - 2026-10-13,https://albertloyaltycz-albert-service-app-prod.delhaize.eu/public/content/leaflet/v3?storeId=583,,2026-10-07T05:30:53+02:00
Billa,"Maso, uzeniny a ryby",91908,Šunka Zvonařka nejvyšší jakosti 100 g,sunka_zvonarka_nejvyssi_jakosti,24.9,35.57,Kč,"24,90 Kč / 100 g",249.0,,False,,,-30% platí do úterý 13. 10.,2026-10-07 - 2026-10-13,https://www.kupi.cz/letak/billa-velky-letak-292?page=11&map=216582609,https://img.kupi.cz/kupi/thumbs/sunka-zvonarka-nejvyssi-jakosti-1_170_340.jpg,2026-10-07T05:31:09+02:00
Albert,Uzeniny a lahůdky,albert-583-22601247,Šunková klobása 100 g,sunkova_klobasa,19.9,25.9,Kč,19.9 Kč / 100 g,199.0,,False,,,-23%,2026-10-07 - 2026-10-13,https://albertloyaltycz-albert-service-app-prod.delhaize.eu/public/content/leaflet/v3?storeId=583,https://albertloyaltycz-albert-service-app-prod.delhaize.eu/public/minio/images-products/22601247,2026-10-07T05:30:53+02:00
Albert,Uzeniny a lahůdky,albert-583-25549089,Šunkové koleno 100 g,sunkove_koleno,19.9,22.9,Kč,19.9 Kč / 100 g,199.0,,False,,,-13%,2026-10-07 - 2026-10-13,https://albertloyaltycz-albert-service-app-prod.delhaize.eu/public/content/leaflet/v3?storeId=583,,2026-10-07T05:30:53+02:00
Billa,Sladkosti a slané snacky,940,Sušenky BeBe Dobré ráno Opavia 360 g,susenky_bebe_dobre_rano_opavia,69.9,,Kč,"19,42 Kč / 100 g",194.2,,False,,,platí do úterý 13. 10.,2026-10-07 - 2026-10-13,https://www.kupi.cz/letak/billa-velky-letak-292?page=26&map=216583023,https://img.kupi.cz/kupi/thumbs/susenky-bebe-dobre-rano-opavia_170_340.png,2026-10-07T05:31:29+02:00
Tesco,Sladkosti a slané snacky,940,Sušenky BeBe Dobré ráno Opavia 50 g,susenky_bebe_dobre_rano_opavia,9.9,11.79,Kč,"19,80 Kč / 100 g",198.0,,True,Clubcard,9.9,-16% Clubcard platí do úterý 13. 10.,2026-10-07 - 2026-10-13,https://www.kupi.cz/letaky/tesco,https://img.kupi.cz/kupi/thumbs/susenky-bebe-dobre-rano-opavia_170_340.png,2026-10-07T05:32:14+02:00
Billa,Sladkosti a slané snacky,71174,Sušenky bez lepku a cukru Fibre Gullón 170 g,susenky_bez_lepku_a_cukru_fibre_gullon,32.9,,Kč,"19,35 Kč / 100 g",193.5,,False,,,platí do úterý 13. 10.,2026-10-07 - 2026-10-13,https://www.kupi.cz/letak/billa-velky-letak-292?page=25&map=216582981,https://img.kupi.cz/kupi/thumbs/susenky-bez-cukru-fibre-gullon_170_340.png,2026-10-07T05:31:29+02:00
Billa,Sladkosti a slané snacky,335233,Sušenky bez lepku a cukru Gullón 130 g,susenky_bez_lepku_a_cukru_gullon,44.9,,Kč,"34,54 Kč / 100 g",345.4,,False,,,platí do úterý 13. 10.,2026-10-07 - 2026-10-13,https://www.kupi.cz/letak/billa-velky-letak-292?page=25&map=216582984,https://img.kupi.cz/kupi/thumbs/susenky-bez-lepku-gullon_170_340.jpg,2026-10-07T05:31:30+02:00
Tesco,Sladkosti a slané snacky,377590,Sušenky bez lepku a cukru Zero Gullón 150 g,susenky_bez_lepku_a_cukru_zero_gullon,49.9,57.36,Kč,"33,27 Kč / 100 g",332.7,,True,Clubcard,49.9,-13% Clubcard platí do úterý 27. 10.,2026-10-07 - 2026-10-27,https://www.kupi.cz/letak/tesco-hypermarket-znacky-ktere-mate-radi-2?page=22&map=215328057,https://img.kupi.cz/kupi/thumbs/susenky-shortbread-gullon_170_340.jpg,2026-10-07T05:32:16+02:00
Tesco,Sladkosti a slané snacky,539502,Sušenky bez lepku plněné Gullón 210 g,susenky_bez_lepku_plnene_gullon,76.9,85.44,Kč,"36,62 Kč / 100 g",366.2,,True,Clubcard,76.9,-10% Clubcard platí do úterý 27. 10.,2026-10-07 - 2026-10-27,https://www.kupi.cz/letak/tesco-hypermarket-znacky-ktere-mate-radi-2?page=22&map=215328063,https://img.kupi.cz/kupi/thumbs/susenky-bez-lepku-plnene-gullon_170_340.jpg,2026-10-07T05:32:17+02:00
Tesco,Sladkosti a slané snacky,48120,Sušenky Biscoff Lotus 200 g,susenky_biscoff_lotus,31.9,69.35,Kč,"15,95 Kč / 100 g",159.5,,True,Clubcard,31.9,-54% Clubcard platí do úterý 27. 10.,2026-10-07 - 2026-10-27,https://www.kupi.cz/letak/tesco-hypermarket-znacky-ktere-mate-radi-2?page=21&map=215328003,https://img.kupi.cz/kupi/thumbs/susenky-biscoff-lotus_170_340.png,2026-10-07T05:32:14+02:00
Tesco,Sladkosti a slané snacky,469,Sušenky Kolečka Zlaté Opavia 146 g,susenky_kolecka_zlate_opavia,29.9,48.23,Kč,"20,48 Kč / 100 g",204.8,,True,Clubcard,29.9,-38% Clubcard platí do úterý 13. 10.,2026-10-07 - 2026-10-13,https://www.kupi.cz/letaky/tesco,https://img.kupi.cz/kupi/thumbs/zlate-kolecka-opavia_170_340.jpg,2026-10-07T05:32:16+02:00
Billa,Sladkosti a slané snacky,535293,Sušenky Minis Hit Bahlsen 130 g,susenky_minis_hit_bahlsen,24.9,,Kč,"19,15 Kč / 100 g",191.5,,False,,,platí do úterý 13. 10.,2026-10-07 - 2026-10-13,https://www.kupi.cz/letak/billa-maly-letak-721?page=5&map=216583623,https://img.kupi.cz/kupi/thumbs/susenky-minis-hit-bahlsen_170_340.jpg,2026-10-07T05:31:30+02:00
Tesco,Sladkosti a slané snacky,2037,Sušenky Oreo 157 g,susenky_oreo,33.9,51.36,Kč,"21,59 Kč / 100 g",215.9,,True,Clubcard,33.9,-34% Clubcard platí do úterý 20. 10.,2026-10-07 - 2026-10-20,https://www.kupi.cz/letak/tesco-hypermarket-letak-370?page=22&map=216580740,https://img.kupi.cz/kupi/thumbs/susenky-oreo_170_340.png,2026-10-07T05:32:16+02:00
Tesco,Sladkosti a slané snacky,587832,Sušenky Witor's 200 g,susenky_witor_s,99.9,118.93,Kč,"49,95 Kč / 100 g",499.5,,True,Clubcard,99.9,-16% Clubcard platí do úterý 3. 11.,2026-10-07 - 2026-11-03,https://www.kupi.cz/letak/tesco-hypermarket-letak-370?page=26&map=216580371,https://www.kupi.cz/img/no_img/no_discounts.png,2026-10-07T05:32:17+02:00
Tesco,Sladkosti a slané snacky,470,Sušenky Zlaté Club Opavia 140 g,susenky_zlate_club_opavia,24.9,37.73,Kč,"17,79 Kč / 100 g",177.9,,True,Clubcard,24.9,-34% Clubcard platí do úterý 27. 10.,2026-10-07 - 2026-10-27,https://www.kupi.cz/letak/tesco-hypermarket-znacky-ktere-mate-radi-2?page=22&map=215328060,https://img.kupi.cz/kupi/thumbs/susenky-zlate-club-opavia_170_340.jpg,2026-10-07T05:32:16+02:00
Billa,Zdravá výživa,466538,Švestky sušené Nice Bites 500 g,svestky_susene_nice_bites,99.9,129.74,Kč,"19,98 Kč / 100 g",199.8,,False,,,-23% platí do úterý 13. 10.,2026-10-07 - 2026-10-13,https://www.kupi.cz/letak/billa-velky-letak-292?page=18&map=216582789,https://img.kupi.cz/kupi/thumbs/svestky-susene-nice-bites_170_340.jpg,2026-10-07T05:31:31+02:00
Tesco,Mléčné výrobky a vejce,347266,Svěží žervé Creamy Lučina 80 g,svezi_zerve_creamy_lucina,22.9,31.81,Kč,"28,62 Kč / 100 g",286.2,,True,Clubcard,22.9,-28% Clubcard platí do úterý 3. 11.,2026-10-07 - 2026-11-03,https://www.kupi.cz/letak/tesco-supermarket-letak-416?page=12&map=216253617,https://img.kupi.cz/kupi/thumbs/svezi-zerve-lucina_170_340.png,2026-10-07T05:31:48+02:00
Albert,Nápoje,albert-583-22087843,Svijanský Máz světlý ležák 11 0.5 l,svijansky_maz_svetly_lezak,10.9,19.9,Kč,10.9 Kč / 0.5 l,,,False,,,,2026-10-07 - 2026-10-13,https://albertloyaltycz-albert-service-app-prod.delhaize.eu/public/content/leaflet/v3?storeId=583,https://albertloyaltycz-albert-service-app-prod.delhaize.eu/public/minio/images-products/22087843,2026-10-07T05:30:53+02:00
Albert,Nápoje,albert-583-22594693,Svijanský Máz světlý ležák 11 0.5 l,svijansky_maz_svetly_lezak,15.9,22.9,Kč,15.9 Kč / 0.5 l,,,False,,,-30%,2026-10-07 - 2026-10-13,https://albertloyaltycz-albert-service-app-prod.delhaize.eu/public/content/leaflet/v3?storeId=583,https://albertloyaltycz-albert-service-app-prod.delhaize.eu/public/minio/images-products/22594693,2026-10-07T05:30:53+02:00
Billa,Mléčné výrobky a vejce,22,Sýr a křup Veselá kráva 35 g,syr_a_krup_vesela_krava,15.9,19.88,Kč,"45,43 Kč / 100 g",454.3,,False,,,-20% platí do úterý 13. 10.,2026-10-07 - 2026-10-13,https://www.kupi.cz/letak/billa-velky-letak-292?page=23&map=216582930,https://img.kupi.cz/kupi/thumbs/syr-a-krup-vesela-krava-1_170_340.jpg,2026-10-07T05:31:03+02:00
Tesco,Mléčné výrobky a vejce,38052,Sýr Blaťácké zlato Madeta 120 g,syr_blatacke_zlato_madeta,31.9,41.43,Kč,"26,58 Kč / 100 g",265.8,,True,Clubcard,31.9,-23% Clubcard platí do úterý 20. 10.,2026-10-07 - 2026-10-20,https://www.kupi.cz/letak/tesco-supermarket-letak-416?page=12&map=216253689,https://img.kupi.cz/kupi/thumbs/syr-blatacke-zlato-madeta_170_340.jpg,2026-10-07T05:31:48+02:00
Billa,Mléčné výrobky a vejce,584964,Sýr Burrata Billa Premium 100 g,syr_burrata_premium,32.9,46.34,Kč,"32,90 Kč / 100 g",329.0,,False,,,-29% platí do úterý 20. 10.,2026-10-07 - 2026-10-20,https://www.kupi.cz/letak/billa-letak-italie-u-vas-doma?map=215641071,https://img.kupi.cz/kupi/thumbs/syr-burrata-billa-premium_170_340.jpg,2026-10-07T05:31:05+02:00
Tesco,Mléčné výrobky a vejce,4036,Sýr Camembert Président 90 g,syr_camembert_president,26.9,29.89,Kč,"29,89 Kč / 100 g",298.9,,True,Clubcard,26.9,-10% Clubcard platí do úterý 13. 10.,2026-10-07 - 2026-10-13,https://www.kupi.cz/letak/tesco-supermarket-letak-416?page=12&map=216253683,https://img.kupi.cz/kupi/thumbs/syr-camembert-president-1_170_340.jpg,2026-10-07T05:31:48+02:00
Tesco,Mléčné výrobky a vejce,6401,Sýr Caractére Leerdammer 125 g,syr_caractere_leerdammer,49.9,64.81,Kč,"39,92 Kč / 100 g",399.2,,True,Clubcard,49.9,-23% Clubcard platí do úterý 27. 10.,2026-10-07 - 2026-10-27,https://www.kupi.cz/letak/tesco-hypermarket-znacky-ktere-mate-radi-2?page=5&map=215326863,https://img.kupi.cz/kupi/thumbs/syr-caractere-leerdammer_170_340.jpg,2026-10-07T05:31:50+02:00
Billa,Mléčné výrobky a vejce,586203,Sýr Cottage Laktos 200 g,syr_cottage_laktos,29.9,34.77,Kč,"14,95 Kč / 100 g",149.5,,False,,,-14% platí do úterý 13. 10.,2026-10-07 - 2026-10-13,https://www.kupi.cz/letak/billa-velky-letak-292?page=19&map=216582819,https://img.kupi.cz/kupi/thumbs/syr-cottage-laktos_170_340.jpg,2026-10-07T05:31:05+02:00
Tesco,Mléčné výrobky a vejce,586203,Sýr Cottage Laktos 200 g,syr_cottage_laktos,29.9,39.87,Kč,"14,95 Kč / 100 g",149.5,,True,Clubcard,29.9,-25% Clubcard platí do úterý 3. 11.,2026-10-07 - 2026-11-03,https://www.kupi.cz/letak/tesco-hypermarket-letak-370?page=19&map=216580542,https://img.kupi.cz/kupi/thumbs/syr-cottage-laktos_170_340.jpg,2026-10-07T05:31:53+02:00
Tesco,Mléčné výrobky a vejce,1590,Sýr Cottage Meggle 380 g,syr_cottage_meggle,49.9,59.4,Kč,"13,13 Kč / 100 g",131.3,,True,Clubcard,49.9,-16% Clubcard platí do úterý 3. 11.,2026-10-07 - 2026-11-03,https://www.kupi.cz/letak/tesco-supermarket-letak-416?page=5&map=216253164,https://img.kupi.cz/kupi/thumbs/syr-cottage-meggle_170_340.png,2026-10-07T05:31:48+02:00
Tesco,Mléčné výrobky a vejce,77526,Sýr Delacréme Leerdammer 125 g,syr_delacreme_leerdammer,49.9,64.81,Kč,"39,92 Kč / 100 g",399.2,,True,Clubcard,49.9,-23% Clubcard platí do úterý 27. 10.,2026-10-07 - 2026-10-27,https://www.kupi.cz/letak/tesco-hypermarket-znacky-ktere-mate-radi-2?page=5&map=215326860,https://img.kupi.cz/kupi/thumbs/syr-delacreme-leerdammer_170_340.jpg,2026-10-07T05:31:53+02:00
Billa,Mléčné výrobky a vejce,1566,Sýr Eidam 45% 100 g,syr_eidam,14.9,,Kč,"14,90 Kč / 100 g",149.0,,False,,,po 12. 10. – út 13. 10.,2026-10-12 - 2026-10-13,https://www.kupi.cz/letak/billa-maly-letak-721?page=8&map=216583839,https://img.kupi.cz/kupi/thumbs/syr-eidam-45_170_340.jpg,2026-10-07T05:31:01+02:00
Tesco,Mléčné výrobky a vejce,14286,Sýr Eidam Jihočeský 30% Madeta 100 g,syr_eidam_jihocesky_madeta,19.9,,Kč,"19,90 Kč / 100 g",199.0,,False,,,platí do úterý 13. 10.,2026-10-07 - 2026-10-13,https://www.kupi.cz/letak/tesco-supermarket-letak-416?page=2&map=216252888,https://img.kupi.cz/kupi/thumbs/syr-eidam-jihocesky-30-madeta-1_170_340.png,2026-10-07T05:31:48+02:00
Tesco,Mléčné výrobky a vejce,50449,Sýr Eidam Jihočeský Madeta 100 g,syr_eidam_jihocesky_madeta,19.9,,Kč,"19,90 Kč / 100 g",199.0,,False,,,platí do úterý 13. 10.,2026-10-07 - 2026-10-13,https://www.kupi.cz/letak/tesco-hypermarket-letak-370?page=2&map=216577563,https://img.kupi.cz/kupi/thumbs/syr-eidam-jihocesky-madeta-1_170_340.jpg,2026-10-07T05:31:50+02:00
Tesco,Mléčné výrobky a vejce,574728,Sýr Emmentaler Zott 120 g,syr_emmentaler_zott,34.9,49.86,Kč,"29,08 Kč / 100 g",290.8,,True,Clubcard,34.9,-30% Clubcard platí do úterý 27. 10.,2026-10-07 - 2026-10-27,https://www.kupi.cz/letak/tesco-hypermarket-znacky-ktere-mate-radi-2?page=7&map=215326881,https://www.kupi.cz/img/no_img/no_discounts.png,2026-10-07T05:31:53+02:00
Billa,Mléčné výrobky a vejce,19870,Sýr Gorgonzola 200 g,syr_gorgonzola,65.9,72.42,Kč,"32,95 Kč / 100 g",329.5,,False,,,-9% platí do úterý 20. 10.,2026-10-07 - 2026-10-20,https://www.kupi.cz/letak/billa-letak-italie-u-vas-doma?page=2&map=215641092,https://img.kupi.cz/kupi/thumbs/syr-gorgonzola_170_340.jpg,2026-10-07T05:31:04+02:00
Billa,Mléčné výrobky a vejce,554877,Sýr Gouda 48% Sýýýr! 100 g,syr_gouda_syyyr,17.9,,Kč,"17,90 Kč / 100 g",179.0,,False,,,platí do úterý 13. 10.,2026-10-07 - 2026-10-13,https://www.kupi.cz/letak/billa-maly-letak-721?page=4&map=216583596,https://img.kupi.cz/kupi/thumbs/syr-gouda-48-syyyr_170_340.jpg,2026-10-07T05:31:05+02:00
Billa,Mléčné výrobky a vejce,9470,Sýr Gran Moravia 100 g,syr_gran_moravia,59.9,69.65,Kč,"59,90 Kč / 100 g",599.0,,False,,,-14% platí do úterý 20. 10.,2026-10-07 - 2026-10-20,https://www.kupi.cz/letak/billa-letak-italie-u-vas-doma?page=5&map=215641215,https://img.kupi.cz/kupi/thumbs/syr-gran-moravia_170_340.jpg,2026-10-07T05:31:03+02:00
Billa,Mléčné výrobky a vejce,7197,Sýr Grana Padano 125 g,syr_grana_padano,62.9,69.89,Kč,"50,32 Kč / 100 g",503.2,,False,,,-10% platí do úterý 20. 10.,2026-10-07 - 2026-10-20,https://www.kupi.cz/letak/billa-letak-italie-u-vas-doma?page=2&map=215641098,https://img.kupi.cz/kupi/thumbs/syr-grana-padano_170_340.jpg,2026-10-07T05:31:03+02:00
Billa,Mléčné výrobky a vejce,3631,Sýr Grana Padano Billa 200 g,syr_grana_padano,98.9,186.6,Kč,"49,45 Kč / 100 g",494.5,,False,,,-47% platí do úterý 20. 10.,2026-10-07 - 2026-10-20,https://www.kupi.cz/letak/billa-letak-italie-u-vas-doma?map=215641083,https://img.kupi.cz/kupi/thumbs/syr-grana-padano-billa_170_340.jpg,2026-10-07T05:31:04+02:00
Billa,Mléčné výrobky a vejce,212703,Sýr Grana Padano strouhaný Billa 125 g,syr_grana_padano_strouhany,56.9,64.66,Kč,"45,52 Kč / 100 g",455.2,,False,,,-12% platí do úterý 20. 10.,2026-10-07 - 2026-10-20,https://www.kupi.cz/letak/billa-letak-italie-u-vas-doma?page=5&map=215641188,https://img.kupi.cz/kupi/thumbs/syr-grana-padano-strouhany-billa-1_170_340.jpg,2026-10-07T05:31:04+02:00
Tesco,Mléčné výrobky a vejce,1159,Sýr Hermelín Sedlčanský 100 g,syr_hermelin_sedlcansky,29.9,44.63,Kč,"29,90 Kč / 100 g",299.0,,True,Clubcard,29.9,-33% Clubcard platí do úterý 3. 11.,2026-10-07 - 2026-11-03,https://www.kupi.cz/letak/tesco-supermarket-letak-416?page=12&map=216253686,https://img.kupi.cz/kupi/thumbs/syr-hermelin-sedlcansky_170_340.png,2026-10-07T05:31:48+02:00
Tesco,Mléčné výrobky a vejce,1055,Sýr Maasdamer 45% 100 g,syr_maasdamer,16.9,27.7,Kč,"16,90 Kč / 100 g",169.0,,True,Clubcard,16.9,-39% Clubcard platí do úterý 20. 10.,2026-10-07 - 2026-10-20,https://www.kupi.cz/letak/tesco-hypermarket-letak-370?page=4&map=216578403,https://img.kupi.cz/kupi/thumbs/syr-maasdamer-45_170_340.png,2026-10-07T05:31:50+02:00
Tesco,Mléčné výrobky a vejce,574731,Sýr Maasdamer Zott 120 g,syr_maasdamer_zott,34.9,49.86,Kč,"29,08 Kč / 100 g",290.8,,True,Clubcard,34.9,-30% Clubcard platí do úterý 27. 10.,2026-10-07 - 2026-10-27,https://www.kupi.cz/letak/tesco-hypermarket-znacky-ktere-mate-radi-2?page=7&map=215326884,https://img.kupi.cz/kupi/thumbs/syr-maasdamer-zott_170_340.jpg,2026-10-07T05:31:53+02:00
Billa,Mléčné výrobky a vejce,258437,Sýr Mascarpone 250 g,syr_mascarpone,44.9,52.82,Kč,"17,96 Kč / 100 g",179.6,,False,,,-15% platí do úterý 20. 10.,2026-10-07 - 2026-10-20,https://www.kupi.cz/letak/billa-letak-italie-u-vas-doma?page=16&map=215641827,https://img.kupi.cz/kupi/thumbs/syr-mascarpone-1_170_340.jpg,2026-10-07T05:31:04+02:00
Tesco,Mléčné výrobky a vejce,446805,Sýr Mascarpone Buona 500 g,syr_mascarpone_buona,99.9,149.1,Kč,"19,98 Kč / 100 g",199.8,,True,Clubcard,99.9,-33% Clubcard platí do úterý 3. 11.,2026-10-07 - 2026-11-03,https://www.kupi.cz/letak/tesco-hypermarket-letak-370?page=16&map=216580359,https://img.kupi.cz/kupi/thumbs/syr-mascarpone-buona-1_170_340.jpg,2026-10-07T05:31:53+02:00
Tesco,Mléčné výrobky a vejce,1579,Sýr Mini Babybel Veselá kráva 20 g,syr_mini_babybel_vesela_krava,58.9,69.29,Kč,"58,90 Kč / 100 g",2945.0,,True,Clubcard,58.9,-15% Clubcard platí do úterý 20. 10.,2026-10-07 - 2026-10-20,https://www.kupi.cz/letak/tesco-hypermarket-letak-370?page=19&map=216580527,https://img.kupi.cz/kupi/thumbs/syr-mini-babybel-vesela-krava_170_340.jpg,2026-10-07T05:31:48+02:00
Tesco,Mléčné výrobky a vejce,586233,Sýr Mini Cubes Leerdammer 110 g,syr_mini_cubes_leerdammer,32.9,52.22,Kč,"29,91 Kč / 100 g",299.1,,True,Clubcard,32.9,-37% Clubcard platí do úterý 27. 10.,2026-10-07 - 2026-10-27,https://www.kupi.cz/letak/tesco-hypermarket-znacky-ktere-mate-radi-2?page=5&map=215326857,https://img.kupi.cz/kupi/thumbs/syr-mini-cubes-leerdammer_170_340.png,2026-10-07T05:31:53+02:00
Tesco,Mléčné výrobky a vejce,37143,Sýr Mozzarella di Bufala Tesco Finest 125 g,syr_mozzarella_di_bufala_finest,49.9,64.81,Kč,"39,92 Kč / 100 g",399.2,,True,Clubcard,49.9,-23% Clubcard platí do úterý 13. 10.,2026-10-07 - 2026-10-13,https://www.kupi.cz/letak/tesco-hypermarket-letak-370?page=21&map=216580689,https://img.kupi.cz/kupi/thumbs/syr-mozzarella-di-bufala-tesco-finest_170_340.jpg,2026-10-07T05:31:53+02:00
Billa,Mléčné výrobky a vejce,886,Sýr Mozzarella Galbani 125 g,syr_mozzarella_galbani,26.9,40.76,Kč,"21,52 Kč / 100 g",215.2,,False,,,-34% platí do úterý 20. 10.,2026-10-07 - 2026-10-20,https://www.kupi.cz/letak/billa-letak-italie-u-vas-doma?page=2&map=215641104,https://img.kupi.cz/kupi/thumbs/syr-mozzarella-galbani_170_340.jpg,2026-10-07T05:31:01+02:00
Billa,Mléčné výrobky a vejce,20802,Sýr Mozzarella Galbani mini 150 g,syr_mozzarella_galbani_mini,34.9,51.32,Kč,"23,27 Kč / 100 g",232.7,,False,,,-32% platí do úterý 20. 10.,2026-10-07 - 2026-10-20,https://www.kupi.cz/letak/billa-letak-italie-u-vas-doma?page=2&map=215641101,https://img.kupi.cz/kupi/thumbs/syr-mozzarella-galbani-mini_170_340.jpg,2026-10-07T05:31:04+02:00
Tesco,Mléčné výrobky a vejce,644,Sýr Mozzarella Italat 100 g,syr_mozzarella_italat,16.9,39.3,Kč,"16,90 Kč / 100 g",169.0,,True,Clubcard,16.9,-57% Clubcard platí do úterý 13. 10.,2026-10-07 - 2026-10-13,https://www.kupi.cz/letak/tesco-supermarket-letak-416?page=12&map=216253629,https://img.kupi.cz/kupi/thumbs/syr-mozzarella-italat-1_170_340.jpg,2026-10-07T05:31:48+02:00
Billa,Mléčné výrobky a vejce,29068,Sýr Mozzarella Italia 125 g,syr_mozzarella_italia,19.9,27.64,Kč,"15,92 Kč / 100 g",159.2,,False,,,-28% platí do úterý 13. 10.,2026-10-07 - 2026-10-13,https://www.kupi.cz/letak/billa-velky-letak-292?page=22&map=216582882,https://img.kupi.cz/kupi/thumbs/syr-mozzarella-italia_170_340.png,2026-10-07T05:31:03+02:00
Billa,Mléčné výrobky a vejce,449433,Sýr Niva Premium Jihočeská 70% Madeta 100 g,syr_niva_premium_jihoceska_madeta,29.9,35.6,Kč,"29,90 Kč / 100 g",299.0,,False,,,-16% platí do úterý 13. 10.,2026-10-07 - 2026-10-13,https://www.kupi.cz/letak/billa-velky-letak-292?page=11&map=216582636,https://img.kupi.cz/kupi/thumbs/syr-niva-premium-jihoceska-70-madeta-1_170_340.jpg,2026-10-07T05:31:05+02:00
Tesco,Mražené a instantní potraviny,2802,Sýr obalovaný mražený Nowaco 200 g,syr_obalovany_mrazeny_nowaco,49.9,79.21,Kč,"24,95 Kč / 100 g",249.5,,True,Clubcard,49.9,-37% Clubcard platí do úterý 3. 11.,2026-10-07 - 2026-11-03,https://www.kupi.cz/letak/tesco-supermarket-letak-416?page=3&map=216252996,https://img.kupi.cz/kupi/thumbs/syr-obalovany-mrazeny-nowaco-1_170_340.png,2026-10-07T05:32:04+02:00
Billa,Mléčné výrobky a vejce,1093,Sýr original Gervais 150 g,syr_original_gervais,36.9,49.86,Kč,"24,60 Kč / 100 g",246.0,,True,Billa Club,36.9,-26% Billa Club platí do úterý 13. 10.,2026-10-07 - 2026-10-13,https://www.kupi.cz/letak/billa-maly-letak-721?page=4&map=216583590,https://img.kupi.cz/kupi/thumbs/syr-original-gervais_170_340.png,2026-10-07T05:31:01+02:00
Tesco,Mléčné výrobky a vejce,1093,Sýr original Gervais 150 g,syr_original_gervais,36.9,53.48,Kč,"24,60 Kč / 100 g",246.0,,True,Clubcard,36.9,-31% Clubcard platí do úterý 3. 11.,2026-10-07 - 2026-11-03,https://www.kupi.cz/letak/tesco-supermarket-letak-416?page=12&map=216253614,https://img.kupi.cz/kupi/thumbs/syr-original-gervais_170_340.png,2026-10-07T05:31:48+02:00
Billa,Mléčné výrobky a vejce,110171,Sýr Parenica Billa 110 g,syr_parenica,27.9,,Kč,"25,36 Kč / 100 g",253.6,,False,,,platí do úterý 13. 10.,2026-10-07 - 2026-10-13,https://www.kupi.cz/letak/billa-velky-letak-292?page=2&map=216582405,https://img.kupi.cz/kupi/thumbs/syr-parenica-billa_170_340.jpg,2026-10-07T05:31:04+02:00
Tesco,Mléčné výrobky a vejce,40133,Sýr Parenica Tesco 110 g,syr_parenica,27.9,31.7,Kč,"25,36 Kč / 100 g",253.6,,True,Clubcard,27.9,-12% Clubcard platí do úterý 13. 10.,2026-10-07 - 2026-10-13,https://www.kupi.cz/letak/tesco-supermarket-letak-416?page=12&map=216253680,https://img.kupi.cz/kupi/thumbs/syr-parenica-uzena-tesco-1_170_340.jpg,2026-10-07T05:31:50+02:00
Billa,Mléčné výrobky a vejce,56699,Sýr Parmigiano Reggiano Premium Billa 200 g,syr_parmigiano_reggiano_premium,124.9,138.78,Kč,"62,45 Kč / 100 g",624.5,,False,,,-10% platí do úterý 20. 10.,2026-10-07 - 2026-10-20,https://www.kupi.cz/letak/billa-letak-italie-u-vas-doma?page=5&map=215641203,https://img.kupi.cz/kupi/thumbs/syr-parmigiano-reggiano-premium-billa_170_340.jpg,2026-10-07T05:31:04+02:00
Billa,Mléčné výrobky a vejce,240843,Sýr Parmigiano Reggiano strouhaný Billa 100 g,syr_parmigiano_reggiano_strouhany,54.9,64.59,Kč,"54,90 Kč / 100 g",549.0,,False,,,-15% platí do úterý 20. 10.,2026-10-07 - 2026-10-20,https://www.kupi.cz/letak/billa-letak-italie-u-vas-doma?page=5&map=215641209,https://img.kupi.cz/kupi/thumbs/syr-parmigiano-reggiano-strouhany-billa_170_340.jpg,2026-10-07T05:31:04+02:00
Billa,Mléčné výrobky a vejce,345577,Sýr Pecorino Romano DOP 200 g,syr_pecorino_romano_dop,104.9,117.87,Kč,"52,45 Kč / 100 g",524.5,,False,,,-11% platí do úterý 20. 10.,2026-10-07 - 2026-10-20,https://www.kupi.cz/letak/billa-letak-italie-u-vas-doma?page=2&map=215641089,https://img.kupi.cz/kupi/thumbs/syr-pecorino-romano-dop-1_170_340.jpg,2026-10-07T05:31:05+02:00
Billa,Mléčné výrobky a vejce,258293,Sýr Ricotta 250 g,syr_ricotta,29.9,33.6,Kč,"11,96 Kč / 100 g",119.6,,False,,,-11% platí do úterý 20. 10.,2026-10-07 - 2026-10-20,https://www.kupi.cz/letak/billa-letak-italie-u-vas-doma?page=2&map=215641095,https://img.kupi.cz/kupi/thumbs/syr-ricotta_170_340.jpg,2026-10-07T05:31:04+02:00
Billa,Mléčné výrobky a vejce,577,Sýr Romadur Madeta 100 g,syr_romadur_madeta,19.9,31.59,Kč,"19,90 Kč / 100 g",199.0,,True,Billa Club,19.9,-37% Billa Club čt 8. 10. – ne 11. 10.,2026-10-08 - 2026-10-11,https://www.kupi.cz/letak/billa-maly-letak-721?page=7&map=216583809,https://img.kupi.cz/kupi/thumbs/syr-romadur-madeta-1_170_340.jpg,2026-10-07T05:31:01+02:00
Billa,Sladkosti a slané snacky,137370,Sýr Snack Cri Cri Gran Moravia 15 g,syr_snack_cri_cri_gran_moravia,21.9,26.71,Kč,"146,00 Kč / 100 g",1460.0,,False,,,-18% platí do úterý 20. 10.,2026-10-07 - 2026-10-20,https://www.kupi.cz/letak/billa-letak-italie-u-vas-doma?page=5&map=215641230,https://img.kupi.cz/kupi/thumbs/syr-snack-cri-cri-gran-moravia_170_340.png,2026-10-07T05:31:29+02:00
Billa,Mléčné výrobky a vejce,556821,Sýr strouhaný Billa 150 g,syr_strouhany,29.9,,Kč,"19,93 Kč / 100 g",199.3,,False,,,platí do úterý 13. 10.,2026-10-07 - 2026-10-13,https://www.kupi.cz/letak/billa-velky-letak-292?page=22&map=216582894,https://img.kupi.cz/kupi/thumbs/syr-strouhany-billa_170_340.jpg,2026-10-07T05:31:05+02:00
Billa,Mléčné výrobky a vejce,2136,Sýr strouhaný Gran Moravia 100 g,syr_strouhany_gran_moravia,59.9,74.88,Kč,"59,90 Kč / 100 g",599.0,,False,,,-20% platí do úterý 20. 10.,2026-10-07 - 2026-10-20,https://www.kupi.cz/letak/billa-letak-italie-u-vas-doma?page=5&map=215641194,https://img.kupi.cz/kupi/thumbs/syr-strouhany-gran-moravia_170_340.jpg,2026-10-07T05:31:03+02:00
Tesco,Mléčné výrobky a vejce,1181,Sýr tavený Apetito 140 g,syr_taveny_apetito,34.9,49.86,Kč,"24,93 Kč / 100 g",249.3,,True,Clubcard,34.9,-30% Clubcard platí do úterý 3. 11.,2026-10-07 - 2026-11-03,https://www.kupi.cz/letak/tesco-supermarket-letak-416?page=12&map=216253623,https://img.kupi.cz/kupi/thumbs/syr-taveny-apetito_170_340.png,2026-10-07T05:31:48+02:00
Tesco,Mléčné výrobky a vejce,46904,Sýr tavený plátky Toasty Zott 150 g,syr_taveny_platky_toasty_zott,29.9,44.63,Kč,"19,93 Kč / 100 g",199.3,,True,Clubcard,29.9,-33% Clubcard platí do úterý 3. 11.,2026-10-07 - 2026-11-03,https://www.kupi.cz/letak/tesco-supermarket-letak-416?page=12&map=216253626,https://img.kupi.cz/kupi/thumbs/syr-taveny-platky-toasty-zott_170_340.png,2026-10-07T05:31:50+02:00
Tesco,Mléčné výrobky a vejce,1211,Sýr tavený Smetanito Želetava 150 g,syr_taveny_smetanito_zeletava,29.9,51.55,Kč,"19,93 Kč / 100 g",199.3,,True,Clubcard,29.9,-42% Clubcard platí do úterý 13. 10.,2026-10-07 - 2026-10-13,https://www.kupi.cz/letak/tesco-supermarket-letak-416?page=4&map=216253023,https://img.kupi.cz/kupi/thumbs/syr-taveny-smetanito-zeletava_170_340.png,2026-10-07T05:31:48+02:00
Tesco,Mléčné výrobky a vejce,1211,Sýr tavený Smetanito Želetava 150 g,syr_taveny_smetanito_zeletava,34.9,51.32,Kč,"23,27 Kč / 100 g",232.7,,True,Clubcard,34.9,-32% Clubcard platí do úterý 20. 10.,2026-10-07 - 2026-10-20,https://www.kupi.cz/letak/tesco-supermarket-letak-416?page=4&map=216253005,https://img.kupi.cz/kupi/thumbs/syr-taveny-smetanito-zeletava_170_340.png,2026-10-07T05:31:48+02:00
Billa,Mléčné výrobky a vejce,7570,Sýr tavený smetanový Philadelphia 125 g,syr_taveny_smetanovy_philadelphia,36.9,63.62,Kč,"29,52 Kč / 100 g",295.2,,True,Billa Club,36.9,-42% Billa Club po 12. 10. – út 13. 10.,2026-10-12 - 2026-10-13,https://www.kupi.cz/letak/billa-maly-letak-721?page=8&map=216583845,https://img.kupi.cz/kupi/thumbs/syr-taveny-smetanovy-philadelphia_170_340.png,2026-10-07T05:31:03+02:00
Billa,Mléčné výrobky a vejce,235,Sýr tavený Veselá kráva 120 g,syr_taveny_vesela_krava,32.9,53.06,Kč,"27,42 Kč / 100 g",274.2,,True,Billa Club,32.9,-38% Billa Club platí do úterý 13. 10.,2026-10-07 - 2026-10-13,https://www.kupi.cz/letak/billa-velky-letak-292?page=22&map=216582900,https://img.kupi.cz/kupi/thumbs/syr-taveny-vesela-krava-1_170_340.png,2026-10-07T05:31:01+02:00
Billa,Mléčné výrobky a vejce,2495,Sýr termizovaný Rondelé President 100 g,syr_termizovany_rondele_president,36.9,51.25,Kč,"36,90 Kč / 100 g",369.0,,False,,,-28% platí do úterý 13. 10.,2026-10-07 - 2026-10-13,https://www.kupi.cz/letak/billa-velky-letak-292?page=22&map=216582897,https://img.kupi.cz/kupi/thumbs/syr-termizovany-rondele-president_170_340.jpg,2026-10-07T05:31:03+02:00
Albert,Mléčné a chlazené,albert-583-27749838,Albert sýrové nitě neuzené 100 g,syrove_nite_neuzene,28.9,36.9,Kč,28.9 Kč / 100 g,289.0,,False,,,-21%,2026-10-07 - 2026-10-13,https://albertloyaltycz-albert-service-app-prod.delhaize.eu/public/content/leaflet/v3?storeId=583,https://albertloyaltycz-albert-service-app-prod.delhaize.eu/public/minio/images-products/27749838,2026-10-07T05:30:53+02:00
Billa,Mléčné výrobky a vejce,574614,Sýrové nitě Snack to Go 50 g,syrove_nite_snack_to_go,19.9,29.7,Kč,"39,80 Kč / 100 g",398.0,,True,Billa Club,19.9,-33% Billa Club platí do úterý 13. 10.,2026-10-07 - 2026-10-13,https://www.kupi.cz/letak/billa-velky-letak-292?page=14&map=216582651,https://img.kupi.cz/kupi/thumbs/syrove-nite-snack-to-go_170_340.jpg,2026-10-07T05:31:05+02:00
Albert,Uzeniny a lahůdky,albert-583-28148838,Tapas anč. olivy špíz 110g,tapas_anc_olivy_spiz,89.0,,Kč,89 Kč / 110 g,809.09,,False,,,,2026-10-07 - 2026-10-13,https://albertloyaltycz-albert-service-app-prod.delhaize.eu/public/content/leaflet/v3?storeId=583,,2026-10-07T05:30:53+02:00
Albert,Uzeniny a lahůdky,albert-583-28141136,Tapas ančovičky v oleji 80g,tapas_ancovicky_v_oleji,89.0,,Kč,89 Kč / 80 g,1112.5,,False,,,,2026-10-07 - 2026-10-13,https://albertloyaltycz-albert-service-app-prod.delhaize.eu/public/content/leaflet/v3?storeId=583,,2026-10-07T05:30:53+02:00
Albert,Uzeniny a lahůdky,albert-583-27597002,Tapas bio gouda uleželá 120g,tapas_bio_gouda_ulezela,89.0,,Kč,89 Kč / 120 g,741.67,,False,,,,2026-10-07 - 2026-10-13,https://albertloyaltycz-albert-service-app-prod.delhaize.eu/public/content/leaflet/v3?storeId=583,,2026-10-07T05:30:53+02:00
Albert,Uzeniny a lahůdky,albert-583-27730386,Tapas bylink.máslo s česn.95g,tapas_bylink_maslo_s_cesn,69.0,,Kč,69 Kč / 95 g,726.32,,False,,,,2026-10-07 - 2026-10-13,https://albertloyaltycz-albert-service-app-prod.delhaize.eu/public/content/leaflet/v3?storeId=583,,2026-10-07T05:30:53+02:00
Albert,Uzeniny a lahůdky,albert-583-28134312,Tapas chorizo 70 g,tapas_chorizo,79.0,,Kč,79 Kč / 70 g,1128.57,,False,,,,2026-10-07 - 2026-10-13,https://albertloyaltycz-albert-service-app-prod.delhaize.eu/public/content/leaflet/v3?storeId=583,,2026-10-07T05:30:53+02:00
Albert,Uzeniny a lahůdky,albert-583-28134329,Tapas coppa 50 g,tapas_coppa,79.0,,Kč,79 Kč / 50 g,1580.0,,False,,,,2026-10-07 - 2026-10-13,https://albertloyaltycz-albert-service-app-prod.delhaize.eu/public/content/leaflet/v3?storeId=583,,2026-10-07T05:30:53+02:00
Albert,Uzeniny a lahůdky,albert-583-27643471,Tapas coppa a sýr 70g,tapas_coppa_a_syr,79.0,,Kč,79 Kč / 70 g,1128.57,,False,,,,2026-10-07 - 2026-10-13,https://albertloyaltycz-albert-service-app-prod.delhaize.eu/public/content/leaflet/v3?storeId=583,,2026-10-07T05:30:53+02:00
Albert,Uzeniny a lahůdky,albert-583-27958971,Tapas coppa rolky s lanýž. 70g,tapas_coppa_rolky_s_lanyz,89.0,,Kč,89 Kč / 70 g,1271.43,,False,,,,2026-10-07 - 2026-10-13,https://albertloyaltycz-albert-service-app-prod.delhaize.eu/public/content/leaflet/v3?storeId=583,,2026-10-07T05:30:53+02:00
Albert,Uzeniny a lahůdky,albert-583-27596722,Tapas dolmades vin. listy 120g,tapas_dolmades_vin_listy,69.0,,Kč,69 Kč / 120 g,575.0,,False,,,,2026-10-07 - 2026-10-13,https://albertloyaltycz-albert-service-app-prod.delhaize.eu/public/content/leaflet/v3?storeId=583,,2026-10-07T05:30:53+02:00
Albert,Uzeniny a lahůdky,albert-583-28134763,Tapas feta chilli citron 100g,tapas_feta_chilli_citron,69.0,,Kč,69 Kč / 100 g,690.0,,False,,,,2026-10-07 - 2026-10-13,https://albertloyaltycz-albert-service-app-prod.delhaize.eu/public/content/leaflet/v3?storeId=583,,2026-10-07T05:30:53+02:00
Albert,Uzeniny a lahůdky,albert-583-27804582,Tapas fuet 70 g,tapas_fuet,79.0,,Kč,79 Kč / 70 g,1128.57,,False,,,,2026-10-07 - 2026-10-13,https://albertloyaltycz-albert-service-app-prod.delhaize.eu/public/content/leaflet/v3?storeId=583,,2026-10-07T05:30:53+02:00
Albert,Uzeniny a lahůdky,albert-583-28134275,Tapas fuet iberico manchego70g,tapas_fuet_iberico_manchego70g,79.0,,Kč,79 Kč / 70 g,1128.57,,False,,,,2026-10-07 - 2026-10-13,https://albertloyaltycz-albert-service-app-prod.delhaize.eu/public/content/leaflet/v3?storeId=583,,2026-10-07T05:30:53+02:00
Albert,Uzeniny a lahůdky,albert-583-27804605,Tapas fuet s černým lanýžem70g,tapas_fuet_s_cernym_lanyzem70g,79.0,,Kč,79 Kč / 70 g,1128.57,,False,,,,2026-10-07 - 2026-10-13,https://albertloyaltycz-albert-service-app-prod.delhaize.eu/public/content/leaflet/v3?storeId=583,,2026-10-07T05:30:53+02:00
Albert,Uzeniny a lahůdky,albert-583-27702338,Tapas grilované artyčoky 100g,tapas_grilovane_artycoky,69.0,,Kč,69 Kč / 100 g,690.0,,False,,,,2026-10-07 - 2026-10-13,https://albertloyaltycz-albert-service-app-prod.delhaize.eu/public/content/leaflet/v3?storeId=583,,2026-10-07T05:30:53+02:00
Albert,Uzeniny a lahůdky,albert-583-27596746,Tapas guacamole 175g,tapas_guacamole,69.0,,Kč,69 Kč / 175 g,394.29,,False,,,,2026-10-07 - 2026-10-13,https://albertloyaltycz-albert-service-app-prod.delhaize.eu/public/content/leaflet/v3?storeId=583,,2026-10-07T05:30:53+02:00
Albert,Uzeniny a lahůdky,albert-583-27643532,Tapas hummus dýňový 175g,tapas_hummus_dynovy,69.0,,Kč,69 Kč / 175 g,394.29,,False,,,,2026-10-07 - 2026-10-13,https://albertloyaltycz-albert-service-app-prod.delhaize.eu/public/content/leaflet/v3?storeId=583,,2026-10-07T05:30:53+02:00
Albert,Uzeniny a lahůdky,albert-583-27643518,Tapas hummus natural 175g,tapas_hummus_natural,69.0,,Kč,69 Kč / 175 g,394.29,,False,,,,2026-10-07 - 2026-10-13,https://albertloyaltycz-albert-service-app-prod.delhaize.eu/public/content/leaflet/v3?storeId=583,,2026-10-07T05:30:53+02:00
Albert,Uzeniny a lahůdky,albert-583-27867143,Tapas hummus pikantní 175g,tapas_hummus_pikantni,69.0,,Kč,69 Kč / 175 g,394.29,,False,,,,2026-10-07 - 2026-10-13,https://albertloyaltycz-albert-service-app-prod.delhaize.eu/public/content/leaflet/v3?storeId=583,,2026-10-07T05:30:53+02:00
Albert,Uzeniny a lahůdky,albert-583-28134749,Tapas hummus s čer. česn.150 g,tapas_hummus_s_cer_cesn,69.0,,Kč,69 Kč / 150 g,460.0,,False,,,,2026-10-07 - 2026-10-13,https://albertloyaltycz-albert-service-app-prod.delhaize.eu/public/content/leaflet/v3?storeId=583,,2026-10-07T05:30:53+02:00
Albert,Uzeniny a lahůdky,albert-583-28134299,Tapas hummus s citronem 175g,tapas_hummus_s_citronem,69.0,,Kč,69 Kč / 175 g,394.29,,False,,,,2026-10-07 - 2026-10-13,https://albertloyaltycz-albert-service-app-prod.delhaize.eu/public/content/leaflet/v3?storeId=583,,2026-10-07T05:30:53+02:00
Albert,Uzeniny a lahůdky,albert-583-28134305,Tapas hummus s mangem 175 g,tapas_hummus_s_mangem,69.0,,Kč,69 Kč / 175 g,394.29,,False,,,,2026-10-07 - 2026-10-13,https://albertloyaltycz-albert-service-app-prod.delhaize.eu/public/content/leaflet/v3?storeId=583,,2026-10-07T05:30:53+02:00
Albert,Uzeniny a lahůdky,albert-583-28134756,Tapas hummus s pestem 175 g,tapas_hummus_s_pestem,69.0,,Kč,69 Kč / 175 g,394.29,,False,,,,2026-10-07 - 2026-10-13,https://albertloyaltycz-albert-service-app-prod.delhaize.eu/public/content/leaflet/v3?storeId=583,,2026-10-07T05:30:53+02:00
Albert,Uzeniny a lahůdky,albert-583-27643549,Tapas hummus suš.rajč.175g,tapas_hummus_sus_rajc,69.0,,Kč,69 Kč / 175 g,394.29,,False,,,,2026-10-07 - 2026-10-13,https://albertloyaltycz-albert-service-app-prod.delhaize.eu/public/content/leaflet/v3?storeId=583,,2026-10-07T05:30:53+02:00
Albert,Uzeniny a lahůdky,albert-583-28134268,Tapas jamón serrano reserva50g,tapas_jamon_serrano_reserva50g,79.0,,Kč,79 Kč / 50 g,1580.0,,False,,,,2026-10-07 - 2026-10-13,https://albertloyaltycz-albert-service-app-prod.delhaize.eu/public/content/leaflet/v3?storeId=583,,2026-10-07T05:30:53+02:00
Albert,Uzeniny a lahůdky,albert-583-28134336,Tapas katalánský fuet 55g,tapas_katalansky_fuet,79.0,,Kč,79 Kč / 55 g,1436.36,,False,,,,2026-10-07 - 2026-10-13,https://albertloyaltycz-albert-service-app-prod.delhaize.eu/public/content/leaflet/v3?storeId=583,,2026-10-07T05:30:53+02:00
Albert,Uzeniny a lahůdky,albert-583-27730379,Tapas kostky z koz.sýra 120g,tapas_kostky_z_koz_syra,89.0,,Kč,89 Kč / 120 g,741.67,,False,,,,2026-10-07 - 2026-10-13,https://albertloyaltycz-albert-service-app-prod.delhaize.eu/public/content/leaflet/v3?storeId=583,,2026-10-07T05:30:53+02:00
Albert,Uzeniny a lahůdky,albert-583-27727232,Tapas krevety s česnekem 70 g,tapas_krevety_s_cesnekem,89.0,,Kč,89 Kč / 70 g,1271.43,,False,,,,2026-10-07 - 2026-10-13,https://albertloyaltycz-albert-service-app-prod.delhaize.eu/public/content/leaflet/v3?storeId=583,,2026-10-07T05:30:53+02:00
Albert,Uzeniny a lahůdky,albert-583-28135098,Tapas krevety sýrový dip 80g,tapas_krevety_syrovy_dip,89.0,,Kč,89 Kč / 80 g,1112.5,,False,,,,2026-10-07 - 2026-10-13,https://albertloyaltycz-albert-service-app-prod.delhaize.eu/public/content/leaflet/v3?storeId=583,,2026-10-07T05:30:53+02:00
Albert,Uzeniny a lahůdky,albert-583-27643785,Tapas lanýž.majonéza 100g,tapas_lanyz_majoneza,69.0,,Kč,69 Kč / 100 g,690.0,,False,,,,2026-10-07 - 2026-10-13,https://albertloyaltycz-albert-service-app-prod.delhaize.eu/public/content/leaflet/v3?storeId=583,,2026-10-07T05:30:53+02:00
Albert,Uzeniny a lahůdky,albert-583-27702345,Tapas longaniza iberica 60g,tapas_longaniza_iberica,79.0,,Kč,79 Kč / 60 g,1316.67,,False,,,,2026-10-07 - 2026-10-13,https://albertloyaltycz-albert-service-app-prod.delhaize.eu/public/content/leaflet/v3?storeId=583,,2026-10-07T05:30:53+02:00
Albert,Uzeniny a lahůdky,albert-583-27804612,Tapas mini fuet 70g,tapas_mini_fuet,79.0,,Kč,79 Kč / 70 g,1128.57,,False,,,,2026-10-07 - 2026-10-13,https://albertloyaltycz-albert-service-app-prod.delhaize.eu/public/content/leaflet/v3?storeId=583,,2026-10-07T05:30:53+02:00
Albert,Uzeniny a lahůdky,albert-583-27643563,Tapas olivy kalamon 130g,tapas_olivy_kalamon,69.0,,Kč,69 Kč / 130 g,530.77,,False,,,,2026-10-07 - 2026-10-13,https://albertloyaltycz-albert-service-app-prod.delhaize.eu/public/content/leaflet/v3?storeId=583,,2026-10-07T05:30:53+02:00
Albert,Uzeniny a lahůdky,albert-583-28135081,Tapas olivy marocký styl 130g,tapas_olivy_marocky_styl,69.0,,Kč,69 Kč / 130 g,530.77,,False,,,,2026-10-07 - 2026-10-13,https://albertloyaltycz-albert-service-app-prod.delhaize.eu/public/content/leaflet/v3?storeId=583,,2026-10-07T05:30:53+02:00
Albert,Uzeniny a lahůdky,albert-583-28135067,Tapas olivy mix řecký styl130g,tapas_olivy_mix_recky_styl130g,69.0,,Kč,69 Kč / 130 g,530.77,,False,,,,2026-10-07 - 2026-10-13,https://albertloyaltycz-albert-service-app-prod.delhaize.eu/public/content/leaflet/v3?storeId=583,,2026-10-07T05:30:53+02:00
Albert,Uzeniny a lahůdky,albert-583-28135074,Tapas olivy mix s česnekem130g,tapas_olivy_mix_s_cesnekem130g,69.0,,Kč,69 Kč / 130 g,530.77,,False,,,,2026-10-07 - 2026-10-13,https://albertloyaltycz-albert-service-app-prod.delhaize.eu/public/content/leaflet/v3?storeId=583,,2026-10-07T05:30:53+02:00
Albert,Uzeniny a lahůdky,albert-583-27643600,Tapas olivy nocellara 130g,tapas_olivy_nocellara,69.0,,Kč,69 Kč / 130 g,530.77,,False,,,,2026-10-07 - 2026-10-13,https://albertloyaltycz-albert-service-app-prod.delhaize.eu/public/content/leaflet/v3?storeId=583,,2026-10-07T05:30:53+02:00
Albert,Uzeniny a lahůdky,albert-583-27643624,Tapas olivy s bazalkou 130g,tapas_olivy_s_bazalkou,69.0,,Kč,69 Kč / 130 g,530.77,,False,,,,2026-10-07 - 2026-10-13,https://albertloyaltycz-albert-service-app-prod.delhaize.eu/public/content/leaflet/v3?storeId=583,,2026-10-07T05:30:53+02:00
Albert,Uzeniny a lahůdky,albert-583-27702352,Tapas olivy s bylinkami 130g,tapas_olivy_s_bylinkami,69.0,,Kč,69 Kč / 130 g,530.77,,False,,,,2026-10-07 - 2026-10-13,https://albertloyaltycz-albert-service-app-prod.delhaize.eu/public/content/leaflet/v3?storeId=583,,2026-10-07T05:30:53+02:00
Albert,Uzeniny a lahůdky,albert-583-27643655,Tapas olivy s česnekem 130g,tapas_olivy_s_cesnekem,69.0,,Kč,69 Kč / 130 g,530.77,,False,,,,2026-10-07 - 2026-10-13,https://albertloyaltycz-albert-service-app-prod.delhaize.eu/public/content/leaflet/v3?storeId=583,,2026-10-07T05:30:53+02:00
Albert,Uzeniny a lahůdky,albert-583-27643662,Tapas olivy s česnekem 260g,tapas_olivy_s_cesnekem,89.0,,Kč,89 Kč / 260 g,342.31,,False,,,,2026-10-07 - 2026-10-13,https://albertloyaltycz-albert-service-app-prod.delhaize.eu/public/content/leaflet/v3?storeId=583,,2026-10-07T05:30:53+02:00
Albert,Uzeniny a lahůdky,albert-583-27643631,Tapas olivy se sýrem 130g,tapas_olivy_se_syrem,79.0,,Kč,79 Kč / 130 g,607.69,,False,,,,2026-10-07 - 2026-10-13,https://albertloyaltycz-albert-service-app-prod.delhaize.eu/public/content/leaflet/v3?storeId=583,,2026-10-07T05:30:53+02:00
Albert,Uzeniny a lahůdky,albert-583-27643648,Tapas olivy se sýrem 260g,tapas_olivy_se_syrem,89.0,,Kč,89 Kč / 260 g,342.31,,False,,,,2026-10-07 - 2026-10-13,https://albertloyaltycz-albert-service-app-prod.delhaize.eu/public/content/leaflet/v3?storeId=583,,2026-10-07T05:30:53+02:00
Albert,Uzeniny a lahůdky,albert-583-28134282,Tapas omáčka černý česnek 175g,tapas_omacka_cerny_cesnek,69.0,,Kč,69 Kč / 175 g,394.29,,False,,,,2026-10-07 - 2026-10-13,https://albertloyaltycz-albert-service-app-prod.delhaize.eu/public/content/leaflet/v3?storeId=583,,2026-10-07T05:30:53+02:00
Albert,Uzeniny a lahůdky,albert-583-27867686,Tapas papričky plněné sýr.100g,tapas_papricky_plnene_syr,79.0,,Kč,79 Kč / 100 g,790.0,,False,,,,2026-10-07 - 2026-10-13,https://albertloyaltycz-albert-service-app-prod.delhaize.eu/public/content/leaflet/v3?storeId=583,,2026-10-07T05:30:53+02:00
Albert,Uzeniny a lahůdky,albert-583-27822883,Tapas pikantní sýr feta 110g,tapas_pikantni_syr_feta,69.0,,Kč,69 Kč / 110 g,627.27,,False,,,,2026-10-07 - 2026-10-13,https://albertloyaltycz-albert-service-app-prod.delhaize.eu/public/content/leaflet/v3?storeId=583,,2026-10-07T05:30:53+02:00
Albert,Uzeniny a lahůdky,albert-583-27712955,"Tapas pom. č.řepy,koz.sýru125g",tapas_pom_c_repy_koz_syru125g,69.0,,Kč,69 Kč / 125 g,552.0,,False,,,,2026-10-07 - 2026-10-13,https://albertloyaltycz-albert-service-app-prod.delhaize.eu/public/content/leaflet/v3?storeId=583,,2026-10-07T05:30:53+02:00
Albert,Uzeniny a lahůdky,albert-583-27643723,Tapas pomazánkové pesto 80g,tapas_pomazankove_pesto,69.0,,Kč,69 Kč / 80 g,862.5,,False,,,,2026-10-07 - 2026-10-13,https://albertloyaltycz-albert-service-app-prod.delhaize.eu/public/content/leaflet/v3?storeId=583,,2026-10-07T05:30:53+02:00
Albert,Uzeniny a lahůdky,albert-583-28134350,Tapas prosciutto crudo 50g,tapas_prosciutto_crudo,79.0,,Kč,79 Kč / 50 g,1580.0,,False,,,,2026-10-07 - 2026-10-13,https://albertloyaltycz-albert-service-app-prod.delhaize.eu/public/content/leaflet/v3?storeId=583,,2026-10-07T05:30:53+02:00
Albert,Uzeniny a lahůdky,albert-583-28141297,Tapas salám v pepř.krustě 80g,tapas_salam_v_pepr_kruste,79.0,,Kč,79 Kč / 80 g,987.5,,False,,,,2026-10-07 - 2026-10-13,https://albertloyaltycz-albert-service-app-prod.delhaize.eu/public/content/leaflet/v3?storeId=583,,2026-10-07T05:30:53+02:00
Albert,Uzeniny a lahůdky,albert-583-28134367,Tapas salame napoli 60g,tapas_salame_napoli,79.0,,Kč,79 Kč / 60 g,1316.67,,False,,,,2026-10-07 - 2026-10-13,https://albertloyaltycz-albert-service-app-prod.delhaize.eu/public/content/leaflet/v3?storeId=583,,2026-10-07T05:30:53+02:00
Albert,Uzeniny a lahůdky,albert-583-27643488,Tapas smet.sýr s papr. 125g,tapas_smet_syr_s_papr,69.0,,Kč,69 Kč / 125 g,552.0,,False,,,,2026-10-07 - 2026-10-13,https://albertloyaltycz-albert-service-app-prod.delhaize.eu/public/content/leaflet/v3?storeId=583,,2026-10-07T05:30:53+02:00
Albert,Uzeniny a lahůdky,albert-583-27702376,Tapas španělské uzeniny 170g,tapas_spanelske_uzeniny,119.0,,Kč,119 Kč / 170 g,700.0,,False,,,,2026-10-07 - 2026-10-13,https://albertloyaltycz-albert-service-app-prod.delhaize.eu/public/content/leaflet/v3?storeId=583,,2026-10-07T05:30:53+02:00
Albert,Uzeniny a lahůdky,albert-583-28134725,Tapas spianata romana 55 g,tapas_spianata_romana,79.0,,Kč,79 Kč / 55 g,1436.36,,False,,,,2026-10-07 - 2026-10-13,https://albertloyaltycz-albert-service-app-prod.delhaize.eu/public/content/leaflet/v3?storeId=583,,2026-10-07T05:30:53+02:00
Albert,Uzeniny a lahůdky,albert-583-27643747,Tapas spianata romana 70g,tapas_spianata_romana,79.0,,Kč,79 Kč / 70 g,1128.57,,False,,,,2026-10-07 - 2026-10-13,https://albertloyaltycz-albert-service-app-prod.delhaize.eu/public/content/leaflet/v3?storeId=583,,2026-10-07T05:30:53+02:00
Albert,Uzeniny a lahůdky,albert-583-27705070,Tapas špízy yakitori 115g,tapas_spizy_yakitori,89.0,,Kč,89 Kč / 115 g,773.91,,False,,,,2026-10-07 - 2026-10-13,https://albertloyaltycz-albert-service-app-prod.delhaize.eu/public/content/leaflet/v3?storeId=583,,2026-10-07T05:30:53+02:00
Albert,Uzeniny a lahůdky,albert-583-27959008,Tapas sýr.kostky s hořčicí120g,tapas_syr_kostky_s_horcici120g,79.0,,Kč,79 Kč / 120 g,658.33,,False,,,,2026-10-07 - 2026-10-13,https://albertloyaltycz-albert-service-app-prod.delhaize.eu/public/content/leaflet/v3?storeId=583,,2026-10-07T05:30:53+02:00
Albert,Uzeniny a lahůdky,albert-583-28134787,Tapas sýr.om.s hořčicí 125g,tapas_syr_om_s_horcici,79.0,,Kč,79 Kč / 125 g,632.0,,False,,,,2026-10-07 - 2026-10-13,https://albertloyaltycz-albert-service-app-prod.delhaize.eu/public/content/leaflet/v3?storeId=583,,2026-10-07T05:30:53+02:00
Albert,Uzeniny a lahůdky,albert-583-28084228,Tapas sýrové kostky lanýž 120g,tapas_syrove_kostky_lanyz,89.0,,Kč,89 Kč / 120 g,741.67,,False,,,,2026-10-07 - 2026-10-13,https://albertloyaltycz-albert-service-app-prod.delhaize.eu/public/content/leaflet/v3?storeId=583,,2026-10-07T05:30:53+02:00
Albert,Uzeniny a lahůdky,albert-583-28135104,Tapas sýrovo lanýžový dip 90g,tapas_syrovo_lanyzovy_dip,69.0,,Kč,69 Kč / 90 g,766.67,,False,,,,2026-10-07 - 2026-10-13,https://albertloyaltycz-albert-service-app-prod.delhaize.eu/public/content/leaflet/v3?storeId=583,,2026-10-07T05:30:53+02:00
Albert,Uzeniny a lahůdky,albert-583-27985366,Tapas sýrový dip 90 g,tapas_syrovy_dip,69.0,,Kč,69 Kč / 90 g,766.67,,False,,,,2026-10-07 - 2026-10-13,https://albertloyaltycz-albert-service-app-prod.delhaize.eu/public/content/leaflet/v3?storeId=583,,2026-10-07T05:30:53+02:00
Albert,Uzeniny a lahůdky,albert-583-27643495,Tapas tapenáda formaggio 110g,tapas_tapenada_formaggio,69.0,,Kč,69 Kč / 110 g,627.27,,False,,,,2026-10-07 - 2026-10-13,https://albertloyaltycz-albert-service-app-prod.delhaize.eu/public/content/leaflet/v3?storeId=583,,2026-10-07T05:30:53+02:00
Albert,Uzeniny a lahůdky,albert-583-27643761,Tapas taramasalata 150g,tapas_taramasalata,69.0,,Kč,69 Kč / 150 g,460.0,,False,,,,2026-10-07 - 2026-10-13,https://albertloyaltycz-albert-service-app-prod.delhaize.eu/public/content/leaflet/v3?storeId=583,,2026-10-07T05:30:53+02:00
Albert,Uzeniny a lahůdky,albert-583-27643808,Tapas tzatziki dip 130g,tapas_tzatziki_dip,69.0,,Kč,69 Kč / 130 g,530.77,,False,,,,2026-10-07 - 2026-10-13,https://albertloyaltycz-albert-service-app-prod.delhaize.eu/public/content/leaflet/v3?storeId=583,,2026-10-07T05:30:53+02:00
Albert,Uzeniny a lahůdky,albert-583-28138037,Tapas zaanl.ml.ulež.kostky120g,tapas_zaanl_ml_ulez_kostky120g,79.0,,Kč,79 Kč / 120 g,658.33,,False,,,,2026-10-07 - 2026-10-13,https://albertloyaltycz-albert-service-app-prod.delhaize.eu/public/content/leaflet/v3?storeId=583,,2026-10-07T05:30:53+02:00
Albert,Uzeniny a lahůdky,albert-583-28138013,Tapas zaanl.starý kostky 120g,tapas_zaanl_stary_kostky,89.0,,Kč,89 Kč / 120 g,741.67,,False,,,,2026-10-07 - 2026-10-13,https://albertloyaltycz-albert-service-app-prod.delhaize.eu/public/content/leaflet/v3?storeId=583,,2026-10-07T05:30:53+02:00
Albert,Uzeniny a lahůdky,albert-583-28138006,Tapas zaanlander s kmínem 120g,tapas_zaanlander_s_kminem,79.0,,Kč,79 Kč / 120 g,658.33,,False,,,,2026-10-07 - 2026-10-13,https://albertloyaltycz-albert-service-app-prod.delhaize.eu/public/content/leaflet/v3?storeId=583,,2026-10-07T05:30:53+02:00
Albert,Nápoje,albert-583-22635150,"Tarapacá cab.sauvig. 0,75l",tarapaca_cab_sauvig,109.9,209.0,Kč,109.9 Kč / 0.75 l,,,False,,,,2026-10-07 - 2026-10-13,https://albertloyaltycz-albert-service-app-prod.delhaize.eu/public/content/leaflet/v3?storeId=583,,2026-10-07T05:30:53+02:00
Albert,Nápoje,albert-583-25847529,"Tarapacá carmenér.gr.res.0,75l",tarapaca_carmener_gr_res,239.0,369.0,Kč,239 Kč / 0.75 l,,,False,,,,2026-10-07 - 2026-10-13,https://albertloyaltycz-albert-service-app-prod.delhaize.eu/public/content/leaflet/v3?storeId=583,,2026-10-07T05:30:53+02:00
Albert,Nápoje,albert-583-23312913,"Tarapacá carmenére 0,75l",tarapaca_carmenere,109.9,209.0,Kč,109.9 Kč / 0.75 l,,,False,,,,2026-10-07 - 2026-10-13,https://albertloyaltycz-albert-service-app-prod.delhaize.eu/public/content/leaflet/v3?storeId=583,,2026-10-07T05:30:53+02:00
Albert,Nápoje,albert-583-22635143,"Tarapacá chardonnay 0,75l",tarapaca_chardonnay,109.9,209.0,Kč,109.9 Kč / 0.75 l,,,False,,,,2026-10-07 - 2026-10-13,https://albertloyaltycz-albert-service-app-prod.delhaize.eu/public/content/leaflet/v3?storeId=583,,2026-10-07T05:30:53+02:00
Albert,Nápoje,albert-583-25932232,"Tarapacá merlot res. 0,75l",tarapaca_merlot_res,179.0,279.0,Kč,179 Kč / 0.75 l,,,False,,,,2026-10-07 - 2026-10-13,https://albertloyaltycz-albert-service-app-prod.delhaize.eu/public/content/leaflet/v3?storeId=583,,2026-10-07T05:30:53+02:00
Albert,Nápoje,albert-583-27615515,"Tarapacá pinot grig.div.0,75l",tarapaca_pinot_grig_div,109.9,209.0,Kč,109.9 Kč / 0.75 l,,,False,,,,2026-10-07 - 2026-10-13,https://albertloyaltycz-albert-service-app-prod.delhaize.eu/public/content/leaflet/v3?storeId=583,,2026-10-07T05:30:53+02:00
Albert,Nápoje,albert-583-27615522,"Tarapacá red blend syrah 0,75l",tarapaca_red_blend_syrah,109.9,209.0,Kč,109.9 Kč / 0.75 l,,,False,,,,2026-10-07 - 2026-10-13,https://albertloyaltycz-albert-service-app-prod.delhaize.eu/public/content/leaflet/v3?storeId=583,,2026-10-07T05:30:53+02:00
Albert,Nápoje,albert-583-22062468,"Tarapacá sauvignon blanc 0,75l",tarapaca_sauvignon_blanc,109.9,209.0,Kč,109.9 Kč / 0.75 l,,,False,,,,2026-10-07 - 2026-10-13,https://albertloyaltycz-albert-service-app-prod.delhaize.eu/public/content/leaflet/v3?storeId=583,,2026-10-07T05:30:53+02:00
Albert,Nápoje,albert-583-23743380,"Tarapacá syrah 0,75l",tarapaca_syrah,109.9,209.0,Kč,109.9 Kč / 0.75 l,,,False,,,,2026-10-07 - 2026-10-13,https://albertloyaltycz-albert-service-app-prod.delhaize.eu/public/content/leaflet/v3?storeId=583,,2026-10-07T05:30:53+02:00
Albert,Nápoje,albert-583-25932324,"Tarapacá syrah res. 0,75l",tarapaca_syrah_res,179.0,279.0,Kč,179 Kč / 0.75 l,,,False,,,,2026-10-07 - 2026-10-13,https://albertloyaltycz-albert-service-app-prod.delhaize.eu/public/content/leaflet/v3?storeId=583,,2026-10-07T05:30:53+02:00
Albert,Mléčné a chlazené,albert-583-26020006,Tatarská omáčka 350ml,tatarska_omacka,45.9,54.9,Kč,45.9 Kč / 350 ml,,,False,,,,2026-10-07 - 2026-10-13,https://albertloyaltycz-albert-service-app-prod.delhaize.eu/public/content/leaflet/v3?storeId=583,,2026-10-07T05:30:53+02:00
Billa,Vaření a pečení,935,Tatarská omáčka Hellmann's 500 ml,tatarska_omacka_hellmann_s,59.9,,Kč,"11,98 Kč / 100 ml",,,False,,,platí do úterý 13. 10.,2026-10-07 - 2026-10-13,https://www.kupi.cz/letak/billa-velky-letak-292?page=22&map=216582876,https://img.kupi.cz/kupi/thumbs/tatarska-omacka-hellmanns-1_170_340.png,2026-10-07T05:31:23+02:00
Tesco,Vaření a pečení,935,Tatarská omáčka Hellmann's,tatarska_omacka_hellmann_s,54.9,109.8,Kč,"10,98 Kč / 100 ml",,,False,,,-50% platí do úterý 27. 10.,2026-10-07 - 2026-10-27,https://www.kupi.cz/letak/tesco-hypermarket-znacky-ktere-mate-radi-2?page=4&map=215326839,https://img.kupi.cz/kupi/thumbs/tatarska-omacka-hellmanns-1_170_340.png,2026-10-07T05:32:11+02:00
Albert,Mléčné a chlazené,albert-583-26020150,Tatarská omáčka s fefer 220ml,tatarska_omacka_s_fefer,29.9,33.9,Kč,29.9 Kč / 220 ml,,,False,,,-11%,2026-10-07 - 2026-10-13,https://albertloyaltycz-albert-service-app-prod.delhaize.eu/public/content/leaflet/v3?storeId=583,,2026-10-07T05:30:53+02:00
Albert,Mléčné a chlazené,albert-583-27881415,Tatarská omáčka 100 ml vanička 100 ml,tatarska_omacka_vanicka,15.9,18.9,Kč,15.9 Kč / 100 ml,,,False,,,,2026-10-07 - 2026-10-13,https://albertloyaltycz-albert-service-app-prod.delhaize.eu/public/content/leaflet/v3?storeId=583,,2026-10-07T05:30:53+02:00
Tesco,"Maso, uzeniny a ryby",268862,Tatarský biftek z hovězí kýty Maso uzeniny Polička 0.2 kg,tatarsky_biftek_z_hovezi_kyty_maso_uzeniny_policka,74.9,89.17,Kč,"374,50 Kč / 1 kg",374.5,,True,Clubcard,74.9,-16% Clubcard platí do úterý 13. 10.,2026-10-07 - 2026-10-13,https://www.kupi.cz/letak/tesco-hypermarket-letak-370?page=13&map=216580227,https://img.kupi.cz/kupi/thumbs/tatarsky-biftek-z-hovezi-kyty-masokombinat-policka_170_340.jpg,2026-10-07T05:31:55+02:00
Albert,Mléčné a chlazené,albert-583-20308315,Tatra Jesenka 75 g,tatra_jesenka,22.9,32.9,Kč,22.9 Kč / 75 g,305.33,,False,,,-30%,2026-10-07 - 2026-10-13,https://albertloyaltycz-albert-service-app-prod.delhaize.eu/public/content/leaflet/v3?storeId=583,https://albertloyaltycz-albert-service-app-prod.delhaize.eu/public/minio/images-products/20308315,2026-10-07T05:30:53+02:00
Albert,Trvanlivé,albert-583-24668347,Tatranky máčené oplatky s lískooříškovou náplní 33 g,tatranky_macene_oplatky_s_liskooriskovou_naplni,7.9,11.9,Kč,7.9 Kč / 33 g,239.39,,False,,,-33%,2026-10-07 - 2026-10-13,https://albertloyaltycz-albert-service-app-prod.delhaize.eu/public/content/leaflet/v3?storeId=583,https://albertloyaltycz-albert-service-app-prod.delhaize.eu/public/minio/images-products/24668347,2026-10-07T05:30:53+02:00
Billa,Mléčné výrobky a vejce,4444,Tavené sýry Président 150 g,tavene_syry_president,29.9,48.23,Kč,"19,93 Kč / 100 g",199.3,,False,,,-38% platí do úterý 13. 10.,2026-10-07 - 2026-10-13,https://www.kupi.cz/letak/billa-velky-letak-292?page=25&map=216582966,https://img.kupi.cz/kupi/thumbs/syr-taveny-president-1_170_340.jpg,2026-10-07T05:31:03+02:00
Albert,Trvanlivé,albert-583-28147855,Tchibo barista colombia 1 kg,tchibo_barista_colombia,419.0,799.0,Kč,419 Kč / 1 kg,419.0,,False,,,,2026-10-07 - 2026-10-13,https://albertloyaltycz-albert-service-app-prod.delhaize.eu/public/content/leaflet/v3?storeId=583,,2026-10-07T05:30:53+02:00
Albert,Trvanlivé,albert-583-26809953,Tchibo barista crema zr.k. 1kg,tchibo_barista_crema_zr_k,419.0,799.0,Kč,419 Kč / 1 kg,419.0,,False,,,,2026-10-07 - 2026-10-13,https://albertloyaltycz-albert-service-app-prod.delhaize.eu/public/content/leaflet/v3?storeId=583,,2026-10-07T05:30:53+02:00
Albert,Trvanlivé,albert-583-26728117,Tchibo barista créma zr.k.500g 0.5 kg,tchibo_barista_crema_zr_k,299.0,449.0,Kč,299 Kč / 0.5 kg,598.0,,False,,,,2026-10-07 - 2026-10-13,https://albertloyaltycz-albert-service-app-prod.delhaize.eu/public/content/leaflet/v3?storeId=583,,2026-10-07T05:30:53+02:00
Albert,Trvanlivé,albert-583-26809946,Tchibo Barista káva zrno Espresso 1 kg,tchibo_barista_kava_zrno_espresso,419.0,799.0,Kč,419 Kč / 1 kg,419.0,,False,,,,2026-10-07 - 2026-10-13,https://albertloyaltycz-albert-service-app-prod.delhaize.eu/public/content/leaflet/v3?storeId=583,https://albertloyaltycz-albert-service-app-prod.delhaize.eu/public/minio/images-products/26809946,2026-10-07T05:30:53+02:00
Albert,Trvanlivé,albert-583-20679767,"Teek.byl.č.dých.cesty,krk 20g",teek_byl_c_dych_cesty_krk,32.9,44.9,Kč,32.9 Kč / 20 g,1645.0,,False,,,,2026-10-07 - 2026-10-13,https://albertloyaltycz-albert-service-app-prod.delhaize.eu/public/content/leaflet/v3?storeId=583,,2026-10-07T05:30:53+02:00
Albert,Trvanlivé,albert-583-25942415,"Teek.byl.č.dých.cesty,záz 20g",teek_byl_c_dych_cesty_zaz,32.9,44.9,Kč,32.9 Kč / 20 g,1645.0,,False,,,,2026-10-07 - 2026-10-13,https://albertloyaltycz-albert-service-app-prod.delhaize.eu/public/content/leaflet/v3?storeId=583,,2026-10-07T05:30:53+02:00
Albert,Trvanlivé,albert-583-20679842,Teek.byl.čaj průduš.plíce 20g,teek_byl_caj_prudus_plice,32.9,44.9,Kč,32.9 Kč / 20 g,1645.0,,False,,,,2026-10-07 - 2026-10-13,https://albertloyaltycz-albert-service-app-prod.delhaize.eu/public/content/leaflet/v3?storeId=583,,2026-10-07T05:30:53+02:00
Albert,Trvanlivé,albert-583-22500335,"Teek.byl.čaj spán,nerv.20g",teek_byl_caj_span_nerv,32.9,44.9,Kč,32.9 Kč / 20 g,1645.0,,False,,,,2026-10-07 - 2026-10-13,https://albertloyaltycz-albert-service-app-prod.delhaize.eu/public/content/leaflet/v3?storeId=583,,2026-10-07T05:30:53+02:00
Albert,Trvanlivé,albert-583-20679811,"Teek.byl.čaj žaludek,stř. 20g",teek_byl_caj_zaludek_str,32.9,44.9,Kč,32.9 Kč / 20 g,1645.0,,False,,,,2026-10-07 - 2026-10-13,https://albertloyaltycz-albert-service-app-prod.delhaize.eu/public/content/leaflet/v3?storeId=583,,2026-10-07T05:30:53+02:00
Albert,Trvanlivé,albert-583-23677760,Teek.ov.čaj č.rybíz 50g,teek_ov_caj_c_rybiz,32.9,44.9,Kč,32.9 Kč / 50 g,658.0,,False,,,,2026-10-07 - 2026-10-13,https://albertloyaltycz-albert-service-app-prod.delhaize.eu/public/content/leaflet/v3?storeId=583,,2026-10-07T05:30:53+02:00
Albert,Trvanlivé,albert-583-22734259,Teek.ov.čaj forest fr.50g,teek_ov_caj_forest_fr,32.9,44.9,Kč,32.9 Kč / 50 g,658.0,,False,,,,2026-10-07 - 2026-10-13,https://albertloyaltycz-albert-service-app-prod.delhaize.eu/public/content/leaflet/v3?storeId=583,,2026-10-07T05:30:53+02:00
Albert,Trvanlivé,albert-583-23954960,Teek.ov.čaj fresh orang.45g,teek_ov_caj_fresh_orang,32.9,44.9,Kč,32.9 Kč / 45 g,731.11,,False,,,,2026-10-07 - 2026-10-13,https://albertloyaltycz-albert-service-app-prod.delhaize.eu/public/content/leaflet/v3?storeId=583,,2026-10-07T05:30:53+02:00
Albert,Trvanlivé,albert-583-23344341,Teek.ov.čaj magic mom.50g,teek_ov_caj_magic_mom,32.9,44.9,Kč,32.9 Kč / 50 g,658.0,,False,,,,2026-10-07 - 2026-10-13,https://albertloyaltycz-albert-service-app-prod.delhaize.eu/public/content/leaflet/v3?storeId=583,,2026-10-07T05:30:53+02:00
Albert,Trvanlivé,albert-583-24510691,Teek.ov.čaj sweet cherry 50g,teek_ov_caj_sweet_cherry,32.9,44.9,Kč,32.9 Kč / 50 g,658.0,,False,,,,2026-10-07 - 2026-10-13,https://albertloyaltycz-albert-service-app-prod.delhaize.eu/public/content/leaflet/v3?storeId=583,,2026-10-07T05:30:53+02:00
Albert,Trvanlivé,albert-583-26657349,Teek. ov. čaj wild berry 40g,teek_ov_caj_wild_berry,32.9,44.9,Kč,32.9 Kč / 40 g,822.5,,False,,,,2026-10-07 - 2026-10-13,https://albertloyaltycz-albert-service-app-prod.delhaize.eu/public/content/leaflet/v3?storeId=583,,2026-10-07T05:30:53+02:00
Albert,Trvanlivé,albert-583-27866252,Teek.ovo.čaj mango 45 g,teek_ovo_caj_mango,32.9,44.9,Kč,32.9 Kč / 45 g,731.11,,False,,,,2026-10-07 - 2026-10-13,https://albertloyaltycz-albert-service-app-prod.delhaize.eu/public/content/leaflet/v3?storeId=583,,2026-10-07T05:30:53+02:00
Albert,Trvanlivé,albert-583-25535341,Teek.ovo.čaj zázv.citron 35g,teek_ovo_caj_zazv_citron,32.9,44.9,Kč,32.9 Kč / 35 g,940.0,,False,,,,2026-10-07 - 2026-10-13,https://albertloyaltycz-albert-service-app-prod.delhaize.eu/public/content/leaflet/v3?storeId=583,,2026-10-07T05:30:53+02:00
Albert,Trvanlivé,albert-583-23728912,Teek.rooibos vanil.35g,teek_rooibos_vanil,32.9,44.9,Kč,32.9 Kč / 35 g,940.0,,False,,,,2026-10-07 - 2026-10-13,https://albertloyaltycz-albert-service-app-prod.delhaize.eu/public/content/leaflet/v3?storeId=583,,2026-10-07T05:30:53+02:00
Albert,Trvanlivé,albert-583-24525138,Teek.zel.čaj zen chai 35g,teek_zel_caj_zen_chai,32.9,44.9,Kč,32.9 Kč / 35 g,940.0,,False,,,,2026-10-07 - 2026-10-13,https://albertloyaltycz-albert-service-app-prod.delhaize.eu/public/content/leaflet/v3?storeId=583,,2026-10-07T05:30:53+02:00
Albert,Trvanlivé,albert-583-27498514,Teekanne čaj ital.lemon 40g,teekanne_caj_ital_lemon,32.9,44.9,Kč,32.9 Kč / 40 g,822.5,,False,,,,2026-10-07 - 2026-10-13,https://albertloyaltycz-albert-service-app-prod.delhaize.eu/public/content/leaflet/v3?storeId=583,,2026-10-07T05:30:53+02:00
Albert,Trvanlivé,albert-583-25347975,Teekanne Garden Selection ovocný čaj 45 g,teekanne_garden_selection_ovocny_caj,32.9,44.9,Kč,32.9 Kč / 45 g,731.11,,False,,,,2026-10-07 - 2026-10-13,https://albertloyaltycz-albert-service-app-prod.delhaize.eu/public/content/leaflet/v3?storeId=583,https://albertloyaltycz-albert-service-app-prod.delhaize.eu/public/minio/images-products/25347975,2026-10-07T05:30:53+02:00
Albert,Trvanlivé,albert-583-27945018,Teekanne greek apricot 45 g,teekanne_greek_apricot,32.9,44.9,Kč,32.9 Kč / 45 g,731.11,,False,,,,2026-10-07 - 2026-10-13,https://albertloyaltycz-albert-service-app-prod.delhaize.eu/public/content/leaflet/v3?storeId=583,,2026-10-07T05:30:53+02:00
Albert,Trvanlivé,albert-583-26958927,"Teekanne rooibos caramel, 35g",teekanne_rooibos_caramel,32.9,44.9,Kč,32.9 Kč / 35 g,940.0,,False,,,,2026-10-07 - 2026-10-13,https://albertloyaltycz-albert-service-app-prod.delhaize.eu/public/content/leaflet/v3?storeId=583,,2026-10-07T05:30:53+02:00
Albert,Trvanlivé,albert-583-26957487,Tek.mar.kuře 80g vitana 80 g,tek_mar_kure_vitana,23.9,29.9,Kč,23.9 Kč / 80 g,298.75,,False,,,,2026-10-07 - 2026-10-13,https://albertloyaltycz-albert-service-app-prod.delhaize.eu/public/content/leaflet/v3?storeId=583,,2026-10-07T05:30:53+02:00
Albert,Trvanlivé,albert-583-26957500,Tek.mar.medová 80g,tek_mar_medova,23.9,29.9,Kč,23.9 Kč / 80 g,298.75,,False,,,,2026-10-07 - 2026-10-13,https://albertloyaltycz-albert-service-app-prod.delhaize.eu/public/content/leaflet/v3?storeId=583,,2026-10-07T05:30:53+02:00
Tesco,Mléčné výrobky a vejce,25,Termix Mlékárna Kunín 90 g,termix_mlekarna_kunin,9.9,15.71,Kč,"11,00 Kč / 100 g",110.0,,True,Clubcard,9.9,-37% Clubcard platí do úterý 3. 11.,2026-10-07 - 2026-11-03,https://www.kupi.cz/letak/tesco-supermarket-letak-416?page=7&map=216253239,https://img.kupi.cz/kupi/thumbs/termix-mlekarna-kunin-2_170_340.jpg,2026-10-07T05:31:48+02:00
Tesco,Mléčné výrobky a vejce,565647,Termix protein Mlékárna Kunín 120 g,termix_protein_mlekarna_kunin,13.9,20.75,Kč,"11,58 Kč / 100 g",115.8,,True,Clubcard,13.9,-33% Clubcard platí do úterý 13. 10.,2026-10-07 - 2026-10-13,https://www.kupi.cz/letak/tesco-hypermarket-letak-370?page=19&map=216580557,https://img.kupi.cz/kupi/thumbs/termix-protein-mlekarna-kunin_170_340.jpg,2026-10-07T05:31:53+02:00
Albert,Trvanlivé,albert-583-25927320,Těst.barilla capellini 500g 0.5 kg,test_barilla_capellini,29.9,64.9,Kč,29.9 Kč / 0.5 kg,59.8,,False,,,,2026-10-07 - 2026-10-13,https://albertloyaltycz-albert-service-app-prod.delhaize.eu/public/content/leaflet/v3?storeId=583,,2026-10-07T05:30:53+02:00
Albert,Trvanlivé,albert-583-21210716,Těst. fusilli barilla 500g 0.5 kg,test_fusilli_barilla,29.9,64.9,Kč,29.9 Kč / 0.5 kg,59.8,,False,,,,2026-10-07 - 2026-10-13,https://albertloyaltycz-albert-service-app-prod.delhaize.eu/public/content/leaflet/v3?storeId=583,,2026-10-07T05:30:53+02:00
Albert,Trvanlivé,albert-583-26933740,Těst.fusilli panzani 1kg,test_fusilli_panzani,44.9,95.9,Kč,44.9 Kč / 1 kg,44.9,,False,,,-53%,2026-10-07 - 2026-10-13,https://albertloyaltycz-albert-service-app-prod.delhaize.eu/public/content/leaflet/v3?storeId=583,,2026-10-07T05:30:53+02:00
Albert,Trvanlivé,albert-583-26934129,Těst.penne panzani 1kg,test_penne_panzani,44.9,95.9,Kč,44.9 Kč / 1 kg,44.9,,False,,,-53%,2026-10-07 - 2026-10-13,https://albertloyaltycz-albert-service-app-prod.delhaize.eu/public/content/leaflet/v3?storeId=583,,2026-10-07T05:30:53+02:00
Albert,Trvanlivé,albert-583-21210693,Těst.penne rigate barilla 500g 0.5 kg,test_penne_rigate_barilla,29.9,64.9,Kč,29.9 Kč / 0.5 kg,59.8,,False,,,,2026-10-07 - 2026-10-13,https://albertloyaltycz-albert-service-app-prod.delhaize.eu/public/content/leaflet/v3?storeId=583,,2026-10-07T05:30:53+02:00
Albert,Trvanlivé,albert-583-21210679,Těst.špagety barilla 500g 0.5 kg,test_spagety_barilla,29.9,64.9,Kč,29.9 Kč / 0.5 kg,59.8,,False,,,,2026-10-07 - 2026-10-13,https://albertloyaltycz-albert-service-app-prod.delhaize.eu/public/content/leaflet/v3?storeId=583,,2026-10-07T05:30:53+02:00
Billa,Vaření a pečení,4082,Těsto na pizzu Billa 400 g,testo_na_pizzu,29.9,34.77,Kč,"7,47 Kč / 100 g",74.7,,False,,,-14% platí do úterý 20. 10.,2026-10-07 - 2026-10-20,https://www.kupi.cz/letak/billa-letak-italie-u-vas-doma?page=8&map=215641422,https://img.kupi.cz/kupi/thumbs/testo-na-pizzu-billa_170_340.jpg,2026-10-07T05:31:25+02:00
Tesco,Vaření a pečení,7502,Těstoviny Barilla 500 g,testoviny_barilla,32.9,64.51,Kč,"6,58 Kč / 100 g",65.8,,True,Clubcard,32.9,-49% Clubcard platí do úterý 20. 10.,2026-10-07 - 2026-10-20,https://www.kupi.cz/letak/tesco-hypermarket-znacky-ktere-mate-radi-2?page=15&map=216192537,https://img.kupi.cz/kupi/thumbs/testoviny-barilla-1_170_340.jpg,2026-10-07T05:32:11+02:00
Billa,Vaření a pečení,477756,Těstoviny chlazené Ready Billa 250 g,testoviny_chlazene_ready,29.9,37.85,Kč,"11,96 Kč / 100 g",119.6,,False,,,-21% platí do úterý 20. 10.,2026-10-07 - 2026-10-20,https://www.kupi.cz/letak/billa-letak-italie-u-vas-doma?page=9&map=215641506,https://img.kupi.cz/kupi/thumbs/testoviny-chlazene-ready-billa_170_340.jpg,2026-10-07T05:31:27+02:00
Billa,Vaření a pečení,74803,Těstoviny Lasagne Billa 500 g,testoviny_lasagne,34.9,,Kč,"6,98 Kč / 100 g",69.8,,False,,,platí do úterý 20. 10.,2026-10-07 - 2026-10-20,https://www.kupi.cz/letak/billa-letak-italie-u-vas-doma?page=16&map=215641821,https://img.kupi.cz/kupi/thumbs/testoviny-lasagne-billa_170_340.jpg,2026-10-07T05:31:25+02:00
Billa,Vaření a pečení,323720,Těstoviny 3 Minutes Panzani 500 g,testoviny_minutes_panzani,49.9,,Kč,"9,98 Kč / 100 g",99.8,,False,,,platí do úterý 20. 10.,2026-10-07 - 2026-10-20,https://www.kupi.cz/letak/billa-letak-italie-u-vas-doma?page=6&map=215641272,https://img.kupi.cz/kupi/thumbs/testoviny-3-minutes-panzani_170_340.png,2026-10-07T05:31:24+02:00
Billa,Vaření a pečení,1175,Těstoviny Panzani 1000 g,testoviny_panzani,49.9,,Kč,"4,99 Kč / 100 g",49.9,,False,,,platí do úterý 13. 10.,2026-10-07 - 2026-10-13,https://www.kupi.cz/letak/billa-velky-letak-292?page=27&map=216583077,https://img.kupi.cz/kupi/thumbs/testoviny-panzani-1_170_340.jpg,2026-10-07T05:31:23+02:00
Tesco,Mražené a instantní potraviny,13617,Těstoviny plněné mražené Pelmeni Povar 400 g,testoviny_plnene_mrazene_pelmeni_povar,44.9,64.14,Kč,"11,22 Kč / 100 g",112.2,,True,Clubcard,44.9,-30% Clubcard platí do úterý 13. 10.,2026-10-07 - 2026-10-13,https://www.kupi.cz/letak/tesco-hypermarket-letak-370?page=4&map=216578595,https://img.kupi.cz/kupi/thumbs/testoviny-plnene-mrazene-pelmeni-povar_170_340.jpg,2026-10-07T05:32:04+02:00
Billa,Vaření a pečení,121619,Těstoviny semolinové Barilla 500 g,testoviny_semolinove_barilla,34.9,,Kč,"6,98 Kč / 100 g",69.8,,False,,,platí do úterý 20. 10.,2026-10-07 - 2026-10-20,https://www.kupi.cz/letak/billa-letak-italie-u-vas-doma?map=215641086,https://img.kupi.cz/kupi/thumbs/testoviny-semolinove-barilla_170_340.jpg,2026-10-07T05:31:24+02:00
Billa,Vaření a pečení,277801,Těstoviny semolinové Premium Billa 500 g,testoviny_semolinove_premium,36.9,,Kč,"7,38 Kč / 100 g",73.8,,False,,,platí do úterý 20. 10.,2026-10-07 - 2026-10-20,https://www.kupi.cz/letak/billa-letak-italie-u-vas-doma?page=16&map=215641803,https://img.kupi.cz/kupi/thumbs/testoviny-semolinove-premium-billa_170_340.png,2026-10-07T05:31:25+02:00
Billa,Vaření a pečení,29003,Těstoviny vaječné Billa 250 g,testoviny_vajecne,37.9,,Kč,"15,16 Kč / 100 g",151.6,,False,,,platí do úterý 20. 10.,2026-10-07 - 2026-10-20,https://www.kupi.cz/letak/billa-letak-italie-u-vas-doma?page=16&map=215641815,https://img.kupi.cz/kupi/thumbs/vajecne-lasagne-billa_170_340.jpg,2026-10-07T05:31:25+02:00
Tesco,Vaření a pečení,4637,Těstoviny vaječné Zátkovy 500 g,testoviny_vajecne_zatkovy,26.9,39.56,Kč,"5,38 Kč / 100 g",53.8,,True,Clubcard,26.9,-32% Clubcard platí do úterý 13. 10.,2026-10-07 - 2026-10-13,https://www.kupi.cz/letaky/tesco,https://img.kupi.cz/kupi/thumbs/testoviny-vajecne-zatkovy_170_340.jpg,2026-10-07T05:32:11+02:00
Albert,Nápoje,albert-583-26179117,Tiger Energy drink 0.5 l,tiger_energy_drink,14.9,32.9,Kč,14.9 Kč / 0.5 l,,,False,,,,2026-10-07 - 2026-10-13,https://albertloyaltycz-albert-service-app-prod.delhaize.eu/public/content/leaflet/v3?storeId=583,https://albertloyaltycz-albert-service-app-prod.delhaize.eu/public/minio/images-products/26179117,2026-10-07T05:30:53+02:00
Albert,Nápoje,albert-583-27256961,"Tiger kaktus 0,5pl 0.5 l",tiger_kaktus_5pl,14.9,32.9,Kč,14.9 Kč / 0.5 l,,,False,,,,2026-10-07 - 2026-10-13,https://albertloyaltycz-albert-service-app-prod.delhaize.eu/public/content/leaflet/v3?storeId=583,,2026-10-07T05:30:53+02:00
Albert,Nápoje,albert-583-26565262,"Tiger speed 0,5l",tiger_speed,14.9,32.9,Kč,14.9 Kč / 0.5 l,,,False,,,,2026-10-07 - 2026-10-13,https://albertloyaltycz-albert-service-app-prod.delhaize.eu/public/content/leaflet/v3?storeId=583,,2026-10-07T05:30:53+02:00
Albert,Nápoje,albert-583-27256978,"Tiger zero 0,5pl 0.5 l",tiger_zero_5pl,14.9,32.9,Kč,14.9 Kč / 0.5 l,,,False,,,,2026-10-07 - 2026-10-13,https://albertloyaltycz-albert-service-app-prod.delhaize.eu/public/content/leaflet/v3?storeId=583,,2026-10-07T05:30:53+02:00
Billa,Lahůdky,63928,Tlačenka šunková davelská 100 g,tlacenka_sunkova_davelska,28.9,32.84,Kč,"28,90 Kč / 100 g",289.0,,False,,,-12% platí do úterý 13. 10.,2026-10-07 - 2026-10-13,https://www.kupi.cz/letak/billa-velky-letak-292?page=11&map=216582633,https://img.kupi.cz/kupi/thumbs/tlacenka-sunkova-davelska-1_170_340.jpg,2026-10-07T05:31:11+02:00
Tesco,Lahůdky,354076,Tlačenka šunková Krahulík 100 g,tlacenka_sunkova_krahulik,14.9,18.86,Kč,"14,90 Kč / 100 g",149.0,,True,Clubcard,14.9,-21% Clubcard platí do úterý 13. 10.,2026-10-07 - 2026-10-13,https://www.kupi.cz/letaky/tesco,https://img.kupi.cz/kupi/thumbs/tlacenka-sunkova-krahulik_170_340.jpg,2026-10-07T05:31:59+02:00
Tesco,Lahůdky,36140,Tlačenka venkovská Krásno 450 g,tlacenka_venkovska_krasno,79.9,137.76,Kč,"17,76 Kč / 100 g",177.6,,True,Clubcard,79.9,-42% Clubcard platí do úterý 13. 10.,2026-10-07 - 2026-10-13,https://www.kupi.cz/letaky/tesco,https://img.kupi.cz/kupi/thumbs/tlacenka-venkovska-krasno_170_340.png,2026-10-07T05:31:59+02:00
Albert,Trvanlivé,albert-583-28178200,Toblerone čokoláda bílá 100g,toblerone_cokolada_bila,49.9,83.9,Kč,49.9 Kč / 100 g,499.0,,False,,,-40%,2026-10-07 - 2026-10-13,https://albertloyaltycz-albert-service-app-prod.delhaize.eu/public/content/leaflet/v3?storeId=583,,2026-10-07T05:30:53+02:00
Albert,Trvanlivé,albert-583-25250770,Toblerone čokoláda mléčná 35g,toblerone_cokolada_mlecna,17.9,34.9,Kč,17.9 Kč / 35 g,511.43,,False,,,-48%,2026-10-07 - 2026-10-13,https://albertloyaltycz-albert-service-app-prod.delhaize.eu/public/content/leaflet/v3?storeId=583,,2026-10-07T05:30:53+02:00
Albert,Trvanlivé,albert-583-28140177,Toblerone ml.čokol.mandle 100g,toblerone_ml_cokol_mandle,49.9,83.9,Kč,49.9 Kč / 100 g,499.0,,False,,,-40%,2026-10-07 - 2026-10-13,https://albertloyaltycz-albert-service-app-prod.delhaize.eu/public/content/leaflet/v3?storeId=583,,2026-10-07T05:30:53+02:00
Albert,Trvanlivé,albert-583-20777050,Toblerone mléčná čokoláda 100 g,toblerone_mlecna_cokolada,49.9,83.9,Kč,49.9 Kč / 100 g,499.0,,False,,,-40%,2026-10-07 - 2026-10-13,https://albertloyaltycz-albert-service-app-prod.delhaize.eu/public/content/leaflet/v3?storeId=583,https://albertloyaltycz-albert-service-app-prod.delhaize.eu/public/minio/images-products/20777050,2026-10-07T05:30:53+02:00
Albert,Nápoje,albert-583-25238389,Top Topic Hrozen 1.5 l,top_topic_hrozen,23.9,29.9,Kč,23.9 Kč / 1.5 l,,,False,,,,2026-10-07 - 2026-10-13,https://albertloyaltycz-albert-service-app-prod.delhaize.eu/public/content/leaflet/v3?storeId=583,https://albertloyaltycz-albert-service-app-prod.delhaize.eu/public/minio/images-products/25238389,2026-10-07T05:30:53+02:00
Tesco,Vaření a pečení,264632,Tortellini Rana 250 g,tortellini_rana,56.9,79.03,Kč,"22,76 Kč / 100 g",227.6,,True,Clubcard,56.9,-28% Clubcard platí do úterý 13. 10.,2026-10-07 - 2026-10-13,https://www.kupi.cz/letak/tesco-hypermarket-letak-370?page=19&map=216580524,https://img.kupi.cz/kupi/thumbs/tortellini-rana_170_340.png,2026-10-07T05:32:13+02:00
Billa,Vaření a pečení,477759,Tortellony plněné chlazené Ready Billa 250 g,tortellony_plnene_chlazene_ready,43.9,54.87,Kč,"17,56 Kč / 100 g",175.6,,False,,,-20% platí do úterý 20. 10.,2026-10-07 - 2026-10-20,https://www.kupi.cz/letak/billa-letak-italie-u-vas-doma?page=9&map=215641503,https://img.kupi.cz/kupi/thumbs/tortelliny-plnene-chlazene-ready-billa_170_340.jpg,2026-10-07T05:31:27+02:00
Billa,Pečivo,323372,Tortilla Granpiada Roberto 330 g,tortilla_granpiada_roberto,49.9,59.4,Kč,"15,12 Kč / 100 g",151.2,,True,Billa Club,49.9,-16% Billa Club platí do úterý 20. 10.,2026-10-07 - 2026-10-20,https://www.kupi.cz/letak/billa-letak-italie-u-vas-doma?page=12&map=215641650,https://img.kupi.cz/kupi/thumbs/tortilla-granpiada-roberto_170_340.png,2026-10-07T05:30:59+02:00
Tesco,Pečivo,361348,Tortilla pšeničná TortilLOVE 720 g,tortilla_psenicna_tortillove,49.9,76.77,Kč,"6,93 Kč / 100 g",69.3,,True,Clubcard,49.9,-35% Clubcard platí do úterý 3. 11.,2026-10-07 - 2026-11-03,https://www.kupi.cz/letak/tesco-hypermarket-letak-370?page=16&map=216580350,https://img.kupi.cz/kupi/thumbs/tortilla-psenicna-tortillove_170_340.jpg,2026-10-07T05:31:46+02:00
Billa,Pečivo,34998,Tortilla Santa Maria 371 g,tortilla_santa_maria,59.9,,Kč,"16,15 Kč / 100 g",161.5,,False,,,platí do úterý 13. 10.,2026-10-07 - 2026-10-13,https://www.kupi.cz/letak/billa-maly-letak-721?page=5&map=216583638,https://img.kupi.cz/kupi/thumbs/tortilla-santa-maria-1_170_340.jpg,2026-10-07T05:30:59+02:00
Billa,Pečivo,28840,Toustový chléb Billa 500 g,toustovy_chleb,23.9,29.87,Kč,"4,78 Kč / 100 g",47.8,,True,Billa Club,23.9,-20% Billa Club platí do úterý 13. 10.,2026-10-07 - 2026-10-13,https://www.kupi.cz/letak/billa-velky-letak-292?page=10&map=216582570,https://img.kupi.cz/kupi/thumbs/toustovy-chleb-billa-1_170_340.jpg,2026-10-07T05:30:59+02:00
Albert,Albertovo pekařství,albert-583-28054900,Albert Toustový chléb mlynářský žitný 450 g,toustovy_chleb_mlynarsky_zitny,33.9,,Kč,33.9 Kč / 450 g,75.33,,True,Můj Albert,33.9,Můj Albert,2026-10-07 - 2026-10-13,https://albertloyaltycz-albert-service-app-prod.delhaize.eu/public/content/leaflet/v3?storeId=583,https://albertloyaltycz-albert-service-app-prod.delhaize.eu/public/minio/images-products/28054900,2026-10-07T05:30:53+02:00
Albert,Albertovo pekařství,albert-583-28054900,Albert Toustový chléb mlynářský žitný 450 g,toustovy_chleb_mlynarsky_zitny,39.9,,Kč,39.9 Kč / 450 g,88.67,,False,,,,2026-10-07 - 2026-10-13,https://albertloyaltycz-albert-service-app-prod.delhaize.eu/public/content/leaflet/v3?storeId=583,https://albertloyaltycz-albert-service-app-prod.delhaize.eu/public/minio/images-products/28054900,2026-10-07T05:30:53+02:00
Tesco,Pečivo,350519,Toustový chléb Ölz 500 g,toustovy_chleb_olz,39.9,54.66,Kč,"7,98 Kč / 100 g",79.8,,True,Clubcard,39.9,-27% Clubcard platí do úterý 3. 11.,2026-10-07 - 2026-11-03,https://www.kupi.cz/letak/tesco-supermarket-letak-416?page=3&map=216252981,https://img.kupi.cz/kupi/thumbs/toustovy-chleb-olz-1_170_340.jpg,2026-10-07T05:31:46+02:00
Billa,Mléčné výrobky a vejce,1805,Tradiční pomazánkové Choceňské 150 g,tradicni_pomazankove_chocenske,24.9,43.68,Kč,"16,60 Kč / 100 g",166.0,,False,,,-43% čt 8. 10. – ne 11. 10.,2026-10-08 - 2026-10-11,https://www.kupi.cz/letak/billa-maly-letak-721?page=7&map=216583779,https://img.kupi.cz/kupi/thumbs/tradicni-pomazankove-chocenske_170_340.png,2026-10-07T05:31:01+02:00
Tesco,Mléčné výrobky a vejce,1805,Tradiční pomazánkové Choceňské 150 g,tradicni_pomazankove_chocenske,27.9,43.59,Kč,"18,60 Kč / 100 g",186.0,,True,Clubcard,27.9,-36% Clubcard platí do úterý 3. 11.,2026-10-07 - 2026-11-03,https://www.kupi.cz/letak/tesco-supermarket-letak-416?page=7&map=216253248,https://img.kupi.cz/kupi/thumbs/tradicni-pomazankove-chocenske_170_340.png,2026-10-07T05:31:48+02:00
Albert,Trvanlivé,albert-583-27936672,Tropicane třtin.cukr dark 800g 0.8 kg,tropicane_trtin_cukr_dark,39.9,69.9,Kč,39.9 Kč / 0.8 kg,49.87,,False,,,,2026-10-07 - 2026-10-13,https://albertloyaltycz-albert-service-app-prod.delhaize.eu/public/content/leaflet/v3?storeId=583,,2026-10-07T05:30:53+02:00
Albert,Trvanlivé,albert-583-27248867,TropiCane třtinový cukr 0.5 kg,tropicane_trtinovy_cukr,24.9,47.9,Kč,24.9 Kč / 0.5 kg,49.8,,False,,,,2026-10-07 - 2026-10-13,https://albertloyaltycz-albert-service-app-prod.delhaize.eu/public/content/leaflet/v3?storeId=583,https://albertloyaltycz-albert-service-app-prod.delhaize.eu/public/minio/images-products/27248867,2026-10-07T05:30:53+02:00
Albert,Trvanlivé,albert-583-27684047,Tropicane třtinový cukr 1kg,tropicane_trtinovy_cukr,39.9,64.9,Kč,39.9 Kč / 1 kg,39.9,,False,,,,2026-10-07 - 2026-10-13,https://albertloyaltycz-albert-service-app-prod.delhaize.eu/public/content/leaflet/v3?storeId=583,,2026-10-07T05:30:53+02:00
Billa,Vaření a pečení,43113,Třtinový cukr Very dark Druid Réunion 1 kg,trtinovy_cukr_very_dark_druid_reunion,64.9,,Kč,"64,90 Kč / 1 kg",64.9,,False,,,platí do úterý 13. 10.,2026-10-07 - 2026-10-13,https://www.kupi.cz/letak/billa-velky-letak-292?page=17&map=216582768,https://img.kupi.cz/kupi/thumbs/trtinovy-cukr-very-dark-druid-reunion_170_340.jpg,2026-10-07T05:31:23+02:00
Albert,Mléčné a chlazené,albert-583-20294212,"Trvanlivé mléko 1,5% 1 l",trvanlive_mleko,10.9,24.9,Kč,10.9 Kč / 1 l,,,False,,,,2026-10-07 - 2026-10-13,https://albertloyaltycz-albert-service-app-prod.delhaize.eu/public/content/leaflet/v3?storeId=583,https://albertloyaltycz-albert-service-app-prod.delhaize.eu/public/minio/images-products/20294212,2026-10-07T05:30:53+02:00
Albert,Trvanlivé,albert-583-24251020,TTD cukr krupice bílý 1 kg,ttd_cukr_krupice_bily,14.9,19.9,Kč,14.9 Kč / 1 kg,14.9,,False,,,,2026-10-07 - 2026-10-13,https://albertloyaltycz-albert-service-app-prod.delhaize.eu/public/content/leaflet/v3?storeId=583,https://albertloyaltycz-albert-service-app-prod.delhaize.eu/public/minio/images-products/24251020,2026-10-07T05:30:53+02:00
Albert,Trvanlivé,albert-583-23495302,Tuc bake rolls natural 80g,tuc_bake_rolls_natural,19.9,28.9,Kč,19.9 Kč / 80 g,248.75,,False,,,,2026-10-07 - 2026-10-13,https://albertloyaltycz-albert-service-app-prod.delhaize.eu/public/content/leaflet/v3?storeId=583,,2026-10-07T05:30:53+02:00
Albert,Trvanlivé,albert-583-23495258,Tuc bake rolls přích.česnek80g,tuc_bake_rolls_prich_cesnek80g,19.9,28.9,Kč,19.9 Kč / 80 g,248.75,,False,,,,2026-10-07 - 2026-10-13,https://albertloyaltycz-albert-service-app-prod.delhaize.eu/public/content/leaflet/v3?storeId=583,,2026-10-07T05:30:53+02:00
Albert,Trvanlivé,albert-583-25136418,Tuc mini original 100g,tuc_mini_original,19.9,31.9,Kč,19.9 Kč / 100 g,199.0,,False,,,,2026-10-07 - 2026-10-13,https://albertloyaltycz-albert-service-app-prod.delhaize.eu/public/content/leaflet/v3?storeId=583,,2026-10-07T05:30:53+02:00
Albert,Trvanlivé,albert-583-25106459,Tuc příchuť cheese 100g,tuc_prichut_cheese,19.9,31.9,Kč,19.9 Kč / 100 g,199.0,,False,,,,2026-10-07 - 2026-10-13,https://albertloyaltycz-albert-service-app-prod.delhaize.eu/public/content/leaflet/v3?storeId=583,,2026-10-07T05:30:53+02:00
Albert,Trvanlivé,albert-583-24605403,Tuc příchuť slanina 100g,tuc_prichut_slanina,19.9,31.9,Kč,19.9 Kč / 100 g,199.0,,False,,,,2026-10-07 - 2026-10-13,https://albertloyaltycz-albert-service-app-prod.delhaize.eu/public/content/leaflet/v3?storeId=583,,2026-10-07T05:30:53+02:00
Albert,Trvanlivé,albert-583-27389379,Tuc příchuť zakys.smet.100g,tuc_prichut_zakys_smet,19.9,31.9,Kč,19.9 Kč / 100 g,199.0,,False,,,,2026-10-07 - 2026-10-13,https://albertloyaltycz-albert-service-app-prod.delhaize.eu/public/content/leaflet/v3?storeId=583,,2026-10-07T05:30:53+02:00
Albert,Trvanlivé,albert-583-24605410,Tuc slané krekry 100 g,tuc_slane_krekry,19.9,31.9,Kč,19.9 Kč / 100 g,199.0,,False,,,,2026-10-07 - 2026-10-13,https://albertloyaltycz-albert-service-app-prod.delhaize.eu/public/content/leaflet/v3?storeId=583,https://albertloyaltycz-albert-service-app-prod.delhaize.eu/public/minio/images-products/24605410,2026-10-07T05:30:53+02:00
Tesco,Vaření a pečení,431244,Tuk Lahodné 200 g,tuk_lahodne,24.9,32.76,Kč,"12,45 Kč / 100 g",124.5,,True,Clubcard,24.9,-24% Clubcard platí do úterý 3. 11.,2026-10-07 - 2026-11-03,https://www.kupi.cz/letak/tesco-supermarket-letak-416?page=12&map=216253602,https://img.kupi.cz/kupi/thumbs/tuk-lahodne_170_340.png,2026-10-07T05:32:12+02:00
Billa,Vaření a pečení,3897,Tuk na pečení Hera 250 g,tuk_na_peceni_hera,27.9,55.8,Kč,"5,58 Kč / 100 g",111.6,,False,,,-50% platí do úterý 13. 10.,2026-10-07 - 2026-10-13,https://www.kupi.cz/letak/billa-velky-letak-292?map=216582003,https://img.kupi.cz/kupi/thumbs/tuk-na-peceni-hera-1_170_340.jpg,2026-10-07T05:31:23+02:00
Billa,Vaření a pečení,31,Tuk Omega 250 g,tuk_omega,39.0,,Kč,"15,60 Kč / 100 g",156.0,,False,,,platí do úterý 13. 10.,2026-10-07 - 2026-10-13,https://www.kupi.cz/letak/billa-velky-letak-292?page=16&map=216582717,https://img.kupi.cz/kupi/thumbs/tuk-omega-4_170_340.jpg,2026-10-07T05:31:23+02:00
Albert,Trvanlivé,albert-583-24442831,Tuň.salát western 185g giana 185 g,tun_salat_western_giana,29.9,34.9,Kč,29.9 Kč / 185 g,161.62,,False,,,-14%,2026-10-07 - 2026-10-13,https://albertloyaltycz-albert-service-app-prod.delhaize.eu/public/content/leaflet/v3?storeId=583,,2026-10-07T05:30:53+02:00
Albert,Trvanlivé,albert-583-24442879,Tuňá.salát italiano 185g giana 185 g,tuna_salat_italiano_giana,29.9,34.9,Kč,29.9 Kč / 185 g,161.62,,False,,,-14%,2026-10-07 - 2026-10-13,https://albertloyaltycz-albert-service-app-prod.delhaize.eu/public/content/leaflet/v3?storeId=583,,2026-10-07T05:30:53+02:00
Tesco,Konzervy,4009,Tuňák Exclusive Franz Josef Kaiser,tunak_exclusive_franz_josef_kaiser,49.9,84.58,Kč,"31,19 Kč / 100 g",311.9,,True,Clubcard,49.9,-41% Clubcard platí do úterý 13. 10.,2026-10-07 - 2026-10-13,https://www.kupi.cz/letaky/tesco,https://img.kupi.cz/kupi/thumbs/tunak-franz-josef_170_340.jpg,2026-10-07T05:32:01+02:00
Tesco,Konzervy,4009,Tuňák Exclusive Franz Josef Kaiser,tunak_exclusive_franz_josef_kaiser,39.9,88.67,Kč,"23,47 Kč / 100 g",234.7,,False,,,-55% st 14. 10. – út 27. 10.,2026-10-14 - 2026-10-27,https://www.kupi.cz/letak/tesco-hypermarket-znacky-ktere-mate-radi-2?page=16&map=215327307,https://img.kupi.cz/kupi/thumbs/tunak-franz-josef_170_340.jpg,2026-10-07T05:32:01+02:00
Albert,Trvanlivé,albert-583-25891140,Tuňák kous ve sl ol 80/52giana 52 g,tunak_kous_ve_sl_ol_52giana,22.9,39.9,Kč,22.9 Kč / 52 g,440.38,,False,,,,2026-10-07 - 2026-10-13,https://albertloyaltycz-albert-service-app-prod.delhaize.eu/public/content/leaflet/v3?storeId=583,,2026-10-07T05:30:53+02:00
Albert,Trvanlivé,albert-583-25891133,Tuňák kousk v tom 80/52g giana 52 g,tunak_kousk_v_tom_giana,22.9,39.9,Kč,22.9 Kč / 52 g,440.38,,False,,,,2026-10-07 - 2026-10-13,https://albertloyaltycz-albert-service-app-prod.delhaize.eu/public/content/leaflet/v3?storeId=583,,2026-10-07T05:30:53+02:00
Tesco,Konzervy,392569,Tuňák kousky Hamé 80 g,tunak_kousky_hame,34.9,59.15,Kč,"43,62 Kč / 100 g",436.2,,True,Clubcard,34.9,-41% Clubcard platí do neděle 25. 10.,2026-10-07 - 2026-10-25,https://www.kupi.cz/letak/tesco-hypermarket-znacky-ktere-mate-radi-2?page=14&map=215327232,https://img.kupi.cz/kupi/thumbs/tunak-kousky-hame_170_340.png,2026-10-07T05:32:02+02:00
Billa,Konzervy,43777,Tuňák Rio Mare 120 g,tunak_rio_mare,74.9,,Kč,"62,42 Kč / 100 g",624.2,,False,,,platí do úterý 20. 10.,2026-10-07 - 2026-10-20,https://www.kupi.cz/letak/billa-letak-italie-u-vas-doma?page=7&map=215641401,https://img.kupi.cz/kupi/thumbs/tunak-rio-mare-2_170_340.jpg,2026-10-07T05:31:13+02:00
Albert,Trvanlivé,albert-583-24442886,Tuňák.salát texas 185g giana 185 g,tunak_salat_texas_giana,29.9,34.9,Kč,29.9 Kč / 185 g,161.62,,False,,,-14%,2026-10-07 - 2026-10-13,https://albertloyaltycz-albert-service-app-prod.delhaize.eu/public/content/leaflet/v3?storeId=583,,2026-10-07T05:30:53+02:00
Billa,Konzervy,41,Tuňák steak Calvo 65 g,tunak_steak_calvo,89.9,,Kč,"46,10 Kč / 100 g",1383.08,,False,,,platí do úterý 13. 10.,2026-10-07 - 2026-10-13,https://www.kupi.cz/letak/billa-velky-letak-292?page=27&map=216583050,https://img.kupi.cz/kupi/thumbs/tunak-v-rostlinnem-oleji-calvo_170_340.jpg,2026-10-07T05:31:13+02:00
Billa,Konzervy,347071,Tuňák steak Exclusive Franz Josef Kaiser 80 g,tunak_steak_exclusive_franz_josef_kaiser,26.9,44.83,Kč,"33,62 Kč / 100 g",336.2,,False,,,-40% platí do úterý 13. 10.,2026-10-07 - 2026-10-13,https://www.kupi.cz/letak/billa-velky-letak-292?page=26&map=216583029,https://img.kupi.cz/kupi/thumbs/tunak-steak-exclusive-franz-josef-kaiser_170_340.jpg,2026-10-07T05:31:13+02:00
Tesco,Konzervy,101604,Tuňák v oleji Exclusive Franz Josef Kaiser 385 g,tunak_v_oleji_exclusive_franz_josef_kaiser,129.9,182.96,Kč,"33,74 Kč / 100 g",337.4,,True,Clubcard,129.9,-29% Clubcard platí do úterý 20. 10.,2026-10-07 - 2026-10-20,https://www.kupi.cz/letak/tesco-supermarket-letak-416?page=5&map=216253197,https://img.kupi.cz/kupi/thumbs/tunak-v-oleji-exclusive-franz-josef-kaiser_170_340.jpg,2026-10-07T05:32:01+02:00
Tesco,Konzervy,1276,Tuňák v oleji Rio Mare 160 g,tunak_v_oleji_rio_mare,199.9,281.55,Kč,"41,65 Kč / 100 g",1249.38,,True,Clubcard,199.9,-29% Clubcard platí do úterý 20. 10.,2026-10-07 - 2026-10-20,https://www.kupi.cz/letak/tesco-supermarket-letak-416?page=5&map=216253194,https://img.kupi.cz/kupi/thumbs/tunak-v-oleji-rio-mare_170_340.gif,2026-10-07T05:32:01+02:00
Albert,Trvanlivé,albert-583-25708578,Tuňák ve sl.oleji 2x80g fjk 104 g,tunak_ve_sl_oleji_2x80g_fjk,49.9,82.9,Kč,49.9 Kč / 104 g,479.81,,False,,,,2026-10-07 - 2026-10-13,https://albertloyaltycz-albert-service-app-prod.delhaize.eu/public/content/leaflet/v3?storeId=583,,2026-10-07T05:30:53+02:00
Tesco,Konzervy,12357,Tuňák Wellness Nekton 185 g,tunak_wellness_nekton,39.9,68.79,Kč,"21,57 Kč / 100 g",215.7,,True,Clubcard,39.9,-42% Clubcard platí do neděle 25. 10.,2026-10-07 - 2026-10-25,https://www.kupi.cz/letaky/tesco,https://img.kupi.cz/kupi/thumbs/wellness-tunak-nekton_170_340.jpg,2026-10-07T05:32:01+02:00
Billa,Konzervy,354592,Tuňákový salát Billa 150 g,tunakovy_salat,39.9,,Kč,"26,60 Kč / 100 g",266.0,,False,,,platí do úterý 13. 10.,2026-10-07 - 2026-10-13,https://www.kupi.cz/letak/billa-maly-letak-721?page=5&map=216583647,https://img.kupi.cz/kupi/thumbs/tunakovy-salat-billa_170_340.jpg,2026-10-07T05:31:13+02:00
Albert,Trvanlivé,albert-583-25495928,Tuňákový salát exotic 185g,tunakovy_salat_exotic,29.9,67.9,Kč,29.9 Kč / 185 g,161.62,,False,,,-55%,2026-10-07 - 2026-10-13,https://albertloyaltycz-albert-service-app-prod.delhaize.eu/public/content/leaflet/v3?storeId=583,,2026-10-07T05:30:53+02:00
Albert,Uzeniny a lahůdky,albert-583-27717028,Albert tuňákový wrap 190 g,tunakovy_wrap,64.9,,Kč,64.9 Kč / 190 g,341.58,,False,,,,2026-10-07 - 2026-10-13,https://albertloyaltycz-albert-service-app-prod.delhaize.eu/public/content/leaflet/v3?storeId=583,https://albertloyaltycz-albert-service-app-prod.delhaize.eu/public/minio/images-products/27717028,2026-10-07T05:30:53+02:00
Albert,Uzeniny a lahůdky,albert-583-26350233,Turistický salám 100 g,turisticky_salam,20.9,24.9,Kč,20.9 Kč / 100 g,209.0,,False,,,-16%,2026-10-07 - 2026-10-13,https://albertloyaltycz-albert-service-app-prod.delhaize.eu/public/content/leaflet/v3?storeId=583,,2026-10-07T05:30:53+02:00
Albert,Nápoje,albert-583-26299372,"Tuzemák jindřichohradecký 37,5% 0.5 l",tuzemak_jindrichohradecky,99.9,119.9,Kč,99.9 Kč / 0.5 l,,,False,,,-16%,2026-10-07 - 2026-10-13,https://albertloyaltycz-albert-service-app-prod.delhaize.eu/public/content/leaflet/v3?storeId=583,https://albertloyaltycz-albert-service-app-prod.delhaize.eu/public/minio/images-products/26299372,2026-10-07T05:30:53+02:00
Billa,Mléčné výrobky a vejce,43768,Tvaroh jemný Olešnický Moravia 230 g,tvaroh_jemny_olesnicky_moravia,35.9,47.87,Kč,"15,61 Kč / 100 g",156.1,,False,,,-25% platí do úterý 13. 10.,2026-10-07 - 2026-10-13,https://www.kupi.cz/letak/billa-velky-letak-292?page=22&map=216582888,https://img.kupi.cz/kupi/thumbs/olesnicky-tvaroh-jemny-moravia_170_340.png,2026-10-07T05:31:03+02:00
Tesco,Mléčné výrobky a vejce,324437,Tvaroh polotučný Olomoucký Olma 250 g,tvaroh_polotucny_olomoucky_olma,23.9,28.8,Kč,"9,56 Kč / 100 g",95.6,,True,Clubcard,23.9,-17% Clubcard platí do úterý 13. 10.,2026-10-07 - 2026-10-13,https://www.kupi.cz/letak/tesco-hypermarket-letak-370?page=19&map=216580545,https://img.kupi.cz/kupi/thumbs/tvaroh-polotucny-olomoucky-olma_170_340.png,2026-10-07T05:31:50+02:00
Tesco,Mléčné výrobky a vejce,1515,Tvaroh polotučný z Poděbrad Milko 1000 g,tvaroh_polotucny_z_podebrad_milko,89.9,104.53,Kč,"8,99 Kč / 100 g",89.9,,True,Clubcard,89.9,-14% Clubcard platí do úterý 3. 11.,2026-10-07 - 2026-11-03,https://www.kupi.cz/letak/tesco-supermarket-letak-416?page=5&map=216253173,https://img.kupi.cz/kupi/thumbs/tvaroh-polotucny-z-podebrad-milko_170_340.jpg,2026-10-07T05:31:48+02:00
Billa,Mléčné výrobky a vejce,413153,Tvarohová svačinka Míšánek Olma 90 g,tvarohova_svacinka_misanek_olma,9.9,16.78,Kč,"11,00 Kč / 100 g",110.0,,False,,,-41% platí do úterý 13. 10.,2026-10-07 - 2026-10-13,https://www.kupi.cz/letak/billa-velky-letak-292?page=23&map=216582912,https://img.kupi.cz/kupi/thumbs/tvarohova-svacinka-misanek-olma_170_340.png,2026-10-07T05:31:04+02:00
Albert,Trvanlivé,albert-583-23970601,"Tyč čok kit kat 4 finger 41,5g 41 g",tyc_cok_kit_kat_finger,14.9,19.9,Kč,14.9 Kč / 41 g,363.41,,False,,,,2026-10-07 - 2026-10-13,https://albertloyaltycz-albert-service-app-prod.delhaize.eu/public/content/leaflet/v3?storeId=583,,2026-10-07T05:30:53+02:00
Tesco,Zdravá výživa,45369,Tyčinka Bombus Raw bez lepku Energy 50 g,tycinka_bombus_raw_bez_lepku_energy,24.9,29.64,Kč,"49,80 Kč / 100 g",498.0,,True,Clubcard,24.9,-16% Clubcard platí do úterý 27. 10.,2026-10-07 - 2026-10-27,https://www.kupi.cz/letak/tesco-hypermarket-znacky-ktere-mate-radi-2?page=20&map=215327982,https://img.kupi.cz/kupi/thumbs/tycinka-bombus_170_340.png,2026-10-07T05:32:19+02:00
Billa,Sladkosti a slané snacky,718,Tyčinka Bueno Kinder 39 g,tycinka_bueno_kinder,19.9,,Kč,"51,03 Kč / 100 g",510.3,,False,,,platí do úterý 13. 10.,2026-10-07 - 2026-10-13,https://www.kupi.cz/letak/billa-velky-letak-292?page=14&map=216582657,https://img.kupi.cz/kupi/thumbs/tycinka-bueno-kinder_170_340.jpg,2026-10-07T05:31:29+02:00
Tesco,Sladkosti a slané snacky,683,Tyčinka Deli Orion 35 g,tycinka_deli_orion,9.9,18.68,Kč,"28,29 Kč / 100 g",282.9,,True,Clubcard,9.9,-47% Clubcard platí do úterý 13. 10.,2026-10-07 - 2026-10-13,https://www.kupi.cz/letak/tesco-supermarket-letak-416?page=7&map=216253272,https://img.kupi.cz/kupi/thumbs/tycinka-deli-orion-2_170_340.jpg,2026-10-07T05:32:16+02:00
Billa,Zdravá výživa,46362,Tyčinka Emco 35 g,tycinka_emco,17.9,,Kč,"51,14 Kč / 100 g",511.4,,False,,,platí do úterý 13. 10.,2026-10-07 - 2026-10-13,https://www.kupi.cz/letak/billa-velky-letak-292?page=14&map=216582654,https://img.kupi.cz/kupi/thumbs/tycinka-emco_170_340.jpg,2026-10-07T05:31:31+02:00
Billa,Sladkosti a slané snacky,714,Tyčinka Ledové kaštany Orion 45 g,tycinka_ledove_kastany_orion,15.9,,Kč,"35,33 Kč / 100 g",353.3,,False,,,platí do úterý 13. 10.,2026-10-07 - 2026-10-13,https://www.kupi.cz/letak/billa-velky-letak-292?page=16&map=216582738,https://img.kupi.cz/kupi/thumbs/ledove-kastany-orion-2_170_340.jpg,2026-10-07T05:31:29+02:00
Tesco,Sladkosti a slané snacky,2582,Tyčinka Milena Orion 32 g,tycinka_milena_orion,9.9,18.68,Kč,"30,94 Kč / 100 g",309.4,,True,Clubcard,9.9,-47% Clubcard platí do úterý 3. 11.,2026-10-07 - 2026-11-03,https://www.kupi.cz/letak/tesco-hypermarket-letak-370?page=8&map=216579408,https://img.kupi.cz/kupi/thumbs/tycinka-milena-orion_170_340.png,2026-10-07T05:32:14+02:00
Tesco,Sladkosti a slané snacky,487,Tyčinky Bohemia 160 g,tycinky_bohemia,29.9,43.33,Kč,"18,69 Kč / 100 g",186.9,,True,Clubcard,29.9,-31% Clubcard platí do úterý 20. 10.,2026-10-07 - 2026-10-20,https://www.kupi.cz/letak/tesco-hypermarket-letak-370?page=23&map=216580752,https://img.kupi.cz/kupi/thumbs/tycinky-bohemia_170_340.jpg,2026-10-07T05:32:14+02:00
Tesco,Sladkosti a slané snacky,111818,Tyčinky ovocné v čokoládě Orion 45 g,tycinky_ovocne_v_cokolade_orion,12.9,25.8,Kč,"28,67 Kč / 100 g",286.7,,True,Clubcard,12.9,-50% Clubcard platí do úterý 3. 11.,2026-10-07 - 2026-11-03,https://www.kupi.cz/letak/tesco-hypermarket-letak-370?page=8&map=216579405,https://img.kupi.cz/kupi/thumbs/tycinky-v-cokolade-orion_170_340.jpg,2026-10-07T05:32:16+02:00
Albert,Mléčné a chlazené,albert-583-27822326,Uni b&j banoffee pie 427ml,uni_b_j_banoffee_pie,139.9,243.0,Kč,139.9 Kč / 427 ml,,,False,,,,2026-10-07 - 2026-10-13,https://albertloyaltycz-albert-service-app-prod.delhaize.eu/public/content/leaflet/v3?storeId=583,,2026-10-07T05:30:53+02:00
Albert,Mléčné a chlazené,albert-583-27249833,Uni b&j choco.fudge brow.465ml,uni_b_j_choco_fudge_brow,139.9,243.0,Kč,139.9 Kč / 465 ml,,,False,,,,2026-10-07 - 2026-10-13,https://albertloyaltycz-albert-service-app-prod.delhaize.eu/public/content/leaflet/v3?storeId=583,,2026-10-07T05:30:53+02:00
Albert,Mléčné a chlazené,albert-583-28096412,Uni b&j churrifically ch.465ml,uni_b_j_churrifically_ch,139.9,243.0,Kč,139.9 Kč / 465 ml,,,False,,,,2026-10-07 - 2026-10-13,https://albertloyaltycz-albert-service-app-prod.delhaize.eu/public/content/leaflet/v3?storeId=583,,2026-10-07T05:30:53+02:00
Albert,Mléčné a chlazené,albert-583-27822333,Uni b&j dulce de-lish 427ml,uni_b_j_dulce_de_lish,139.9,243.0,Kč,139.9 Kč / 427 ml,,,False,,,,2026-10-07 - 2026-10-13,https://albertloyaltycz-albert-service-app-prod.delhaize.eu/public/content/leaflet/v3?storeId=583,,2026-10-07T05:30:53+02:00
Albert,Mléčné a chlazené,albert-583-27249857,Uni b&j half baked 465ml,uni_b_j_half_baked,139.9,243.0,Kč,139.9 Kč / 465 ml,,,False,,,,2026-10-07 - 2026-10-13,https://albertloyaltycz-albert-service-app-prod.delhaize.eu/public/content/leaflet/v3?storeId=583,,2026-10-07T05:30:53+02:00
Albert,Mléčné a chlazené,albert-583-27249864,Uni b&j karamel sultra 465ml,uni_b_j_karamel_sultra,139.9,243.0,Kč,139.9 Kč / 465 ml,,,False,,,,2026-10-07 - 2026-10-13,https://albertloyaltycz-albert-service-app-prod.delhaize.eu/public/content/leaflet/v3?storeId=583,,2026-10-07T05:30:53+02:00
Albert,Mléčné a chlazené,albert-583-27249901,Uni b&j peanut butter cup465ml,uni_b_j_peanut_butter_cup465ml,139.9,243.0,Kč,139.9 Kč / 465 ml,,,False,,,,2026-10-07 - 2026-10-13,https://albertloyaltycz-albert-service-app-prod.delhaize.eu/public/content/leaflet/v3?storeId=583,,2026-10-07T05:30:53+02:00
Albert,Mléčné a chlazené,albert-583-28096429,Uni b&j strawberry.dough.465ml,uni_b_j_strawberry_dough,139.9,243.0,Kč,139.9 Kč / 465 ml,,,False,,,,2026-10-07 - 2026-10-13,https://albertloyaltycz-albert-service-app-prod.delhaize.eu/public/content/leaflet/v3?storeId=583,,2026-10-07T05:30:53+02:00
Albert,Mléčné a chlazené,albert-583-28117087,Uni bonbon caramel 12x17ml 204 ml,uni_bonbon_caramel_12x17ml,109.9,149.9,Kč,109.9 Kč / 204 ml,,,False,,,,2026-10-07 - 2026-10-13,https://albertloyaltycz-albert-service-app-prod.delhaize.eu/public/content/leaflet/v3?storeId=583,,2026-10-07T05:30:53+02:00
Albert,Mléčné a chlazené,albert-583-28117094,Uni bonbon salt.caramel12x17ml 204 ml,uni_bonbon_salt_caramel12x17ml,109.9,149.9,Kč,109.9 Kč / 204 ml,,,False,,,,2026-10-07 - 2026-10-13,https://albertloyaltycz-albert-service-app-prod.delhaize.eu/public/content/leaflet/v3?storeId=583,,2026-10-07T05:30:53+02:00
Albert,Mléčné a chlazené,albert-583-27858325,Uni calip.max mix mp 525ml 0.52 l,uni_calip_max_mix_mp,109.9,139.9,Kč,109.9 Kč / 0.52 l,,,False,,,,2026-10-07 - 2026-10-13,https://albertloyaltycz-albert-service-app-prod.delhaize.eu/public/content/leaflet/v3?storeId=583,,2026-10-07T05:30:53+02:00
Albert,Mléčné a chlazené,albert-583-28021308,Uni cornetto chocolate 125ml,uni_cornetto_chocolate,25.9,39.9,Kč,25.9 Kč / 125 ml,,,False,,,,2026-10-07 - 2026-10-13,https://albertloyaltycz-albert-service-app-prod.delhaize.eu/public/content/leaflet/v3?storeId=583,,2026-10-07T05:30:53+02:00
Albert,Mléčné a chlazené,albert-583-27249628,Uni cornetto go! 110ml,uni_cornetto_go,34.9,43.9,Kč,34.9 Kč / 110 ml,,,False,,,,2026-10-07 - 2026-10-13,https://albertloyaltycz-albert-service-app-prod.delhaize.eu/public/content/leaflet/v3?storeId=583,,2026-10-07T05:30:53+02:00
Albert,Mléčné a chlazené,albert-583-27980415,Uni cornetto max mango 115 ml,uni_cornetto_max_mango,34.9,43.9,Kč,34.9 Kč / 115 ml,,,False,,,,2026-10-07 - 2026-10-13,https://albertloyaltycz-albert-service-app-prod.delhaize.eu/public/content/leaflet/v3?storeId=583,,2026-10-07T05:30:53+02:00
Albert,Mléčné a chlazené,albert-583-28128311,Uni magnum almond 440ml,uni_magnum_almond,99.9,199.0,Kč,99.9 Kč / 440 ml,,,False,,,,2026-10-07 - 2026-10-13,https://albertloyaltycz-albert-service-app-prod.delhaize.eu/public/content/leaflet/v3?storeId=583,,2026-10-07T05:30:53+02:00
Albert,Mléčné a chlazené,albert-583-28128328,Uni magnum gold caram.bil440ml,uni_magnum_gold_caram_bil440ml,99.9,199.0,Kč,99.9 Kč / 440 ml,,,False,,,,2026-10-07 - 2026-10-13,https://albertloyaltycz-albert-service-app-prod.delhaize.eu/public/content/leaflet/v3?storeId=583,,2026-10-07T05:30:53+02:00
Albert,Mléčné a chlazené,albert-583-28098195,Uni magnum hazelnut 440 ml,uni_magnum_hazelnut,99.9,199.0,Kč,99.9 Kč / 440 ml,,,False,,,,2026-10-07 - 2026-10-13,https://albertloyaltycz-albert-service-app-prod.delhaize.eu/public/content/leaflet/v3?storeId=583,,2026-10-07T05:30:53+02:00
Albert,Mléčné a chlazené,albert-583-28098157,Uni magnum la peche 3x90ml 270 ml,uni_magnum_la_peche_3x90ml,94.9,139.9,Kč,94.9 Kč / 270 ml,,,False,,,,2026-10-07 - 2026-10-13,https://albertloyaltycz-albert-service-app-prod.delhaize.eu/public/content/leaflet/v3?storeId=583,,2026-10-07T05:30:53+02:00
Albert,Mléčné a chlazené,albert-583-27836323,Uni magnum mini euphoria 330ml,uni_magnum_mini_euphoria,119.9,194.0,Kč,119.9 Kč / 330 ml,,,False,,,,2026-10-07 - 2026-10-13,https://albertloyaltycz-albert-service-app-prod.delhaize.eu/public/content/leaflet/v3?storeId=583,,2026-10-07T05:30:53+02:00
Albert,Mléčné a chlazené,albert-583-26930077,Uni magnum mini mp almon.330ml,uni_magnum_mini_mp_almon,119.9,194.0,Kč,119.9 Kč / 330 ml,,,False,,,,2026-10-07 - 2026-10-13,https://albertloyaltycz-albert-service-app-prod.delhaize.eu/public/content/leaflet/v3?storeId=583,,2026-10-07T05:30:53+02:00
Albert,Mléčné a chlazené,albert-583-27388945,Uni magnum mini mp caram.330ml 282 g,uni_magnum_mini_mp_caram,119.9,194.0,Kč,119.9 Kč / 282 g,425.18,,False,,,,2026-10-07 - 2026-10-13,https://albertloyaltycz-albert-service-app-prod.delhaize.eu/public/content/leaflet/v3?storeId=583,,2026-10-07T05:30:53+02:00
Albert,Mléčné a chlazené,albert-583-26930060,Uni magnum mini mp w.alm.330ml,uni_magnum_mini_mp_w_alm,119.9,194.0,Kč,119.9 Kč / 330 ml,,,False,,,,2026-10-07 - 2026-10-13,https://albertloyaltycz-albert-service-app-prod.delhaize.eu/public/content/leaflet/v3?storeId=583,,2026-10-07T05:30:53+02:00
Albert,Mléčné a chlazené,albert-583-28098201,Uni magnum pistachio 440ml,uni_magnum_pistachio,99.9,199.0,Kč,99.9 Kč / 440 ml,,,False,,,,2026-10-07 - 2026-10-13,https://albertloyaltycz-albert-service-app-prod.delhaize.eu/public/content/leaflet/v3?storeId=583,,2026-10-07T05:30:53+02:00
Albert,Mléčné a chlazené,albert-583-28098164,Uni magnum salted caram.440ml,uni_magnum_salted_caram,99.9,199.0,Kč,99.9 Kč / 440 ml,,,False,,,,2026-10-07 - 2026-10-13,https://albertloyaltycz-albert-service-app-prod.delhaize.eu/public/content/leaflet/v3?storeId=583,,2026-10-07T05:30:53+02:00
Albert,Mléčné a chlazené,albert-583-28117131,Uni minecraft 4x75ml 300 ml,uni_minecraft_4x75ml,74.9,114.9,Kč,74.9 Kč / 300 ml,,,False,,,,2026-10-07 - 2026-10-13,https://albertloyaltycz-albert-service-app-prod.delhaize.eu/public/content/leaflet/v3?storeId=583,,2026-10-07T05:30:53+02:00
Albert,Mléčné a chlazené,albert-583-27725597,Uni míša ovocný mp 6x55ml 330 ml,uni_misa_ovocny_mp_6x55ml,89.9,109.9,Kč,89.9 Kč / 330 ml,,,False,,,,2026-10-07 - 2026-10-13,https://albertloyaltycz-albert-service-app-prod.delhaize.eu/public/content/leaflet/v3?storeId=583,,2026-10-07T05:30:53+02:00
Albert,Mléčné a chlazené,albert-583-27980330,Uni nogger mix 6x90 ml 0.54 l,uni_nogger_mix_6x90_ml,124.9,169.0,Kč,124.9 Kč / 0.54 l,,,False,,,,2026-10-07 - 2026-10-13,https://albertloyaltycz-albert-service-app-prod.delhaize.eu/public/content/leaflet/v3?storeId=583,,2026-10-07T05:30:53+02:00
Tesco,Lahůdky,14646,Utopenci Lahůdky Palma 500 g,utopenci_lahudky_palma,59.9,85.57,Kč,"11,98 Kč / 100 g",119.8,,True,Clubcard,59.9,-30% Clubcard platí do úterý 13. 10.,2026-10-07 - 2026-10-13,https://www.kupi.cz/letak/tesco-hypermarket-letak-370?page=18&map=216580494,https://img.kupi.cz/kupi/thumbs/utopenci-palma_170_340.jpg,2026-10-07T05:31:59+02:00
Tesco,Lahůdky,972,Utopenci Viva 1550 g,utopenci_viva,139.9,218.59,Kč,"9,03 Kč / 100 g",90.3,,True,Clubcard,139.9,-36% Clubcard platí do úterý 27. 10.,2026-10-07 - 2026-10-27,https://www.kupi.cz/letak/tesco-hypermarket-znacky-ktere-mate-radi-2?page=12&map=215327085,https://img.kupi.cz/kupi/thumbs/utopenci-viva-carne_170_340.jpg,2026-10-07T05:31:59+02:00
Billa,"Maso, uzeniny a ryby",1685,Uzená rolovaná plec 0.1 kg,uzena_rolovana_plec,16.9,19.88,Kč,"169,00 Kč / 1 kg",169.0,,False,,,-15% čt 8. 10. – ne 11. 10.,2026-10-08 - 2026-10-11,https://www.kupi.cz/letak/billa-maly-letak-721?page=7&map=216583782,https://img.kupi.cz/kupi/thumbs/uzena-rolovana-plec_170_340.png,2026-10-07T05:31:08+02:00
Albert,Uzeniny a lahůdky,albert-583-20402082,Uzená slanina 100 g,uzena_slanina,18.9,23.9,Kč,18.9 Kč / 100 g,189.0,,False,,,-20%,2026-10-07 - 2026-10-13,https://albertloyaltycz-albert-service-app-prod.delhaize.eu/public/content/leaflet/v3?storeId=583,,2026-10-07T05:30:53+02:00
Tesco,"Maso, uzeniny a ryby",381952,Uzeniny Italské selection Tesco Finest 100 g,uzeniny_italske_selection_finest,99.9,124.88,Kč,"99,90 Kč / 100 g",999.0,,True,Clubcard,99.9,-20% Clubcard platí do úterý 13. 10.,2026-10-07 - 2026-10-13,https://www.kupi.cz/letak/tesco-hypermarket-letak-370?page=21&map=216580686,https://www.kupi.cz/img/no_img/no_discounts.png,2026-10-07T05:31:57+02:00
Albert,Trvanlivé,albert-583-20296827,Vanilínový cukr 20g,vanilinovy_cukr,4.9,5.9,Kč,4.9 Kč / 20 g,245.0,,False,,,-16%,2026-10-07 - 2026-10-13,https://albertloyaltycz-albert-service-app-prod.delhaize.eu/public/content/leaflet/v3?storeId=583,,2026-10-07T05:30:53+02:00
Tesco,Vaření a pečení,4947,Vanilínový cukr Vitana 20 g,vanilinovy_cukr_vitana,14.9,16.74,Kč,"14,90 Kč / 100 g",745.0,,True,Clubcard,14.9,-11% Clubcard platí do úterý 20. 10.,2026-10-07 - 2026-10-20,https://www.kupi.cz/letak/tesco-hypermarket-znacky-ktere-mate-radi-2?page=14&map=215327244,https://img.kupi.cz/kupi/thumbs/vanilinovy-cukr-vitana_170_340.jpg,2026-10-07T05:32:12+02:00
Tesco,Vaření a pečení,542007,Vanilkový cukr Cassonade 0.1 kg,vanilkovy_cukr_cassonade,49.9,79.21,Kč,"499,00 Kč / 1 kg",499.0,,True,Clubcard,49.9,-37% Clubcard platí do úterý 20. 10.,2026-10-07 - 2026-10-20,https://www.kupi.cz/letak/tesco-hypermarket-letak-370?page=20&map=216580602,https://img.kupi.cz/kupi/thumbs/vanilkovy-cukr-cassonade_170_340.jpg,2026-10-07T05:32:13+02:00
Billa,Vaření a pečení,3412,Vanilkový cukr Dr. Oetker 8 g,vanilkovy_cukr_dr_oetker,6.9,,Kč,"86,25 Kč / 100 g",862.5,,False,,,platí do úterý 13. 10.,2026-10-07 - 2026-10-13,https://www.kupi.cz/letak/billa-velky-letak-292?page=16&map=216582723,https://img.kupi.cz/kupi/thumbs/vanilkovy-cukr-dr-oetker_170_340.jpg,2026-10-07T05:31:24+02:00
Tesco,Vaření a pečení,48790,Vanilkový cukr Vitana 10 g,vanilkovy_cukr_vitana,7.9,14.36,Kč,"79,00 Kč / 100 g",790.0,,True,Clubcard,7.9,-45% Clubcard platí do úterý 20. 10.,2026-10-07 - 2026-10-20,https://www.kupi.cz/letak/tesco-hypermarket-znacky-ktere-mate-radi-2?page=14&map=215327238,https://img.kupi.cz/kupi/thumbs/vanilkovy-cukr-vitana-1_170_340.jpg,2026-10-07T05:32:12+02:00
Billa,Pečivo,21551,Vánočka Ölz 500 g,vanocka_olz,49.9,67.43,Kč,"9,98 Kč / 100 g",99.8,,True,Billa Club,49.9,-26% Billa Club platí do úterý 13. 10.,2026-10-07 - 2026-10-13,https://www.kupi.cz/letak/billa-velky-letak-292?page=10&map=216582555,https://img.kupi.cz/kupi/thumbs/vanocka-olz_170_340.jpg,2026-10-07T05:30:59+02:00
Billa,Pečivo,69452,Večerní pečivo 75 g,vecerni_pecivo,12.9,14.83,Kč,"17,20 Kč / 100 g",172.0,,True,Billa Club,12.9,-13% Billa Club platí do úterý 13. 10.,2026-10-07 - 2026-10-13,https://www.kupi.cz/letak/billa-velky-letak-292?page=10&map=216582543,https://img.kupi.cz/kupi/thumbs/vecerni-pecivo_170_340.jpg,2026-10-07T05:30:59+02:00
Billa,Mléčné výrobky a vejce,12697,Vejce z podestýlky M 30 ks,vejce_z_podestylky_m,78.9,143.45,Kč,"2,63 Kč / 1 ks",,2.63,True,Billa Club,78.9,-45% Billa Club v pá 9. 10.,2026-10-07 - 2026-10-09,https://www.kupi.cz/letak/billa-velky-letak-292?map=216582009,https://img.kupi.cz/kupi/thumbs/vejce-z-podestylky-m-2_170_340.jpg,2026-10-07T05:31:01+02:00
Albert,Mléčné a chlazené,albert-583-27908181,Albert vejce z podestýlky velikost M 30 ks,vejce_z_podestylky_velikost_m,89.9,159.0,Kč,89.9 Kč / 30 ks,,3.0,False,,,-43%,2026-10-07 - 2026-10-13,https://albertloyaltycz-albert-service-app-prod.delhaize.eu/public/content/leaflet/v3?storeId=583,https://albertloyaltycz-albert-service-app-prod.delhaize.eu/public/minio/images-products/27908181,2026-10-07T05:30:53+02:00
Albert,Nápoje,albert-583-27717431,Velkopopovický Kozel polotmavý nealko. 0.5 l,velkopopovicky_kozel_polotmavy_nealko,17.9,22.9,Kč,17.9 Kč / 0.5 l,,,False,,,,2026-10-07 - 2026-10-13,https://albertloyaltycz-albert-service-app-prod.delhaize.eu/public/content/leaflet/v3?storeId=583,https://albertloyaltycz-albert-service-app-prod.delhaize.eu/public/minio/images-products/27717431,2026-10-07T05:30:53+02:00
Albert,Nápoje,albert-583-25367331,Velkopopovický Kozel světlý výčepní 10 3 l,velkopopovicky_kozel_svetly_vycepni,94.9,147.0,Kč,94.9 Kč / 3 l,,,False,,,,2026-10-07 - 2026-10-13,https://albertloyaltycz-albert-service-app-prod.delhaize.eu/public/content/leaflet/v3?storeId=583,https://albertloyaltycz-albert-service-app-prod.delhaize.eu/public/minio/images-products/25367331,2026-10-07T05:30:53+02:00
Albert,Maso a ryby,albert-583-26334523,Vepř.krkovice bez k. vcelku mv 1 kg,vepr_krkovice_bez_k_vcelku_mv,74.9,199.0,Kč,74.9 Kč / 1 kg,74.9,,False,,,-62%,2026-10-07 - 2026-10-13,https://albertloyaltycz-albert-service-app-prod.delhaize.eu/public/content/leaflet/v3?storeId=583,,2026-10-07T05:30:53+02:00
Albert,Trvanlivé,albert-583-20787059,Vepř.m.vl.šť.hamé 400/240g hjk 240 g,vepr_m_vl_st_hame_hjk,59.9,89.9,Kč,59.9 Kč / 240 g,249.58,,False,,,,2026-10-07 - 2026-10-13,https://albertloyaltycz-albert-service-app-prod.delhaize.eu/public/content/leaflet/v3?storeId=583,,2026-10-07T05:30:53+02:00
Albert,Maso a ryby,albert-583-26277165,Vepřová kotleta s kostí plátky 1 kg,veprova_kotleta_s_kosti_platky,119.9,189.0,Kč,119.9 Kč / 1 kg,119.9,,False,,,-36%,2026-10-07 - 2026-10-13,https://albertloyaltycz-albert-service-app-prod.delhaize.eu/public/content/leaflet/v3?storeId=583,https://albertloyaltycz-albert-service-app-prod.delhaize.eu/public/minio/images-products/26277165,2026-10-07T05:30:53+02:00
Tesco,"Maso, uzeniny a ryby",13165,Vepřová krkovice bez kosti Tesco 0.4 kg,veprova_krkovice_bez_kosti,64.9,87.7,Kč,"162,25 Kč / 1 kg",162.25,,True,Clubcard,64.9,-26% Clubcard platí do úterý 13. 10.,2026-10-07 - 2026-10-13,https://www.kupi.cz/letak/tesco-supermarket-letak-416?page=4&map=216253068,https://img.kupi.cz/kupi/thumbs/veprova-krkovice-bez-kosti-tesco_170_340.png,2026-10-07T05:31:55+02:00
Albert,Maso a ryby,albert-583-22840011,Vepřová krkovice bez kosti v celku 1 kg,veprova_krkovice_bez_kosti_v_celku,74.9,199.0,Kč,74.9 Kč / 1 kg,74.9,,False,,,-62%,2026-10-07 - 2026-10-13,https://albertloyaltycz-albert-service-app-prod.delhaize.eu/public/content/leaflet/v3?storeId=583,https://albertloyaltycz-albert-service-app-prod.delhaize.eu/public/minio/images-products/22840011,2026-10-07T05:30:53+02:00
Billa,"Maso, uzeniny a ryby",24503,Vepřová krkovice bez kosti Vocílka 0.6 kg,veprova_krkovice_bez_kosti_vocilka,139.9,199.86,Kč,"233,17 Kč / 1 kg",233.17,,False,,,-30% platí do úterý 13. 10.,2026-10-07 - 2026-10-13,https://www.kupi.cz/letak/billa-velky-letak-292?page=3&map=216582450,https://img.kupi.cz/kupi/thumbs/veprova-krkovice-bez-kosti-vocilka_170_340.png,2026-10-07T05:31:08+02:00
Billa,"Maso, uzeniny a ryby",91844,Vepřová kýta bez kosti Vocílka 1 kg,veprova_kyta_bez_kosti_vocilka,119.9,196.56,Kč,"119,90 Kč / 1 kg",119.9,,False,,,-39% platí do úterý 13. 10.,2026-10-07 - 2026-10-13,https://www.kupi.cz/letak/billa-velky-letak-292?page=3&map=216582456,https://img.kupi.cz/kupi/thumbs/veprova-kyta-bez-kosti-vocilka_170_340.png,2026-10-07T05:31:08+02:00
Albert,Maso a ryby,albert-583-22840271,Vepřová panenská svíčková 1 kg,veprova_panenska_svickova,129.9,279.0,Kč,129.9 Kč / 1 kg,129.9,,False,,,-53%,2026-10-07 - 2026-10-13,https://albertloyaltycz-albert-service-app-prod.delhaize.eu/public/content/leaflet/v3?storeId=583,https://albertloyaltycz-albert-service-app-prod.delhaize.eu/public/minio/images-products/22840271,2026-10-07T05:30:53+02:00
Tesco,"Maso, uzeniny a ryby",585,Vepřová pečeně bez kosti 1 kg,veprova_pecene_bez_kosti,74.9,197.11,Kč,"74,90 Kč / 1 kg",74.9,,False,,,-62% platí do úterý 13. 10.,2026-10-07 - 2026-10-13,https://www.kupi.cz/letak/tesco-hypermarket-letak-370?map=216577380,https://img.kupi.cz/kupi/thumbs/veprova-pecene-bez-kosti-1_170_340.jpg,2026-10-07T05:31:55+02:00
Tesco,"Maso, uzeniny a ryby",25119,Vepřová pečeně bez kosti Tesco 1 kg,veprova_pecene_bez_kosti,74.9,197.11,Kč,"74,90 Kč / 1 kg",74.9,,False,,,-62% platí do úterý 13. 10.,2026-10-07 - 2026-10-13,https://www.kupi.cz/letak/tesco-supermarket-letak-416?map=216252690,https://img.kupi.cz/kupi/thumbs/veprova-pecene-bez-kosti-tesco_170_340.png,2026-10-07T05:31:55+02:00
Billa,"Maso, uzeniny a ryby",2122,Vepřová pečeně s kostí Vocílka 1 kg,veprova_pecene_s_kosti_vocilka,119.9,218.0,Kč,"119,90 Kč / 1 kg",119.9,,False,,,-45% platí do úterý 13. 10.,2026-10-07 - 2026-10-13,https://www.kupi.cz/letak/billa-velky-letak-292?page=3&map=216582459,https://img.kupi.cz/kupi/thumbs/veprova-pecene-s-kosti-vocilka_170_340.png,2026-10-07T05:31:08+02:00
Billa,"Maso, uzeniny a ryby",784,Vepřová plec bez kosti 1 kg,veprova_plec_bez_kosti,49.9,146.76,Kč,"49,90 Kč / 1 kg",49.9,,False,,,-66% platí do úterý 13. 10.,2026-10-07 - 2026-10-13,https://www.kupi.cz/letak/billa-velky-letak-292?map=216581970,https://img.kupi.cz/kupi/thumbs/veprova-plec-bez-kosti-1_170_340.jpg,2026-10-07T05:31:08+02:00
Albert,Uzeniny a lahůdky,albert-583-24977227,Vepřová šunka dušená idema 100 g,veprova_sunka_dusena_idema,16.9,24.9,Kč,16.9 Kč / 100 g,169.0,,False,,,-32%,2026-10-07 - 2026-10-13,https://albertloyaltycz-albert-service-app-prod.delhaize.eu/public/content/leaflet/v3?storeId=583,,2026-10-07T05:30:53+02:00
Tesco,"Maso, uzeniny a ryby",434928,Vepřové párky Kostelecké uzeniny 1000 g,veprove_parky_kostelecke_uzeniny,119.9,168.87,Kč,"11,99 Kč / 100 g",119.9,,True,Clubcard,119.9,-29% Clubcard platí do úterý 3. 11.,2026-10-07 - 2026-11-03,https://www.kupi.cz/letak/tesco-hypermarket-letak-370?page=16&map=216580341,https://img.kupi.cz/kupi/thumbs/veprove-parky-kostelecke-uzeniny-1_170_340.png,2026-10-07T05:31:57+02:00
Tesco,Lahůdky,331156,Vepřové trhané maso sous vide Krahulík 0.3 kg,veprove_trhane_maso_sous_vide_krahulik,69.9,84.22,Kč,"233,00 Kč / 1 kg",233.0,,True,Clubcard,69.9,-17% Clubcard platí do úterý 13. 10.,2026-10-07 - 2026-10-13,https://www.kupi.cz/letak/tesco-hypermarket-letak-370?page=13&map=216580242,https://img.kupi.cz/kupi/thumbs/veprove-trhane-maso-sous-vide-krahulik-1_170_340.jpg,2026-10-07T05:31:59+02:00
Albert,Trvanlivé,albert-583-23614994,Vi Huong instatní nudle bezvaječné těstoviny 300 g,vi_huong_instatni_nudle_bezvajecne_testoviny,39.9,55.9,Kč,39.9 Kč / 300 g,133.0,,False,,,,2026-10-07 - 2026-10-13,https://albertloyaltycz-albert-service-app-prod.delhaize.eu/public/content/leaflet/v3?storeId=583,https://albertloyaltycz-albert-service-app-prod.delhaize.eu/public/minio/images-products/23614994,2026-10-07T05:30:53+02:00
Albert,Uzeniny a lahůdky,albert-583-25336061,Vídeň.minipárečky se sýr.200g,viden_miniparecky_se_syr,62.9,74.9,Kč,62.9 Kč / 200 g,314.5,,False,,,-16%,2026-10-07 - 2026-10-13,https://albertloyaltycz-albert-service-app-prod.delhaize.eu/public/content/leaflet/v3?storeId=583,,2026-10-07T05:30:53+02:00
Albert,Uzeniny a lahůdky,albert-583-24557856,Vídeňské minipárečky 200g,videnske_miniparecky,62.9,74.9,Kč,62.9 Kč / 200 g,314.5,,False,,,-16%,2026-10-07 - 2026-10-13,https://albertloyaltycz-albert-service-app-prod.delhaize.eu/public/content/leaflet/v3?storeId=583,,2026-10-07T05:30:53+02:00
Billa,Alkohol,5027,Vína Brise de France 0.75 l,vina_brise_de_france,109.9,,Kč,"146,53 Kč / 1 l",,,False,,,platí do úterý 13. 10.,2026-10-07 - 2026-10-13,https://www.kupi.cz/letak/billa-velky-letak-292?page=28&map=216583092,https://img.kupi.cz/kupi/thumbs/vina-brise-de-france_170_340.jpg,2026-10-07T05:31:36+02:00
Tesco,Alkohol,343108,Vína Caleo 0.75 l,vina_caleo,129.9,149.31,Kč,"173,20 Kč / 1 l",,,True,Clubcard,129.9,-13% Clubcard platí do úterý 27. 10.,2026-10-07 - 2026-10-27,https://www.kupi.cz/letaky/tesco,https://www.kupi.cz/img/no_img/no_discounts.png,2026-10-07T05:32:26+02:00
Tesco,Alkohol,7978,Vína Cellarium Bisencii Zámecké vinařství Bzenec 0.75 l,vina_cellarium_bisencii_zamecke_vinarstvi_bzenec,69.9,99.86,Kč,"93,20 Kč / 1 l",,,True,Clubcard,69.9,-30% Clubcard platí do úterý 20. 10.,2026-10-07 - 2026-10-20,https://www.kupi.cz/letak/tesco-hypermarket-letak-370?page=10&map=216580107,https://img.kupi.cz/kupi/thumbs/vina-cellarium-bisencii-zamecke-vinarstvi-bzenec-1_170_340.jpg,2026-10-07T05:32:26+02:00
Billa,Alkohol,271433,Vína Collection Zámecké vinařství Bzenec 0.75 l,vina_collection_zamecke_vinarstvi_bzenec,79.9,,Kč,"106,53 Kč / 1 l",,,False,,,platí do úterý 13. 10.,2026-10-07 - 2026-10-13,https://www.kupi.cz/letak/billa-velky-letak-292?page=28&map=216583083,https://img.kupi.cz/kupi/thumbs/vina-collection-zamecke-vinarstvi-bzenec_170_340.jpg,2026-10-07T05:31:37+02:00
Billa,Alkohol,113558,Vína Eminhof Diana Moravia - přívlastková 0.75 l,vina_eminhof_diana_moravia_privlastkova,109.9,,Kč,"146,53 Kč / 1 l",,,False,,,platí do úterý 13. 10.,2026-10-07 - 2026-10-13,https://www.kupi.cz/letak/billa-velky-letak-292?page=29&map=216583131,https://img.kupi.cz/kupi/thumbs/vino-eminhof-diana-moravia-privlastkove_170_340.jpg,2026-10-07T05:31:36+02:00
Tesco,Alkohol,358165,Vína Frizzante Vinium Velké Pavlovice 0.25 l,vina_frizzante_vinium_velke_pavlovice,36.9,49.86,Kč,"147,60 Kč / 1 l",,,True,Clubcard,36.9,-26% Clubcard platí do neděle 25. 10.,2026-10-07 - 2026-10-25,https://www.kupi.cz/letaky/tesco,https://img.kupi.cz/kupi/thumbs/vina-frizzante-vinium-velke-pavlovice_170_340.jpg,2026-10-07T05:32:26+02:00
Tesco,Alkohol,10780,Vína Habánské sklepy 0.75 l,vina_habanske_sklepy,89.9,119.87,Kč,"119,87 Kč / 1 l",,,True,Clubcard,89.9,-25% Clubcard platí do úterý 20. 10.,2026-10-07 - 2026-10-20,https://www.kupi.cz/letak/tesco-hypermarket-letak-370?page=23&map=216580818,https://img.kupi.cz/kupi/thumbs/vino-habanske-sklepy_170_340.jpg,2026-10-07T05:32:23+02:00
Tesco,Alkohol,23110,Vína Kazayak 0.75 l,vina_kazayak,74.9,99.87,Kč,"99,87 Kč / 1 l",,,True,Clubcard,74.9,-25% Clubcard platí do úterý 27. 10.,2026-10-07 - 2026-10-27,https://www.kupi.cz/letaky/tesco,https://img.kupi.cz/kupi/thumbs/vino-kazayak-rezerva_170_340.jpg,2026-10-07T05:32:26+02:00
Billa,Alkohol,535329,Vína Les Ormes de Cambras 0.75 l,vina_les_ormes_de_cambras,109.9,,Kč,"146,53 Kč / 1 l",,,False,,,platí do úterý 13. 10.,2026-10-07 - 2026-10-13,https://www.kupi.cz/letak/billa-velky-letak-292?page=28&map=216583101,https://img.kupi.cz/kupi/thumbs/vina-les-ormes-de-cambras_170_340.jpg,2026-10-07T05:31:37+02:00
Billa,Alkohol,87149,Vína Maison Castel 0.75 l,vina_maison_castel,139.9,,Kč,"186,53 Kč / 1 l",,,False,,,platí do úterý 13. 10.,2026-10-07 - 2026-10-13,https://www.kupi.cz/letak/billa-velky-letak-292?page=28&map=216583107,https://img.kupi.cz/kupi/thumbs/vina-maison-castel_170_340.jpg,2026-10-07T05:31:37+02:00
Tesco,Alkohol,1564,Vína Motýl Víno Mikulov 0.75 l,vina_motyl_vino_mikulov,79.9,119.25,Kč,"106,53 Kč / 1 l",,,True,Clubcard,79.9,-33% Clubcard platí do úterý 27. 10.,2026-10-07 - 2026-10-27,https://www.kupi.cz/letaky/tesco,https://img.kupi.cz/kupi/thumbs/vina-motyl-vino-mikulov-1_170_340.jpg,2026-10-07T05:32:24+02:00
Billa,Alkohol,16280,Vína Paul Mas 0.75 l,vina_paul_mas,149.9,,Kč,"199,87 Kč / 1 l",,,False,,,platí do úterý 13. 10.,2026-10-07 - 2026-10-13,https://www.kupi.cz/letak/billa-velky-letak-292?page=28&map=216583098,https://img.kupi.cz/kupi/thumbs/vino-paul-mas_170_340.jpg,2026-10-07T05:31:36+02:00
Billa,Alkohol,28663,Vína Reserve B&G 0.75 l,vina_reserve_b_g,149.9,,Kč,"199,87 Kč / 1 l",,,False,,,platí do úterý 13. 10.,2026-10-07 - 2026-10-13,https://www.kupi.cz/letak/billa-velky-letak-292?page=28&map=216583104,https://img.kupi.cz/kupi/thumbs/vino-bg-reserve_170_340.jpg,2026-10-07T05:31:37+02:00
Albert,Nápoje,albert-583-22635167,Viňa Tarapacá Merlot 0.75 l,vina_tarapaca_merlot,109.9,209.0,Kč,109.9 Kč / 0.75 l,,,False,,,,2026-10-07 - 2026-10-13,https://albertloyaltycz-albert-service-app-prod.delhaize.eu/public/content/leaflet/v3?storeId=583,https://albertloyaltycz-albert-service-app-prod.delhaize.eu/public/minio/images-products/22635167,2026-10-07T05:30:53+02:00
Albert,Nápoje,albert-583-23743328,Viňa Tarapacá Reserva Carmenére 0.75 l,vina_tarapaca_reserva_carmenere,179.0,279.0,Kč,179 Kč / 0.75 l,,,False,,,,2026-10-07 - 2026-10-13,https://albertloyaltycz-albert-service-app-prod.delhaize.eu/public/content/leaflet/v3?storeId=583,https://albertloyaltycz-albert-service-app-prod.delhaize.eu/public/minio/images-products/23743328,2026-10-07T05:30:53+02:00
Billa,Alkohol,4104,Vína Templářské sklepy Čejkovice 0.75 l,vina_templarske_sklepy_cejkovice,79.9,,Kč,"106,53 Kč / 1 l",,,False,,,platí do úterý 13. 10.,2026-10-07 - 2026-10-13,https://www.kupi.cz/letak/billa-velky-letak-292?page=30&map=216583191,https://img.kupi.cz/kupi/thumbs/vina-templarske-sklepy-cejkovice_170_340.png,2026-10-07T05:31:35+02:00
Billa,Alkohol,23097,Vína Templářské sklepy Čejkovice - pozdní sběr 0.75 l,vina_templarske_sklepy_cejkovice_pozdni_sber,129.9,,Kč,"173,20 Kč / 1 l",,,False,,,platí do úterý 13. 10.,2026-10-07 - 2026-10-13,https://www.kupi.cz/letak/billa-velky-letak-292?page=29&map=216583128,https://img.kupi.cz/kupi/thumbs/vina-templarske-sklepy-cejkovice-pozdni-sber_170_340.png,2026-10-07T05:31:36+02:00
Tesco,Alkohol,483759,Vína Valley Taparoo 0.75 l,vina_valley_taparoo,64.9,79.15,Kč,"86,53 Kč / 1 l",,,True,Clubcard,64.9,-18% Clubcard platí do úterý 27. 10.,2026-10-07 - 2026-10-27,https://www.kupi.cz/letaky/tesco,https://img.kupi.cz/kupi/thumbs/vina-valley-taparoo_170_340.jpg,2026-10-07T05:32:27+02:00
Tesco,Alkohol,13626,Vína Viňa Tarapaca 0.75 l,vina_vina_tarapaca,99.9,109.78,Kč,"133,20 Kč / 1 l",,,False,,,-9% platí do úterý 13. 10.,2026-10-07 - 2026-10-13,https://www.kupi.cz/letak/tesco-supermarket-letak-416?page=2&map=216252822,https://img.kupi.cz/kupi/thumbs/vina-vina-tarapaca_170_340.jpg,2026-10-07T05:32:23+02:00
Tesco,Alkohol,5598,Vína Vinný sklep Sovín 0.75 l,vina_vinny_sklep_sovin,69.9,99.86,Kč,"93,20 Kč / 1 l",,,True,Clubcard,69.9,-30% Clubcard platí do úterý 13. 10.,2026-10-07 - 2026-10-13,https://www.kupi.cz/letaky/tesco,https://img.kupi.cz/kupi/thumbs/vino-sovin_170_340.gif,2026-10-07T05:32:26+02:00
Billa,Alkohol,352090,Vína Víno Mikulov - přívlastková 0.75 l,vina_vino_mikulov_privlastkova,99.9,,Kč,"133,20 Kč / 1 l",,,False,,,platí do úterý 13. 10.,2026-10-07 - 2026-10-13,https://www.kupi.cz/letak/billa-velky-letak-292?page=29&map=216583134,https://img.kupi.cz/kupi/thumbs/vina-vino-mikulov-privlastkova_170_340.jpg,2026-10-07T05:31:37+02:00
Billa,Alkohol,588147,Vína VR Hardys 0.75 l,vina_vr_hardys,89.9,,Kč,"119,87 Kč / 1 l",,,False,,,platí do úterý 13. 10.,2026-10-07 - 2026-10-13,https://www.kupi.cz/letak/billa-velky-letak-292?page=28&map=216583113,https://img.kupi.cz/kupi/thumbs/vina-vr-hardys_170_340.jpg,2026-10-07T05:31:38+02:00
Billa,Alkohol,529095,Vína z Chile Cono Sur 0.75 l,vina_z_chile_cono_sur,119.9,,Kč,"159,87 Kč / 1 l",,,False,,,platí do úterý 13. 10.,2026-10-07 - 2026-10-13,https://www.kupi.cz/letak/billa-velky-letak-292?page=28&map=216583095,https://img.kupi.cz/kupi/thumbs/vina-z-chile-cono-sur_170_340.png,2026-10-07T05:31:38+02:00
Billa,Alkohol,106700,Vína Zlomek&Vávra 0.75 l,vina_zlomek_vavra,199.9,,Kč,"266,53 Kč / 1 l",,,False,,,platí do úterý 13. 10.,2026-10-07 - 2026-10-13,https://www.kupi.cz/letak/billa-velky-letak-292?page=29&map=216583119,https://img.kupi.cz/kupi/thumbs/vina-zlomek-vavra_170_340.png,2026-10-07T05:31:37+02:00
Tesco,Alkohol,578016,Vinný nápoj Hugo Lafi 0.75 l,vinny_napoj_hugo_lafi,64.9,79.15,Kč,"86,53 Kč / 1 l",,,True,Clubcard,64.9,-18% Clubcard platí do úterý 27. 10.,2026-10-07 - 2026-10-27,https://www.kupi.cz/letaky/tesco,https://www.kupi.cz/img/no_img/no_discounts.png,2026-10-07T05:32:27+02:00
Billa,Alkohol,176542,Víno Cabernet Sauvignon Reserva Viňa Tarapaca 0.75 l,vino_cabernet_sauvignon_reserva_vina_tarapaca,179.9,,Kč,"239,87 Kč / 1 l",,,False,,,platí do úterý 13. 10.,2026-10-07 - 2026-10-13,https://www.kupi.cz/letak/billa-velky-letak-292?page=28&map=216583089,https://img.kupi.cz/kupi/thumbs/vino-cabernet-sauvignon-reserva-vina-tarapaca_170_340.jpg,2026-10-07T05:31:36+02:00
Billa,Alkohol,467993,Víno Chardonnay Sol Vineus 0.75 l,vino_chardonnay_sol_vineus,79.9,,Kč,"106,53 Kč / 1 l",,,False,,,platí do úterý 20. 10.,2026-10-07 - 2026-10-20,https://www.kupi.cz/letak/billa-letak-italie-u-vas-doma?page=15&map=215641725,https://img.kupi.cz/kupi/thumbs/vino-chardonnay-sol-vineus_170_340.png,2026-10-07T05:31:37+02:00
Billa,Alkohol,40524,Víno Chardonnay Vinium Classique Velké Pavlovice 0.75 l,vino_chardonnay_vinium_classique_velke_pavlovice,69.9,,Kč,"93,20 Kč / 1 l",,,False,,,platí do úterý 13. 10.,2026-10-07 - 2026-10-13,https://www.kupi.cz/letak/billa-velky-letak-292?page=29&map=216583122,https://img.kupi.cz/kupi/thumbs/vino-chardonnay-classique-vinium-velke-pavlovice_170_340.jpg,2026-10-07T05:31:36+02:00
Billa,Alkohol,15655,Víno Condor Peak 0.75 l,vino_condor_peak,99.9,,Kč,"133,20 Kč / 1 l",,,False,,,platí do úterý 13. 10.,2026-10-07 - 2026-10-13,https://www.kupi.cz/letak/billa-velky-letak-292?page=28&map=216583110,https://img.kupi.cz/kupi/thumbs/vino-condor-peak_170_340.png,2026-10-07T05:31:37+02:00
Billa,Alkohol,56708,Víno Egri 0.75 l,vino_egri,79.9,,Kč,"106,53 Kč / 1 l",,,False,,,platí do úterý 13. 10.,2026-10-07 - 2026-10-13,https://www.kupi.cz/letak/billa-velky-letak-292?page=29&map=216583125,https://img.kupi.cz/kupi/thumbs/vino-egri_170_340.png,2026-10-07T05:31:37+02:00
Tesco,Alkohol,584859,Víno Frizzante Vineyards 0.2 l,vino_frizzante_vineyards,19.9,29.7,Kč,"99,50 Kč / 1 l",,,True,Clubcard,19.9,-33% Clubcard platí do neděle 25. 10.,2026-10-07 - 2026-10-25,https://www.kupi.cz/letaky/tesco,https://img.kupi.cz/kupi/thumbs/vino-frizzante-vineyards_170_340.jpg,2026-10-07T05:32:26+02:00
Tesco,Alkohol,583173,Víno Grillo Tesco Finest 0.75 l,vino_grillo_finest,149.9,199.87,Kč,"199,87 Kč / 1 l",,,True,Clubcard,149.9,-25% Clubcard platí do úterý 27. 10.,2026-10-07 - 2026-10-27,https://www.kupi.cz/letaky/tesco,https://www.kupi.cz/img/no_img/no_discounts.png,2026-10-07T05:32:27+02:00
Billa,Alkohol,513921,Víno Merlot rose Sol Vineus 0.75 l,vino_merlot_rose_sol_vineus,79.9,,Kč,"106,53 Kč / 1 l",,,False,,,platí do úterý 20. 10.,2026-10-07 - 2026-10-20,https://www.kupi.cz/letak/billa-letak-italie-u-vas-doma?page=15&map=215641728,https://img.kupi.cz/kupi/thumbs/vino-merlot-rose-sol-vineus_170_340.jpg,2026-10-07T05:31:38+02:00
Billa,Alkohol,588138,Víno Monsieur Plumage 0.75 l,vino_monsieur_plumage,129.9,,Kč,"173,20 Kč / 1 l",,,False,,,platí do úterý 13. 10.,2026-10-07 - 2026-10-13,https://www.kupi.cz/letak/billa-velky-letak-292?page=28&map=216583086,https://img.kupi.cz/kupi/thumbs/vino-monsieur-plumage_170_340.jpg,2026-10-07T05:31:38+02:00
Tesco,Alkohol,567318,Víno perlivé z Moravy Znovín 0.25 l,vino_perlive_z_moravy_znovin,29.9,39.87,Kč,"119,60 Kč / 1 l",,,True,Clubcard,29.9,-25% Clubcard platí do neděle 25. 10.,2026-10-07 - 2026-10-25,https://www.kupi.cz/letaky/tesco,https://img.kupi.cz/kupi/thumbs/vino-perlive-z-moravy-znovin_170_340.png,2026-10-07T05:32:26+02:00
Billa,Alkohol,5706,Víno Pinot Grigio Mastri Vernacoli Cavit Trento 0.75 l,vino_pinot_grigio_mastri_vernacoli_cavit_trento,139.9,,Kč,"186,53 Kč / 1 l",,,False,,,platí do úterý 20. 10.,2026-10-07 - 2026-10-20,https://www.kupi.cz/letak/billa-letak-italie-u-vas-doma?page=14&map=215641677,https://img.kupi.cz/kupi/thumbs/mastri-vernacoli-pinot-grigio_170_340.jpg,2026-10-07T05:31:37+02:00
Billa,Alkohol,513924,Víno Pinot Noir Sol Vineus 0.75 l,vino_pinot_noir_sol_vineus,79.9,,Kč,"106,53 Kč / 1 l",,,False,,,platí do úterý 20. 10.,2026-10-07 - 2026-10-20,https://www.kupi.cz/letak/billa-letak-italie-u-vas-doma?page=15&map=215641713,https://img.kupi.cz/kupi/thumbs/vino-pinot-noir-sol-vineus_170_340.jpg,2026-10-07T05:31:37+02:00
Billa,Alkohol,343114,Víno Primitivo Doppio Passo 0.75 l,vino_primitivo_doppio_passo,159.9,,Kč,"213,20 Kč / 1 l",,,False,,,platí do úterý 20. 10.,2026-10-07 - 2026-10-20,https://www.kupi.cz/letak/billa-letak-italie-u-vas-doma?page=3&map=215641128,https://img.kupi.cz/kupi/thumbs/vino-primitivo-doppio-passo_170_340.jpg,2026-10-07T05:31:35+02:00
Billa,Alkohol,353275,Víno Primitivo IGT Ultimo Passo 0.75 l,vino_primitivo_igt_ultimo_passo,189.9,,Kč,"253,20 Kč / 1 l",,,False,,,platí do úterý 20. 10.,2026-10-07 - 2026-10-20,https://www.kupi.cz/letak/billa-letak-italie-u-vas-doma?page=14&map=215641683,https://img.kupi.cz/kupi/thumbs/vino-primitivo-igt-ultimo-passo_170_340.jpg,2026-10-07T05:31:37+02:00
Billa,Alkohol,131409,Víno Primitivo Puglia Caleo 0.75 l,vino_primitivo_puglia_caleo,109.9,,Kč,"146,53 Kč / 1 l",,,False,,,platí do úterý 20. 10.,2026-10-07 - 2026-10-20,https://www.kupi.cz/letak/billa-letak-italie-u-vas-doma?page=5&map=215641248,https://img.kupi.cz/kupi/thumbs/vino-primitivo-caleo_170_340.jpg,2026-10-07T05:31:36+02:00
Tesco,Alkohol,488640,Víno Primitivo Terre di Chienti Tesco Finest 0.75 l,vino_primitivo_terre_di_chienti_finest,139.9,179.36,Kč,"186,53 Kč / 1 l",,,True,Clubcard,139.9,-22% Clubcard platí do úterý 27. 10.,2026-10-07 - 2026-10-27,https://www.kupi.cz/letaky/tesco,https://img.kupi.cz/kupi/thumbs/vino-primitivo-terre-di-chienti-tesco-finest_170_340.jpg,2026-10-07T05:32:26+02:00
Billa,Alkohol,463709,Víno Primitivo Vigne del Maestro 0.75 l,vino_primitivo_vigne_del_maestro,139.9,,Kč,"186,53 Kč / 1 l",,,False,,,platí do úterý 20. 10.,2026-10-07 - 2026-10-20,https://www.kupi.cz/letak/billa-letak-italie-u-vas-doma?page=9&map=215641500,https://img.kupi.cz/kupi/thumbs/vino-primitivo-vigne-del-maestro_170_340.png,2026-10-07T05:31:37+02:00
Tesco,Alkohol,5023,Víno Původní Sklepmistr ČVZ 1 l,vino_puvodni_sklepmistr_cvz,54.9,87.14,Kč,"54,90 Kč / 1 l",,,True,Clubcard,54.9,-37% Clubcard platí do úterý 13. 10.,2026-10-07 - 2026-10-13,https://www.kupi.cz/letaky/tesco,https://img.kupi.cz/kupi/thumbs/vino-puvodni-sklepmistr-cvz-1_170_340.jpg,2026-10-07T05:32:23+02:00
Billa,Alkohol,81586,Víno Reserva Kumala 0.75 l,vino_reserva_kumala,149.9,,Kč,"199,87 Kč / 1 l",,,False,,,platí do úterý 13. 10.,2026-10-07 - 2026-10-13,https://www.kupi.cz/letak/billa-velky-letak-292?page=29&map=216583116,https://img.kupi.cz/kupi/thumbs/vino-reserva-kumala_170_340.jpg,2026-10-07T05:31:37+02:00
Tesco,Alkohol,80282,Víno Riesling Mosel Tesco Finest 0.75 l,vino_riesling_mosel_finest,119.9,168.87,Kč,"159,87 Kč / 1 l",,,True,Clubcard,119.9,-29% Clubcard platí do úterý 27. 10.,2026-10-07 - 2026-10-27,https://www.kupi.cz/letaky/tesco,https://www.kupi.cz/img/no_img/no_discounts.png,2026-10-07T05:32:26+02:00
Tesco,Alkohol,379171,Víno Ryzlink vlašský Tesco Finest 0.75 l,vino_ryzlink_vlassky_finest,149.9,199.87,Kč,"199,87 Kč / 1 l",,,True,Clubcard,149.9,-25% Clubcard platí do úterý 27. 10.,2026-10-07 - 2026-10-27,https://www.kupi.cz/letaky/tesco,https://img.kupi.cz/kupi/thumbs/vino-ryzlink-vlassky-tesco-finest_170_340.jpg,2026-10-07T05:32:27+02:00
Billa,Alkohol,586596,Víno Sempre brut Valdobbiane 0.75 l,vino_sempre_brut_valdobbiane,219.9,,Kč,"293,20 Kč / 1 l",,,False,,,platí do úterý 20. 10.,2026-10-07 - 2026-10-20,https://www.kupi.cz/letak/billa-letak-italie-u-vas-doma?page=14&map=215641704,https://www.kupi.cz/img/no_img/no_discounts.png,2026-10-07T05:31:38+02:00
Billa,Alkohol,542277,Víno svařené Glühwein Hauser 1 l,vino_svarene_gluhwein_hauser,49.9,,Kč,"49,90 Kč / 1 l",,,False,,,platí do úterý 13. 10.,2026-10-07 - 2026-10-13,https://www.kupi.cz/letak/billa-velky-letak-292?page=2&map=216582417,https://img.kupi.cz/kupi/thumbs/vino-svarene-gluhwein-hauser_170_340.jpg,2026-10-07T05:31:37+02:00
Billa,Alkohol,40902,Víno Tokaji 0.75 l,vino_tokaji,69.9,,Kč,"93,20 Kč / 1 l",,,False,,,platí do úterý 13. 10.,2026-10-07 - 2026-10-13,https://www.kupi.cz/letak/billa-velky-letak-292?page=29&map=216583137,https://img.kupi.cz/kupi/thumbs/vino-tokaji_170_340.jpg,2026-10-07T05:31:36+02:00
Tesco,Alkohol,39925,Víno Vinium 0.75 l,vino_vinium,99.9,169.32,Kč,"133,20 Kč / 1 l",,,True,Clubcard,99.9,-41% Clubcard platí do neděle 25. 10.,2026-10-07 - 2026-10-25,https://www.kupi.cz/letaky/tesco,https://img.kupi.cz/kupi/thumbs/vino-vinium-1_170_340.jpg,2026-10-07T05:32:26+02:00
Albert,Nápoje,albert-583-26769363,"Vins.michlovský chardon. 0,75l",vins_michlovsky_chardon,119.9,169.0,Kč,119.9 Kč / 0.75 l,,,False,,,,2026-10-07 - 2026-10-13,https://albertloyaltycz-albert-service-app-prod.delhaize.eu/public/content/leaflet/v3?storeId=583,,2026-10-07T05:30:53+02:00
Albert,Nápoje,albert-583-26769387,Vinselekt Michlovský Rulandské šedé 0.75 l,vinselekt_michlovsky_rulandske_sede,119.9,139.9,Kč,119.9 Kč / 0.75 l,,,False,,,-14%,2026-10-07 - 2026-10-13,https://albertloyaltycz-albert-service-app-prod.delhaize.eu/public/content/leaflet/v3?storeId=583,https://albertloyaltycz-albert-service-app-prod.delhaize.eu/public/minio/images-products/26769387,2026-10-07T05:30:53+02:00
Albert,Trvanlivé,albert-583-26941530,Vital Snack cizrnové chipsy s mořskou solí 65 g,vital_snack_cizrnove_chipsy_s_morskou_soli,23.9,28.9,Kč,23.9 Kč / 65 g,367.69,,False,,,,2026-10-07 - 2026-10-13,https://albertloyaltycz-albert-service-app-prod.delhaize.eu/public/content/leaflet/v3?storeId=583,https://albertloyaltycz-albert-service-app-prod.delhaize.eu/public/minio/images-products/26941530,2026-10-07T05:30:53+02:00
Albert,Trvanlivé,albert-583-27800812,Vitana Byšická polévka gulášová 95 g,vitana_bysicka_polevka_gulasova,19.9,26.9,Kč,19.9 Kč / 95 g,209.47,,False,,,-26%,2026-10-07 - 2026-10-13,https://albertloyaltycz-albert-service-app-prod.delhaize.eu/public/content/leaflet/v3?storeId=583,https://albertloyaltycz-albert-service-app-prod.delhaize.eu/public/minio/images-products/27800812,2026-10-07T05:30:53+02:00
Albert,Trvanlivé,albert-583-27796405,Vitana Masox silný bujón 110 g,vitana_masox_silny_bujon,24.9,49.9,Kč,24.9 Kč / 110 g,226.36,,False,,,,2026-10-07 - 2026-10-13,https://albertloyaltycz-albert-service-app-prod.delhaize.eu/public/content/leaflet/v3?storeId=583,https://albertloyaltycz-albert-service-app-prod.delhaize.eu/public/minio/images-products/27796405,2026-10-07T05:30:53+02:00
Albert,Trvanlivé,albert-583-20296377,Vitana rýže dlouhozrnná varné sáčky 0.8 kg,vitana_ryze_dlouhozrnna_varne_sacky,44.9,69.9,Kč,44.9 Kč / 0.8 kg,56.12,,False,,,,2026-10-07 - 2026-10-13,https://albertloyaltycz-albert-service-app-prod.delhaize.eu/public/content/leaflet/v3?storeId=583,https://albertloyaltycz-albert-service-app-prod.delhaize.eu/public/minio/images-products/20296377,2026-10-07T05:30:53+02:00
Albert,Trvanlivé,albert-583-27800843,Vitana sp hrach.se slan.72g,vitana_sp_hrach_se_slan,19.9,26.9,Kč,19.9 Kč / 72 g,276.39,,False,,,-26%,2026-10-07 - 2026-10-13,https://albertloyaltycz-albert-service-app-prod.delhaize.eu/public/content/leaflet/v3?storeId=583,,2026-10-07T05:30:53+02:00
Albert,Trvanlivé,albert-583-26685281,Vitana Špagety 23 g,vitana_spagety,15.9,21.9,Kč,15.9 Kč / 23 g,691.3,,False,,,,2026-10-07 - 2026-10-13,https://albertloyaltycz-albert-service-app-prod.delhaize.eu/public/content/leaflet/v3?storeId=583,https://albertloyaltycz-albert-service-app-prod.delhaize.eu/public/minio/images-products/26685281,2026-10-07T05:30:53+02:00
Albert,Trvanlivé,albert-583-27801055,Vitana vr sp gulášová 184g,vitana_vr_sp_gulasova,36.9,59.9,Kč,36.9 Kč / 184 g,200.54,,False,,,,2026-10-07 - 2026-10-13,https://albertloyaltycz-albert-service-app-prod.delhaize.eu/public/content/leaflet/v3?storeId=583,,2026-10-07T05:30:53+02:00
Albert,Trvanlivé,albert-583-27801062,Vitana vr sp hrach.se sla.144g,vitana_vr_sp_hrach_se_sla,36.9,59.9,Kč,36.9 Kč / 144 g,256.25,,False,,,,2026-10-07 - 2026-10-13,https://albertloyaltycz-albert-service-app-prod.delhaize.eu/public/content/leaflet/v3?storeId=583,,2026-10-07T05:30:53+02:00
Albert,Trvanlivé,albert-583-25080001,Viva krůtí s vejci 120 g,viva_kruti_s_vejci,19.9,36.9,Kč,19.9 Kč / 120 g,165.83,,False,,,,2026-10-07 - 2026-10-13,https://albertloyaltycz-albert-service-app-prod.delhaize.eu/public/content/leaflet/v3?storeId=583,https://albertloyaltycz-albert-service-app-prod.delhaize.eu/public/minio/images-products/25080001,2026-10-07T05:30:53+02:00
Albert,Trvanlivé,albert-583-27448649,Viva krůtí ve vl.šťávě 120g,viva_kruti_ve_vl_stave,19.9,36.9,Kč,19.9 Kč / 120 g,165.83,,False,,,,2026-10-07 - 2026-10-13,https://albertloyaltycz-albert-service-app-prod.delhaize.eu/public/content/leaflet/v3?storeId=583,,2026-10-07T05:30:53+02:00
Albert,Trvanlivé,albert-583-25555035,Vlas.rýž.nudle 400g,vlas_ryz_nudle,59.9,79.9,Kč,59.9 Kč / 400 g,149.75,,False,,,,2026-10-07 - 2026-10-13,https://albertloyaltycz-albert-service-app-prod.delhaize.eu/public/content/leaflet/v3?storeId=583,,2026-10-07T05:30:53+02:00
Tesco,Zdravá výživa,125795,Vlašské ořechy Tesco 200 g,vlasske_orechy,59.9,85.57,Kč,"29,95 Kč / 100 g",299.5,,True,Clubcard,59.9,-30% Clubcard platí do úterý 13. 10.,2026-10-07 - 2026-10-13,https://www.kupi.cz/letak/tesco-supermarket-letak-416?page=3&map=216252939,https://img.kupi.cz/kupi/thumbs/vlasske-orechy-tesco_170_340.png,2026-10-07T05:32:19+02:00
Billa,Zdravá výživa,500970,Vlašské ořechy Clever 100 g,vlasske_orechy_clever,29.9,39.87,Kč,"29,90 Kč / 100 g",299.0,,False,,,-25% platí do úterý 13. 10.,2026-10-07 - 2026-10-13,https://www.kupi.cz/letak/billa-velky-letak-292?page=18&map=216582804,https://img.kupi.cz/kupi/thumbs/vlasske-orechy-clever_170_340.jpg,2026-10-07T05:31:31+02:00
Billa,Vaření a pečení,577959,Vločková sůl mořská přírodní Falksalt 70 g,vlockova_sul_morska_prirodni_falksalt,79.9,,Kč,"114,14 Kč / 100 g",1141.4,,False,,,platí do úterý 13. 10.,2026-10-07 - 2026-10-13,https://www.kupi.cz/letak/billa-velky-letak-292?page=3&map=216582441,https://img.kupi.cz/kupi/thumbs/vlockova-sul-morska-prirodni-falksalt_170_340.jpg,2026-10-07T05:31:27+02:00
Billa,Nealko nápoje,2726,Voda Clever 2 l,voda_clever,7.9,8.88,Kč,"3,95 Kč / 1 l",,,True,Billa Club,7.9,-11% Billa Club platí do úterý 13. 10.,2026-10-07 - 2026-10-13,https://www.kupi.cz/letak/billa-maly-letak-721?page=6&map=216583746,https://img.kupi.cz/kupi/thumbs/pramenita-voda-clever_170_340.jpg,2026-10-07T05:31:19+02:00
Tesco,Nealko nápoje,434091,Voda ochucená Plus Magnesia 0.7 l,voda_ochucena_plus_magnesia,24.9,36.62,Kč,"35,57 Kč / 1 l",,,True,Clubcard,24.9,-32% Clubcard platí do úterý 13. 10.,2026-10-07 - 2026-10-13,https://www.kupi.cz/letak/tesco-supermarket-letak-416?page=9&map=216253389,https://img.kupi.cz/kupi/thumbs/voda-ochucena-plus-magnesia-1_170_340.jpg,2026-10-07T05:32:07+02:00
Tesco,Alkohol,299,Vodka B42V Eccentric 0.5 l,vodka_b42v_eccentric,169.9,212.38,Kč,"339,80 Kč / 1 l",,,True,Clubcard,169.9,-20% Clubcard platí do úterý 13. 10.,2026-10-07 - 2026-10-13,https://www.kupi.cz/letaky/tesco,https://img.kupi.cz/kupi/thumbs/vodka-b42v-eccentric_170_340.png,2026-10-07T05:32:23+02:00
Billa,Alkohol,3064,Vodka Božkov 0.5 l,vodka_bozkov,139.9,,Kč,"279,80 Kč / 1 l",,,False,,,platí do úterý 13. 10.,2026-10-07 - 2026-10-13,https://www.kupi.cz/letak/billa-velky-letak-292?page=30&map=216583167,https://img.kupi.cz/kupi/thumbs/vodka-bozkov-1_170_340.jpg,2026-10-07T05:31:34+02:00
Billa,Alkohol,551,Vodka Hanácká,vodka_hanacka,119.9,,Kč,"239,80 Kč / 1 l",,,False,,,platí do úterý 13. 10.,2026-10-07 - 2026-10-13,https://www.kupi.cz/letak/billa-velky-letak-292?map=216581988,https://img.kupi.cz/kupi/thumbs/vodka-hanacka_170_340.png,2026-10-07T05:31:34+02:00
Albert,Nápoje,albert-583-28157571,"Vodka Jindřichohradecká 37,5% 0.5 l",vodka_jindrichohradecka,99.9,119.9,Kč,99.9 Kč / 0.5 l,,,False,,,-16%,2026-10-07 - 2026-10-13,https://albertloyaltycz-albert-service-app-prod.delhaize.eu/public/content/leaflet/v3?storeId=583,https://albertloyaltycz-albert-service-app-prod.delhaize.eu/public/minio/images-products/28157571,2026-10-07T05:30:53+02:00
Tesco,Alkohol,72885,Vodka ochucená B42V Eccentric 0.5 l,vodka_ochucena_b42v_eccentric,169.9,212.38,Kč,"339,80 Kč / 1 l",,,True,Clubcard,169.9,-20% Clubcard platí do úterý 13. 10.,2026-10-07 - 2026-10-13,https://www.kupi.cz/letaky/tesco,https://img.kupi.cz/kupi/thumbs/vodka-ochucena-b42v-eccentric_170_340.png,2026-10-07T05:32:24+02:00
Tesco,Alkohol,562,Vodka Pražská 0.5 l,vodka_prazska,139.9,237.12,Kč,"279,80 Kč / 1 l",,,True,Clubcard,139.9,-41% Clubcard platí do úterý 13. 10.,2026-10-07 - 2026-10-13,https://www.kupi.cz/letak/tesco-supermarket-letak-416?page=14&map=216253914,https://img.kupi.cz/kupi/thumbs/vodka-prazska_170_340.jpg,2026-10-07T05:32:23+02:00
Albert,Maso a ryby,albert-583-28175575,Výrobek z mletého masa krůtí 480 g,vyrobek_z_mleteho_masa_kruti,79.9,139.9,Kč,79.9 Kč / 480 g,166.46,,False,,,-42%,2026-10-09 - 2026-10-11,https://albertloyaltycz-albert-service-app-prod.delhaize.eu/public/content/leaflet/v3?storeId=583,https://albertloyaltycz-albert-service-app-prod.delhaize.eu/public/minio/images-products/28175575,2026-10-07T05:30:53+02:00
Albert,Uzeniny a lahůdky,albert-583-20454135,*vysočina 100 g,vysocina,20.5,22.9,Kč,20.5 Kč / 100 g,205.0,,False,,,-10%,2026-10-07 - 2026-10-13,https://albertloyaltycz-albert-service-app-prod.delhaize.eu/public/content/leaflet/v3?storeId=583,,2026-10-07T05:30:53+02:00
Tesco,Lahůdky,487302,Vývar Cibule Bistro 1 l,vyvar_cibule_bistro,79.9,94.0,Kč,"79,90 Kč / 1 l",,,True,Clubcard,79.9,-15% Clubcard platí do úterý 13. 10.,2026-10-07 - 2026-10-13,https://www.kupi.cz/letaky/tesco,https://img.kupi.cz/kupi/thumbs/vyvar-cibule-bistro_170_340.jpg,2026-10-07T05:31:59+02:00
Tesco,Alkohol,75440,Whiskey Gentleman Jack Jack Daniel's 0.7 l,whiskey_gentleman_jack_jack_daniel_s,699.0,1092.19,Kč,"998,57 Kč / 1 l",,,True,Clubcard,699.0,-36% Clubcard platí do úterý 13. 10.,2026-10-07 - 2026-10-13,https://www.kupi.cz/letaky/tesco,https://img.kupi.cz/kupi/thumbs/whisky-gentleman-jack-jack-daniel-s_170_340.jpg,2026-10-07T05:32:24+02:00
Billa,Alkohol,78,Whiskey irská Tullamore Dew 0.5 l,whiskey_irska_tullamore_dew,299.9,,Kč,"599,80 Kč / 1 l",,,False,,,platí do úterý 13. 10.,2026-10-07 - 2026-10-13,https://www.kupi.cz/letak/billa-velky-letak-292?page=30&map=216583158,https://img.kupi.cz/kupi/thumbs/whiskey-irska-tullamore-dew_170_340.png,2026-10-07T05:31:34+02:00
Tesco,Alkohol,5701,Whiskey Jack Daniel's 0.5 l,whiskey_jack_daniel_s,389.9,,Kč,"779,80 Kč / 1 l",,,True,Clubcard,389.9,Clubcard platí do úterý 20. 10.,2026-10-07 - 2026-10-20,https://www.kupi.cz/letak/tesco-hypermarket-letak-370?page=23&map=216580821,https://img.kupi.cz/kupi/thumbs/whiskey-jack-daniels_170_340.png,2026-10-07T05:32:22+02:00
Billa,Alkohol,515,Whiskey Jameson 0.7 l,whiskey_jameson,349.9,,Kč,"499,86 Kč / 1 l",,,False,,,platí do úterý 13. 10.,2026-10-07 - 2026-10-13,https://www.kupi.cz/letak/billa-velky-letak-292?page=30&map=216583164,https://img.kupi.cz/kupi/thumbs/whiskey-jameson-1_170_340.jpg,2026-10-07T05:31:34+02:00
Tesco,Alkohol,515,Whiskey Jameson 0.7 l,whiskey_jameson,369.9,486.71,Kč,"528,43 Kč / 1 l",,,True,Clubcard,369.9,-24% Clubcard platí do úterý 13. 10.,2026-10-07 - 2026-10-13,https://www.kupi.cz/letaky/tesco,https://img.kupi.cz/kupi/thumbs/whiskey-jameson-1_170_340.jpg,2026-10-07T05:32:22+02:00
Billa,Alkohol,1229,Whisky Grant's 0.5 l,whisky_grant_s,199.9,,Kč,"399,80 Kč / 1 l",,,False,,,platí do úterý 13. 10.,2026-10-07 - 2026-10-13,https://www.kupi.cz/letak/billa-velky-letak-292?page=14&map=216582666,https://img.kupi.cz/kupi/thumbs/whisky-grants_170_340.jpg,2026-10-07T05:31:34+02:00
Albert,Trvanlivé,albert-583-20488826,Wrigleys Orbit Peppermint 14 g,wrigleys_orbit_peppermint,18.9,22.9,Kč,18.9 Kč / 14 g,1350.0,,False,,,,2026-10-07 - 2026-10-13,https://albertloyaltycz-albert-service-app-prod.delhaize.eu/public/content/leaflet/v3?storeId=583,https://albertloyaltycz-albert-service-app-prod.delhaize.eu/public/minio/images-products/20488826,2026-10-07T05:30:53+02:00
Albert,Trvanlivé,albert-583-20488895,Wrigleys Orbit Spearmint 14 g,wrigleys_orbit_spearmint,18.9,22.9,Kč,18.9 Kč / 14 g,1350.0,,False,,,,2026-10-07 - 2026-10-13,https://albertloyaltycz-albert-service-app-prod.delhaize.eu/public/content/leaflet/v3?storeId=583,https://albertloyaltycz-albert-service-app-prod.delhaize.eu/public/minio/images-products/20488895,2026-10-07T05:30:53+02:00
Albert,Nápoje,albert-583-23476882,"Yo lesní plody 0,7l",yo_lesni_plody,59.9,94.9,Kč,59.9 Kč / 0.7 l,,,False,,,,2026-10-07 - 2026-10-13,https://albertloyaltycz-albert-service-app-prod.delhaize.eu/public/content/leaflet/v3?storeId=583,,2026-10-07T05:30:53+02:00
Albert,Nápoje,albert-583-25525267,"Yo multivitamin 0,7l",yo_multivitamin,59.9,94.9,Kč,59.9 Kč / 0.7 l,,,False,,,,2026-10-07 - 2026-10-13,https://albertloyaltycz-albert-service-app-prod.delhaize.eu/public/content/leaflet/v3?storeId=583,,2026-10-07T05:30:53+02:00
Albert,Nápoje,albert-583-23476851,Yo ov.sirup malina 0.7l,yo_ov_sirup_malina,59.9,94.9,Kč,59.9 Kč / 0.7 l,,,False,,,,2026-10-07 - 2026-10-13,https://albertloyaltycz-albert-service-app-prod.delhaize.eu/public/content/leaflet/v3?storeId=583,,2026-10-07T05:30:53+02:00
Albert,Nápoje,albert-583-27895610,"Yo sirup bez cuk.p.parad.0,7l",yo_sirup_bez_cuk_p_parad,59.9,94.9,Kč,59.9 Kč / 0.7 l,,,False,,,,2026-10-07 - 2026-10-13,https://albertloyaltycz-albert-service-app-prod.delhaize.eu/public/content/leaflet/v3?storeId=583,,2026-10-07T05:30:53+02:00
Albert,Nápoje,albert-583-27624463,"Yo sirup bez cukru č.bez 0,7l",yo_sirup_bez_cukru_c_bez,59.9,94.9,Kč,59.9 Kč / 0.7 l,,,False,,,,2026-10-07 - 2026-10-13,https://albertloyaltycz-albert-service-app-prod.delhaize.eu/public/content/leaflet/v3?storeId=583,,2026-10-07T05:30:53+02:00
Albert,Nápoje,albert-583-27794517,"Yo sirup bez cukru pomer.0,7l",yo_sirup_bez_cukru_pomer,59.9,94.9,Kč,59.9 Kč / 0.7 l,,,False,,,,2026-10-07 - 2026-10-13,https://albertloyaltycz-albert-service-app-prod.delhaize.eu/public/content/leaflet/v3?storeId=583,,2026-10-07T05:30:53+02:00
Albert,Nápoje,albert-583-23476905,YO sirup bílý bez 0.7 l,yo_sirup_bily_bez,59.9,94.9,Kč,59.9 Kč / 0.7 l,,,False,,,,2026-10-07 - 2026-10-13,https://albertloyaltycz-albert-service-app-prod.delhaize.eu/public/content/leaflet/v3?storeId=583,https://albertloyaltycz-albert-service-app-prod.delhaize.eu/public/minio/images-products/23476905,2026-10-07T05:30:53+02:00
Albert,Mléčné a chlazené,albert-583-27881361,YoPRO Protein příchuť stracciatella 160 g,yopro_protein_prichut_stracciatella,24.9,31.9,Kč,24.9 Kč / 160 g,155.62,,False,,,-21%,2026-10-07 - 2026-10-13,https://albertloyaltycz-albert-service-app-prod.delhaize.eu/public/content/leaflet/v3?storeId=583,https://albertloyaltycz-albert-service-app-prod.delhaize.eu/public/minio/images-products/27881361,2026-10-07T05:30:53+02:00
Albert,Mléčné a chlazené,albert-583-28167372,Yopro protein.pud.př.kar 200g,yopro_protein_pud_pr_kar,32.9,49.9,Kč,32.9 Kč / 200 g,164.5,,False,,,-34%,2026-10-07 - 2026-10-13,https://albertloyaltycz-albert-service-app-prod.delhaize.eu/public/content/leaflet/v3?storeId=583,,2026-10-07T05:30:53+02:00
Albert,Mléčné a chlazené,albert-583-28167389,YoPRO Protein puding čokoláda a lískový oříšek 200 g,yopro_protein_puding_cokolada_a_liskovy_orisek,32.9,49.9,Kč,32.9 Kč / 200 g,164.5,,False,,,-34%,2026-10-07 - 2026-10-13,https://albertloyaltycz-albert-service-app-prod.delhaize.eu/public/content/leaflet/v3?storeId=583,https://albertloyaltycz-albert-service-app-prod.delhaize.eu/public/minio/images-products/28167389,2026-10-07T05:30:53+02:00
Albert,Nápoje,albert-583-26553177,Zacapa Gran Reserva 40% 0.7 l,zacapa_gran_reserva,999.0,1899.0,Kč,999 Kč / 0.7 l,,,False,,,,2026-10-07 - 2026-10-13,https://albertloyaltycz-albert-service-app-prod.delhaize.eu/public/content/leaflet/v3?storeId=583,https://albertloyaltycz-albert-service-app-prod.delhaize.eu/public/minio/images-products/26553177,2026-10-07T05:30:53+02:00
Albert,Tržnice u Alberta,albert-583-20453749,Albert žampiony čerstvé zahradní 0.5 kg,zampiony,49.9,59.9,Kč,49.9 Kč / 0.5 kg,99.8,,False,,,-16%,2026-10-07 - 2026-10-13,https://albertloyaltycz-albert-service-app-prod.delhaize.eu/public/content/leaflet/v3?storeId=583,https://albertloyaltycz-albert-service-app-prod.delhaize.eu/public/minio/images-products/20453749,2026-10-07T05:30:53+02:00
Tesco,Ovoce a zelenina,37498,Žampiony zahradní Tesco 500 g,zampiony,44.9,59.87,Kč,"8,98 Kč / 100 g",89.8,,True,Clubcard,44.9,-25% Clubcard platí do úterý 13. 10.,2026-10-07 - 2026-10-13,https://www.kupi.cz/letak/tesco-hypermarket-letak-370?page=3&map=216577803,https://img.kupi.cz/kupi/thumbs/zampiony-zahradni-tesco_170_340.png,2026-10-07T05:31:43+02:00
Billa,Pečivo,494664,Závin Srdce Domova 400 g,zavin_srdce_domova,39.9,47.5,Kč,"9,97 Kč / 100 g",99.7,,True,Billa Club,39.9,-16% Billa Club platí do úterý 13. 10.,2026-10-07 - 2026-10-13,https://www.kupi.cz/letak/billa-velky-letak-292?page=10&map=216582567,https://img.kupi.cz/kupi/thumbs/zavin-srdce-domova_170_340.jpg,2026-10-07T05:30:59+02:00
Albert,Trvanlivé,albert-583-21367328,Zel.čaj s přích.opuncia 35g,zel_caj_s_prich_opuncia,32.9,44.9,Kč,32.9 Kč / 35 g,940.0,,False,,,,2026-10-07 - 2026-10-13,https://albertloyaltycz-albert-service-app-prod.delhaize.eu/public/content/leaflet/v3?storeId=583,,2026-10-07T05:30:53+02:00
Tesco,Sladkosti a slané snacky,377728,Želé bonbony fruit energy Bombus 35 g,zele_bonbony_fruit_energy_bombus,24.9,28.62,Kč,"71,14 Kč / 100 g",711.4,,True,Clubcard,24.9,-13% Clubcard platí do úterý 27. 10.,2026-10-07 - 2026-10-27,https://www.kupi.cz/letak/tesco-hypermarket-znacky-ktere-mate-radi-2?page=20&map=215327985,https://img.kupi.cz/kupi/thumbs/zele-bonbony-fruit-energy-bombus_170_340.png,2026-10-07T05:32:16+02:00
Billa,Ovoce a zelenina,102832,Zeleninová polévková směs 500 g,zeleninova_polevkova_smes,24.9,34.58,Kč,"4,98 Kč / 100 g",49.8,,False,,,-28% platí do úterý 13. 10.,2026-10-07 - 2026-10-13,https://www.kupi.cz/letak/billa-velky-letak-292?page=5&map=216582489,https://img.kupi.cz/kupi/thumbs/zeleninova-polevkova-smes_170_340.png,2026-10-07T05:30:58+02:00
Albert,Mléčné a chlazené,albert-583-23152960,Želetava Smetanito Giga krémové 200 g,zeletava_smetanito_giga_kremove,44.9,69.9,Kč,44.9 Kč / 200 g,224.5,,False,,,,2026-10-07 - 2026-10-13,https://albertloyaltycz-albert-service-app-prod.delhaize.eu/public/content/leaflet/v3?storeId=583,https://albertloyaltycz-albert-service-app-prod.delhaize.eu/public/minio/images-products/23152960,2026-10-07T05:30:53+02:00
Tesco,Konzervy,518268,Zelí s fenyklem a koprem Beavia 350 g,zeli,109.9,,Kč,"31,40 Kč / 100 g",314.0,,True,Clubcard,109.9,Clubcard platí do úterý 27. 10.,2026-10-07 - 2026-10-27,https://www.kupi.cz/letak/tesco-hypermarket-znacky-ktere-mate-radi-2?page=8&map=215326920,https://img.kupi.cz/kupi/thumbs/zeli-s-fenyklem-a-koprem-beavia_170_340.jpg,2026-10-07T05:32:02+02:00
Tesco,Mléčné výrobky a vejce,305063,Žervé Jihočeské Madeta 150 g,zerve_jihoceske_madeta,26.9,39.56,Kč,"17,93 Kč / 100 g",179.3,,True,Clubcard,26.9,-32% Clubcard platí do úterý 3. 11.,2026-10-07 - 2026-11-03,https://www.kupi.cz/letak/tesco-hypermarket-letak-370?page=7&map=216579255,https://img.kupi.cz/kupi/thumbs/zerve-jihoceske-madeta_170_340.jpg,2026-10-07T05:31:50+02:00
Billa,Mléčné výrobky a vejce,489075,Žervé Srdce Domova 80 g,zerve_srdce_domova,13.9,,Kč,"17,38 Kč / 100 g",173.8,,False,,,platí do úterý 13. 10.,2026-10-07 - 2026-10-13,https://www.kupi.cz/letak/billa-velky-letak-292?page=15&map=216582705,https://img.kupi.cz/kupi/thumbs/zerve-srdce-domova_170_340.jpg,2026-10-07T05:31:05+02:00
Tesco,Mléčné výrobky a vejce,59000,Žervé z Poděbrad Milko 80 g,zerve_z_podebrad_milko,12.9,24.81,Kč,"16,12 Kč / 100 g",161.2,,True,Clubcard,12.9,-48% Clubcard platí do úterý 27. 10.,2026-10-07 - 2026-10-27,https://www.kupi.cz/letak/tesco-hypermarket-znacky-ktere-mate-radi-2?page=6&map=215326866,https://img.kupi.cz/kupi/thumbs/zerve-z-podebrad-milko_170_340.png,2026-10-07T05:31:50+02:00
Billa,Pečivo,158939,Žitný rohlík 70 g,zitny_rohlik,8.9,10.85,Kč,"12,71 Kč / 100 g",127.1,,True,Billa Club,8.9,-18% Billa Club po 12. 10. – út 13. 10.,2026-10-12 - 2026-10-13,https://www.kupi.cz/letak/billa-maly-letak-721?page=8&map=216583836,https://img.kupi.cz/kupi/thumbs/zitny-rohlik-1_170_340.jpg,2026-10-07T05:30:59+02:00
Albert,Trvanlivé,albert-583-27450581,Zlaté bochánky čoko 140g,zlate_bochanky_coko,24.9,29.9,Kč,24.9 Kč / 140 g,177.86,,False,,,-16%,2026-10-07 - 2026-10-13,https://albertloyaltycz-albert-service-app-prod.delhaize.eu/public/content/leaflet/v3?storeId=583,,2026-10-07T05:30:53+02:00
Albert,Trvanlivé,albert-583-27450598,Zlaté bochánky klasik 140g,zlate_bochanky_klasik,24.9,29.9,Kč,24.9 Kč / 140 g,177.86,,False,,,-16%,2026-10-07 - 2026-10-13,https://albertloyaltycz-albert-service-app-prod.delhaize.eu/public/content/leaflet/v3?storeId=583,,2026-10-07T05:30:53+02:00
Albert,Trvanlivé,albert-583-25140828,Zlaté kolečka koko-ml. 146g,zlate_kolecka_koko_ml,24.9,29.9,Kč,24.9 Kč / 146 g,170.55,,False,,,-16%,2026-10-07 - 2026-10-13,https://albertloyaltycz-albert-service-app-prod.delhaize.eu/public/content/leaflet/v3?storeId=583,,2026-10-07T05:30:53+02:00
Albert,Maso a ryby,albert-583-24364898,Zlaté kuře 1 kg,zlate_kure,109.9,159.0,Kč,109.9 Kč / 1 kg,109.9,,False,,,-30%,2026-10-07 - 2026-10-13,https://albertloyaltycz-albert-service-app-prod.delhaize.eu/public/content/leaflet/v3?storeId=583,https://albertloyaltycz-albert-service-app-prod.delhaize.eu/public/minio/images-products/24364898,2026-10-07T05:30:53+02:00
Albert,Trvanlivé,albert-583-20838966,Zlaté opl. lískooříšk. 146g,zlate_opl_liskoorisk,24.9,35.9,Kč,24.9 Kč / 146 g,170.55,,False,,,,2026-10-07 - 2026-10-13,https://albertloyaltycz-albert-service-app-prod.delhaize.eu/public/content/leaflet/v3?storeId=583,,2026-10-07T05:30:53+02:00
Albert,Trvanlivé,albert-583-22141651,Zlaté oplatky citrón.př.146g,zlate_oplatky_citron_pr,24.9,35.9,Kč,24.9 Kč / 146 g,170.55,,False,,,,2026-10-07 - 2026-10-13,https://albertloyaltycz-albert-service-app-prod.delhaize.eu/public/content/leaflet/v3?storeId=583,,2026-10-07T05:30:53+02:00
Albert,Trvanlivé,albert-583-22169594,Zlaté oplatky čokoládové 146g,zlate_oplatky_cokoladove,24.9,35.9,Kč,24.9 Kč / 146 g,170.55,,False,,,,2026-10-07 - 2026-10-13,https://albertloyaltycz-albert-service-app-prod.delhaize.eu/public/content/leaflet/v3?storeId=583,,2026-10-07T05:30:53+02:00
Albert,Trvanlivé,albert-583-27972045,Zlaté oves.máčené v čoko. 215g,zlate_oves_macene_v_coko,24.9,29.9,Kč,24.9 Kč / 215 g,115.81,,False,,,-16%,2026-10-07 - 2026-10-13,https://albertloyaltycz-albert-service-app-prod.delhaize.eu/public/content/leaflet/v3?storeId=583,,2026-10-07T05:30:53+02:00
Albert,Trvanlivé,albert-583-27974117,Zlaté ovesné sušenky 188 g,zlate_ovesne_susenky,24.9,29.9,Kč,24.9 Kč / 188 g,132.45,,False,,,-16%,2026-10-07 - 2026-10-13,https://albertloyaltycz-albert-service-app-prod.delhaize.eu/public/content/leaflet/v3?storeId=583,,2026-10-07T05:30:53+02:00
Albert,Trvanlivé,albert-583-23186897,Zlaté polom mléčné 100 g,zlate_polom_mlecne,19.9,25.9,Kč,19.9 Kč / 100 g,199.0,,False,,,,2026-10-07 - 2026-10-13,https://albertloyaltycz-albert-service-app-prod.delhaize.eu/public/content/leaflet/v3?storeId=583,,2026-10-07T05:30:53+02:00
Billa,Sladkosti a slané snacky,686,Zlaté polomáčené Opavia 100 g,zlate_polomacene_opavia,19.9,,Kč,"19,90 Kč / 100 g",199.0,,False,,,platí do úterý 13. 10.,2026-10-07 - 2026-10-13,https://www.kupi.cz/letak/billa-maly-letak-721?page=5&map=216583626,https://img.kupi.cz/kupi/thumbs/zlate-polomacene-opavia-1_170_340.jpg,2026-10-07T05:31:29+02:00
Albert,Trvanlivé,albert-583-21355493,Zlaté suš. derby 220g,zlate_sus_derby,24.9,29.9,Kč,24.9 Kč / 220 g,113.18,,False,,,-16%,2026-10-07 - 2026-10-13,https://albertloyaltycz-albert-service-app-prod.delhaize.eu/public/content/leaflet/v3?storeId=583,,2026-10-07T05:30:53+02:00
Albert,Trvanlivé,albert-583-26981628,Zlaté suš. esíčka skořice 220g,zlate_sus_esicka_skorice,24.9,29.9,Kč,24.9 Kč / 220 g,113.18,,False,,,-16%,2026-10-07 - 2026-10-13,https://albertloyaltycz-albert-service-app-prod.delhaize.eu/public/content/leaflet/v3?storeId=583,,2026-10-07T05:30:53+02:00
Albert,Trvanlivé,albert-583-22129703,Zlaté suš. koka 180g,zlate_sus_koka,24.9,29.9,Kč,24.9 Kč / 180 g,138.33,,False,,,-16%,2026-10-07 - 2026-10-13,https://albertloyaltycz-albert-service-app-prod.delhaize.eu/public/content/leaflet/v3?storeId=583,,2026-10-07T05:30:53+02:00
Albert,Trvanlivé,albert-583-20316129,Zlaté věnečky žloutkové 150g,zlate_venecky_zloutkove,24.9,35.9,Kč,24.9 Kč / 150 g,166.0,,False,,,,2026-10-07 - 2026-10-13,https://albertloyaltycz-albert-service-app-prod.delhaize.eu/public/content/leaflet/v3?storeId=583,,2026-10-07T05:30:53+02:00
Albert,Nápoje,albert-583-28138402,"Zlatopr. soul. ce.ryb. 0,5l pl 0.5 l",zlatopr_soul_ce_ryb_pl,14.9,16.9,Kč,14.9 Kč / 0.5 l,,,False,,,,2026-10-07 - 2026-10-13,https://albertloyaltycz-albert-service-app-prod.delhaize.eu/public/content/leaflet/v3?storeId=583,,2026-10-07T05:30:53+02:00
Albert,Nápoje,albert-583-28138396,"Zlatopramen soulad gr. 0,5l pl 0.5 l",zlatopramen_soulad_gr_pl,14.9,16.9,Kč,14.9 Kč / 0.5 l,,,False,,,,2026-10-07 - 2026-10-13,https://albertloyaltycz-albert-service-app-prod.delhaize.eu/public/content/leaflet/v3?storeId=583,,2026-10-07T05:30:53+02:00
Albert,Nápoje,albert-583-28138853,"Zlatopramen soulad ma. 0,5l pl 0.5 l",zlatopramen_soulad_ma_pl,14.9,16.9,Kč,14.9 Kč / 0.5 l,,,False,,,,2026-10-07 - 2026-10-13,https://albertloyaltycz-albert-service-app-prod.delhaize.eu/public/content/leaflet/v3?storeId=583,,2026-10-07T05:30:53+02:00
Albert,Nápoje,albert-583-28138419,Zlatopramen Soulad příchuť yuzu a zázvor 0.5 l,zlatopramen_soulad_prichut_yuzu_a_zazvor,14.9,16.9,Kč,14.9 Kč / 0.5 l,,,False,,,,2026-10-07 - 2026-10-13,https://albertloyaltycz-albert-service-app-prod.delhaize.eu/public/content/leaflet/v3?storeId=583,https://albertloyaltycz-albert-service-app-prod.delhaize.eu/public/minio/images-products/28138419,2026-10-07T05:30:53+02:00
Albert,Nápoje,albert-583-26544373,Zlatopramen světlý ležák 11 1.5 l,zlatopramen_svetly_lezak,35.9,54.9,Kč,35.9 Kč / 1.5 l,,,False,,,,2026-10-07 - 2026-10-13,https://albertloyaltycz-albert-service-app-prod.delhaize.eu/public/content/leaflet/v3?storeId=583,https://albertloyaltycz-albert-service-app-prod.delhaize.eu/public/minio/images-products/26544373,2026-10-07T05:30:53+02:00
Albert,Nápoje,albert-583-22412140,Zlatý Bažant Prémiový ležák 12 0.5 l,zlaty_bazant_premiovy_lezak,10.9,23.9,Kč,10.9 Kč / 0.5 l,,,False,,,,2026-10-07 - 2026-10-13,https://albertloyaltycz-albert-service-app-prod.delhaize.eu/public/content/leaflet/v3?storeId=583,https://albertloyaltycz-albert-service-app-prod.delhaize.eu/public/minio/images-products/22412140,2026-10-07T05:30:53+02:00
Billa,Mražené a instantní potraviny,309833,Zmrzlina v kelímku Grom 460 ml,zmrzlina_v_kelimku_grom,179.9,,Kč,"39,11 Kč / 100 ml",,,False,,,platí do úterý 20. 10.,2026-10-07 - 2026-10-20,https://www.kupi.cz/letak/billa-letak-italie-u-vas-doma?page=11&map=215641590,https://img.kupi.cz/kupi/thumbs/zmrzlina-v-kelimku-grom_170_340.png,2026-10-07T05:31:15+02:00
Billa,Mražené a instantní potraviny,245,Zmrzlina ve vaničce Carte D'or Algida 825 ml,zmrzlina_ve_vanicce_carte_d_or_algida,94.9,,Kč,"11,50 Kč / 100 ml",,,False,,,platí do úterý 13. 10.,2026-10-07 - 2026-10-13,https://www.kupi.cz/letak/billa-velky-letak-292?page=22&map=216582873,https://img.kupi.cz/kupi/thumbs/zmrzlina-ve-vanicce-carte-dor-algida_170_340.png,2026-10-07T05:31:15+02:00
Tesco,Mražené a instantní potraviny,245,Zmrzlina ve vaničce Carte D'or Algida 1000 ml,zmrzlina_ve_vanicce_carte_d_or_algida,89.9,183.47,Kč,"8,99 Kč / 100 ml",,,True,Clubcard,89.9,-51% Clubcard platí do úterý 13. 10.,2026-10-07 - 2026-10-13,https://www.kupi.cz/letak/tesco-hypermarket-letak-370?page=19&map=216580572,https://img.kupi.cz/kupi/thumbs/zmrzlina-ve-vanicce-carte-dor-algida_170_340.png,2026-10-07T05:32:04+02:00
Albert,Trvanlivé,albert-583-20300708,Zora tyčinka sojové řezy 50g,zora_tycinka_sojove_rezy,9.9,17.9,Kč,9.9 Kč / 50 g,198.0,,False,,,,2026-10-07 - 2026-10-13,https://albertloyaltycz-albert-service-app-prod.delhaize.eu/public/content/leaflet/v3?storeId=583,,2026-10-07T05:30:53+02:00
Billa,Nealko nápoje,62001,Zrnková káva Barista Espresso Tchibo 1000 g,zrnkova_kava_barista_espresso_tchibo,439.9,,Kč,"43,99 Kč / 100 g",439.9,,False,,,platí do úterý 13. 10.,2026-10-07 - 2026-10-13,https://www.kupi.cz/letak/billa-velky-letak-292?page=30&map=216583365,https://img.kupi.cz/kupi/thumbs/zrnkova-kava-barista-espresso-tchibo_170_340.jpg,2026-10-07T05:31:17+02:00
Billa,Nealko nápoje,36018,Zrnková káva Caffé Crema Tchibo 1000 g,zrnkova_kava_caffe_crema_tchibo,439.9,,Kč,"43,99 Kč / 100 g",439.9,,False,,,platí do úterý 13. 10.,2026-10-07 - 2026-10-13,https://www.kupi.cz/letak/billa-velky-letak-292?page=30&map=216583371,https://img.kupi.cz/kupi/thumbs/zrnkova-kava-caffe-crema-tchibo_170_340.png,2026-10-07T05:31:17+02:00
Billa,Nealko nápoje,485082,Zrnková káva Jacobs Velvet Crema 1000 g,zrnkova_kava_jacobs_velvet_crema,339.9,,Kč,"33,99 Kč / 100 g",339.9,,False,,,platí do úterý 13. 10.,2026-10-07 - 2026-10-13,https://www.kupi.cz/letak/billa-velky-letak-292?page=39&map=216584736,https://img.kupi.cz/kupi/thumbs/zrnkova-kava-jacobs-velvet-crema_170_340.jpg,2026-10-07T05:31:19+02:00
Tesco,Nealko nápoje,485088,Zrnková káva Origins Jacobs 1000 g,zrnkova_kava_origins_jacobs,439.9,637.54,Kč,"43,99 Kč / 100 g",439.9,,True,Clubcard,439.9,-31% Clubcard platí do úterý 13. 10.,2026-10-07 - 2026-10-13,https://www.kupi.cz/letaky/tesco,https://img.kupi.cz/kupi/thumbs/zrnkova-kava-origins-jacobs_170_340.jpg,2026-10-07T05:32:09+02:00
Billa,Nealko nápoje,447429,Zrnková káva Passione Espresso Intenso Segafredo 1000 g,zrnkova_kava_passione_espresso_intenso_segafredo,449.0,,Kč,"44,90 Kč / 100 g",449.0,,False,,,platí do úterý 20. 10.,2026-10-07 - 2026-10-20,https://www.kupi.cz/letak/billa-letak-italie-u-vas-doma?page=10&map=215641548,https://img.kupi.cz/kupi/thumbs/zrnkova-kava-passione-espresso-intenso-segafredo_170_340.jpg,2026-10-07T05:31:19+02:00
Billa,Nealko nápoje,408847,Zrnkové kávy Bristot 500 g,zrnkove_kavy_bristot,249.9,,Kč,"49,98 Kč / 100 g",499.8,,False,,,platí do úterý 20. 10.,2026-10-07 - 2026-10-20,https://www.kupi.cz/letak/billa-letak-italie-u-vas-doma?page=10&map=215641515,https://img.kupi.cz/kupi/thumbs/zrnkove-kavy-bristot-1_170_340.jpg,2026-10-07T05:31:19+02:00
Billa,Nealko nápoje,104754,Zrnkové kávy Caffee Vergnano 500 g,zrnkove_kavy_caffee_vergnano,279.9,,Kč,"55,98 Kč / 100 g",559.8,,False,,,platí do úterý 20. 10.,2026-10-07 - 2026-10-20,https://www.kupi.cz/letak/billa-letak-italie-u-vas-doma?page=10&map=215641554,https://img.kupi.cz/kupi/thumbs/zrnkove-kavy-vergnano_170_340.jpg,2026-10-07T05:31:19+02:00
Tesco,Nealko nápoje,104754,Zrnkové kávy Caffee Vergnano 500 g,zrnkove_kavy_caffee_vergnano,189.9,379.8,Kč,"37,98 Kč / 100 g",379.8,,True,Clubcard,189.9,-50% Clubcard st 14. 10. – út 27. 10.,2026-10-14 - 2026-10-27,https://www.kupi.cz/letak/tesco-hypermarket-znacky-ktere-mate-radi-2?page=24&map=215328090,https://img.kupi.cz/kupi/thumbs/zrnkove-kavy-vergnano_170_340.jpg,2026-10-07T05:32:09+02:00
Tesco,Nealko nápoje,2844,Zrnkové kávy Davidoff,zrnkove_kavy_davidoff,349.9,593.05,Kč,"34,99 Kč / 100 g",349.9,,True,Clubcard,349.9,-41% Clubcard platí do úterý 20. 10.,2026-10-07 - 2026-10-20,https://www.kupi.cz/letak/tesco-hypermarket-letak-370?page=22&map=216580743,https://img.kupi.cz/kupi/thumbs/zrnkove-kavy-davidoff_170_340.jpg,2026-10-07T05:32:07+02:00
Tesco,Nealko nápoje,2844,Zrnkové kávy Davidoff,zrnkove_kavy_davidoff,349.9,593.05,Kč,"69,98 Kč / 100 g",699.8,,True,Clubcard,349.9,-41% Clubcard platí do úterý 20. 10.,2026-10-07 - 2026-10-20,https://www.kupi.cz/letak/tesco-supermarket-letak-416?page=14&map=216253842,https://img.kupi.cz/kupi/thumbs/zrnkove-kavy-davidoff_170_340.jpg,2026-10-07T05:32:07+02:00
Tesco,Nealko nápoje,2844,Zrnkové kávy Davidoff,zrnkove_kavy_davidoff,624.9,991.9,Kč,"62,49 Kč / 100 g",624.9,,True,Clubcard,624.9,-37% Clubcard platí do úterý 20. 10.,2026-10-07 - 2026-10-20,https://www.kupi.cz/letak/tesco-hypermarket-letak-370?page=13&map=216580254,https://img.kupi.cz/kupi/thumbs/zrnkove-kavy-davidoff_170_340.jpg,2026-10-07T05:32:07+02:00
Tesco,Nealko nápoje,586251,Zrnkové kávy Gold Plus 1000 g,zrnkove_kavy_gold_plus,349.9,448.59,Kč,"34,99 Kč / 100 g",349.9,,True,Clubcard,349.9,-22% Clubcard platí do úterý 20. 10.,2026-10-07 - 2026-10-20,https://www.kupi.cz/letak/tesco-hypermarket-znacky-ktere-mate-radi-2?page=9&map=215326965,https://www.kupi.cz/img/no_img/no_discounts.png,2026-10-07T05:32:09+02:00
Tesco,Nealko nápoje,488085,Zrnkové kávy Jacobs Velvet 1000 g,zrnkove_kavy_jacobs_velvet,299.9,476.03,Kč,"29,99 Kč / 100 g",299.9,,True,Clubcard,299.9,-37% Clubcard platí do úterý 13. 10.,2026-10-07 - 2026-10-13,https://www.kupi.cz/letaky/tesco,https://img.kupi.cz/kupi/thumbs/zrnkove-kavy-jacobs-velvet_170_340.png,2026-10-07T05:32:09+02:00
Billa,Nealko nápoje,143849,Zrnkové kávy L'or 500 g,zrnkove_kavy_l_or,279.9,,Kč,"55,98 Kč / 100 g",559.8,,False,,,platí do úterý 13. 10.,2026-10-07 - 2026-10-13,https://www.kupi.cz/letak/billa-velky-letak-292?page=39&map=216584739,https://img.kupi.cz/kupi/thumbs/zrnkove-kavy-l-or_170_340.png,2026-10-07T05:31:17+02:00
Tesco,Nealko nápoje,143849,Zrnkové kávy L'or 500 g,zrnkove_kavy_l_or,264.9,407.54,Kč,"52,98 Kč / 100 g",529.8,,True,Clubcard,264.9,-35% Clubcard platí do úterý 13. 10.,2026-10-07 - 2026-10-13,https://www.kupi.cz/letak/tesco-hypermarket-letak-370?page=22&map=216580725,https://img.kupi.cz/kupi/thumbs/zrnkove-kavy-l-or_170_340.png,2026-10-07T05:32:07+02:00
Albert,Nápoje,albert-583-26344102,Zubr Grand světlý ležák 11 0.5 l,zubr_grand_svetly_lezak,11.9,17.9,Kč,11.9 Kč / 0.5 l,,,False,,,-33%,2026-10-07 - 2026-10-13,https://albertloyaltycz-albert-service-app-prod.delhaize.eu/public/content/leaflet/v3?storeId=583,https://albertloyaltycz-albert-service-app-prod.delhaize.eu/public/minio/images-products/26344102,2026-10-07T05:30:53+02:00
Albert,Trvanlivé,albert-583-27930625,Žv.hubba bubba fancy fruit 56g,zv_hubba_bubba_fancy_fruit,49.9,64.9,Kč,49.9 Kč / 56 g,891.07,,False,,,,2026-10-07 - 2026-10-13,https://albertloyaltycz-albert-service-app-prod.delhaize.eu/public/content/leaflet/v3?storeId=583,,2026-10-07T05:30:53+02:00
Albert,Trvanlivé,albert-583-24194976,Žv.hubba bubba tape tripple 56 g,zv_hubba_bubba_tape_tripple,49.9,64.9,Kč,49.9 Kč / 56 g,891.07,,False,,,,2026-10-07 - 2026-10-13,https://albertloyaltycz-albert-service-app-prod.delhaize.eu/public/content/leaflet/v3?storeId=583,,2026-10-07T05:30:53+02:00
