store,category,product_id,product_name,canonical_product_name,price,old_price,currency,unit_price,price_per_kg,price_per_piece,loyalty_required,loyalty_program,loyalty_price,discount_label,date_range,url,image_url,scraped_at
Billa,Ovoce a zelenina,195048,Mandarinky Billa Bonvia 1 kg,mandarinky,27.9,59.36,Kč,"27,90 Kč / 1 kg",27.9,,True,Billa Club,27.9,-53% Billa Club platí do úterý 13. 10.,2026-10-07 - 2026-10-13,https://www.kupi.cz/letak/billa-velky-letak-292?map=216581967,https://img.kupi.cz/kupi/thumbs/mandarinky-billa-bonvia-1_170_340.jpg,2026-10-07T05:30:57+02:00
Billa,Ovoce a zelenina,254499,Hrozny bílé Billa Bonvia 1 kg,hrozny,34.9,79.32,Kč,"34,90 Kč / 1 kg",34.9,,False,,,-56% platí do úterý 13. 10.,2026-10-07 - 2026-10-13,https://www.kupi.cz/letak/billa-velky-letak-292?map=216581973,https://img.kupi.cz/kupi/thumbs/hrozny-bile-billa-bonvia-1_170_340.jpg,2026-10-07T05:30:57+02:00
Billa,Ovoce a zelenina,195024,Rajčata cherry Billa Bonvia 0.25 kg,rajcata_cherry,29.9,34.77,Kč,"119,60 Kč / 1 kg",119.6,,False,,,-14% čt 8. 10. – ne 11. 10.,2026-10-08 - 2026-10-11,https://www.kupi.cz/letak/billa-velky-letak-292?map=216581982,https://img.kupi.cz/kupi/thumbs/rajcata-cherry-billa-bonvia-1_170_340.jpg,2026-10-07T05:30:57+02:00
Billa,Ovoce a zelenina,2859,Pomeranče 1 kg,pomerance,29.9,49.83,Kč,"29,90 Kč / 1 kg",29.9,,False,,,-40% platí do úterý 13. 10.,2026-10-07 - 2026-10-13,https://www.kupi.cz/letak/billa-velky-letak-292?page=5&map=216582492,https://img.kupi.cz/kupi/thumbs/pomerance_170_340.jpg,2026-10-07T05:30:57+02:00
Billa,Ovoce a zelenina,646,Okurka salátová - hadovka 1 ks,okurka,12.9,24.81,Kč,"12,90 Kč / 1 ks",,12.9,False,,,-48% platí do úterý 13. 10.,2026-10-07 - 2026-10-13,https://www.kupi.cz/letak/billa-velky-letak-292?page=2&map=216582402,https://img.kupi.cz/kupi/thumbs/okurka-hadovka_170_340.jpg,2026-10-07T05:30:57+02:00
Billa,Ovoce a zelenina,2388,Citrony 0.5 kg,citrony,24.9,39.52,Kč,"49,80 Kč / 1 kg",49.8,,False,,,-37% platí do úterý 13. 10.,2026-10-07 - 2026-10-13,https://www.kupi.cz/letak/billa-maly-letak-721?page=3&map=216583482,https://img.kupi.cz/kupi/thumbs/citrony_170_340.jpg,2026-10-07T05:30:57+02:00
Billa,Ovoce a zelenina,391,Brokolice 1 ks,brokolice,29.9,44.63,Kč,"29,90 Kč / 1 ks",,29.9,False,,,-33% platí do úterý 13. 10.,2026-10-07 - 2026-10-13,https://www.kupi.cz/letak/billa-velky-letak-292?page=5&map=216582513,https://img.kupi.cz/kupi/thumbs/brokolice_170_340.jpg,2026-10-07T05:30:57+02:00
Billa,Ovoce a zelenina,1373,Paprika červená kapie 1 kg,paprika_cervena,59.9,84.37,Kč,"59,90 Kč / 1 kg",59.9,,False,,,-29% platí do úterý 13. 10.,2026-10-07 - 2026-10-13,https://www.kupi.cz/letak/billa-velky-letak-292?page=5&map=216582501,https://img.kupi.cz/kupi/thumbs/paprika-cervena-kapie-1_170_340.jpg,2026-10-07T05:30:57+02:00
Billa,Ovoce a zelenina,310,Pórek 1 ks,porek,14.9,24.83,Kč,"14,90 Kč / 1 ks",,14.9,False,,,-40% platí do úterý 13. 10.,2026-10-07 - 2026-10-13,https://www.kupi.cz/letak/billa-velky-letak-292?page=5&map=216582516,https://img.kupi.cz/kupi/thumbs/porek_170_340.png,2026-10-07T05:30:57+02:00
Billa,Ovoce a zelenina,2163,Citrony Clever 0.5 kg,citrony_clever,24.9,39.52,Kč,"49,80 Kč / 1 kg",49.8,,False,,,-37% platí do úterý 13. 10.,2026-10-07 - 2026-10-13,https://www.kupi.cz/letak/billa-velky-letak-292?page=5&map=216582495,https://img.kupi.cz/kupi/thumbs/citrony-clever_170_340.jpg,2026-10-07T05:30:57+02:00
Billa,Ovoce a zelenina,52679,Brambory konzumní pozdní Česká farma 1 kg,brambory,11.9,19.83,Kč,"11,90 Kč / 1 kg",11.9,,False,,,-40% platí do úterý 13. 10.,2026-10-07 - 2026-10-13,https://www.kupi.cz/letak/billa-velky-letak-292?page=4&map=216582480,https://img.kupi.cz/kupi/thumbs/brambory-konzumni-pozdni-ceska-farma_170_340.jpg,2026-10-07T05:30:57+02:00
Billa,Ovoce a zelenina,83475,Cibule žlutá Česká Farma 1 kg,cibule_zluta_ceska_farma,16.9,24.85,Kč,"16,90 Kč / 1 kg",16.9,,False,,,-32% platí do úterý 13. 10.,2026-10-07 - 2026-10-13,https://www.kupi.cz/letak/billa-velky-letak-292?page=4&map=216582474,https://img.kupi.cz/kupi/thumbs/cibule-zluta-ceska-farma-1_170_340.jpg,2026-10-07T05:30:57+02:00
Billa,Ovoce a zelenina,46989,Salát ledový Česká farma 1 ks,salat_ledovy_ceska_farma,22.9,39.48,Kč,"22,90 Kč / 1 ks",,22.9,False,,,-42% platí do úterý 13. 10.,2026-10-07 - 2026-10-13,https://www.kupi.cz/letak/billa-velky-letak-292?page=4&map=216582486,https://img.kupi.cz/kupi/thumbs/salat-ledovy-ceska-farma_170_340.jpg,2026-10-07T05:30:57+02:00
Billa,Ovoce a zelenina,53620,Mrkev Česká farma 1 kg,mrkev,11.9,24.79,Kč,"11,90 Kč / 1 kg",11.9,,False,,,-52% platí do úterý 13. 10.,2026-10-07 - 2026-10-13,https://www.kupi.cz/letak/billa-velky-letak-292?page=4&map=216582462,https://img.kupi.cz/kupi/thumbs/mrkev-ceska-farma_170_340.jpg,2026-10-07T05:30:57+02:00
Billa,Ovoce a zelenina,55106,Jablka Golden Delicious Česká Farma 1 kg,jablka,29.9,39.87,Kč,"29,90 Kč / 1 kg",29.9,,False,,,-25% čt 8. 10. – ne 11. 10.,2026-10-08 - 2026-10-11,https://www.kupi.cz/letak/billa-velky-letak-292?page=36&map=216584442,https://img.kupi.cz/kupi/thumbs/jablka-golden-delicious-ceska-farma_170_340.jpg,2026-10-07T05:30:57+02:00
Billa,Ovoce a zelenina,47442,Kedlubna Česká farma 1 ks,kedlubna,11.9,18.89,Kč,"11,90 Kč / 1 ks",,11.9,False,,,-37% platí do úterý 13. 10.,2026-10-07 - 2026-10-13,https://www.kupi.cz/letak/billa-velky-letak-292?page=4&map=216582465,https://img.kupi.cz/kupi/thumbs/kedlubna-ceska-farma-1_170_340.jpg,2026-10-07T05:30:57+02:00
Billa,Ovoce a zelenina,433794,Banány Billa Bonvia 1 kg,banany,19.9,39.8,Kč,"19,90 Kč / 1 kg",19.9,,True,Billa Club,19.9,-50% Billa Club po 12. 10. – út 13. 10.,2026-10-12 - 2026-10-13,https://www.kupi.cz/letak/billa-maly-letak-721?page=8&map=216583827,https://img.kupi.cz/kupi/thumbs/banany-billa-bonvia_170_340.jpg,2026-10-07T05:30:57+02:00
Billa,Ovoce a zelenina,20523,Petržel kudrnka čerstvá 100 g,petrzel_kudrnka_cerstva,24.9,29.64,Kč,"24,90 Kč / 100 g",249.0,,False,,,-16% platí do úterý 13. 10.,2026-10-07 - 2026-10-13,https://www.kupi.cz/letak/billa-velky-letak-292?page=5&map=216582504,https://img.kupi.cz/kupi/thumbs/petrzel-kaderava-nat-1_170_340.jpg,2026-10-07T05:30:57+02:00
Billa,Ovoce a zelenina,500961,Avokádo Billa Bonvia Premium 1 ks,avokado,29.9,49.83,Kč,"29,90 Kč / 1 ks",,29.9,False,,,-40% po 12. 10. – út 13. 10.,2026-10-12 - 2026-10-13,https://www.kupi.cz/letak/billa-maly-letak-721?page=8&map=216583830,https://img.kupi.cz/kupi/thumbs/avokado-billa-bonvia-premium_170_340.jpg,2026-10-07T05:30:57+02:00
Billa,Ovoce a zelenina,53619,Hrušky zelené Lucasova Česká Farma 1 kg,hrusky_zelene_lucasova_ceska_farma,32.9,59.82,Kč,"32,90 Kč / 1 kg",32.9,,False,,,-45% platí do úterý 13. 10.,2026-10-07 - 2026-10-13,https://www.kupi.cz/letak/billa-velky-letak-292?page=4&map=216582483,https://img.kupi.cz/kupi/thumbs/hrusky-zelene-lucasova-ceska-farma_170_340.jpg,2026-10-07T05:30:58+02:00
Billa,Ovoce a zelenina,49611,Česnek Česká farma 200 g,cesnek_ceska_farma,29.9,39.87,Kč,"14,95 Kč / 100 g",149.5,,False,,,-25% platí do úterý 13. 10.,2026-10-07 - 2026-10-13,https://www.kupi.cz/letak/billa-velky-letak-292?page=4&map=216582477,https://img.kupi.cz/kupi/thumbs/cesnek-ceska-farma_170_340.jpg,2026-10-07T05:30:58+02:00
Billa,Ovoce a zelenina,431061,Petržel Česká farma 0.35 kg,petrzel_ceska_farma,24.9,29.64,Kč,"71,14 Kč / 1 kg",71.14,,False,,,-16% platí do úterý 13. 10.,2026-10-07 - 2026-10-13,https://www.kupi.cz/letak/billa-velky-letak-292?page=4&map=216582471,https://img.kupi.cz/kupi/thumbs/petrzel-ceska-farma_170_340.jpg,2026-10-07T05:30:58+02:00
Billa,Ovoce a zelenina,424452,Celer bulva Česká farma 1 kg,celer_bulva_ceska_farma,19.9,34.31,Kč,"19,90 Kč / 1 kg",19.9,,False,,,-42% platí do úterý 13. 10.,2026-10-07 - 2026-10-13,https://www.kupi.cz/letak/billa-velky-letak-292?page=4&map=216582468,https://img.kupi.cz/kupi/thumbs/celer-bulva-ceska-farma_170_340.jpg,2026-10-07T05:30:58+02:00
Billa,Ovoce a zelenina,102832,Zeleninová polévková směs 500 g,zeleninova_polevkova_smes,24.9,34.58,Kč,"4,98 Kč / 100 g",49.8,,False,,,-28% platí do úterý 13. 10.,2026-10-07 - 2026-10-13,https://www.kupi.cz/letak/billa-velky-letak-292?page=5&map=216582489,https://img.kupi.cz/kupi/thumbs/zeleninova-polevkova-smes_170_340.png,2026-10-07T05:30:58+02:00
Billa,Ovoce a zelenina,437046,Maliny Billa Bonvia 125 g,maliny,44.9,99.78,Kč,"35,92 Kč / 100 g",359.2,,False,,,-55% čt 8. 10. – ne 11. 10.,2026-10-08 - 2026-10-11,https://www.kupi.cz/letak/billa-maly-letak-721?page=7&map=216583776,https://img.kupi.cz/kupi/thumbs/maliny-billa-bonvia-1_170_340.jpg,2026-10-07T05:30:58+02:00
Billa,Ovoce a zelenina,437046,Maliny Billa Bonvia 125 g,maliny,44.9,59.87,Kč,"35,92 Kč / 100 g",359.2,,False,,,-25% čt 8. 10. – ne 11. 10.,2026-10-08 - 2026-10-11,https://www.kupi.cz/letak/billa-velky-letak-292?page=36&map=216584436,https://img.kupi.cz/kupi/thumbs/maliny-billa-bonvia-1_170_340.jpg,2026-10-07T05:30:58+02:00
Billa,Ovoce a zelenina,455063,Brusinky Fieldstone 200 g,brusinky_fieldstone,49.9,79.21,Kč,"24,95 Kč / 100 g",249.5,,False,,,-37% platí do úterý 13. 10.,2026-10-07 - 2026-10-13,https://www.kupi.cz/letak/billa-velky-letak-292?page=5&map=216582498,https://img.kupi.cz/kupi/thumbs/brusinky-fieldstone_170_340.jpg,2026-10-07T05:30:58+02:00
Billa,Pečivo,2062,Kobliha s ovocnou náplní 65 g,kobliha_s_ovocnou_naplni,8.9,9.89,Kč,"13,69 Kč / 100 g",136.9,,True,Billa Club,8.9,-10% Billa Club platí do úterý 13. 10.,2026-10-07 - 2026-10-13,https://www.kupi.cz/letak/billa-velky-letak-292?page=10&map=216582540,https://img.kupi.cz/kupi/thumbs/kobliha-s-ovocnou-naplni_170_340.jpg,2026-10-07T05:30:59+02:00
Billa,Pečivo,192,Bageta francouzská 115 g,bageta_francouzska,9.9,11.79,Kč,"8,61 Kč / 100 g",86.1,,True,Billa Club,9.9,-16% Billa Club platí do úterý 13. 10.,2026-10-07 - 2026-10-13,https://www.kupi.cz/letak/billa-velky-letak-292?page=10&map=216582546,https://img.kupi.cz/kupi/thumbs/bageta-francouzska_170_340.png,2026-10-07T05:30:59+02:00
Billa,Pečivo,38771,Croissant 48 g,croissant,8.9,11.87,Kč,"18,54 Kč / 100 g",185.4,,True,Billa Club,8.9,-25% Billa Club čt 8. 10. – ne 11. 10.,2026-10-08 - 2026-10-11,https://www.kupi.cz/letak/billa-maly-letak-721?page=7&map=216583806,https://img.kupi.cz/kupi/thumbs/croissant-2_170_340.jpg,2026-10-07T05:30:59+02:00
Billa,Pečivo,21551,Vánočka Ölz 500 g,vanocka_olz,49.9,67.43,Kč,"9,98 Kč / 100 g",99.8,,True,Billa Club,49.9,-26% Billa Club platí do úterý 13. 10.,2026-10-07 - 2026-10-13,https://www.kupi.cz/letak/billa-velky-letak-292?page=10&map=216582555,https://img.kupi.cz/kupi/thumbs/vanocka-olz_170_340.jpg,2026-10-07T05:30:59+02:00
Billa,Pečivo,1023,Dalamánek 95 g,dalamanek,8.9,10.85,Kč,"9,37 Kč / 100 g",93.7,,True,Billa Club,8.9,-18% Billa Club platí do úterý 13. 10.,2026-10-07 - 2026-10-13,https://www.kupi.cz/letak/billa-velky-letak-292?page=10&map=216582549,https://img.kupi.cz/kupi/thumbs/dalamanek_170_340.jpg,2026-10-07T05:30:59+02:00
Billa,Pečivo,2442,Anglický rohlík 120 g,anglicky_rohlik,22.9,25.73,Kč,"19,08 Kč / 100 g",190.8,,True,Billa Club,22.9,-11% Billa Club platí do úterý 13. 10.,2026-10-07 - 2026-10-13,https://www.kupi.cz/letak/billa-velky-letak-292?page=10&map=216582552,https://img.kupi.cz/kupi/thumbs/anglicky-rohlik_170_340.png,2026-10-07T05:30:59+02:00
Billa,Pečivo,34998,Tortilla Santa Maria 371 g,tortilla_santa_maria,59.9,,Kč,"16,15 Kč / 100 g",161.5,,False,,,platí do úterý 13. 10.,2026-10-07 - 2026-10-13,https://www.kupi.cz/letak/billa-maly-letak-721?page=5&map=216583638,https://img.kupi.cz/kupi/thumbs/tortilla-santa-maria-1_170_340.jpg,2026-10-07T05:30:59+02:00
Billa,Pečivo,4390,Rolka čokoládová 90 g,rolka_cokoladova,14.9,16.74,Kč,"16,56 Kč / 100 g",165.6,,True,Billa Club,14.9,-11% Billa Club platí do úterý 20. 10.,2026-10-07 - 2026-10-20,https://www.kupi.cz/letak/billa-letak-italie-u-vas-doma?page=12&map=215641641,https://img.kupi.cz/kupi/thumbs/rolka-cokoladova_170_340.png,2026-10-07T05:30:59+02:00
Billa,Pečivo,28840,Toustový chléb Billa 500 g,toustovy_chleb,23.9,29.87,Kč,"4,78 Kč / 100 g",47.8,,True,Billa Club,23.9,-20% Billa Club platí do úterý 13. 10.,2026-10-07 - 2026-10-13,https://www.kupi.cz/letak/billa-velky-letak-292?page=10&map=216582570,https://img.kupi.cz/kupi/thumbs/toustovy-chleb-billa-1_170_340.jpg,2026-10-07T05:30:59+02:00
Billa,Pečivo,40296,Šnek s náplní 115 g,snek_s_naplni,17.9,19.89,Kč,"15,57 Kč / 100 g",155.7,,True,Billa Club,17.9,-10% Billa Club platí do úterý 20. 10.,2026-10-07 - 2026-10-20,https://www.kupi.cz/letak/billa-letak-italie-u-vas-doma?page=12&map=215641608,https://img.kupi.cz/kupi/thumbs/snek-s-naplni_170_340.png,2026-10-07T05:30:59+02:00
Billa,Pečivo,69452,Večerní pečivo 75 g,vecerni_pecivo,12.9,14.83,Kč,"17,20 Kč / 100 g",172.0,,True,Billa Club,12.9,-13% Billa Club platí do úterý 13. 10.,2026-10-07 - 2026-10-13,https://www.kupi.cz/letak/billa-velky-letak-292?page=10&map=216582543,https://img.kupi.cz/kupi/thumbs/vecerni-pecivo_170_340.jpg,2026-10-07T05:30:59+02:00
Billa,Pečivo,20277,Mřížka s náplní 85 g,mrizka_s_naplni,12.9,14.83,Kč,"15,18 Kč / 100 g",151.8,,True,Billa Club,12.9,-13% Billa Club platí do úterý 20. 10.,2026-10-07 - 2026-10-20,https://www.kupi.cz/letak/billa-letak-italie-u-vas-doma?page=12&map=215641644,https://img.kupi.cz/kupi/thumbs/mrizka-s-naplni-2_170_340.jpg,2026-10-07T05:30:59+02:00
Billa,Pečivo,158939,Žitný rohlík 70 g,zitny_rohlik,8.9,10.85,Kč,"12,71 Kč / 100 g",127.1,,True,Billa Club,8.9,-18% Billa Club po 12. 10. – út 13. 10.,2026-10-12 - 2026-10-13,https://www.kupi.cz/letak/billa-maly-letak-721?page=8&map=216583836,https://img.kupi.cz/kupi/thumbs/zitny-rohlik-1_170_340.jpg,2026-10-07T05:30:59+02:00
Billa,Pečivo,44476,Mini pizza 80 g,mini_pizza,19.9,23.69,Kč,"24,88 Kč / 100 g",248.8,,True,Billa Club,19.9,-16% Billa Club platí do úterý 20. 10.,2026-10-07 - 2026-10-20,https://www.kupi.cz/letak/billa-letak-italie-u-vas-doma?page=12&map=215641611,https://img.kupi.cz/kupi/thumbs/mini-pizza-2_170_340.jpg,2026-10-07T05:30:59+02:00
Billa,Pečivo,270131,Chalupářský bochník 500 g,chaluparsky_bochnik,29.9,35.6,Kč,"5,98 Kč / 100 g",59.8,,True,Billa Club,29.9,-16% Billa Club platí do úterý 13. 10.,2026-10-07 - 2026-10-13,https://www.kupi.cz/letak/billa-velky-letak-292?page=10&map=216582558,https://img.kupi.cz/kupi/thumbs/chaluparsky-bochnik_170_340.png,2026-10-07T05:30:59+02:00
Billa,Pečivo,549159,Chléb dýňový kváskový Kvasko Minit 400 g,chleb_dynovy_kvaskovy_kvasko_minit,49.9,59.4,Kč,"12,47 Kč / 100 g",124.7,,True,Billa Club,49.9,-16% Billa Club platí do úterý 13. 10.,2026-10-07 - 2026-10-13,https://www.kupi.cz/letak/billa-velky-letak-292?page=8&map=216582531,https://img.kupi.cz/kupi/thumbs/chleb-dynovy-kvaskovy-kvasko_170_340.jpg,2026-10-07T05:30:59+02:00
Billa,Pečivo,323372,Tortilla Granpiada Roberto 330 g,tortilla_granpiada_roberto,49.9,59.4,Kč,"15,12 Kč / 100 g",151.2,,True,Billa Club,49.9,-16% Billa Club platí do úterý 20. 10.,2026-10-07 - 2026-10-20,https://www.kupi.cz/letak/billa-letak-italie-u-vas-doma?page=12&map=215641650,https://img.kupi.cz/kupi/thumbs/tortilla-granpiada-roberto_170_340.png,2026-10-07T05:30:59+02:00
Billa,Pečivo,494664,Závin Srdce Domova 400 g,zavin_srdce_domova,39.9,47.5,Kč,"9,97 Kč / 100 g",99.7,,True,Billa Club,39.9,-16% Billa Club platí do úterý 13. 10.,2026-10-07 - 2026-10-13,https://www.kupi.cz/letak/billa-velky-letak-292?page=10&map=216582567,https://img.kupi.cz/kupi/thumbs/zavin-srdce-domova_170_340.jpg,2026-10-07T05:30:59+02:00
Billa,Pečivo,429438,Pečivo tyčinka sýrová 80 g,pecivo_tycinka_syrova,16.9,18.78,Kč,"21,12 Kč / 100 g",211.2,,True,Billa Club,16.9,-10% Billa Club platí do úterý 20. 10.,2026-10-07 - 2026-10-20,https://www.kupi.cz/letak/billa-letak-italie-u-vas-doma?page=12&map=215641629,https://img.kupi.cz/kupi/thumbs/pecivo-tycinka-syrova_170_340.png,2026-10-07T05:30:59+02:00
Billa,Pečivo,479937,Schiacciata 80 g,schiacciata,16.9,18.78,Kč,"21,12 Kč / 100 g",211.2,,True,Billa Club,16.9,-10% Billa Club platí do úterý 20. 10.,2026-10-07 - 2026-10-20,https://www.kupi.cz/letak/billa-letak-italie-u-vas-doma?page=12&map=215641635,https://img.kupi.cz/kupi/thumbs/schiacciata_170_340.jpg,2026-10-07T05:30:59+02:00
Billa,Pečivo,477771,Pečivo pinsa 250 g,pecivo_pinsa,59.9,69.65,Kč,"23,96 Kč / 100 g",239.6,,True,Billa Club,59.9,-14% Billa Club platí do úterý 20. 10.,2026-10-07 - 2026-10-20,https://www.kupi.cz/letak/billa-letak-italie-u-vas-doma?page=12&map=215641653,https://img.kupi.cz/kupi/thumbs/pecivo-pinsa_170_340.jpg,2026-10-07T05:30:59+02:00
Billa,Pečivo,426066,Donuty bez lepku Tiny Donuts Cuorenero 111 g,donuty_bez_lepku_tiny_donuts_cuorenero,79.9,89.78,Kč,"71,98 Kč / 100 g",719.8,,True,Billa Club,79.9,-11% Billa Club platí do úterý 13. 10.,2026-10-07 - 2026-10-13,https://www.kupi.cz/letak/billa-velky-letak-292?page=10&map=216582606,https://img.kupi.cz/kupi/thumbs/donut-bez-lepku-cuorenero_170_340.png,2026-10-07T05:30:59+02:00
Billa,Pečivo,426066,Donuty bez lepku Tiny Donuts Cuorenero 111 g,donuty_bez_lepku_tiny_donuts_cuorenero,79.9,89.78,Kč,"71,98 Kč / 100 g",719.8,,True,Billa Club,79.9,-11% Billa Club platí do úterý 20. 10.,2026-10-07 - 2026-10-20,https://www.kupi.cz/letak/billa-letak-italie-u-vas-doma?page=12&map=215641659,https://img.kupi.cz/kupi/thumbs/donut-bez-lepku-cuorenero_170_340.png,2026-10-07T05:30:59+02:00
Billa,Pečivo,578205,Pečivo Flabatta 90 g,pecivo_flabatta,9.9,11.79,Kč,"11,00 Kč / 100 g",110.0,,True,Billa Club,9.9,-16% Billa Club platí do úterý 20. 10.,2026-10-07 - 2026-10-20,https://www.kupi.cz/letak/billa-letak-italie-u-vas-doma?page=12&map=215641605,https://www.kupi.cz/img/no_img/no_discounts.png,2026-10-07T05:30:59+02:00
Billa,Pečivo,554586,Chléb bez lepku Panfette Nutrifree 300 g,chleb_bez_lepku_panfette_nutrifree,99.9,118.93,Kč,"33,30 Kč / 100 g",333.0,,True,Billa Club,99.9,-16% Billa Club platí do úterý 20. 10.,2026-10-07 - 2026-10-20,https://www.kupi.cz/letak/billa-letak-italie-u-vas-doma?page=12&map=215641656,https://img.kupi.cz/kupi/thumbs/chleb-bez-lepku-panfette-nutrifree_170_340.jpg,2026-10-07T05:30:59+02:00
Billa,Pečivo,526908,Bochník chalupář do trouby Penam 500 g,bochnik_chalupar_do_trouby_penam,29.9,35.6,Kč,"5,98 Kč / 100 g",59.8,,True,Billa Club,29.9,-16% Billa Club platí do úterý 13. 10.,2026-10-07 - 2026-10-13,https://www.kupi.cz/letak/billa-velky-letak-292?page=10&map=216582564,https://img.kupi.cz/kupi/thumbs/bochnik-chalupar-do-trouby-penam_170_340.jpg,2026-10-07T05:30:59+02:00
Billa,Pečivo,587925,Chléb Slovanské žito Odkolek 400 g,chleb_slovanske_zito_odkolek,29.9,36.46,Kč,"7,47 Kč / 100 g",74.7,,True,Billa Club,29.9,-18% Billa Club platí do úterý 13. 10.,2026-10-07 - 2026-10-13,https://www.kupi.cz/letak/billa-velky-letak-292?page=10&map=216582573,https://img.kupi.cz/kupi/thumbs/chleb-slovanske-zito-odkolek_170_340.jpg,2026-10-07T05:30:59+02:00
Billa,Mléčné výrobky a vejce,12697,Vejce z podestýlky M 30 ks,vejce_z_podestylky_m,78.9,143.45,Kč,"2,63 Kč / 1 ks",,2.63,True,Billa Club,78.9,-45% Billa Club v pá 9. 10.,2026-10-07 - 2026-10-09,https://www.kupi.cz/letak/billa-velky-letak-292?map=216582009,https://img.kupi.cz/kupi/thumbs/vejce-z-podestylky-m-2_170_340.jpg,2026-10-07T05:31:01+02:00
Billa,Mléčné výrobky a vejce,3878,Mléko kondenzované Salko Tatra 397 g,mleko_kondenzovane_salko_tatra,69.9,139.8,Kč,"8,80 Kč / 100 g",176.07,,False,,,-50% platí do úterý 13. 10.,2026-10-07 - 2026-10-13,https://www.kupi.cz/letak/billa-velky-letak-292?map=216582006,https://img.kupi.cz/kupi/thumbs/mleko-kondenzovane-salko-tatra_170_340.png,2026-10-07T05:31:01+02:00
Billa,Mléčné výrobky a vejce,3622,Máslo A7B 250 g,maslo_a7b,24.9,36.62,Kč,"9,96 Kč / 100 g",99.6,,True,Billa Club,24.9,-32% Billa Club platí do úterý 13. 10.,2026-10-07 - 2026-10-13,https://www.kupi.cz/letak/billa-velky-letak-292?map=216581979,https://img.kupi.cz/kupi/thumbs/maslo-a7b-1_170_340.jpg,2026-10-07T05:31:01+02:00
Billa,Mléčné výrobky a vejce,4492,"Mléko trvanlivé Tatra - 1,5% polotučné 1 l",mleko_trvanlive_tatra_polotucne,8.9,13.69,Kč,"8,90 Kč / 1 l",,,True,Billa Club,8.9,-35% Billa Club po 12. 10. – út 13. 10.,2026-10-12 - 2026-10-13,https://www.kupi.cz/letak/billa-maly-letak-721?page=8&map=216583833,https://img.kupi.cz/kupi/thumbs/trvanlive-mleko-tatra-1-5-polotucne_170_340.png,2026-10-07T05:31:01+02:00
Billa,Mléčné výrobky a vejce,4801,Bílý jogurt selský Hollandia 500 g,bily_jogurt_selsky_hollandia,16.9,31.89,Kč,"3,38 Kč / 100 g",33.8,,True,Billa Club,16.9,-47% Billa Club po 12. 10. – út 13. 10.,2026-10-12 - 2026-10-13,https://www.kupi.cz/letak/billa-maly-letak-721?page=8&map=216583842,https://img.kupi.cz/kupi/thumbs/bily-jogurt-selsky-hollandia_170_340.png,2026-10-07T05:31:01+02:00
Billa,Mléčné výrobky a vejce,641,Smetana ke šlehání Mlékárna Kunín 31% 200 g,smetana_ke_slehani_mlekarna_kunin,21.9,36.5,Kč,"10,95 Kč / 100 g",109.5,,True,Billa Club,21.9,-40% Billa Club po 12. 10. – út 13. 10.,2026-10-12 - 2026-10-13,https://www.kupi.cz/letak/billa-maly-letak-721?page=8&map=216583848,https://img.kupi.cz/kupi/thumbs/smetana-ke-slehani-kunin-31_170_340.jpg,2026-10-07T05:31:01+02:00
Billa,Mléčné výrobky a vejce,3,Margarín Classic Rama 400 g,margarin_classic_rama,44.9,,Kč,"11,22 Kč / 100 g",112.2,,False,,,čt 8. 10. – ne 11. 10.,2026-10-08 - 2026-10-11,https://www.kupi.cz/letak/billa-velky-letak-292?page=36&map=216584454,https://img.kupi.cz/kupi/thumbs/margarin-classic-rama_170_340.png,2026-10-07T05:31:01+02:00
Billa,Mléčné výrobky a vejce,886,Sýr Mozzarella Galbani 125 g,syr_mozzarella_galbani,26.9,40.76,Kč,"21,52 Kč / 100 g",215.2,,False,,,-34% platí do úterý 20. 10.,2026-10-07 - 2026-10-20,https://www.kupi.cz/letak/billa-letak-italie-u-vas-doma?page=2&map=215641104,https://img.kupi.cz/kupi/thumbs/syr-mozzarella-galbani_170_340.jpg,2026-10-07T05:31:01+02:00
Billa,Mléčné výrobky a vejce,577,Sýr Romadur Madeta 100 g,syr_romadur_madeta,19.9,31.59,Kč,"19,90 Kč / 100 g",199.0,,True,Billa Club,19.9,-37% Billa Club čt 8. 10. – ne 11. 10.,2026-10-08 - 2026-10-11,https://www.kupi.cz/letak/billa-maly-letak-721?page=7&map=216583809,https://img.kupi.cz/kupi/thumbs/syr-romadur-madeta-1_170_340.jpg,2026-10-07T05:31:01+02:00
Billa,Mléčné výrobky a vejce,197,Lučina 120 g,lucina,32.9,46.34,Kč,"27,42 Kč / 100 g",274.2,,False,,,-29% platí do úterý 13. 10.,2026-10-07 - 2026-10-13,https://www.kupi.cz/letak/billa-maly-letak-721?page=4&map=216583584,https://img.kupi.cz/kupi/thumbs/lucina-4_170_340.jpg,2026-10-07T05:31:01+02:00
Billa,Mléčné výrobky a vejce,1182,Dezert Pribináček 125 g,dezert_pribinacek,19.9,29.7,Kč,"15,92 Kč / 100 g",159.2,,False,,,-33% platí do úterý 13. 10.,2026-10-07 - 2026-10-13,https://www.kupi.cz/letak/billa-velky-letak-292?page=23&map=216582918,https://img.kupi.cz/kupi/thumbs/dezert-pribinacek-1_170_340.jpg,2026-10-07T05:31:01+02:00
Billa,Mléčné výrobky a vejce,1182,Dezert Pribináček 125 g,dezert_pribinacek,19.9,,Kč,"15,92 Kč / 100 g",159.2,,False,,,platí do úterý 13. 10.,2026-10-07 - 2026-10-13,https://www.kupi.cz/letak/billa-maly-letak-721?page=4&map=216583578,https://img.kupi.cz/kupi/thumbs/dezert-pribinacek-1_170_340.jpg,2026-10-07T05:31:01+02:00
Billa,Mléčné výrobky a vejce,1805,Tradiční pomazánkové Choceňské 150 g,tradicni_pomazankove_chocenske,24.9,43.68,Kč,"16,60 Kč / 100 g",166.0,,False,,,-43% čt 8. 10. – ne 11. 10.,2026-10-08 - 2026-10-11,https://www.kupi.cz/letak/billa-maly-letak-721?page=7&map=216583779,https://img.kupi.cz/kupi/thumbs/tradicni-pomazankove-chocenske_170_340.png,2026-10-07T05:31:01+02:00
Billa,Mléčné výrobky a vejce,26,Ochucený jogurt selský Hollandia 200 g,ochuceny_jogurt_selsky_hollandia,9.9,21.52,Kč,"4,95 Kč / 100 g",49.5,,True,Billa Club,9.9,-54% Billa Club platí do úterý 13. 10.,2026-10-07 - 2026-10-13,https://www.kupi.cz/letak/billa-velky-letak-292?page=2&map=216582408,https://img.kupi.cz/kupi/thumbs/ochuceny-jogurt-selsky-hollandia-1_170_340.png,2026-10-07T05:31:01+02:00
Billa,Mléčné výrobky a vejce,1093,Sýr original Gervais 150 g,syr_original_gervais,36.9,49.86,Kč,"24,60 Kč / 100 g",246.0,,True,Billa Club,36.9,-26% Billa Club platí do úterý 13. 10.,2026-10-07 - 2026-10-13,https://www.kupi.cz/letak/billa-maly-letak-721?page=4&map=216583590,https://img.kupi.cz/kupi/thumbs/syr-original-gervais_170_340.png,2026-10-07T05:31:01+02:00
Billa,Mléčné výrobky a vejce,1566,Sýr Eidam 45% 100 g,syr_eidam,14.9,,Kč,"14,90 Kč / 100 g",149.0,,False,,,po 12. 10. – út 13. 10.,2026-10-12 - 2026-10-13,https://www.kupi.cz/letak/billa-maly-letak-721?page=8&map=216583839,https://img.kupi.cz/kupi/thumbs/syr-eidam-45_170_340.jpg,2026-10-07T05:31:01+02:00
Billa,Mléčné výrobky a vejce,1265,Margarín máslová příchuť Perla 950 g,margarin_maslova_prichut_perla,59.9,,Kč,"6,31 Kč / 100 g",63.1,,False,,,platí do úterý 13. 10.,2026-10-07 - 2026-10-13,https://www.kupi.cz/letak/billa-velky-letak-292?page=39&map=216584748,https://img.kupi.cz/kupi/thumbs/margarin-maslova-prichut-perla_170_340.png,2026-10-07T05:31:01+02:00
Billa,Mléčné výrobky a vejce,235,Sýr tavený Veselá kráva 120 g,syr_taveny_vesela_krava,32.9,53.06,Kč,"27,42 Kč / 100 g",274.2,,True,Billa Club,32.9,-38% Billa Club platí do úterý 13. 10.,2026-10-07 - 2026-10-13,https://www.kupi.cz/letak/billa-velky-letak-292?page=22&map=216582900,https://img.kupi.cz/kupi/thumbs/syr-taveny-vesela-krava-1_170_340.png,2026-10-07T05:31:01+02:00
Billa,Mléčné výrobky a vejce,101958,Margarín máslová příchuť Rama 400 g,margarin_maslova_prichut_rama,44.9,,Kč,"11,22 Kč / 100 g",112.2,,False,,,čt 8. 10. – ne 11. 10.,2026-10-08 - 2026-10-11,https://www.kupi.cz/letak/billa-velky-letak-292?page=36&map=216584457,https://img.kupi.cz/kupi/thumbs/margarin-maslova-prichut-rama_170_340.png,2026-10-07T05:31:01+02:00
Billa,Mléčné výrobky a vejce,3553,Bílý jogurt Klasik Olma 150 g,bily_jogurt_klasik_olma,8.9,11.87,Kč,"5,93 Kč / 100 g",59.3,,False,,,-25% platí do úterý 13. 10.,2026-10-07 - 2026-10-13,https://www.kupi.cz/letak/billa-maly-letak-721?page=4&map=216583566,https://img.kupi.cz/kupi/thumbs/bily-jogurt-klasik-olma-1_170_340.png,2026-10-07T05:31:03+02:00
Billa,Mléčné výrobky a vejce,29,Jogurt smetanový ochucený z Valašska Mlékárna Valašské Meziříčí 150 g,jogurt_smetanovy_ochuceny_z_valasska_mlekarna_valasske_mezirici,9.9,18.68,Kč,"6,60 Kč / 100 g",66.0,,False,,,-47% platí do úterý 13. 10.,2026-10-07 - 2026-10-13,https://www.kupi.cz/letak/billa-velky-letak-292?page=23&map=216582915,https://img.kupi.cz/kupi/thumbs/jogurt-smetanovy-ochuceny-z-valasska-mlekarna-valasske-mezirici_170_340.jpg,2026-10-07T05:31:03+02:00
Billa,Mléčné výrobky a vejce,9470,Sýr Gran Moravia 100 g,syr_gran_moravia,59.9,69.65,Kč,"59,90 Kč / 100 g",599.0,,False,,,-14% platí do úterý 20. 10.,2026-10-07 - 2026-10-20,https://www.kupi.cz/letak/billa-letak-italie-u-vas-doma?page=5&map=215641215,https://img.kupi.cz/kupi/thumbs/syr-gran-moravia_170_340.jpg,2026-10-07T05:31:03+02:00
Billa,Mléčné výrobky a vejce,7570,Sýr tavený smetanový Philadelphia 125 g,syr_taveny_smetanovy_philadelphia,36.9,63.62,Kč,"29,52 Kč / 100 g",295.2,,True,Billa Club,36.9,-42% Billa Club po 12. 10. – út 13. 10.,2026-10-12 - 2026-10-13,https://www.kupi.cz/letak/billa-maly-letak-721?page=8&map=216583845,https://img.kupi.cz/kupi/thumbs/syr-taveny-smetanovy-philadelphia_170_340.png,2026-10-07T05:31:03+02:00
Billa,Mléčné výrobky a vejce,920,Jogurtový nápoj Activia Danone 270 g,jogurtovy_napoj_activia_danone,21.9,31.74,Kč,"8,11 Kč / 100 g",81.1,,True,Billa Club,21.9,-31% Billa Club platí do úterý 13. 10.,2026-10-07 - 2026-10-13,https://www.kupi.cz/letak/billa-maly-letak-721?page=4&map=216583581,https://img.kupi.cz/kupi/thumbs/jogurtovy-napoj-activia-danone_170_340.png,2026-10-07T05:31:03+02:00
Billa,Mléčné výrobky a vejce,100899,Dezert zakysaný ochucený Můj Skyr 0% Milko 130 g,dezert_zakysany_ochuceny_muj_skyr_milko,13.9,21.72,Kč,"10,69 Kč / 100 g",106.9,,False,,,-36% platí do úterý 13. 10.,2026-10-07 - 2026-10-13,https://www.kupi.cz/letak/billa-maly-letak-721?page=4&map=216583572,https://img.kupi.cz/kupi/thumbs/dezert-zakysany-ochuceny-muj-skyr-0-milko_170_340.jpg,2026-10-07T05:31:03+02:00
Billa,Mléčné výrobky a vejce,29068,Sýr Mozzarella Italia 125 g,syr_mozzarella_italia,19.9,27.64,Kč,"15,92 Kč / 100 g",159.2,,False,,,-28% platí do úterý 13. 10.,2026-10-07 - 2026-10-13,https://www.kupi.cz/letak/billa-velky-letak-292?page=22&map=216582882,https://img.kupi.cz/kupi/thumbs/syr-mozzarella-italia_170_340.png,2026-10-07T05:31:03+02:00
Billa,Mléčné výrobky a vejce,2705,Balkánský sýr Madeta 115 g,balkansky_syr_madeta,29.9,36.46,Kč,"26,00 Kč / 100 g",260.0,,False,,,-18% platí do úterý 13. 10.,2026-10-07 - 2026-10-13,https://www.kupi.cz/letak/billa-velky-letak-292?page=22&map=216582885,https://img.kupi.cz/kupi/thumbs/balkansky-syr-madeta_170_340.jpg,2026-10-07T05:31:03+02:00
Billa,Mléčné výrobky a vejce,5392,Dezert Maxi King Kinder 35 g,dezert_maxi_king_kinder,49.9,69.31,Kč,"47,52 Kč / 100 g",1425.71,,False,,,-28% platí do úterý 13. 10.,2026-10-07 - 2026-10-13,https://www.kupi.cz/letak/billa-velky-letak-292?page=23&map=216582906,https://img.kupi.cz/kupi/thumbs/dezert-maxi-king-kinder_170_340.jpg,2026-10-07T05:31:03+02:00
Billa,Mléčné výrobky a vejce,4444,Tavené sýry Président 150 g,tavene_syry_president,29.9,48.23,Kč,"19,93 Kč / 100 g",199.3,,False,,,-38% platí do úterý 13. 10.,2026-10-07 - 2026-10-13,https://www.kupi.cz/letak/billa-velky-letak-292?page=25&map=216582966,https://img.kupi.cz/kupi/thumbs/syr-taveny-president-1_170_340.jpg,2026-10-07T05:31:03+02:00
Billa,Mléčné výrobky a vejce,416,Jogurt Fantasia Danone 100 g,jogurt_fantasia_danone,45.82,68.39,Kč,"15,27 Kč / 100 g",458.2,,False,,,-33% platí do úterý 13. 10.,2026-10-07 - 2026-10-13,https://www.kupi.cz/letak/billa-velky-letak-292?page=39&map=216584742,https://img.kupi.cz/kupi/thumbs/dezert-fantasia-danone-1_170_340.jpg,2026-10-07T05:31:03+02:00
Billa,Mléčné výrobky a vejce,2136,Sýr strouhaný Gran Moravia 100 g,syr_strouhany_gran_moravia,59.9,74.88,Kč,"59,90 Kč / 100 g",599.0,,False,,,-20% platí do úterý 20. 10.,2026-10-07 - 2026-10-20,https://www.kupi.cz/letak/billa-letak-italie-u-vas-doma?page=5&map=215641194,https://img.kupi.cz/kupi/thumbs/syr-strouhany-gran-moravia_170_340.jpg,2026-10-07T05:31:03+02:00
Billa,Mléčné výrobky a vejce,43768,Tvaroh jemný Olešnický Moravia 230 g,tvaroh_jemny_olesnicky_moravia,35.9,47.87,Kč,"15,61 Kč / 100 g",156.1,,False,,,-25% platí do úterý 13. 10.,2026-10-07 - 2026-10-13,https://www.kupi.cz/letak/billa-velky-letak-292?page=22&map=216582888,https://img.kupi.cz/kupi/thumbs/olesnicky-tvaroh-jemny-moravia_170_340.png,2026-10-07T05:31:03+02:00
Billa,Mléčné výrobky a vejce,9228,Dezert Grand Dessert Ehrmann 190 g,dezert_grand_dessert_ehrmann,24.9,36.62,Kč,"13,11 Kč / 100 g",131.1,,False,,,-32% platí do úterý 20. 10.,2026-10-07 - 2026-10-20,https://www.kupi.cz/letak/billa-letak-italie-u-vas-doma?page=11&map=215641569,https://img.kupi.cz/kupi/thumbs/dezert-grand-dessert-ehrmann-1_170_340.png,2026-10-07T05:31:03+02:00
Billa,Mléčné výrobky a vejce,30858,Dezert mléčný Monte Snack Zott 29 g,dezert_mlecny_monte_snack_zott,31.8,47.46,Kč,"36,55 Kč / 100 g",1096.55,,False,,,-33% platí do úterý 13. 10.,2026-10-07 - 2026-10-13,https://www.kupi.cz/letak/billa-velky-letak-292?page=39&map=216584637,https://img.kupi.cz/kupi/thumbs/dezert-mlecny-monte-snack-zott_170_340.jpg,2026-10-07T05:31:03+02:00
Billa,Mléčné výrobky a vejce,7197,Sýr Grana Padano 125 g,syr_grana_padano,62.9,69.89,Kč,"50,32 Kč / 100 g",503.2,,False,,,-10% platí do úterý 20. 10.,2026-10-07 - 2026-10-20,https://www.kupi.cz/letak/billa-letak-italie-u-vas-doma?page=2&map=215641098,https://img.kupi.cz/kupi/thumbs/syr-grana-padano_170_340.jpg,2026-10-07T05:31:03+02:00
Billa,Mléčné výrobky a vejce,22,Sýr a křup Veselá kráva 35 g,syr_a_krup_vesela_krava,15.9,19.88,Kč,"45,43 Kč / 100 g",454.3,,False,,,-20% platí do úterý 13. 10.,2026-10-07 - 2026-10-13,https://www.kupi.cz/letak/billa-velky-letak-292?page=23&map=216582930,https://img.kupi.cz/kupi/thumbs/syr-a-krup-vesela-krava-1_170_340.jpg,2026-10-07T05:31:03+02:00
Billa,Mléčné výrobky a vejce,2495,Sýr termizovaný Rondelé President 100 g,syr_termizovany_rondele_president,36.9,51.25,Kč,"36,90 Kč / 100 g",369.0,,False,,,-28% platí do úterý 13. 10.,2026-10-07 - 2026-10-13,https://www.kupi.cz/letak/billa-velky-letak-292?page=22&map=216582897,https://img.kupi.cz/kupi/thumbs/syr-termizovany-rondele-president_170_340.jpg,2026-10-07T05:31:03+02:00
Billa,Mléčné výrobky a vejce,20802,Sýr Mozzarella Galbani mini 150 g,syr_mozzarella_galbani_mini,34.9,51.32,Kč,"23,27 Kč / 100 g",232.7,,False,,,-32% platí do úterý 20. 10.,2026-10-07 - 2026-10-20,https://www.kupi.cz/letak/billa-letak-italie-u-vas-doma?page=2&map=215641101,https://img.kupi.cz/kupi/thumbs/syr-mozzarella-galbani-mini_170_340.jpg,2026-10-07T05:31:04+02:00
Billa,Mléčné výrobky a vejce,2774,Smetana zakysaná Olma 16% 200 g,smetana_zakysana_olma,16.9,29.65,Kč,"8,45 Kč / 100 g",84.5,,False,,,-43% platí do úterý 13. 10.,2026-10-07 - 2026-10-13,https://www.kupi.cz/letak/billa-velky-letak-292?page=17&map=216582753,https://img.kupi.cz/kupi/thumbs/smetana-zakysana-olma-16-1_170_340.jpg,2026-10-07T05:31:04+02:00
Billa,Mléčné výrobky a vejce,47697,Balkánský sýr Président 250 g,balkansky_syr_president,56.9,72.03,Kč,"22,76 Kč / 100 g",227.6,,False,,,-21% platí do úterý 13. 10.,2026-10-07 - 2026-10-13,https://www.kupi.cz/letak/billa-velky-letak-292?page=25&map=216582969,https://img.kupi.cz/kupi/thumbs/balkansky-syr-president_170_340.jpg,2026-10-07T05:31:04+02:00
Billa,Mléčné výrobky a vejce,295994,Dezert Lipánek tvarohový Madeta 130 g,dezert_lipanek_tvarohovy_madeta,16.9,23.8,Kč,"13,00 Kč / 100 g",130.0,,True,Billa Club,16.9,-29% Billa Club platí do úterý 13. 10.,2026-10-07 - 2026-10-13,https://www.kupi.cz/letak/billa-velky-letak-292?page=23&map=216582903,https://img.kupi.cz/kupi/thumbs/dezert-lipanek-tvarohovy-madeta-1_170_340.jpg,2026-10-07T05:31:04+02:00
Billa,Mléčné výrobky a vejce,7862,Pařížská šlehačka Mlékárna Kunín 27% 200 g,parizska_slehacka_mlekarna_kunin,34.9,41.55,Kč,"17,45 Kč / 100 g",174.5,,False,,,-16% platí do úterý 13. 10.,2026-10-07 - 2026-10-13,https://www.kupi.cz/letak/billa-velky-letak-292?page=17&map=216582750,https://img.kupi.cz/kupi/thumbs/parizska-slehacka-kunin-27-1_170_340.jpg,2026-10-07T05:31:04+02:00
Billa,Mléčné výrobky a vejce,3631,Sýr Grana Padano Billa 200 g,syr_grana_padano,98.9,186.6,Kč,"49,45 Kč / 100 g",494.5,,False,,,-47% platí do úterý 20. 10.,2026-10-07 - 2026-10-20,https://www.kupi.cz/letak/billa-letak-italie-u-vas-doma?map=215641083,https://img.kupi.cz/kupi/thumbs/syr-grana-padano-billa_170_340.jpg,2026-10-07T05:31:04+02:00
Billa,Mléčné výrobky a vejce,9302,Nápoj mléko ochucené Kravík Tatra 250 ml,napoj_mleko_ochucene_kravik_tatra,14.9,,Kč,"5,96 Kč / 100 ml",,,False,,,platí do úterý 13. 10.,2026-10-07 - 2026-10-13,https://www.kupi.cz/letak/billa-velky-letak-292?page=39&map=216584745,https://img.kupi.cz/kupi/thumbs/napoj-mleko-ochucene-kravik-tatra_170_340.jpg,2026-10-07T05:31:04+02:00
Billa,Mléčné výrobky a vejce,4157,Dezert tyčinka Pribináček 38 g,dezert_tycinka_pribinacek,11.9,16.76,Kč,"31,32 Kč / 100 g",313.2,,False,,,-29% platí do úterý 13. 10.,2026-10-07 - 2026-10-13,https://www.kupi.cz/letak/billa-velky-letak-292?page=39&map=216584733,https://img.kupi.cz/kupi/thumbs/dezert-tycinka-pribinacek_170_340.jpg,2026-10-07T05:31:04+02:00
Billa,Mléčné výrobky a vejce,56699,Sýr Parmigiano Reggiano Premium Billa 200 g,syr_parmigiano_reggiano_premium,124.9,138.78,Kč,"62,45 Kč / 100 g",624.5,,False,,,-10% platí do úterý 20. 10.,2026-10-07 - 2026-10-20,https://www.kupi.cz/letak/billa-letak-italie-u-vas-doma?page=5&map=215641203,https://img.kupi.cz/kupi/thumbs/syr-parmigiano-reggiano-premium-billa_170_340.jpg,2026-10-07T05:31:04+02:00
Billa,Mléčné výrobky a vejce,258437,Sýr Mascarpone 250 g,syr_mascarpone,44.9,52.82,Kč,"17,96 Kč / 100 g",179.6,,False,,,-15% platí do úterý 20. 10.,2026-10-07 - 2026-10-20,https://www.kupi.cz/letak/billa-letak-italie-u-vas-doma?page=16&map=215641827,https://img.kupi.cz/kupi/thumbs/syr-mascarpone-1_170_340.jpg,2026-10-07T05:31:04+02:00
Billa,Mléčné výrobky a vejce,223938,Přepuštěné máslo Ghí Living Spoon 420 ml,prepustene_maslo_ghi_living_spoon,189.9,296.72,Kč,"45,21 Kč / 100 ml",,,True,Billa Club,189.9,-36% Billa Club platí do úterý 13. 10.,2026-10-07 - 2026-10-13,https://www.kupi.cz/letak/billa-velky-letak-292?page=17&map=216582759,https://img.kupi.cz/kupi/thumbs/prepustene-maslo-ghi-living-spoon-1_170_340.jpg,2026-10-07T05:31:04+02:00
Billa,Mléčné výrobky a vejce,19870,Sýr Gorgonzola 200 g,syr_gorgonzola,65.9,72.42,Kč,"32,95 Kč / 100 g",329.5,,False,,,-9% platí do úterý 20. 10.,2026-10-07 - 2026-10-20,https://www.kupi.cz/letak/billa-letak-italie-u-vas-doma?page=2&map=215641092,https://img.kupi.cz/kupi/thumbs/syr-gorgonzola_170_340.jpg,2026-10-07T05:31:04+02:00
Billa,Mléčné výrobky a vejce,212703,Sýr Grana Padano strouhaný Billa 125 g,syr_grana_padano_strouhany,56.9,64.66,Kč,"45,52 Kč / 100 g",455.2,,False,,,-12% platí do úterý 20. 10.,2026-10-07 - 2026-10-20,https://www.kupi.cz/letak/billa-letak-italie-u-vas-doma?page=5&map=215641188,https://img.kupi.cz/kupi/thumbs/syr-grana-padano-strouhany-billa-1_170_340.jpg,2026-10-07T05:31:04+02:00
Billa,Mléčné výrobky a vejce,106652,Šlehačka ve spreji Billa 250 g,slehacka_ve_spreji,39.9,45.86,Kč,"15,96 Kč / 100 g",159.6,,False,,,-13% platí do úterý 13. 10.,2026-10-07 - 2026-10-13,https://www.kupi.cz/letak/billa-maly-letak-721?page=4&map=216583569,https://img.kupi.cz/kupi/thumbs/slehacka-ve-spreji-billa_170_340.png,2026-10-07T05:31:04+02:00
Billa,Mléčné výrobky a vejce,258293,Sýr Ricotta 250 g,syr_ricotta,29.9,33.6,Kč,"11,96 Kč / 100 g",119.6,,False,,,-11% platí do úterý 20. 10.,2026-10-07 - 2026-10-20,https://www.kupi.cz/letak/billa-letak-italie-u-vas-doma?page=2&map=215641095,https://img.kupi.cz/kupi/thumbs/syr-ricotta_170_340.jpg,2026-10-07T05:31:04+02:00
Billa,Mléčné výrobky a vejce,110171,Sýr Parenica Billa 110 g,syr_parenica,27.9,,Kč,"25,36 Kč / 100 g",253.6,,False,,,platí do úterý 13. 10.,2026-10-07 - 2026-10-13,https://www.kupi.cz/letak/billa-velky-letak-292?page=2&map=216582405,https://img.kupi.cz/kupi/thumbs/syr-parenica-billa_170_340.jpg,2026-10-07T05:31:04+02:00
Billa,Mléčné výrobky a vejce,240843,Sýr Parmigiano Reggiano strouhaný Billa 100 g,syr_parmigiano_reggiano_strouhany,54.9,64.59,Kč,"54,90 Kč / 100 g",549.0,,False,,,-15% platí do úterý 20. 10.,2026-10-07 - 2026-10-20,https://www.kupi.cz/letak/billa-letak-italie-u-vas-doma?page=5&map=215641209,https://img.kupi.cz/kupi/thumbs/syr-parmigiano-reggiano-strouhany-billa_170_340.jpg,2026-10-07T05:31:04+02:00
Billa,Mléčné výrobky a vejce,413153,Tvarohová svačinka Míšánek Olma 90 g,tvarohova_svacinka_misanek_olma,9.9,16.78,Kč,"11,00 Kč / 100 g",110.0,,False,,,-41% platí do úterý 13. 10.,2026-10-07 - 2026-10-13,https://www.kupi.cz/letak/billa-velky-letak-292?page=23&map=216582912,https://img.kupi.cz/kupi/thumbs/tvarohova-svacinka-misanek-olma_170_340.png,2026-10-07T05:31:04+02:00
Billa,Mléčné výrobky a vejce,449433,Sýr Niva Premium Jihočeská 70% Madeta 100 g,syr_niva_premium_jihoceska_madeta,29.9,35.6,Kč,"29,90 Kč / 100 g",299.0,,False,,,-16% platí do úterý 13. 10.,2026-10-07 - 2026-10-13,https://www.kupi.cz/letak/billa-velky-letak-292?page=11&map=216582636,https://img.kupi.cz/kupi/thumbs/syr-niva-premium-jihoceska-70-madeta-1_170_340.jpg,2026-10-07T05:31:05+02:00
Billa,Mléčné výrobky a vejce,345577,Sýr Pecorino Romano DOP 200 g,syr_pecorino_romano_dop,104.9,117.87,Kč,"52,45 Kč / 100 g",524.5,,False,,,-11% platí do úterý 20. 10.,2026-10-07 - 2026-10-20,https://www.kupi.cz/letak/billa-letak-italie-u-vas-doma?page=2&map=215641089,https://img.kupi.cz/kupi/thumbs/syr-pecorino-romano-dop-1_170_340.jpg,2026-10-07T05:31:05+02:00
Billa,Mléčné výrobky a vejce,1108,Jogurt ochucený Clever 150 g,jogurt_ochuceny_clever,7.9,,Kč,"5,27 Kč / 100 g",52.7,,False,,,platí do úterý 13. 10.,2026-10-07 - 2026-10-13,https://www.kupi.cz/letak/billa-velky-letak-292?page=15&map=216582690,https://img.kupi.cz/kupi/thumbs/jogurt-ochuceny-clever_170_340.jpg,2026-10-07T05:31:05+02:00
Billa,Mléčné výrobky a vejce,489075,Žervé Srdce Domova 80 g,zerve_srdce_domova,13.9,,Kč,"17,38 Kč / 100 g",173.8,,False,,,platí do úterý 13. 10.,2026-10-07 - 2026-10-13,https://www.kupi.cz/letak/billa-velky-letak-292?page=15&map=216582705,https://img.kupi.cz/kupi/thumbs/zerve-srdce-domova_170_340.jpg,2026-10-07T05:31:05+02:00
Billa,Mléčné výrobky a vejce,494985,Mléko čerstvé selské Srdce Domova 1 l,mleko_cerstve_selske_srdce_domova,26.9,32.8,Kč,"26,90 Kč / 1 l",,,False,,,-18% platí do úterý 13. 10.,2026-10-07 - 2026-10-13,https://www.kupi.cz/letak/billa-velky-letak-292?page=16&map=216582714,https://img.kupi.cz/kupi/thumbs/mleko-cerstve-selske-srdce-domova_170_340.jpg,2026-10-07T05:31:05+02:00
Billa,Mléčné výrobky a vejce,554877,Sýr Gouda 48% Sýýýr! 100 g,syr_gouda_syyyr,17.9,,Kč,"17,90 Kč / 100 g",179.0,,False,,,platí do úterý 13. 10.,2026-10-07 - 2026-10-13,https://www.kupi.cz/letak/billa-maly-letak-721?page=4&map=216583596,https://img.kupi.cz/kupi/thumbs/syr-gouda-48-syyyr_170_340.jpg,2026-10-07T05:31:05+02:00
Billa,Mléčné výrobky a vejce,554436,Pudink High Protein Billa 200 g,pudink_high_protein,21.9,25.76,Kč,"10,95 Kč / 100 g",109.5,,False,,,-15% platí do úterý 13. 10.,2026-10-07 - 2026-10-13,https://www.kupi.cz/letak/billa-velky-letak-292?page=19&map=216582837,https://img.kupi.cz/kupi/thumbs/pudink-high-protein-billa_170_340.jpg,2026-10-07T05:31:05+02:00
Billa,Mléčné výrobky a vejce,586203,Sýr Cottage Laktos 200 g,syr_cottage_laktos,29.9,34.77,Kč,"14,95 Kč / 100 g",149.5,,False,,,-14% platí do úterý 13. 10.,2026-10-07 - 2026-10-13,https://www.kupi.cz/letak/billa-velky-letak-292?page=19&map=216582819,https://img.kupi.cz/kupi/thumbs/syr-cottage-laktos_170_340.jpg,2026-10-07T05:31:05+02:00
Billa,Mléčné výrobky a vejce,556821,Sýr strouhaný Billa 150 g,syr_strouhany,29.9,,Kč,"19,93 Kč / 100 g",199.3,,False,,,platí do úterý 13. 10.,2026-10-07 - 2026-10-13,https://www.kupi.cz/letak/billa-velky-letak-292?page=22&map=216582894,https://img.kupi.cz/kupi/thumbs/syr-strouhany-billa_170_340.jpg,2026-10-07T05:31:05+02:00
Billa,Mléčné výrobky a vejce,584964,Sýr Burrata Billa Premium 100 g,syr_burrata_premium,32.9,46.34,Kč,"32,90 Kč / 100 g",329.0,,False,,,-29% platí do úterý 20. 10.,2026-10-07 - 2026-10-20,https://www.kupi.cz/letak/billa-letak-italie-u-vas-doma?map=215641071,https://img.kupi.cz/kupi/thumbs/syr-burrata-billa-premium_170_340.jpg,2026-10-07T05:31:05+02:00
Billa,Mléčné výrobky a vejce,574614,Sýrové nitě Snack to Go 50 g,syrove_nite_snack_to_go,19.9,29.7,Kč,"39,80 Kč / 100 g",398.0,,True,Billa Club,19.9,-33% Billa Club platí do úterý 13. 10.,2026-10-07 - 2026-10-13,https://www.kupi.cz/letak/billa-velky-letak-292?page=14&map=216582651,https://img.kupi.cz/kupi/thumbs/syrove-nite-snack-to-go_170_340.jpg,2026-10-07T05:31:05+02:00
Billa,Mléčné výrobky a vejce,587949,Smetánky do kávy Clever 10 g,smetanky_do_kavy_clever,9.5,,Kč,"9,50 Kč / 100 g",950.0,,False,,,platí do úterý 13. 10.,2026-10-07 - 2026-10-13,https://www.kupi.cz/letak/billa-velky-letak-292?page=15&map=216582708,https://www.kupi.cz/img/no_img/no_discounts.png,2026-10-07T05:31:05+02:00
Billa,"Maso, uzeniny a ryby",784,Vepřová plec bez kosti 1 kg,veprova_plec_bez_kosti,49.9,146.76,Kč,"49,90 Kč / 1 kg",49.9,,False,,,-66% platí do úterý 13. 10.,2026-10-07 - 2026-10-13,https://www.kupi.cz/letak/billa-velky-letak-292?map=216581970,https://img.kupi.cz/kupi/thumbs/veprova-plec-bez-kosti-1_170_340.jpg,2026-10-07T05:31:08+02:00
Billa,"Maso, uzeniny a ryby",17620,Anglická slanina speciál 100 g,anglicka_slanina_special,19.9,24.87,Kč,"19,90 Kč / 100 g",199.0,,False,,,-20% platí do úterý 13. 10.,2026-10-07 - 2026-10-13,https://www.kupi.cz/letak/billa-velky-letak-292?map=216581976,https://img.kupi.cz/kupi/thumbs/anglicka-slanina-special_170_340.jpg,2026-10-07T05:31:08+02:00
Billa,"Maso, uzeniny a ryby",20389,Losos filety 100 g,losos_filety,28.9,49.83,Kč,"28,90 Kč / 100 g",289.0,,False,,,-42% čt 8. 10. – ne 11. 10.,2026-10-08 - 2026-10-11,https://www.kupi.cz/letak/billa-velky-letak-292?map=216581985,https://img.kupi.cz/kupi/thumbs/losos-filety_170_340.png,2026-10-07T05:31:08+02:00
Billa,"Maso, uzeniny a ryby",11946,Panenka vepřová 1 kg,panenka_veprova,169.9,257.42,Kč,"169,90 Kč / 1 kg",169.9,,False,,,-34% platí do úterý 13. 10.,2026-10-07 - 2026-10-13,https://www.kupi.cz/letak/billa-velky-letak-292?page=3&map=216582447,https://img.kupi.cz/kupi/thumbs/panenka-veprova_170_340.jpg,2026-10-07T05:31:08+02:00
Billa,"Maso, uzeniny a ryby",14,Kuřecí čtvrtky 0.6 kg,kureci_ctvrtky,39.9,68.79,Kč,"66,50 Kč / 1 kg",66.5,,False,,,-42% platí do úterý 13. 10.,2026-10-07 - 2026-10-13,https://www.kupi.cz/letak/billa-velky-letak-292?page=3&map=216582432,https://img.kupi.cz/kupi/thumbs/kureci-ctvrtky-1_170_340.jpg,2026-10-07T05:31:08+02:00
Billa,"Maso, uzeniny a ryby",1252,Salám Vysočina 100 g,salam_vysocina,19.9,22.87,Kč,"19,90 Kč / 100 g",199.0,,False,,,-13% platí do úterý 13. 10.,2026-10-07 - 2026-10-13,https://www.kupi.cz/letak/billa-velky-letak-292?page=11&map=216582630,https://img.kupi.cz/kupi/thumbs/salam-vysocina_170_340.png,2026-10-07T05:31:08+02:00
Billa,"Maso, uzeniny a ryby",19446,Krůtí stehenní řízky 1 kg,kruti_stehenni_rizky,159.9,199.88,Kč,"159,90 Kč / 1 kg",159.9,,False,,,-20% platí do úterý 13. 10.,2026-10-07 - 2026-10-13,https://www.kupi.cz/letak/billa-velky-letak-292?page=3&map=216582438,https://img.kupi.cz/kupi/thumbs/kruti-stehenni-rizky_170_340.jpg,2026-10-07T05:31:08+02:00
Billa,"Maso, uzeniny a ryby",24503,Vepřová krkovice bez kosti Vocílka 0.6 kg,veprova_krkovice_bez_kosti_vocilka,139.9,199.86,Kč,"233,17 Kč / 1 kg",233.17,,False,,,-30% platí do úterý 13. 10.,2026-10-07 - 2026-10-13,https://www.kupi.cz/letak/billa-velky-letak-292?page=3&map=216582450,https://img.kupi.cz/kupi/thumbs/veprova-krkovice-bez-kosti-vocilka_170_340.png,2026-10-07T05:31:08+02:00
Billa,"Maso, uzeniny a ryby",2696,Hovězí maso na guláš Vocílka 0.4 kg,hovezi_maso_na_gulas_vocilka,119.9,,Kč,"299,75 Kč / 1 kg",299.75,,False,,,platí do úterý 13. 10.,2026-10-07 - 2026-10-13,https://www.kupi.cz/letak/billa-velky-letak-292?page=3&map=216582453,https://img.kupi.cz/kupi/thumbs/hovezi-maso-na-gulas-vocilka_170_340.png,2026-10-07T05:31:08+02:00
Billa,"Maso, uzeniny a ryby",12820,Losos uzený Nekton 100 g,losos_uzeny_nekton,89.9,99.89,Kč,"89,90 Kč / 100 g",899.0,,False,,,-10% platí do úterý 13. 10.,2026-10-07 - 2026-10-13,https://www.kupi.cz/letak/billa-velky-letak-292?page=39&map=216584751,https://img.kupi.cz/kupi/thumbs/losos-uzeny-nekton-1_170_340.jpg,2026-10-07T05:31:08+02:00
Billa,"Maso, uzeniny a ryby",1071,Debrecínka kuřecí 100 g,debrecinka_kureci,18.9,22.77,Kč,"18,90 Kč / 100 g",189.0,,False,,,-17% platí do úterý 13. 10.,2026-10-07 - 2026-10-13,https://www.kupi.cz/letak/billa-velky-letak-292?page=11&map=216582621,https://img.kupi.cz/kupi/thumbs/debrecinka-kureci_170_340.jpg,2026-10-07T05:31:08+02:00
Billa,"Maso, uzeniny a ryby",2122,Vepřová pečeně s kostí Vocílka 1 kg,veprova_pecene_s_kosti_vocilka,119.9,218.0,Kč,"119,90 Kč / 1 kg",119.9,,False,,,-45% platí do úterý 13. 10.,2026-10-07 - 2026-10-13,https://www.kupi.cz/letak/billa-velky-letak-292?page=3&map=216582459,https://img.kupi.cz/kupi/thumbs/veprova-pecene-s-kosti-vocilka_170_340.png,2026-10-07T05:31:08+02:00
Billa,"Maso, uzeniny a ryby",4882,Šunka vepřová Euro standard 100 g,sunka_veprova_euro_standard,16.9,19.88,Kč,"16,90 Kč / 100 g",169.0,,False,,,-15% platí do úterý 13. 10.,2026-10-07 - 2026-10-13,https://www.kupi.cz/letak/billa-velky-letak-292?page=11&map=216582612,https://img.kupi.cz/kupi/thumbs/sunka-veprova-euro-standard_170_340.jpg,2026-10-07T05:31:08+02:00
Billa,"Maso, uzeniny a ryby",1685,Uzená rolovaná plec 0.1 kg,uzena_rolovana_plec,16.9,19.88,Kč,"169,00 Kč / 1 kg",169.0,,False,,,-15% čt 8. 10. – ne 11. 10.,2026-10-08 - 2026-10-11,https://www.kupi.cz/letak/billa-maly-letak-721?page=7&map=216583782,https://img.kupi.cz/kupi/thumbs/uzena-rolovana-plec_170_340.png,2026-10-07T05:31:08+02:00
Billa,"Maso, uzeniny a ryby",378358,Kabanos Exclusive Snack !t Tarczyński 120 g,kabanos_exclusive_snack_t_tarczynski,39.9,67.63,Kč,"33,25 Kč / 100 g",332.5,,False,,,-41% po 12. 10. – út 13. 10.,2026-10-12 - 2026-10-13,https://www.kupi.cz/letak/billa-maly-letak-721?page=8&map=216583854,https://img.kupi.cz/kupi/thumbs/kabanossi-snack-t_170_340.jpg,2026-10-07T05:31:08+02:00
Billa,"Maso, uzeniny a ryby",71642,Šunka dušená nejvyšší jakosti LE&CO 100 g,sunka_dusena_nejvyssi_jakosti_le_co,29.9,41.53,Kč,"29,90 Kč / 100 g",299.0,,False,,,-28% platí do úterý 13. 10.,2026-10-07 - 2026-10-13,https://www.kupi.cz/letak/billa-velky-letak-292?page=22&map=216582855,https://img.kupi.cz/kupi/thumbs/sunka-dusena-nejvyssi-jakosti-le-co-1_170_340.jpg,2026-10-07T05:31:08+02:00
Billa,"Maso, uzeniny a ryby",91844,Vepřová kýta bez kosti Vocílka 1 kg,veprova_kyta_bez_kosti_vocilka,119.9,196.56,Kč,"119,90 Kč / 1 kg",119.9,,False,,,-39% platí do úterý 13. 10.,2026-10-07 - 2026-10-13,https://www.kupi.cz/letak/billa-velky-letak-292?page=3&map=216582456,https://img.kupi.cz/kupi/thumbs/veprova-kyta-bez-kosti-vocilka_170_340.png,2026-10-07T05:31:08+02:00
Billa,"Maso, uzeniny a ryby",1603,Salám šunkový Kostelecké uzeniny 100 g,salam_sunkovy_kostelecke_uzeniny,13.9,19.86,Kč,"13,90 Kč / 100 g",139.0,,False,,,-30% platí do úterý 13. 10.,2026-10-07 - 2026-10-13,https://www.kupi.cz/letak/billa-velky-letak-292?page=25&map=216582978,https://img.kupi.cz/kupi/thumbs/salam-sunkovy-kostelecke-uzeniny_170_340.png,2026-10-07T05:31:08+02:00
Billa,"Maso, uzeniny a ryby",91908,Šunka Zvonařka nejvyšší jakosti 100 g,sunka_zvonarka_nejvyssi_jakosti,24.9,35.57,Kč,"24,90 Kč / 100 g",249.0,,False,,,-30% platí do úterý 13. 10.,2026-10-07 - 2026-10-13,https://www.kupi.cz/letak/billa-velky-letak-292?page=11&map=216582609,https://img.kupi.cz/kupi/thumbs/sunka-zvonarka-nejvyssi-jakosti-1_170_340.jpg,2026-10-07T05:31:09+02:00
Billa,"Maso, uzeniny a ryby",6677,Salám Horal Kostelecké uzeniny 900 g,salam_horal_kostelecke_uzeniny,89.9,128.43,Kč,"9,99 Kč / 100 g",99.9,,False,,,-30% platí do úterý 13. 10.,2026-10-07 - 2026-10-13,https://www.kupi.cz/letak/billa-velky-letak-292?page=25&map=216582972,https://img.kupi.cz/kupi/thumbs/salam-horal-kostelecke-uzeniny_170_340.png,2026-10-07T05:31:09+02:00
Billa,"Maso, uzeniny a ryby",13749,Nářez sendvičový Váhala 100 g,narez_sendvicovy_vahala,16.9,19.88,Kč,"16,90 Kč / 100 g",169.0,,False,,,-15% platí do úterý 13. 10.,2026-10-07 - 2026-10-13,https://www.kupi.cz/letak/billa-velky-letak-292?page=24&map=216582960,https://img.kupi.cz/kupi/thumbs/narez-sendvicovy-vahala_170_340.png,2026-10-07T05:31:09+02:00
Billa,"Maso, uzeniny a ryby",104850,Šunka Prosciutto Crudo Billa 90 g,sunka_prosciutto_crudo,59.9,79.87,Kč,"66,56 Kč / 100 g",665.6,,False,,,-25% platí do úterý 20. 10.,2026-10-07 - 2026-10-20,https://www.kupi.cz/letak/billa-letak-italie-u-vas-doma?page=3&map=215641107,https://img.kupi.cz/kupi/thumbs/sunka-prosciutto-crudo-billa-1_170_340.jpg,2026-10-07T05:31:09+02:00
Billa,"Maso, uzeniny a ryby",456791,Salám Fuet Iberico Premium Billa 150 g,salam_fuet_iberico_premium,49.9,79.21,Kč,"33,27 Kč / 100 g",332.7,,True,Billa Club,49.9,-37% Billa Club platí do úterý 13. 10.,2026-10-07 - 2026-10-13,https://www.kupi.cz/letak/billa-velky-letak-292?page=2&map=216582399,https://img.kupi.cz/kupi/thumbs/salam-fuet-iberico-premium-billa-2_170_340.jpg,2026-10-07T05:31:09+02:00
Billa,"Maso, uzeniny a ryby",535830,Maso mělněné vepřové 0.5 kg,maso_melnene_veprove,39.9,79.8,Kč,"79,80 Kč / 1 kg",79.8,,False,,,-50% platí do úterý 13. 10.,2026-10-07 - 2026-10-13,https://www.kupi.cz/letak/billa-velky-letak-292?page=3&map=216582435,https://img.kupi.cz/kupi/thumbs/maso-melnene-veprove_170_340.jpg,2026-10-07T05:31:09+02:00
Billa,"Maso, uzeniny a ryby",441123,Šunka schwarzwaldská Billa 100 g,sunka_schwarzwaldska,24.9,39.52,Kč,"24,90 Kč / 100 g",249.0,,False,,,-37% po 12. 10. – út 13. 10.,2026-10-12 - 2026-10-13,https://www.kupi.cz/letak/billa-velky-letak-292?page=38&map=216584520,https://img.kupi.cz/kupi/thumbs/sunka-schwarzwaldska-billa-1_170_340.jpg,2026-10-07T05:31:09+02:00
Billa,"Maso, uzeniny a ryby",441123,Šunka schwarzwaldská Billa 100 g,sunka_schwarzwaldska,24.9,,Kč,"24,90 Kč / 100 g",249.0,,False,,,po 12. 10. – út 13. 10.,2026-10-12 - 2026-10-13,https://www.kupi.cz/letak/billa-maly-letak-721?page=8&map=216583851,https://img.kupi.cz/kupi/thumbs/sunka-schwarzwaldska-billa-1_170_340.jpg,2026-10-07T05:31:09+02:00
Billa,"Maso, uzeniny a ryby",432864,Šunka kuřecí prsní nejvyšší jakosti DZ Klatovy 100 g,sunka_kureci_prsni_nejvyssi_jakosti_dz_klatovy,28.9,34.82,Kč,"28,90 Kč / 100 g",289.0,,False,,,-17% platí do úterý 13. 10.,2026-10-07 - 2026-10-13,https://www.kupi.cz/letak/billa-velky-letak-292?page=19&map=216582825,https://img.kupi.cz/kupi/thumbs/sunka-kureci-prsni-nejvyssi-jakosti-dz-klatovy_170_340.png,2026-10-07T05:31:09+02:00
Billa,"Maso, uzeniny a ryby",35302,Salám extra jemný Berger 100 g,salam_extra_jemny_berger,19.9,22.87,Kč,"19,90 Kč / 100 g",199.0,,False,,,-13% platí do úterý 13. 10.,2026-10-07 - 2026-10-13,https://www.kupi.cz/letak/billa-velky-letak-292?page=11&map=216582615,https://img.kupi.cz/kupi/thumbs/salam-extra-jemny-berger_170_340.png,2026-10-07T05:31:09+02:00
Billa,"Maso, uzeniny a ryby",38164,Salám jemný Kostelecké uzeniny 700 g,salam_jemny_kostelecke_uzeniny,59.9,84.37,Kč,"8,56 Kč / 100 g",85.6,,False,,,-29% platí do úterý 13. 10.,2026-10-07 - 2026-10-13,https://www.kupi.cz/letak/billa-velky-letak-292?page=25&map=216582975,https://img.kupi.cz/kupi/thumbs/salam-jemny-kostelecke-uzeniny_170_340.png,2026-10-07T05:31:09+02:00
Billa,"Maso, uzeniny a ryby",544086,Guanciale cubi Billa Premium 100 g,guanciale_cubi_premium,44.9,49.89,Kč,"44,90 Kč / 100 g",449.0,,False,,,-10% platí do úterý 20. 10.,2026-10-07 - 2026-10-20,https://www.kupi.cz/letak/billa-letak-italie-u-vas-doma?page=3&map=215641125,https://img.kupi.cz/kupi/thumbs/guanciale-cub-billa-premium_170_340.jpg,2026-10-07T05:31:09+02:00
Billa,"Maso, uzeniny a ryby",427044,Šunka Jamón Serrano Billa 80 g,sunka_jamon_serrano,49.9,66.53,Kč,"62,38 Kč / 100 g",623.8,,False,,,-25% platí do úterý 13. 10.,2026-10-07 - 2026-10-13,https://www.kupi.cz/letak/billa-velky-letak-292?page=22&map=216582861,https://img.kupi.cz/kupi/thumbs/sunka-jamon-serrano-billa_170_340.jpg,2026-10-07T05:31:09+02:00
Billa,"Maso, uzeniny a ryby",36894,Salám Mortadella Bologna 150 g,salam_mortadella_bologna,53.9,59.89,Kč,"35,93 Kč / 100 g",359.3,,False,,,-10% platí do úterý 20. 10.,2026-10-07 - 2026-10-20,https://www.kupi.cz/letak/billa-letak-italie-u-vas-doma?page=3&map=215641116,https://img.kupi.cz/kupi/thumbs/salam-mortadella-bologna_170_340.jpg,2026-10-07T05:31:09+02:00
Billa,"Maso, uzeniny a ryby",218820,Nářez sendvičový se sýrem a kapií Váhala 100 g,narez_sendvicovy_se_syrem_a_kapii_vahala,16.9,19.88,Kč,"16,90 Kč / 100 g",169.0,,False,,,-15% platí do úterý 13. 10.,2026-10-07 - 2026-10-13,https://www.kupi.cz/letak/billa-velky-letak-292?page=24&map=216582963,https://img.kupi.cz/kupi/thumbs/narez-sendvicovy-se-syrem-a-kapii-vahala-1_170_340.png,2026-10-07T05:31:09+02:00
Billa,"Maso, uzeniny a ryby",258320,Salám Miláno Billa 120 g,salam_milano,69.9,86.3,Kč,"58,25 Kč / 100 g",582.5,,False,,,-19% platí do úterý 20. 10.,2026-10-07 - 2026-10-20,https://www.kupi.cz/letak/billa-letak-italie-u-vas-doma?page=3&map=215641110,https://img.kupi.cz/kupi/thumbs/salam-milano-billa_170_340.jpg,2026-10-07T05:31:09+02:00
Billa,"Maso, uzeniny a ryby",58543,Speck Alto Adige Premium Billa 100 g,speck_alto_adige_premium,69.9,79.43,Kč,"69,90 Kč / 100 g",699.0,,False,,,-12% platí do úterý 20. 10.,2026-10-07 - 2026-10-20,https://www.kupi.cz/letak/billa-letak-italie-u-vas-doma?page=3&map=215641119,https://img.kupi.cz/kupi/thumbs/speck-alto-adige-premium-billa-1_170_340.jpg,2026-10-07T05:31:09+02:00
Billa,"Maso, uzeniny a ryby",525066,Slanina Pancetta a cubetti 110 g,slanina_pancetta_a_cubetti,44.9,49.89,Kč,"40,82 Kč / 100 g",408.2,,False,,,-10% platí do úterý 20. 10.,2026-10-07 - 2026-10-20,https://www.kupi.cz/letak/billa-letak-italie-u-vas-doma?page=3&map=215641122,https://img.kupi.cz/kupi/thumbs/slanina-pancetta-a-cubetti_170_340.jpg,2026-10-07T05:31:09+02:00
Billa,"Maso, uzeniny a ryby",577104,Krevety vařené loupané Tinu's 200 g,krevety_varene_loupane_tinu_s,119.9,149.88,Kč,"59,95 Kč / 100 g",599.5,,False,,,-20% platí do úterý 13. 10.,2026-10-07 - 2026-10-13,https://www.kupi.cz/letak/billa-velky-letak-292?page=3&map=216582444,https://img.kupi.cz/kupi/thumbs/krevety-varene-loupane-tinus_170_340.jpg,2026-10-07T05:31:09+02:00
Billa,"Maso, uzeniny a ryby",468362,Šunka Bečva nejvyšší jakosti Váhala 100 g,sunka_becva_nejvyssi_jakosti_vahala,21.9,29.59,Kč,"21,90 Kč / 100 g",219.0,,False,,,-26% platí do úterý 13. 10.,2026-10-07 - 2026-10-13,https://www.kupi.cz/letak/billa-velky-letak-292?page=9&map=216582534,https://img.kupi.cz/kupi/thumbs/sunka-becva-vahala-1_170_340.png,2026-10-07T05:31:10+02:00
Billa,"Maso, uzeniny a ryby",553917,Párky vídeňské Deli 100 g,parky_videnske_deli,17.9,19.89,Kč,"17,90 Kč / 100 g",179.0,,False,,,-10% platí do úterý 13. 10.,2026-10-07 - 2026-10-13,https://www.kupi.cz/letak/billa-velky-letak-292?page=11&map=216582627,https://img.kupi.cz/kupi/thumbs/parky-videnske-deli_170_340.jpg,2026-10-07T05:31:10+02:00
Billa,"Maso, uzeniny a ryby",477747,Salám Spianata Piccante 80 g,salam_spianata_piccante,59.9,69.65,Kč,"74,88 Kč / 100 g",748.8,,False,,,-14% platí do úterý 20. 10.,2026-10-07 - 2026-10-20,https://www.kupi.cz/letak/billa-letak-italie-u-vas-doma?page=3&map=215641113,https://img.kupi.cz/kupi/thumbs/salam-spianata-piccante_170_340.jpg,2026-10-07T05:31:10+02:00
Billa,"Maso, uzeniny a ryby",562728,Moravská krkovička speciál 100 g,moravska_krkovicka_special,22.9,31.81,Kč,"22,90 Kč / 100 g",229.0,,False,,,-28% platí do úterý 13. 10.,2026-10-07 - 2026-10-13,https://www.kupi.cz/letak/billa-velky-letak-292?page=11&map=216582618,https://img.kupi.cz/kupi/thumbs/moravska-krkovicka-special_170_340.jpg,2026-10-07T05:31:10+02:00
Billa,"Maso, uzeniny a ryby",418273,Párek lidový drůbeží 340 g,parek_lidovy_drubezi,29.9,49.83,Kč,"8,79 Kč / 100 g",87.9,,True,Billa Club,29.9,-40% Billa Club platí do úterý 13. 10.,2026-10-07 - 2026-10-13,https://www.kupi.cz/letak/billa-velky-letak-292?page=22&map=216582858,https://img.kupi.cz/kupi/thumbs/parek-lidovy-drubezi_170_340.jpg,2026-10-07T05:31:10+02:00
Billa,"Maso, uzeniny a ryby",391585,Kuřecí křídla pečená marinovaná 0.1 kg,kureci_kridla_pecena_marinovana,16.2,21.32,Kč,"162,00 Kč / 1 kg",162.0,,False,,,-24% platí do úterý 13. 10.,2026-10-07 - 2026-10-13,https://www.kupi.cz/letak/billa-velky-letak-292?page=11&map=216582645,https://img.kupi.cz/kupi/thumbs/kureci-kridla-pecena-marinovana_170_340.jpg,2026-10-07T05:31:10+02:00
Billa,"Maso, uzeniny a ryby",482604,Párky vídeňské Clean & Simple 180 g,parky_videnske_clean_simple,59.9,76.79,Kč,"33,28 Kč / 100 g",332.8,,False,,,-22% platí do úterý 13. 10.,2026-10-07 - 2026-10-13,https://www.kupi.cz/letak/billa-velky-letak-292?page=19&map=216582828,https://img.kupi.cz/kupi/thumbs/parky-videnske-clean-simple_170_340.jpg,2026-10-07T05:31:10+02:00
Billa,Lahůdky,30395,Paté Rio Mare 100 g,pate_rio_mare,64.9,,Kč,"64,90 Kč / 100 g",649.0,,False,,,platí do úterý 20. 10.,2026-10-07 - 2026-10-20,https://www.kupi.cz/letak/billa-letak-italie-u-vas-doma?page=7&map=215641404,https://img.kupi.cz/kupi/thumbs/pate-rio-mare-1_170_340.jpg,2026-10-07T05:31:11+02:00
Billa,Lahůdky,8128,Sušená rajčata v oleji Billa 280 g,rajcata,49.9,71.29,Kč,"17,82 Kč / 100 g",178.2,,False,,,-30% platí do úterý 20. 10.,2026-10-07 - 2026-10-20,https://www.kupi.cz/letak/billa-letak-italie-u-vas-doma?page=6&map=215641332,https://img.kupi.cz/kupi/thumbs/susena-rajcata-v-oleji-billa_170_340.png,2026-10-07T05:31:11+02:00
Billa,Lahůdky,379891,Kimchi Beavia 350 g,kimchi_beavia,125.9,139.89,Kč,"35,97 Kč / 100 g",359.7,,False,,,-10% platí do úterý 13. 10.,2026-10-07 - 2026-10-13,https://www.kupi.cz/letak/billa-velky-letak-292?page=23&map=216582936,https://img.kupi.cz/kupi/thumbs/kimchi-beavia-1_170_340.png,2026-10-07T05:31:11+02:00
Billa,Lahůdky,363286,Omáčky Otma 350 g,omacky_otma,42.9,,Kč,"12,26 Kč / 100 g",122.6,,False,,,platí do úterý 13. 10.,2026-10-07 - 2026-10-13,https://www.kupi.cz/letak/billa-velky-letak-292?page=27&map=216583071,https://img.kupi.cz/kupi/thumbs/omacky-otma_170_340.jpg,2026-10-07T05:31:11+02:00
Billa,Lahůdky,26543,Krém tuňákový Rustico Rio Mare 115 g,krem_tunakovy_rustico_rio_mare,54.9,,Kč,"47,74 Kč / 100 g",477.4,,False,,,platí do úterý 20. 10.,2026-10-07 - 2026-10-20,https://www.kupi.cz/letak/billa-letak-italie-u-vas-doma?page=7&map=215641410,https://www.kupi.cz/img/no_img/no_discounts.png,2026-10-07T05:31:11+02:00
Billa,Lahůdky,2722,Sekaná masová pečená Clever 500 g,sekana_masova_pecena_clever,43.9,,Kč,"8,78 Kč / 100 g",87.8,,False,,,platí do úterý 13. 10.,2026-10-07 - 2026-10-13,https://www.kupi.cz/letak/billa-velky-letak-292?page=15&map=216582702,https://img.kupi.cz/kupi/thumbs/sekana-masova-pecena-clever_170_340.png,2026-10-07T05:31:11+02:00
Billa,Lahůdky,63928,Tlačenka šunková davelská 100 g,tlacenka_sunkova_davelska,28.9,32.84,Kč,"28,90 Kč / 100 g",289.0,,False,,,-12% platí do úterý 13. 10.,2026-10-07 - 2026-10-13,https://www.kupi.cz/letak/billa-velky-letak-292?page=11&map=216582633,https://img.kupi.cz/kupi/thumbs/tlacenka-sunkova-davelska-1_170_340.jpg,2026-10-07T05:31:11+02:00
Billa,Lahůdky,568734,Noky Panzani 500 g,noky_panzani,39.9,,Kč,"7,98 Kč / 100 g",79.8,,False,,,platí do úterý 20. 10.,2026-10-07 - 2026-10-20,https://www.kupi.cz/letak/billa-letak-italie-u-vas-doma?page=6&map=215641266,https://img.kupi.cz/kupi/thumbs/noky-panzani_170_340.png,2026-10-07T05:31:11+02:00
Billa,Lahůdky,573309,Mrkvový salát s ananasem Billa Ready 350 g,mrkvovy_salat_s_ananasem_ready,27.9,32.82,Kč,"7,97 Kč / 100 g",79.7,,True,Billa Club,27.9,-15% Billa Club platí do úterý 13. 10.,2026-10-07 - 2026-10-13,https://www.kupi.cz/letak/billa-velky-letak-292?page=39&map=216584754,https://img.kupi.cz/kupi/thumbs/mrkvovy-salat-s-ananasem-billa-ready_170_340.jpg,2026-10-07T05:31:11+02:00
Billa,Lahůdky,498465,Křenová pomazánka se šunkou Srdce Domova 135 g,krenova_pomazanka_se_sunkou_srdce_domova,28.5,32.76,Kč,"21,11 Kč / 100 g",211.1,,True,Billa Club,28.5,-13% Billa Club platí do úterý 13. 10.,2026-10-07 - 2026-10-13,https://www.kupi.cz/letak/billa-velky-letak-292?page=39&map=216584658,https://img.kupi.cz/kupi/thumbs/krenova-pomazanka-se-sunkou-srdce-domova_170_340.jpg,2026-10-07T05:31:11+02:00
Billa,Lahůdky,385546,Jitrnice Příbramská uzenina 300 g,jitrnice_pribramska_uzenina,39.9,48.66,Kč,"13,30 Kč / 100 g",133.0,,False,,,-18% platí do úterý 13. 10.,2026-10-07 - 2026-10-13,https://www.kupi.cz/letak/billa-velky-letak-292?page=24&map=216582951,https://img.kupi.cz/kupi/thumbs/jitrnice-pribramska-uzenina_170_340.jpg,2026-10-07T05:31:11+02:00
Billa,Lahůdky,588171,Bavorská sekaná v bulce 150 g,bavorska_sekana_v_bulce,34.9,39.66,Kč,"23,27 Kč / 100 g",232.7,,False,,,-12% čt 8. 10. – ne 11. 10.,2026-10-08 - 2026-10-11,https://www.kupi.cz/letak/billa-velky-letak-292?page=36&map=216584451,https://www.kupi.cz/img/no_img/no_discounts.png,2026-10-07T05:31:11+02:00
Billa,Konzervy,496,Salát Insalatissime Rio Mare 160 g,salat_insalatissime_rio_mare,64.9,,Kč,"40,56 Kč / 100 g",405.6,,False,,,platí do úterý 20. 10.,2026-10-07 - 2026-10-20,https://www.kupi.cz/letak/billa-letak-italie-u-vas-doma?page=7&map=215641413,https://img.kupi.cz/kupi/thumbs/salat-insalatissime-rio-mare_170_340.jpg,2026-10-07T05:31:13+02:00
Billa,Konzervy,284,Paštika Májka Hamé 192 g,pastika_majka_hame,22.9,,Kč,"11,93 Kč / 100 g",119.3,,False,,,platí do úterý 13. 10.,2026-10-07 - 2026-10-13,https://www.kupi.cz/letak/billa-maly-letak-721?page=5&map=216583641,https://img.kupi.cz/kupi/thumbs/pastika-majka-hame_170_340.jpg,2026-10-07T05:31:13+02:00
Billa,Konzervy,43777,Tuňák Rio Mare 120 g,tunak_rio_mare,74.9,,Kč,"62,42 Kč / 100 g",624.2,,False,,,platí do úterý 20. 10.,2026-10-07 - 2026-10-20,https://www.kupi.cz/letak/billa-letak-italie-u-vas-doma?page=7&map=215641401,https://img.kupi.cz/kupi/thumbs/tunak-rio-mare-2_170_340.jpg,2026-10-07T05:31:13+02:00
Billa,Konzervy,1469,Okurky delikates Efko 670 g,okurka,46.9,,Kč,"7,00 Kč / 100 g",70.0,,False,,,platí do úterý 13. 10.,2026-10-07 - 2026-10-13,https://www.kupi.cz/letak/billa-velky-letak-292?page=2&map=216582423,https://img.kupi.cz/kupi/thumbs/okurky-delikates-efko_170_340.jpg,2026-10-07T05:31:13+02:00
Billa,Konzervy,347071,Tuňák steak Exclusive Franz Josef Kaiser 80 g,tunak_steak_exclusive_franz_josef_kaiser,26.9,44.83,Kč,"33,62 Kč / 100 g",336.2,,False,,,-40% platí do úterý 13. 10.,2026-10-07 - 2026-10-13,https://www.kupi.cz/letak/billa-velky-letak-292?page=26&map=216583029,https://img.kupi.cz/kupi/thumbs/tunak-steak-exclusive-franz-josef-kaiser_170_340.jpg,2026-10-07T05:31:13+02:00
Billa,Konzervy,41,Tuňák steak Calvo 65 g,tunak_steak_calvo,89.9,,Kč,"46,10 Kč / 100 g",1383.08,,False,,,platí do úterý 13. 10.,2026-10-07 - 2026-10-13,https://www.kupi.cz/letak/billa-velky-letak-292?page=27&map=216583050,https://img.kupi.cz/kupi/thumbs/tunak-v-rostlinnem-oleji-calvo_170_340.jpg,2026-10-07T05:31:13+02:00
Billa,Konzervy,88581,Cizrna Billa 540 g,cizrna,24.9,36.62,Kč,"4,61 Kč / 100 g",46.1,,False,,,-32% platí do úterý 20. 10.,2026-10-07 - 2026-10-20,https://www.kupi.cz/letak/billa-letak-italie-u-vas-doma?page=7&map=215641380,https://img.kupi.cz/kupi/thumbs/cizrna-billa-1_170_340.png,2026-10-07T05:31:13+02:00
Billa,Konzervy,1119,Kukuřice sterilovaná Clever 330 g,kukurice_sterilovana_clever,19.9,,Kč,"6,03 Kč / 100 g",60.3,,False,,,platí do úterý 13. 10.,2026-10-07 - 2026-10-13,https://www.kupi.cz/letak/billa-maly-letak-721?page=5&map=216583650,https://img.kupi.cz/kupi/thumbs/kukurice-sterilovana-clever_170_340.png,2026-10-07T05:31:13+02:00
Billa,Konzervy,157208,Rajčata loupaná Cirio 400 g,rajcata,29.9,36.46,Kč,"7,47 Kč / 100 g",74.7,,False,,,-18% platí do úterý 20. 10.,2026-10-07 - 2026-10-20,https://www.kupi.cz/letak/billa-letak-italie-u-vas-doma?page=6&map=215641290,https://img.kupi.cz/kupi/thumbs/rajcata-loupana-cirio-1_170_340.jpg,2026-10-07T05:31:13+02:00
Billa,Konzervy,39930,Maso krůtí s vejci Viva 120 g,maso_kruti_s_vejci_viva,22.9,,Kč,"19,08 Kč / 100 g",190.8,,False,,,platí do úterý 13. 10.,2026-10-07 - 2026-10-13,https://www.kupi.cz/letak/billa-velky-letak-292?page=27&map=216583056,https://img.kupi.cz/kupi/thumbs/maso-kruti-s-vejci-viva_170_340.png,2026-10-07T05:31:13+02:00
Billa,Konzervy,111641,Rajčata loupaná La torrente 400 g,rajcata,34.9,49.86,Kč,"8,72 Kč / 100 g",87.2,,False,,,-30% platí do úterý 20. 10.,2026-10-07 - 2026-10-20,https://www.kupi.cz/letak/billa-letak-italie-u-vas-doma?page=6&map=215641299,https://img.kupi.cz/kupi/thumbs/rajcata-loupana-la-torrente_170_340.jpg,2026-10-07T05:31:13+02:00
Billa,Konzervy,111644,Rajčata krájená La torrente 400 g,rajcata,34.9,49.86,Kč,"8,72 Kč / 100 g",87.2,,False,,,-30% platí do úterý 20. 10.,2026-10-07 - 2026-10-20,https://www.kupi.cz/letak/billa-letak-italie-u-vas-doma?page=6&map=215641329,https://img.kupi.cz/kupi/thumbs/rajcata-krajena-la-torrente-1_170_340.jpg,2026-10-07T05:31:13+02:00
Billa,Konzervy,354592,Tuňákový salát Billa 150 g,tunakovy_salat,39.9,,Kč,"26,60 Kč / 100 g",266.0,,False,,,platí do úterý 13. 10.,2026-10-07 - 2026-10-13,https://www.kupi.cz/letak/billa-maly-letak-721?page=5&map=216583647,https://img.kupi.cz/kupi/thumbs/tunakovy-salat-billa_170_340.jpg,2026-10-07T05:31:13+02:00
Billa,Konzervy,495480,Rajčata Cirio 400 g,rajcata,29.9,36.46,Kč,"7,47 Kč / 100 g",74.7,,False,,,-18% platí do úterý 20. 10.,2026-10-07 - 2026-10-20,https://www.kupi.cz/letak/billa-letak-italie-u-vas-doma?page=6&map=215641296,https://img.kupi.cz/kupi/thumbs/rajcata-cirio_170_340.png,2026-10-07T05:31:13+02:00
Billa,Konzervy,582141,Fazole v omáčce Billa 410 g,fazole_v_omacce,19.9,24.87,Kč,"4,85 Kč / 100 g",48.5,,False,,,-20% platí do úterý 20. 10.,2026-10-07 - 2026-10-20,https://www.kupi.cz/letak/billa-letak-italie-u-vas-doma?page=7&map=215641395,https://img.kupi.cz/kupi/thumbs/fazole-v-omacce-billa_170_340.jpg,2026-10-07T05:31:13+02:00
Billa,Konzervy,27892,Paštika ardénská s jablky 100 g,pastika_ardenska_s_jablky,36.9,42.41,Kč,"36,90 Kč / 100 g",369.0,,False,,,-13% platí do úterý 13. 10.,2026-10-07 - 2026-10-13,https://www.kupi.cz/letak/billa-velky-letak-292?page=11&map=216582639,https://img.kupi.cz/kupi/thumbs/pastika-ardenska-s-jablky_170_340.png,2026-10-07T05:31:13+02:00
Billa,Mražené a instantní potraviny,245,Zmrzlina ve vaničce Carte D'or Algida 825 ml,zmrzlina_ve_vanicce_carte_d_or_algida,94.9,,Kč,"11,50 Kč / 100 ml",,,False,,,platí do úterý 13. 10.,2026-10-07 - 2026-10-13,https://www.kupi.cz/letak/billa-velky-letak-292?page=22&map=216582873,https://img.kupi.cz/kupi/thumbs/zmrzlina-ve-vanicce-carte-dor-algida_170_340.png,2026-10-07T05:31:15+02:00
Billa,Mražené a instantní potraviny,975,Instantní polévka YumYum 60 g,instantni_polevka_yumyum,14.9,,Kč,"24,83 Kč / 100 g",248.3,,False,,,platí do úterý 13. 10.,2026-10-07 - 2026-10-13,https://www.kupi.cz/letak/billa-velky-letak-292?page=27&map=216583059,https://img.kupi.cz/kupi/thumbs/instantni-polevka-yumyum_170_340.jpg,2026-10-07T05:31:15+02:00
Billa,Mražené a instantní potraviny,3175,Pizza mražená Guseppe Dr. Oetker 335 g,pizza_mrazena_guseppe_dr_oetker,59.9,89.4,Kč,"17,88 Kč / 100 g",178.8,,True,Billa Club,59.9,-33% Billa Club platí do úterý 13. 10.,2026-10-07 - 2026-10-13,https://www.kupi.cz/letak/billa-velky-letak-292?page=22&map=216582867,https://img.kupi.cz/kupi/thumbs/pizza-mrazena-guseppe-dr-oetker_170_340.png,2026-10-07T05:31:15+02:00
Billa,Mražené a instantní potraviny,503,Instantní polévka do hrnečku Vitana 14 g,instantni_polevka_do_hrnecku_vitana,9.9,,Kč,"70,71 Kč / 100 g",707.1,,False,,,platí do úterý 13. 10.,2026-10-07 - 2026-10-13,https://www.kupi.cz/letak/billa-velky-letak-292?page=27&map=216583065,https://img.kupi.cz/kupi/thumbs/instantni-polevka-do-hrnecku-vitana_170_340.jpg,2026-10-07T05:31:15+02:00
Billa,Mražené a instantní potraviny,181171,Pizza mražená Feliciana Dr. Oetker 320 g,pizza_mrazena_feliciana_dr_oetker,54.9,,Kč,"17,16 Kč / 100 g",171.6,,False,,,platí do úterý 20. 10.,2026-10-07 - 2026-10-20,https://www.kupi.cz/letak/billa-letak-italie-u-vas-doma?page=9&map=215641479,https://img.kupi.cz/kupi/thumbs/pizza-mrazena-feliciana-dr-oetker_170_340.jpg,2026-10-07T05:31:15+02:00
Billa,Mražené a instantní potraviny,282,Instantní polévky Poctivá polévka Vitana 58 g,instantni_polevky_poctiva_polevka_vitana,29.9,,Kč,"51,55 Kč / 100 g",515.5,,False,,,platí do úterý 13. 10.,2026-10-07 - 2026-10-13,https://www.kupi.cz/letak/billa-maly-letak-721?page=5&map=216583644,https://img.kupi.cz/kupi/thumbs/instantni-polevky-poctiva-polevka-vitana_170_340.jpg,2026-10-07T05:31:15+02:00
Billa,Mražené a instantní potraviny,40064,Pizza mražená Piccolinis Buitoni 270 g,pizza_mrazena_piccolinis_buitoni,69.9,99.86,Kč,"25,89 Kč / 100 g",258.9,,False,,,-30% platí do úterý 20. 10.,2026-10-07 - 2026-10-20,https://www.kupi.cz/letak/billa-letak-italie-u-vas-doma?page=9&map=215641458,https://img.kupi.cz/kupi/thumbs/pizza-mrazena-piccolinis-buitoni-1_170_340.jpg,2026-10-07T05:31:15+02:00
Billa,Mražené a instantní potraviny,1247,Hranolky vlnky mražené Zig Zag Aviko 450 g,hranolky_vlnky_mrazene_zig_zag_aviko,39.9,51.82,Kč,"8,87 Kč / 100 g",88.7,,True,Billa Club,39.9,-23% Billa Club platí do úterý 13. 10.,2026-10-07 - 2026-10-13,https://www.kupi.cz/letak/billa-velky-letak-292?page=22&map=216582870,https://img.kupi.cz/kupi/thumbs/hranolky-vlnky-mrazene-zig-zag-aviko_170_340.png,2026-10-07T05:31:15+02:00
Billa,Mražené a instantní potraviny,19438,Nanuk kornout Cornetto Algida 125 ml,nanuk_kornout_cornetto_algida,29.9,,Kč,"23,92 Kč / 100 ml",,,False,,,platí do úterý 20. 10.,2026-10-07 - 2026-10-20,https://www.kupi.cz/letak/billa-letak-italie-u-vas-doma?page=11&map=215641596,https://img.kupi.cz/kupi/thumbs/nanuk-kornout-cornetto-algida_170_340.png,2026-10-07T05:31:15+02:00
Billa,Mražené a instantní potraviny,2652,Sekaná drůbeží mražená Vodňanské kuře 500 g,sekana_drubezi_mrazena_vodnanske_kure,29.9,49.83,Kč,"5,98 Kč / 100 g",59.8,,True,Billa Club,29.9,-40% Billa Club platí do úterý 13. 10.,2026-10-07 - 2026-10-13,https://www.kupi.cz/letak/billa-velky-letak-292?page=22&map=216582864,https://img.kupi.cz/kupi/thumbs/drubezi-sekana-mrazena-vodnanske-kure_170_340.jpg,2026-10-07T05:31:15+02:00
Billa,Mražené a instantní potraviny,309833,Zmrzlina v kelímku Grom 460 ml,zmrzlina_v_kelimku_grom,179.9,,Kč,"39,11 Kč / 100 ml",,,False,,,platí do úterý 20. 10.,2026-10-07 - 2026-10-20,https://www.kupi.cz/letak/billa-letak-italie-u-vas-doma?page=11&map=215641590,https://img.kupi.cz/kupi/thumbs/zmrzlina-v-kelimku-grom_170_340.png,2026-10-07T05:31:15+02:00
Billa,Mražené a instantní potraviny,552606,Cheesecake mražený Lučina Dortie's 510 g,cheesecake_mrazeny_lucina_dortie_s,169.9,,Kč,"33,31 Kč / 100 g",333.1,,False,,,platí do úterý 13. 10.,2026-10-07 - 2026-10-13,https://www.kupi.cz/letak/billa-velky-letak-292?page=24&map=216582954,https://img.kupi.cz/kupi/thumbs/cheesecake-mrazeny-lucina-dorties_170_340.jpg,2026-10-07T05:31:15+02:00
Billa,Mražené a instantní potraviny,358174,Pizza mražená Billa 330 g,pizza_mrazena,54.9,,Kč,"16,64 Kč / 100 g",166.4,,False,,,platí do úterý 20. 10.,2026-10-07 - 2026-10-20,https://www.kupi.cz/letak/billa-letak-italie-u-vas-doma?page=9&map=215641461,https://img.kupi.cz/kupi/thumbs/pizza-mrazena-billa-1_170_340.jpg,2026-10-07T05:31:15+02:00
Billa,Mražené a instantní potraviny,398944,Nanuk Fruitisimo 70 ml,nanuk_fruitisimo,39.9,,Kč,"57,00 Kč / 100 ml",,,False,,,platí do úterý 20. 10.,2026-10-07 - 2026-10-20,https://www.kupi.cz/letak/billa-letak-italie-u-vas-doma?page=11&map=215641593,https://img.kupi.cz/kupi/thumbs/nanuk-fruitisimo_170_340.png,2026-10-07T05:31:15+02:00
Billa,Mražené a instantní potraviny,317969,Cheesecake mražený Dortie's 550 g,cheesecake_mrazeny_dortie_s,139.9,189.05,Kč,"25,44 Kč / 100 g",254.4,,False,,,-26% platí do úterý 13. 10.,2026-10-07 - 2026-10-13,https://www.kupi.cz/letak/billa-velky-letak-292?page=24&map=216582957,https://img.kupi.cz/kupi/thumbs/cheesecake-mrazeny-dorties_170_340.jpg,2026-10-07T05:31:15+02:00
Billa,Mražené a instantní potraviny,523395,Pizza mini mražená Billa 360 g,pizza_mini_mrazena,69.9,,Kč,"19,42 Kč / 100 g",194.2,,False,,,platí do úterý 20. 10.,2026-10-07 - 2026-10-20,https://www.kupi.cz/letak/billa-letak-italie-u-vas-doma?page=9&map=215641470,https://img.kupi.cz/kupi/thumbs/pizza-mini-mrazena-billa_170_340.jpg,2026-10-07T05:31:15+02:00
Billa,Nealko nápoje,249,Limonáda Coca Cola,limonada_coca_cola,31.9,,Kč,"21,27 Kč / 1 l",,,False,,,platí do úterý 13. 10.,2026-10-07 - 2026-10-13,https://www.kupi.cz/letak/billa-velky-letak-292?page=31&map=216583431,https://img.kupi.cz/kupi/thumbs/limonada-coca-cola_170_340.png,2026-10-07T05:31:17+02:00
Billa,Nealko nápoje,249,Limonáda Coca Cola,limonada_coca_cola,19.9,,Kč,"60,30 Kč / 1 l",,,False,,,platí do úterý 13. 10.,2026-10-07 - 2026-10-13,https://www.kupi.cz/letak/billa-velky-letak-292?page=14&map=216582675,https://img.kupi.cz/kupi/thumbs/limonada-coca-cola_170_340.png,2026-10-07T05:31:17+02:00
Billa,Nealko nápoje,1161,Kofola 2 l,kofola,26.9,,Kč,"13,45 Kč / 1 l",,,False,,,platí do úterý 13. 10.,2026-10-07 - 2026-10-13,https://www.kupi.cz/letak/billa-velky-letak-292?page=14&map=216582681,https://img.kupi.cz/kupi/thumbs/kofola_170_340.png,2026-10-07T05:31:17+02:00
Billa,Nealko nápoje,262,Instantní káva Nescafé Classic 150 g,instantni_kava_nescafe_classic,99.9,,Kč,"66,60 Kč / 100 g",666.0,,False,,,platí do úterý 13. 10.,2026-10-07 - 2026-10-13,https://www.kupi.cz/letak/billa-velky-letak-292?page=30&map=216583356,https://img.kupi.cz/kupi/thumbs/instantni-kava-nescafe-classic-1_170_340.png,2026-10-07T05:31:17+02:00
Billa,Nealko nápoje,276,Mletá káva Standard Jihlavanka 1000 g,mleta_kava_standard_jihlavanka,189.9,,Kč,"18,99 Kč / 100 g",189.9,,False,,,čt 8. 10. – ne 11. 10.,2026-10-08 - 2026-10-11,https://www.kupi.cz/letak/billa-maly-letak-721?page=7&map=216583815,https://img.kupi.cz/kupi/thumbs/mleta-kava-standard-jihlavanka_170_340.jpg,2026-10-07T05:31:17+02:00
Billa,Nealko nápoje,287,Džus Relax 1 l,dzus_relax,29.9,,Kč,"29,90 Kč / 1 l",,,False,,,platí do úterý 13. 10.,2026-10-07 - 2026-10-13,https://www.kupi.cz/letak/billa-maly-letak-721?page=6&map=216583749,https://img.kupi.cz/kupi/thumbs/dzus-relax-1_170_340.png,2026-10-07T05:31:17+02:00
Billa,Nealko nápoje,661,Sirup Jupí 0.7 l,sirup_jupi,31.9,52.3,Kč,"45,57 Kč / 1 l",,,True,Billa Club,31.9,-39% Billa Club platí do úterý 13. 10.,2026-10-07 - 2026-10-13,https://www.kupi.cz/letak/billa-velky-letak-292?page=40&map=216584799,https://img.kupi.cz/kupi/thumbs/sirup-jupi-2_170_340.jpg,2026-10-07T05:31:17+02:00
Billa,Nealko nápoje,535,Ochucená voda Dobrá voda 1.5 l,ochucena_voda_dobra_voda,13.9,,Kč,"9,27 Kč / 1 l",,,False,,,platí do úterý 13. 10.,2026-10-07 - 2026-10-13,https://www.kupi.cz/letak/billa-velky-letak-292?page=31&map=216583410,https://img.kupi.cz/kupi/thumbs/ochucena-voda-dobra-voda_170_340.jpg,2026-10-07T05:31:17+02:00
Billa,Nealko nápoje,678,Energetický nápoj Red Bull 0.25 l,energeticky_napoj_red_bull,32.9,,Kč,"131,60 Kč / 1 l",,,False,,,čt 8. 10. – ne 11. 10.,2026-10-08 - 2026-10-11,https://www.kupi.cz/letak/billa-maly-letak-721?page=7&map=216583818,https://img.kupi.cz/kupi/thumbs/energeticky-napoj-red-bull_170_340.png,2026-10-07T05:31:17+02:00
Billa,Nealko nápoje,445,Instantní káva Tchibo Gold Selection 180 g,instantni_kava_tchibo_gold_selection,129.9,,Kč,"72,17 Kč / 100 g",721.7,,False,,,platí do úterý 13. 10.,2026-10-07 - 2026-10-13,https://www.kupi.cz/letak/billa-velky-letak-292?page=2&map=216582411,https://img.kupi.cz/kupi/thumbs/instantni-kava-tchibo-gold-selection-1_170_340.jpg,2026-10-07T05:31:17+02:00
Billa,Nealko nápoje,439,Kapsle Cafissimo Tchibo 1 ks,kapsle_cafissimo_tchibo,89.9,,Kč,,,,False,,,platí do úterý 13. 10.,2026-10-07 - 2026-10-13,https://www.kupi.cz/letak/billa-maly-letak-721?page=6&map=216583656,https://img.kupi.cz/kupi/thumbs/kapsle-cafissimo-tchibo_170_340.png,2026-10-07T05:31:17+02:00
Billa,Nealko nápoje,38065,Instantní kávy Nescafé Gold 180 g,instantni_kavy_nescafe_gold,189.9,,Kč,"105,50 Kč / 100 g",1055.0,,False,,,platí do úterý 13. 10.,2026-10-07 - 2026-10-13,https://www.kupi.cz/letak/billa-maly-letak-721?page=6&map=216583653,https://img.kupi.cz/kupi/thumbs/instantni-kavy-nescafe-gold_170_340.png,2026-10-07T05:31:17+02:00
Billa,Nealko nápoje,652,Energetický nápoj Big Shock 0.5 l,energeticky_napoj_big_shock,26.9,,Kč,"53,80 Kč / 1 l",,,False,,,platí do úterý 13. 10.,2026-10-07 - 2026-10-13,https://www.kupi.cz/letak/billa-maly-letak-721?page=6&map=216583752,https://img.kupi.cz/kupi/thumbs/energeticky-napoj-big-shock-1_170_340.jpg,2026-10-07T05:31:17+02:00
Billa,Nealko nápoje,314,Džus Pfanner 1 l,dzus_pfanner,79.9,159.8,Kč,"39,95 Kč / 1 l",,,False,,,-50% platí do úterý 13. 10.,2026-10-07 - 2026-10-13,https://www.kupi.cz/letak/billa-velky-letak-292?page=14&map=216582678,https://img.kupi.cz/kupi/thumbs/dzus-pfanner_170_340.png,2026-10-07T05:31:17+02:00
Billa,Nealko nápoje,2871,Přírodní voda Aquila 1.5 l,prirodni_voda_aquila,13.9,,Kč,"9,27 Kč / 1 l",,,False,,,platí do úterý 13. 10.,2026-10-07 - 2026-10-13,https://www.kupi.cz/letak/billa-velky-letak-292?page=31&map=216583416,https://img.kupi.cz/kupi/thumbs/prirodni-voda-aquila-1_170_340.jpg,2026-10-07T05:31:17+02:00
Billa,Nealko nápoje,62001,Zrnková káva Barista Espresso Tchibo 1000 g,zrnkova_kava_barista_espresso_tchibo,439.9,,Kč,"43,99 Kč / 100 g",439.9,,False,,,platí do úterý 13. 10.,2026-10-07 - 2026-10-13,https://www.kupi.cz/letak/billa-velky-letak-292?page=30&map=216583365,https://img.kupi.cz/kupi/thumbs/zrnkova-kava-barista-espresso-tchibo_170_340.jpg,2026-10-07T05:31:17+02:00
Billa,Nealko nápoje,142439,Cola Royal Crown 0.33 l,cola_royal_crown,19.9,24.87,Kč,"60,30 Kč / 1 l",,,False,,,-20% platí do úterý 20. 10.,2026-10-07 - 2026-10-20,https://www.kupi.cz/letak/billa-letak-italie-u-vas-doma?page=11&map=215641575,https://img.kupi.cz/kupi/thumbs/cola-crown-royal_170_340.jpg,2026-10-07T05:31:17+02:00
Billa,Nealko nápoje,36018,Zrnková káva Caffé Crema Tchibo 1000 g,zrnkova_kava_caffe_crema_tchibo,439.9,,Kč,"43,99 Kč / 100 g",439.9,,False,,,platí do úterý 13. 10.,2026-10-07 - 2026-10-13,https://www.kupi.cz/letak/billa-velky-letak-292?page=30&map=216583371,https://img.kupi.cz/kupi/thumbs/zrnkova-kava-caffe-crema-tchibo_170_340.png,2026-10-07T05:31:17+02:00
Billa,Nealko nápoje,143849,Zrnkové kávy L'or 500 g,zrnkove_kavy_l_or,279.9,,Kč,"55,98 Kč / 100 g",559.8,,False,,,platí do úterý 13. 10.,2026-10-07 - 2026-10-13,https://www.kupi.cz/letak/billa-velky-letak-292?page=39&map=216584739,https://img.kupi.cz/kupi/thumbs/zrnkove-kavy-l-or_170_340.png,2026-10-07T05:31:17+02:00
Billa,Nealko nápoje,26266,Mletá káva Crema e Gusto Lavazza 250 g,mleta_kava_crema_e_gusto_lavazza,149.9,,Kč,"59,96 Kč / 100 g",599.6,,False,,,platí do úterý 20. 10.,2026-10-07 - 2026-10-20,https://www.kupi.cz/letak/billa-letak-italie-u-vas-doma?page=10&map=215641545,https://img.kupi.cz/kupi/thumbs/mleta-kava-crema-e-gusto-lavazza-1_170_340.jpg,2026-10-07T05:31:19+02:00
Billa,Nealko nápoje,440793,Sirup ovocný Hello 0.7 l,sirup_ovocny_hello,36.9,,Kč,"52,71 Kč / 1 l",,,False,,,platí do úterý 13. 10.,2026-10-07 - 2026-10-13,https://www.kupi.cz/letak/billa-velky-letak-292?page=31&map=216583446,https://img.kupi.cz/kupi/thumbs/sirup-ovocny-hello_170_340.jpg,2026-10-07T05:31:19+02:00
Billa,Nealko nápoje,339106,Limonáda Targa Florio 0.33 l,limonada_targa_florio,19.9,24.87,Kč,"60,30 Kč / 1 l",,,False,,,-20% platí do úterý 20. 10.,2026-10-07 - 2026-10-20,https://www.kupi.cz/letak/billa-letak-italie-u-vas-doma?page=11&map=215641581,https://img.kupi.cz/kupi/thumbs/limonada-targa-florio_170_340.png,2026-10-07T05:31:19+02:00
Billa,Nealko nápoje,3971,Nápoj Jupík 0.5 l,napoj_jupik,14.9,,Kč,"29,80 Kč / 1 l",,,False,,,platí do úterý 13. 10.,2026-10-07 - 2026-10-13,https://www.kupi.cz/letak/billa-velky-letak-292?page=31&map=216583437,https://img.kupi.cz/kupi/thumbs/napoj-jupik-2_170_340.jpg,2026-10-07T05:31:19+02:00
Billa,Nealko nápoje,485082,Zrnková káva Jacobs Velvet Crema 1000 g,zrnkova_kava_jacobs_velvet_crema,339.9,,Kč,"33,99 Kč / 100 g",339.9,,False,,,platí do úterý 13. 10.,2026-10-07 - 2026-10-13,https://www.kupi.cz/letak/billa-velky-letak-292?page=39&map=216584736,https://img.kupi.cz/kupi/thumbs/zrnkova-kava-jacobs-velvet-crema_170_340.jpg,2026-10-07T05:31:19+02:00
Billa,Nealko nápoje,284384,Kombucha Carpe Diem 0.75 l,kombucha_carpe_diem,49.9,,Kč,"66,53 Kč / 1 l",,,False,,,platí do úterý 13. 10.,2026-10-07 - 2026-10-13,https://www.kupi.cz/letak/billa-velky-letak-292?page=31&map=216583404,https://img.kupi.cz/kupi/thumbs/kombucha-carpe-diem_170_340.jpg,2026-10-07T05:31:19+02:00
Billa,Nealko nápoje,37666,Mletá káva Lavazza 250 g,mleta_kava_lavazza,169.9,,Kč,"67,96 Kč / 100 g",679.6,,False,,,platí do úterý 20. 10.,2026-10-07 - 2026-10-20,https://www.kupi.cz/letak/billa-letak-italie-u-vas-doma?page=10&map=215641539,https://img.kupi.cz/kupi/thumbs/mleta-kava-lavazza-1_170_340.jpg,2026-10-07T05:31:19+02:00
Billa,Nealko nápoje,187903,Minerální voda Lubovnianka Billa 1.5 l,mineralni_voda_lubovnianka,9.9,11.79,Kč,"6,60 Kč / 1 l",,,True,Billa Club,9.9,-16% Billa Club platí do úterý 13. 10.,2026-10-07 - 2026-10-13,https://www.kupi.cz/letak/billa-velky-letak-292?page=19&map=216582852,https://img.kupi.cz/kupi/thumbs/mineralni-voda-lubovnianka-billa_170_340.png,2026-10-07T05:31:19+02:00
Billa,Nealko nápoje,521373,Energetický nápoj Guarana 0.5 l,energeticky_napoj_guarana,19.9,,Kč,"39,80 Kč / 1 l",,,False,,,platí do úterý 13. 10.,2026-10-07 - 2026-10-13,https://www.kupi.cz/letak/billa-velky-letak-292?page=14&map=216582669,https://img.kupi.cz/kupi/thumbs/energeticky-napoj-guarana_170_340.jpg,2026-10-07T05:31:19+02:00
Billa,Nealko nápoje,56575,Kapsle Lavazza 10 ks,kapsle_lavazza,109.9,,Kč,"10,99 Kč / 1 ks",,10.99,False,,,platí do úterý 20. 10.,2026-10-07 - 2026-10-20,https://www.kupi.cz/letak/billa-letak-italie-u-vas-doma?page=10&map=215641521,https://img.kupi.cz/kupi/thumbs/kapsle-lavazza_170_340.jpg,2026-10-07T05:31:19+02:00
Billa,Nealko nápoje,183829,Mletá káva Bristot 250 g,mleta_kava_bristot,129.9,,Kč,"51,96 Kč / 100 g",519.6,,False,,,platí do úterý 20. 10.,2026-10-07 - 2026-10-20,https://www.kupi.cz/letak/billa-letak-italie-u-vas-doma?page=10&map=215641512,https://img.kupi.cz/kupi/thumbs/mleta-kava-bristot_170_340.png,2026-10-07T05:31:19+02:00
Billa,Nealko nápoje,447429,Zrnková káva Passione Espresso Intenso Segafredo 1000 g,zrnkova_kava_passione_espresso_intenso_segafredo,449.0,,Kč,"44,90 Kč / 100 g",449.0,,False,,,platí do úterý 20. 10.,2026-10-07 - 2026-10-20,https://www.kupi.cz/letak/billa-letak-italie-u-vas-doma?page=10&map=215641548,https://img.kupi.cz/kupi/thumbs/zrnkova-kava-passione-espresso-intenso-segafredo_170_340.jpg,2026-10-07T05:31:19+02:00
Billa,Nealko nápoje,53654,Kapsle kávové Caffee Vergnano 10 ks,kapsle_kavove_caffee_vergnano,89.9,119.87,Kč,"8,99 Kč / 1 ks",,8.99,False,,,-25% platí do úterý 20. 10.,2026-10-07 - 2026-10-20,https://www.kupi.cz/letak/billa-letak-italie-u-vas-doma?page=10&map=215641557,https://img.kupi.cz/kupi/thumbs/kapsle-kavove-caffee-vergnano_170_340.jpg,2026-10-07T05:31:19+02:00
Billa,Nealko nápoje,104754,Zrnkové kávy Caffee Vergnano 500 g,zrnkove_kavy_caffee_vergnano,279.9,,Kč,"55,98 Kč / 100 g",559.8,,False,,,platí do úterý 20. 10.,2026-10-07 - 2026-10-20,https://www.kupi.cz/letak/billa-letak-italie-u-vas-doma?page=10&map=215641554,https://img.kupi.cz/kupi/thumbs/zrnkove-kavy-vergnano_170_340.jpg,2026-10-07T05:31:19+02:00
Billa,Nealko nápoje,2726,Voda Clever 2 l,voda_clever,7.9,8.88,Kč,"3,95 Kč / 1 l",,,True,Billa Club,7.9,-11% Billa Club platí do úterý 13. 10.,2026-10-07 - 2026-10-13,https://www.kupi.cz/letak/billa-maly-letak-721?page=6&map=216583746,https://img.kupi.cz/kupi/thumbs/pramenita-voda-clever_170_340.jpg,2026-10-07T05:31:19+02:00
Billa,Nealko nápoje,408847,Zrnkové kávy Bristot 500 g,zrnkove_kavy_bristot,249.9,,Kč,"49,98 Kč / 100 g",499.8,,False,,,platí do úterý 20. 10.,2026-10-07 - 2026-10-20,https://www.kupi.cz/letak/billa-letak-italie-u-vas-doma?page=10&map=215641515,https://img.kupi.cz/kupi/thumbs/zrnkove-kavy-bristot-1_170_340.jpg,2026-10-07T05:31:19+02:00
Billa,Nealko nápoje,48257,Mletá káva Clever 150 g,mleta_kava_clever,49.9,,Kč,"33,27 Kč / 100 g",332.7,,False,,,platí do úterý 13. 10.,2026-10-07 - 2026-10-13,https://www.kupi.cz/letak/billa-velky-letak-292?page=15&map=216582699,https://img.kupi.cz/kupi/thumbs/kava-mleta-clever_170_340.jpg,2026-10-07T05:31:19+02:00
Billa,Nealko nápoje,587946,Nápoj Barista Billa Bio 1 l,napoj_barista_bio,29.9,,Kč,"29,90 Kč / 1 l",,,False,,,platí do úterý 13. 10.,2026-10-07 - 2026-10-13,https://www.kupi.cz/letak/billa-maly-letak-721?page=4&map=216583575,https://img.kupi.cz/kupi/thumbs/napoj-barista-billa-bio_170_340.jpg,2026-10-07T05:31:19+02:00
Billa,Nealko nápoje,586311,Nápoj Capri-Sun +Electrolytes 0.33 l,napoj_capri_sun_electrolytes,24.9,,Kč,"75,45 Kč / 1 l",,,False,,,platí do úterý 13. 10.,2026-10-07 - 2026-10-13,https://www.kupi.cz/letak/billa-velky-letak-292?page=24&map=216582948,https://img.kupi.cz/kupi/thumbs/napoj-capri-sun-electrolytes_170_340.jpg,2026-10-07T05:31:20+02:00
Billa,Vaření a pečení,12775,Mouka pšeničná Zátkova 1 kg,mouka_psenicna_zatkova,12.9,,Kč,"12,90 Kč / 1 kg",12.9,,False,,,platí do úterý 13. 10.,2026-10-07 - 2026-10-13,https://www.kupi.cz/letak/billa-velky-letak-292?map=216581997,https://img.kupi.cz/kupi/thumbs/mouka-psenicna-zatkova_170_340.jpg,2026-10-07T05:31:23+02:00
Billa,Vaření a pečení,3897,Tuk na pečení Hera 250 g,tuk_na_peceni_hera,27.9,55.8,Kč,"5,58 Kč / 100 g",111.6,,False,,,-50% platí do úterý 13. 10.,2026-10-07 - 2026-10-13,https://www.kupi.cz/letak/billa-velky-letak-292?map=216582003,https://img.kupi.cz/kupi/thumbs/tuk-na-peceni-hera-1_170_340.jpg,2026-10-07T05:31:23+02:00
Billa,Vaření a pečení,935,Tatarská omáčka Hellmann's 500 ml,tatarska_omacka_hellmann_s,59.9,,Kč,"11,98 Kč / 100 ml",,,False,,,platí do úterý 13. 10.,2026-10-07 - 2026-10-13,https://www.kupi.cz/letak/billa-velky-letak-292?page=22&map=216582876,https://img.kupi.cz/kupi/thumbs/tatarska-omacka-hellmanns-1_170_340.png,2026-10-07T05:31:23+02:00
Billa,Vaření a pečení,937,Majonéza Hellmann's 500 ml,majoneza_hellmann_s,59.9,,Kč,"11,98 Kč / 100 ml",,,False,,,platí do úterý 13. 10.,2026-10-07 - 2026-10-13,https://www.kupi.cz/letak/billa-velky-letak-292?page=22&map=216582879,https://img.kupi.cz/kupi/thumbs/majoneza-hellmann-s_170_340.png,2026-10-07T05:31:23+02:00
Billa,Vaření a pečení,23235,Cukr krystal 1 kg,cukr_krystal,16.9,,Kč,"16,90 Kč / 1 kg",16.9,,False,,,platí do úterý 13. 10.,2026-10-07 - 2026-10-13,https://www.kupi.cz/letak/billa-velky-letak-292?page=15&map=216582693,https://img.kupi.cz/kupi/thumbs/cukr-krystal_170_340.jpg,2026-10-07T05:31:23+02:00
Billa,Vaření a pečení,1175,Těstoviny Panzani 1000 g,testoviny_panzani,49.9,,Kč,"4,99 Kč / 100 g",49.9,,False,,,platí do úterý 13. 10.,2026-10-07 - 2026-10-13,https://www.kupi.cz/letak/billa-velky-letak-292?page=27&map=216583077,https://img.kupi.cz/kupi/thumbs/testoviny-panzani-1_170_340.jpg,2026-10-07T05:31:23+02:00
Billa,Vaření a pečení,1545,Olivový olej extra panenský Exclusive Franz Josef Kaiser 0.75 l,olivovy_olej_extra_panensky_exclusive_franz_josef_kaiser,199.9,344.66,Kč,"266,53 Kč / 1 l",,,False,,,-42% platí do úterý 13. 10.,2026-10-07 - 2026-10-13,https://www.kupi.cz/letak/billa-velky-letak-292?page=26&map=216583026,https://img.kupi.cz/kupi/thumbs/olivovy-olej-franz-josef_170_340.jpg,2026-10-07T05:31:23+02:00
Billa,Vaření a pečení,3159,Cukr moučka Cukrovar Vrbátky 1 kg,cukr_moucka_cukrovar_vrbatky,19.9,,Kč,"19,90 Kč / 1 kg",19.9,,False,,,platí do úterý 13. 10.,2026-10-07 - 2026-10-13,https://www.kupi.cz/letak/billa-velky-letak-292?page=16&map=216582720,https://img.kupi.cz/kupi/thumbs/cukr-moucka-cukrovar-vrbatky-4_170_340.jpg,2026-10-07T05:31:23+02:00
Billa,Vaření a pečení,3948,Kečup Hellmann's 500 ml,kecup_hellmann_s,69.9,,Kč,"13,98 Kč / 100 ml",,,False,,,platí do úterý 13. 10.,2026-10-07 - 2026-10-13,https://www.kupi.cz/letak/billa-velky-letak-292?page=23&map=216582945,https://img.kupi.cz/kupi/thumbs/kecup-hellmanns_170_340.png,2026-10-07T05:31:23+02:00
Billa,Vaření a pečení,1551,Jíška hotová Knorr 250 g,jiska_hotova_knorr,33.9,,Kč,"13,56 Kč / 100 g",135.6,,False,,,platí do úterý 13. 10.,2026-10-07 - 2026-10-13,https://www.kupi.cz/letak/billa-velky-letak-292?page=27&map=216583044,https://img.kupi.cz/kupi/thumbs/jiska-hotova-knorr_170_340.jpg,2026-10-07T05:31:23+02:00
Billa,Vaření a pečení,762,Bujon Masox Vitana 10 ks,bujon_masox_vitana,24.9,,Kč,"2,49 Kč / 1 ks",,2.49,False,,,platí do úterý 13. 10.,2026-10-07 - 2026-10-13,https://www.kupi.cz/letak/billa-velky-letak-292?page=27&map=216583041,https://img.kupi.cz/kupi/thumbs/bujon-masox-vitana_170_340.png,2026-10-07T05:31:23+02:00
Billa,Vaření a pečení,260,Olivový olej extra panenský Monini 0.5 l,olivovy_olej_extra_panensky_monini,169.9,,Kč,"339,80 Kč / 1 l",,,False,,,platí do úterý 20. 10.,2026-10-07 - 2026-10-20,https://www.kupi.cz/letak/billa-letak-italie-u-vas-doma?page=4&map=215641131,https://img.kupi.cz/kupi/thumbs/olej-olivovy-extra-panensky-monini_170_340.jpg,2026-10-07T05:31:23+02:00
Billa,Vaření a pečení,855,Rýže loupaná dlouhozrnná Vitana 400 g,ryze_loupana_dlouhozrnna_vitana,19.9,,Kč,"4,97 Kč / 100 g",49.7,,False,,,platí do úterý 13. 10.,2026-10-07 - 2026-10-13,https://www.kupi.cz/letak/billa-maly-letak-721?page=5&map=216583635,https://img.kupi.cz/kupi/thumbs/ryze-loupana-dlouhozrnna-vitana_170_340.png,2026-10-07T05:31:23+02:00
Billa,Vaření a pečení,31,Tuk Omega 250 g,tuk_omega,39.0,,Kč,"15,60 Kč / 100 g",156.0,,False,,,platí do úterý 13. 10.,2026-10-07 - 2026-10-13,https://www.kupi.cz/letak/billa-velky-letak-292?page=16&map=216582717,https://img.kupi.cz/kupi/thumbs/tuk-omega-4_170_340.jpg,2026-10-07T05:31:23+02:00
Billa,Vaření a pečení,36436,Med květový Medokom 900 g,med_kvetovy_medokom,109.9,148.51,Kč,"12,21 Kč / 100 g",122.1,,False,,,-26% platí do úterý 13. 10.,2026-10-07 - 2026-10-13,https://www.kupi.cz/letak/billa-velky-letak-292?page=17&map=216582765,https://img.kupi.cz/kupi/thumbs/med-kvetovy-medokomerc_170_340.png,2026-10-07T05:31:23+02:00
Billa,Vaření a pečení,23727,Kakao holandské Kávoviny 100 g,kakao_holandske_kavoviny,54.9,,Kč,"54,90 Kč / 100 g",549.0,,False,,,platí do úterý 13. 10.,2026-10-07 - 2026-10-13,https://www.kupi.cz/letak/billa-velky-letak-292?page=16&map=216582741,https://img.kupi.cz/kupi/thumbs/kakao-holandske-kavoviny-1_170_340.jpg,2026-10-07T05:31:23+02:00
Billa,Vaření a pečení,1178,Omáčka Panzani 400 g,omacka_panzani,49.9,,Kč,"12,47 Kč / 100 g",124.7,,False,,,platí do úterý 13. 10.,2026-10-07 - 2026-10-13,https://www.kupi.cz/letak/billa-velky-letak-292?page=27&map=216583074,https://img.kupi.cz/kupi/thumbs/omacka-panzani-1_170_340.jpg,2026-10-07T05:31:23+02:00
Billa,Vaření a pečení,43113,Třtinový cukr Very dark Druid Réunion 1 kg,trtinovy_cukr_very_dark_druid_reunion,64.9,,Kč,"64,90 Kč / 1 kg",64.9,,False,,,platí do úterý 13. 10.,2026-10-07 - 2026-10-13,https://www.kupi.cz/letak/billa-velky-letak-292?page=17&map=216582768,https://img.kupi.cz/kupi/thumbs/trtinovy-cukr-very-dark-druid-reunion_170_340.jpg,2026-10-07T05:31:23+02:00
Billa,Vaření a pečení,55,Koření tekuté Maggi 160 ml,koreni_tekute_maggi,19.9,,Kč,"12,44 Kč / 100 ml",,,False,,,platí do úterý 13. 10.,2026-10-07 - 2026-10-13,https://www.kupi.cz/letak/billa-velky-letak-292?page=27&map=216583038,https://img.kupi.cz/kupi/thumbs/tekute-koreni-maggi_170_340.jpg,2026-10-07T05:31:23+02:00
Billa,Vaření a pečení,2181,Kuskus Bacchini 500 g,kuskus_bacchini,39.9,64.35,Kč,"7,98 Kč / 100 g",79.8,,False,,,-38% platí do úterý 20. 10.,2026-10-07 - 2026-10-20,https://www.kupi.cz/letak/billa-letak-italie-u-vas-doma?page=7&map=215641377,https://img.kupi.cz/kupi/thumbs/kuskus-bacchini_170_340.jpg,2026-10-07T05:31:24+02:00
Billa,Vaření a pečení,6747,Čočka červená Lagris 1000 g,cocka_cervena_lagris,59.9,,Kč,"5,99 Kč / 100 g",59.9,,False,,,platí do úterý 13. 10.,2026-10-07 - 2026-10-13,https://www.kupi.cz/letak/billa-velky-letak-292?page=19&map=216582831,https://img.kupi.cz/kupi/thumbs/cocka-cervena-lagris_170_340.png,2026-10-07T05:31:24+02:00
Billa,Vaření a pečení,121619,Těstoviny semolinové Barilla 500 g,testoviny_semolinove_barilla,34.9,,Kč,"6,98 Kč / 100 g",69.8,,False,,,platí do úterý 20. 10.,2026-10-07 - 2026-10-20,https://www.kupi.cz/letak/billa-letak-italie-u-vas-doma?map=215641086,https://img.kupi.cz/kupi/thumbs/testoviny-semolinove-barilla_170_340.jpg,2026-10-07T05:31:24+02:00
Billa,Vaření a pečení,363508,Řepkový olej Manka máslová Fabio 1 l,repkovy_olej_manka_maslova_fabio,49.9,,Kč,"49,90 Kč / 1 l",,,False,,,platí do úterý 13. 10.,2026-10-07 - 2026-10-13,https://www.kupi.cz/letak/billa-velky-letak-292?page=17&map=216582774,https://img.kupi.cz/kupi/thumbs/repkovy-olej-manka-maslova-fabio_170_340.jpg,2026-10-07T05:31:24+02:00
Billa,Vaření a pečení,84181,Rýže jasmínová Menu Gold 2000 g,ryze_jasminova_menu_gold,109.9,,Kč,"5,50 Kč / 100 g",55.0,,False,,,platí do úterý 13. 10.,2026-10-07 - 2026-10-13,https://www.kupi.cz/letak/billa-velky-letak-292?page=27&map=216583080,https://img.kupi.cz/kupi/thumbs/ryze-jasminova-menu-gold_170_340.png,2026-10-07T05:31:24+02:00
Billa,Vaření a pečení,3412,Vanilkový cukr Dr. Oetker 8 g,vanilkovy_cukr_dr_oetker,6.9,,Kč,"86,25 Kč / 100 g",862.5,,False,,,platí do úterý 13. 10.,2026-10-07 - 2026-10-13,https://www.kupi.cz/letak/billa-velky-letak-292?page=16&map=216582723,https://img.kupi.cz/kupi/thumbs/vanilkovy-cukr-dr-oetker_170_340.jpg,2026-10-07T05:31:24+02:00
Billa,Vaření a pečení,1593,Pudink Premium Dr. Oetker 40 g,pudink_premium_dr_oetker,14.9,,Kč,"37,25 Kč / 100 g",372.5,,False,,,platí do úterý 13. 10.,2026-10-07 - 2026-10-13,https://www.kupi.cz/letak/billa-velky-letak-292?page=16&map=216582726,https://img.kupi.cz/kupi/thumbs/pudink-premium-dr-oetker_170_340.jpg,2026-10-07T05:31:24+02:00
Billa,Vaření a pečení,323720,Těstoviny 3 Minutes Panzani 500 g,testoviny_minutes_panzani,49.9,,Kč,"9,98 Kč / 100 g",99.8,,False,,,platí do úterý 20. 10.,2026-10-07 - 2026-10-20,https://www.kupi.cz/letak/billa-letak-italie-u-vas-doma?page=6&map=215641272,https://img.kupi.cz/kupi/thumbs/testoviny-3-minutes-panzani_170_340.png,2026-10-07T05:31:24+02:00
Billa,Vaření a pečení,3720,Směs ovocná linecká Hamé 300 g,smes_ovocna_linecka_hame,34.9,59.15,Kč,"11,63 Kč / 100 g",116.3,,True,Billa Club,34.9,-41% Billa Club platí do úterý 13. 10.,2026-10-07 - 2026-10-13,https://www.kupi.cz/letak/billa-velky-letak-292?page=17&map=216582762,https://img.kupi.cz/kupi/thumbs/smes-ovocna-linecka-hame_170_340.png,2026-10-07T05:31:24+02:00
Billa,Vaření a pečení,29852,Omáčky Barilla 400 g,omacky_barilla,54.9,,Kč,"13,72 Kč / 100 g",137.2,,False,,,platí do úterý 20. 10.,2026-10-07 - 2026-10-20,https://www.kupi.cz/letak/billa-letak-italie-u-vas-doma?page=16&map=215641824,https://img.kupi.cz/kupi/thumbs/omacky-barilla_170_340.jpg,2026-10-07T05:31:24+02:00
Billa,Vaření a pečení,21356,Džem Bonne Maman 370 g,dzem_bonne_maman,69.9,,Kč,"18,89 Kč / 100 g",188.9,,False,,,platí do úterý 13. 10.,2026-10-07 - 2026-10-13,https://www.kupi.cz/letak/billa-velky-letak-292?page=17&map=216582777,https://img.kupi.cz/kupi/thumbs/dzem-bonne-maman-2_170_340.jpg,2026-10-07T05:31:24+02:00
Billa,Vaření a pečení,3890,Cukrářská poleva Dr. Oetker 100 g,cukrarska_poleva_dr_oetker,29.9,39.87,Kč,"29,90 Kč / 100 g",299.0,,False,,,-25% platí do úterý 13. 10.,2026-10-07 - 2026-10-13,https://www.kupi.cz/letak/billa-velky-letak-292?page=16&map=216582732,https://img.kupi.cz/kupi/thumbs/poleva-cukrarska-dr-oetker-1_170_340.jpg,2026-10-07T05:31:24+02:00
Billa,Vaření a pečení,44117,Noky bramborové Billa 500 g,noky_bramborove,19.9,,Kč,"3,98 Kč / 100 g",39.8,,False,,,platí do úterý 20. 10.,2026-10-07 - 2026-10-20,https://www.kupi.cz/letak/billa-letak-italie-u-vas-doma?page=16&map=215641809,https://img.kupi.cz/kupi/thumbs/noky-bramborove-billa_170_340.png,2026-10-07T05:31:24+02:00
Billa,Vaření a pečení,44117,Noky bramborové Billa 500 g,noky_bramborove,34.9,,Kč,"6,98 Kč / 100 g",69.8,,False,,,platí do úterý 20. 10.,2026-10-07 - 2026-10-20,https://www.kupi.cz/letak/billa-letak-italie-u-vas-doma?page=6&map=215641281,https://img.kupi.cz/kupi/thumbs/noky-bramborove-billa_170_340.png,2026-10-07T05:31:24+02:00
Billa,Vaření a pečení,9359,Olivový olej extra panenský Billa 1 l,olivovy_olej_extra_panensky,249.9,,Kč,"249,90 Kč / 1 l",,,False,,,platí do úterý 20. 10.,2026-10-07 - 2026-10-20,https://www.kupi.cz/letak/billa-letak-italie-u-vas-doma?page=4&map=215641140,https://img.kupi.cz/kupi/thumbs/olivovy-olej-extra-panensky-billa_170_340.jpg,2026-10-07T05:31:24+02:00
Billa,Vaření a pečení,146744,Droždí čerstvé 42 g,drozdi_cerstve,3.9,4.88,Kč,"9,29 Kč / 100 g",92.9,,False,,,-20% platí do úterý 13. 10.,2026-10-07 - 2026-10-13,https://www.kupi.cz/letak/billa-velky-letak-292?page=17&map=216582747,https://img.kupi.cz/kupi/thumbs/drozdi-cerstve-1_170_340.jpg,2026-10-07T05:31:24+02:00
Billa,Vaření a pečení,103647,Kokosový olej bio Exclusive Franz Josef Kaiser 0.5 l,kokosovy_olej_bio_exclusive_franz_josef_kaiser,109.9,,Kč,"219,80 Kč / 1 l",,,False,,,platí do úterý 13. 10.,2026-10-07 - 2026-10-13,https://www.kupi.cz/letak/billa-velky-letak-292?page=17&map=216582771,https://img.kupi.cz/kupi/thumbs/kokosovy-olej-franz-josef-kaiser_170_340.jpg,2026-10-07T05:31:24+02:00
Billa,Vaření a pečení,4530,Rýže parboiled Riso Scotti 1000 g,ryze_parboiled_riso_scotti,54.9,,Kč,"5,49 Kč / 100 g",54.9,,False,,,platí do úterý 20. 10.,2026-10-07 - 2026-10-20,https://www.kupi.cz/letak/billa-letak-italie-u-vas-doma?page=7&map=215641359,https://img.kupi.cz/kupi/thumbs/ryze-scotti_170_340.jpg,2026-10-07T05:31:24+02:00
Billa,Vaření a pečení,101924,Bramborové noky Ciemme 500 g,bramborove_noky_ciemme,17.9,31.4,Kč,"3,58 Kč / 100 g",35.8,,False,,,-43% čt 8. 10. – ne 11. 10.,2026-10-08 - 2026-10-11,https://www.kupi.cz/letak/billa-maly-letak-721?page=7&map=216583812,https://img.kupi.cz/kupi/thumbs/noky-ciemme_170_340.jpg,2026-10-07T05:31:25+02:00
Billa,Vaření a pečení,29956,Ocet Clever 1 l,ocet_clever,12.9,,Kč,"12,90 Kč / 1 l",,,False,,,platí do úterý 13. 10.,2026-10-07 - 2026-10-13,https://www.kupi.cz/letak/billa-velky-letak-292?page=15&map=216582684,https://img.kupi.cz/kupi/thumbs/ocet-clever_170_340.jpg,2026-10-07T05:31:25+02:00
Billa,Vaření a pečení,59960,Rýže kulatozrnná Riso Scotti 1000 g,ryze_kulatozrnna_riso_scotti,58.9,,Kč,"5,89 Kč / 100 g",58.9,,False,,,platí do úterý 20. 10.,2026-10-07 - 2026-10-20,https://www.kupi.cz/letak/billa-letak-italie-u-vas-doma?page=7&map=215641362,https://img.kupi.cz/kupi/thumbs/ryze-kulatozrnna-scotti_170_340.jpg,2026-10-07T05:31:25+02:00
Billa,Vaření a pečení,58209,Pesto Barilla 190 g,pesto_barilla,69.9,,Kč,"36,79 Kč / 100 g",367.9,,False,,,platí do úterý 20. 10.,2026-10-07 - 2026-10-20,https://www.kupi.cz/letak/billa-letak-italie-u-vas-doma?map=215641068,https://img.kupi.cz/kupi/thumbs/pesto-barilla_170_340.jpg,2026-10-07T05:31:25+02:00
Billa,Vaření a pečení,21179,Rýže arborio Riso Scotti 500 g,ryze_arborio_riso_scotti,59.9,,Kč,"11,98 Kč / 100 g",119.8,,False,,,platí do úterý 20. 10.,2026-10-07 - 2026-10-20,https://www.kupi.cz/letak/billa-letak-italie-u-vas-doma?page=7&map=215641368,https://img.kupi.cz/kupi/thumbs/ryze-arborio-scotti_170_340.jpg,2026-10-07T05:31:25+02:00
Billa,Vaření a pečení,58552,Olivový olej extra panenský Premium Billa 0.5 l,olivovy_olej_extra_panensky_premium,149.9,189.75,Kč,"299,80 Kč / 1 l",,,False,,,-21% platí do úterý 20. 10.,2026-10-07 - 2026-10-20,https://www.kupi.cz/letak/billa-letak-italie-u-vas-doma?page=6&map=215641278,https://img.kupi.cz/kupi/thumbs/olivovy-olej-extra-panensky-premium-billa_170_340.jpg,2026-10-07T05:31:25+02:00
Billa,Vaření a pečení,64971,Rýže Risotto Riso Scotti 1000 g,ryze_risotto_riso_scotti,59.9,,Kč,"5,99 Kč / 100 g",59.9,,False,,,platí do úterý 20. 10.,2026-10-07 - 2026-10-20,https://www.kupi.cz/letak/billa-letak-italie-u-vas-doma?page=7&map=215641356,https://img.kupi.cz/kupi/thumbs/ryze-risotto-scotti-1_170_340.jpg,2026-10-07T05:31:25+02:00
Billa,Vaření a pečení,4082,Těsto na pizzu Billa 400 g,testo_na_pizzu,29.9,34.77,Kč,"7,47 Kč / 100 g",74.7,,False,,,-14% platí do úterý 20. 10.,2026-10-07 - 2026-10-20,https://www.kupi.cz/letak/billa-letak-italie-u-vas-doma?page=8&map=215641422,https://img.kupi.cz/kupi/thumbs/testo-na-pizzu-billa_170_340.jpg,2026-10-07T05:31:25+02:00
Billa,Vaření a pečení,74803,Těstoviny Lasagne Billa 500 g,testoviny_lasagne,34.9,,Kč,"6,98 Kč / 100 g",69.8,,False,,,platí do úterý 20. 10.,2026-10-07 - 2026-10-20,https://www.kupi.cz/letak/billa-letak-italie-u-vas-doma?page=16&map=215641821,https://img.kupi.cz/kupi/thumbs/testoviny-lasagne-billa_170_340.jpg,2026-10-07T05:31:25+02:00
Billa,Vaření a pečení,398005,Mouka na pizzu Babiččina volba 1 kg,mouka_na_pizzu_babiccina_volba,24.9,,Kč,"24,90 Kč / 1 kg",24.9,,False,,,platí do úterý 20. 10.,2026-10-07 - 2026-10-20,https://www.kupi.cz/letak/billa-letak-italie-u-vas-doma?page=8&map=215641419,https://img.kupi.cz/kupi/thumbs/mouka-na-pizzu-babiccina-volba_170_340.jpg,2026-10-07T05:31:25+02:00
Billa,Vaření a pečení,106397,Rýže jasmínová Riso Scotti 500 g,ryze_jasminova_riso_scotti,54.9,,Kč,"10,98 Kč / 100 g",109.8,,False,,,platí do úterý 20. 10.,2026-10-07 - 2026-10-20,https://www.kupi.cz/letak/billa-letak-italie-u-vas-doma?page=7&map=215641374,https://img.kupi.cz/kupi/thumbs/ryze-jasminova-riso-scotti_170_340.jpg,2026-10-07T05:31:25+02:00
Billa,Vaření a pečení,74073,Rajčatový protlak Billa 140 g,rajcatovy_protlak,17.9,,Kč,"12,79 Kč / 100 g",127.9,,False,,,platí do úterý 20. 10.,2026-10-07 - 2026-10-20,https://www.kupi.cz/letak/billa-letak-italie-u-vas-doma?page=8&map=215641443,https://img.kupi.cz/kupi/thumbs/rajcatovy-protlak-billa_170_340.jpg,2026-10-07T05:31:25+02:00
Billa,Vaření a pečení,38303,Olej arašídový Olitalia 1 l,olej_arasidovy_olitalia,169.9,,Kč,"169,90 Kč / 1 l",,,False,,,platí do úterý 20. 10.,2026-10-07 - 2026-10-20,https://www.kupi.cz/letak/billa-letak-italie-u-vas-doma?page=4&map=215641134,https://img.kupi.cz/kupi/thumbs/olej-arasidovy-olitalia_170_340.jpg,2026-10-07T05:31:25+02:00
Billa,Vaření a pečení,79370,Pasírovaná rajčata Billa 680 g,rajcata,29.9,35.6,Kč,"4,40 Kč / 100 g",44.0,,False,,,-16% platí do úterý 20. 10.,2026-10-07 - 2026-10-20,https://www.kupi.cz/letak/billa-letak-italie-u-vas-doma?map=215641065,https://img.kupi.cz/kupi/thumbs/pasirovana-rajcata-billa_170_340.png,2026-10-07T05:31:25+02:00
Billa,Vaření a pečení,277801,Těstoviny semolinové Premium Billa 500 g,testoviny_semolinove_premium,36.9,,Kč,"7,38 Kč / 100 g",73.8,,False,,,platí do úterý 20. 10.,2026-10-07 - 2026-10-20,https://www.kupi.cz/letak/billa-letak-italie-u-vas-doma?page=16&map=215641803,https://img.kupi.cz/kupi/thumbs/testoviny-semolinove-premium-billa_170_340.png,2026-10-07T05:31:25+02:00
Billa,Vaření a pečení,468458,Kokos strouhaný Clever 500 g,kokos_strouhany_clever,54.9,79.57,Kč,"10,98 Kč / 100 g",109.8,,False,,,-31% platí do úterý 13. 10.,2026-10-07 - 2026-10-13,https://www.kupi.cz/letak/billa-velky-letak-292?page=18&map=216582810,https://img.kupi.cz/kupi/thumbs/kokos-strouhany-clever_170_340.jpg,2026-10-07T05:31:25+02:00
Billa,Vaření a pečení,29003,Těstoviny vaječné Billa 250 g,testoviny_vajecne,37.9,,Kč,"15,16 Kč / 100 g",151.6,,False,,,platí do úterý 20. 10.,2026-10-07 - 2026-10-20,https://www.kupi.cz/letak/billa-letak-italie-u-vas-doma?page=16&map=215641815,https://img.kupi.cz/kupi/thumbs/vajecne-lasagne-billa_170_340.jpg,2026-10-07T05:31:25+02:00
Billa,Vaření a pečení,364534,Koření Paprika mletá Avokádo 25 g,paprika_avokado,8.9,,Kč,"35,60 Kč / 100 g",356.0,,False,,,platí do úterý 13. 10.,2026-10-07 - 2026-10-13,https://www.kupi.cz/letak/billa-velky-letak-292?page=26&map=216583035,https://img.kupi.cz/kupi/thumbs/koreni-paprika-mleta-avokado_170_340.png,2026-10-07T05:31:25+02:00
Billa,Vaření a pečení,38305,Olej kukuřičný Olitalia 1 l,olej_kukuricny_olitalia,119.9,,Kč,"119,90 Kč / 1 l",,,False,,,platí do úterý 20. 10.,2026-10-07 - 2026-10-20,https://www.kupi.cz/letak/billa-letak-italie-u-vas-doma?page=4&map=215641137,https://img.kupi.cz/kupi/thumbs/olej-kukuricny-olitalia_170_340.jpg,2026-10-07T05:31:27+02:00
Billa,Vaření a pečení,460946,Ocet balsamico di Modena Billa Premium 0.25 l,ocet_balsamico_di_modena_premium,124.9,158.1,Kč,"499,60 Kč / 1 l",,,False,,,-21% platí do úterý 20. 10.,2026-10-07 - 2026-10-20,https://www.kupi.cz/letak/billa-letak-italie-u-vas-doma?page=5&map=215641182,https://img.kupi.cz/kupi/thumbs/ocet-balsamico-di-modena-billa-premium_170_340.jpg,2026-10-07T05:31:27+02:00
Billa,Vaření a pečení,245313,Kuskus Billa 500 g,kuskus,33.9,,Kč,"6,78 Kč / 100 g",67.8,,False,,,platí do úterý 13. 10.,2026-10-07 - 2026-10-13,https://www.kupi.cz/letak/billa-velky-letak-292?page=19&map=216582822,https://img.kupi.cz/kupi/thumbs/kuskus-billa_170_340.jpg,2026-10-07T05:31:27+02:00
Billa,Vaření a pečení,460940,Ovocná pomazánka Billa Premium 250 g,ovocna_pomazanka_premium,39.9,51.82,Kč,"15,96 Kč / 100 g",159.6,,False,,,-23% platí do úterý 13. 10.,2026-10-07 - 2026-10-13,https://www.kupi.cz/letak/billa-velky-letak-292?page=18&map=216582786,https://img.kupi.cz/kupi/thumbs/ovocna-pomazanka-billa-premium_170_340.jpg,2026-10-07T05:31:27+02:00
Billa,Vaření a pečení,573822,Olej z hroznových jader Billa 1 l,olej_z_hroznovych_jader,139.9,,Kč,"139,90 Kč / 1 l",,,False,,,platí do úterý 20. 10.,2026-10-07 - 2026-10-20,https://www.kupi.cz/letak/billa-letak-italie-u-vas-doma?page=4&map=215641155,https://img.kupi.cz/kupi/thumbs/olej-z-hroznovych-jader-billa_170_340.jpg,2026-10-07T05:31:27+02:00
Billa,Vaření a pečení,583446,Čokoláda na pečení Dr.Oetker 150 g,cokolada_na_peceni_dr_oetker,54.9,69.49,Kč,"36,60 Kč / 100 g",366.0,,False,,,-21% platí do úterý 13. 10.,2026-10-07 - 2026-10-13,https://www.kupi.cz/letak/billa-velky-letak-292?page=16&map=216582729,https://img.kupi.cz/kupi/thumbs/cokolada-na-peceni-droetker_170_340.jpg,2026-10-07T05:31:27+02:00
Billa,Vaření a pečení,547863,Kypřicí prášek do pečiva Srdce Domova 12 g,kyprici_prasek_do_peciva_srdce_domova,1.9,,Kč,"15,83 Kč / 100 g",158.3,,False,,,platí do úterý 13. 10.,2026-10-07 - 2026-10-13,https://www.kupi.cz/letak/billa-velky-letak-292?page=16&map=216582735,https://img.kupi.cz/kupi/thumbs/kyprici-prasek-do-peciva-srdce-domova-1_170_340.png,2026-10-07T05:31:27+02:00
Billa,Vaření a pečení,586593,Olivový olej extra panenský ochucený Premium Billa 0.25 l,olivovy_olej_extra_panensky_ochuceny_premium,99.9,,Kč,"399,60 Kč / 1 l",,,False,,,platí do úterý 20. 10.,2026-10-07 - 2026-10-20,https://www.kupi.cz/letak/billa-letak-italie-u-vas-doma?page=4&map=215641164,https://www.kupi.cz/img/no_img/no_discounts.png,2026-10-07T05:31:27+02:00
Billa,Vaření a pečení,526209,Olivový olej extra panenský Il Casolare Farchioni 1 l,olivovy_olej_extra_panensky_il_casolare_farchioni,299.9,,Kč,"299,90 Kč / 1 l",,,False,,,platí do úterý 20. 10.,2026-10-07 - 2026-10-20,https://www.kupi.cz/letak/billa-letak-italie-u-vas-doma?page=8&map=215641431,https://img.kupi.cz/kupi/thumbs/olivovy-olej-extra-panensky-il-casolare-farchioni_170_340.jpg,2026-10-07T05:31:27+02:00
Billa,Vaření a pečení,477759,Tortellony plněné chlazené Ready Billa 250 g,tortellony_plnene_chlazene_ready,43.9,54.87,Kč,"17,56 Kč / 100 g",175.6,,False,,,-20% platí do úterý 20. 10.,2026-10-07 - 2026-10-20,https://www.kupi.cz/letak/billa-letak-italie-u-vas-doma?page=9&map=215641503,https://img.kupi.cz/kupi/thumbs/tortelliny-plnene-chlazene-ready-billa_170_340.jpg,2026-10-07T05:31:27+02:00
Billa,Vaření a pečení,477756,Těstoviny chlazené Ready Billa 250 g,testoviny_chlazene_ready,29.9,37.85,Kč,"11,96 Kč / 100 g",119.6,,False,,,-21% platí do úterý 20. 10.,2026-10-07 - 2026-10-20,https://www.kupi.cz/letak/billa-letak-italie-u-vas-doma?page=9&map=215641506,https://img.kupi.cz/kupi/thumbs/testoviny-chlazene-ready-billa_170_340.jpg,2026-10-07T05:31:27+02:00
Billa,Vaření a pečení,570591,Noky bramborové Ready Billa 400 g,noky_bramborove_ready,34.9,39.66,Kč,"8,72 Kč / 100 g",87.2,,False,,,-12% platí do úterý 20. 10.,2026-10-07 - 2026-10-20,https://www.kupi.cz/letak/billa-letak-italie-u-vas-doma?page=9&map=215641509,https://img.kupi.cz/kupi/thumbs/noky-bramborove-ready-billa_170_340.jpg,2026-10-07T05:31:27+02:00
Billa,Vaření a pečení,577959,Vločková sůl mořská přírodní Falksalt 70 g,vlockova_sul_morska_prirodni_falksalt,79.9,,Kč,"114,14 Kč / 100 g",1141.4,,False,,,platí do úterý 13. 10.,2026-10-07 - 2026-10-13,https://www.kupi.cz/letak/billa-velky-letak-292?page=3&map=216582441,https://img.kupi.cz/kupi/thumbs/vlockova-sul-morska-prirodni-falksalt_170_340.jpg,2026-10-07T05:31:27+02:00
Billa,Sladkosti a slané snacky,1700,Čokoláda Excellence Lindt 100 g,cokolada_excellence_lindt,79.9,,Kč,"79,90 Kč / 100 g",799.0,,False,,,platí do úterý 13. 10.,2026-10-07 - 2026-10-13,https://www.kupi.cz/letak/billa-velky-letak-292?page=26&map=216583002,https://img.kupi.cz/kupi/thumbs/cokolada-excellence-lindt-1_170_340.jpg,2026-10-07T05:31:29+02:00
Billa,Sladkosti a slané snacky,940,Sušenky BeBe Dobré ráno Opavia 360 g,susenky_bebe_dobre_rano_opavia,69.9,,Kč,"19,42 Kč / 100 g",194.2,,False,,,platí do úterý 13. 10.,2026-10-07 - 2026-10-13,https://www.kupi.cz/letak/billa-velky-letak-292?page=26&map=216583023,https://img.kupi.cz/kupi/thumbs/susenky-bebe-dobre-rano-opavia_170_340.png,2026-10-07T05:31:29+02:00
Billa,Sladkosti a slané snacky,2830,Oplatky Horalky Sedita 50 g,oplatky_horalky_sedita,11.9,,Kč,"23,80 Kč / 100 g",238.0,,False,,,platí do úterý 13. 10.,2026-10-07 - 2026-10-13,https://www.kupi.cz/letak/billa-maly-letak-721?page=5&map=216583617,https://img.kupi.cz/kupi/thumbs/oplatky-horalky-sedita-1_170_340.jpg,2026-10-07T05:31:29+02:00
Billa,Sladkosti a slané snacky,714,Tyčinka Ledové kaštany Orion 45 g,tycinka_ledove_kastany_orion,15.9,,Kč,"35,33 Kč / 100 g",353.3,,False,,,platí do úterý 13. 10.,2026-10-07 - 2026-10-13,https://www.kupi.cz/letak/billa-velky-letak-292?page=16&map=216582738,https://img.kupi.cz/kupi/thumbs/ledove-kastany-orion-2_170_340.jpg,2026-10-07T05:31:29+02:00
Billa,Sladkosti a slané snacky,718,Tyčinka Bueno Kinder 39 g,tycinka_bueno_kinder,19.9,,Kč,"51,03 Kč / 100 g",510.3,,False,,,platí do úterý 13. 10.,2026-10-07 - 2026-10-13,https://www.kupi.cz/letak/billa-velky-letak-292?page=14&map=216582657,https://img.kupi.cz/kupi/thumbs/tycinka-bueno-kinder_170_340.jpg,2026-10-07T05:31:29+02:00
Billa,Sladkosti a slané snacky,686,Zlaté polomáčené Opavia 100 g,zlate_polomacene_opavia,19.9,,Kč,"19,90 Kč / 100 g",199.0,,False,,,platí do úterý 13. 10.,2026-10-07 - 2026-10-13,https://www.kupi.cz/letak/billa-maly-letak-721?page=5&map=216583626,https://img.kupi.cz/kupi/thumbs/zlate-polomacene-opavia-1_170_340.jpg,2026-10-07T05:31:29+02:00
Billa,Sladkosti a slané snacky,269,Bonbony JoJo 60 g,bonbony_jojo,17.9,,Kč,"29,83 Kč / 100 g",298.3,,False,,,platí do úterý 13. 10.,2026-10-07 - 2026-10-13,https://www.kupi.cz/letak/billa-velky-letak-292?page=26&map=216583014,https://img.kupi.cz/kupi/thumbs/bonbony-jojo-1_170_340.jpg,2026-10-07T05:31:29+02:00
Billa,Sladkosti a slané snacky,478,Bonboniéra Rocher Ferrero 200 g,bonboniera_rocher_ferrero,169.9,,Kč,"84,95 Kč / 100 g",849.5,,False,,,platí do úterý 13. 10.,2026-10-07 - 2026-10-13,https://www.kupi.cz/letak/billa-maly-letak-721?page=5&map=216583632,https://img.kupi.cz/kupi/thumbs/bonboniera-rocher-ferrero_170_340.jpg,2026-10-07T05:31:29+02:00
Billa,Sladkosti a slané snacky,266,Oplatky Kolonáda Opavia 92 g,oplatky_kolonada_opavia,26.9,57.23,Kč,"29,24 Kč / 100 g",292.4,,True,Billa Club,26.9,-53% Billa Club čt 8. 10. – ne 11. 10.,2026-10-08 - 2026-10-11,https://www.kupi.cz/letak/billa-maly-letak-721?page=7&map=216583800,https://img.kupi.cz/kupi/thumbs/oplatky-kolonada-opavia-1_170_340.jpg,2026-10-07T05:31:29+02:00
Billa,Sladkosti a slané snacky,6001,Snack PomBär Chio 50 g,snack_pombar_chio,19.9,,Kč,"39,80 Kč / 100 g",398.0,,False,,,platí do úterý 13. 10.,2026-10-07 - 2026-10-13,https://www.kupi.cz/letak/billa-velky-letak-292?page=14&map=216582663,https://img.kupi.cz/kupi/thumbs/snack-pombar-chio_170_340.jpg,2026-10-07T05:31:29+02:00
Billa,Sladkosti a slané snacky,68760,Preclíky Dupetky Alka 70 g,precliky_dupetky_alka,16.9,,Kč,"24,14 Kč / 100 g",241.4,,False,,,platí do úterý 13. 10.,2026-10-07 - 2026-10-13,https://www.kupi.cz/letak/billa-velky-letak-292?page=14&map=216582660,https://img.kupi.cz/kupi/thumbs/precliky-dupetky-alka_170_340.png,2026-10-07T05:31:29+02:00
Billa,Sladkosti a slané snacky,2632,Bonboniéra Mon Cheri Ferrero 157.5 g,bonboniera_mon_cheri_ferrero,119.9,,Kč,"76,13 Kč / 100 g",761.3,,False,,,platí do úterý 13. 10.,2026-10-07 - 2026-10-13,https://www.kupi.cz/letak/billa-velky-letak-292?page=14&map=216582648,https://img.kupi.cz/kupi/thumbs/pralinky-mon-cheri_170_340.jpg,2026-10-07T05:31:29+02:00
Billa,Sladkosti a slané snacky,14032,Kuličky Marlenka 235 g,kulicky_marlenka,129.9,154.64,Kč,"55,28 Kč / 100 g",552.8,,True,Billa Club,129.9,-16% Billa Club platí do úterý 13. 10.,2026-10-07 - 2026-10-13,https://www.kupi.cz/letak/billa-velky-letak-292?page=39&map=216584640,https://img.kupi.cz/kupi/thumbs/kulicky-marlenka-1_170_340.jpg,2026-10-07T05:31:29+02:00
Billa,Sladkosti a slané snacky,839,Čokoláda Toblerone 100 g,cokolada_toblerone,49.9,83.17,Kč,"49,90 Kč / 100 g",499.0,,True,Billa Club,49.9,-40% Billa Club platí do úterý 13. 10.,2026-10-07 - 2026-10-13,https://www.kupi.cz/letak/billa-maly-letak-721?page=5&map=216583620,https://img.kupi.cz/kupi/thumbs/cokolada-toblerone-1_170_340.jpg,2026-10-07T05:31:29+02:00
Billa,Sladkosti a slané snacky,4786,Piškoty Sedita 240 g,piskoty_sedita,29.9,,Kč,"12,46 Kč / 100 g",124.6,,False,,,platí do úterý 13. 10.,2026-10-07 - 2026-10-13,https://www.kupi.cz/letak/billa-velky-letak-292?page=18&map=216582780,https://img.kupi.cz/kupi/thumbs/piskoty-sedita_170_340.png,2026-10-07T05:31:29+02:00
Billa,Sladkosti a slané snacky,71174,Sušenky bez lepku a cukru Fibre Gullón 170 g,susenky_bez_lepku_a_cukru_fibre_gullon,32.9,,Kč,"19,35 Kč / 100 g",193.5,,False,,,platí do úterý 13. 10.,2026-10-07 - 2026-10-13,https://www.kupi.cz/letak/billa-velky-letak-292?page=25&map=216582981,https://img.kupi.cz/kupi/thumbs/susenky-bez-cukru-fibre-gullon_170_340.png,2026-10-07T05:31:29+02:00
Billa,Sladkosti a slané snacky,137370,Sýr Snack Cri Cri Gran Moravia 15 g,syr_snack_cri_cri_gran_moravia,21.9,26.71,Kč,"146,00 Kč / 100 g",1460.0,,False,,,-18% platí do úterý 20. 10.,2026-10-07 - 2026-10-20,https://www.kupi.cz/letak/billa-letak-italie-u-vas-doma?page=5&map=215641230,https://img.kupi.cz/kupi/thumbs/syr-snack-cri-cri-gran-moravia_170_340.png,2026-10-07T05:31:29+02:00
Billa,Sladkosti a slané snacky,221835,Piškoty cukrářské Ladyfingers Billa 400 g,piskoty_cukrarske_ladyfingers,49.9,59.4,Kč,"12,47 Kč / 100 g",124.7,,False,,,-16% platí do úterý 20. 10.,2026-10-07 - 2026-10-20,https://www.kupi.cz/letak/billa-letak-italie-u-vas-doma?page=11&map=215641563,https://img.kupi.cz/kupi/thumbs/piskoty-cukrarske-ladyfingers-billa_170_340.png,2026-10-07T05:31:29+02:00
Billa,Sladkosti a slané snacky,21355,Lískooříšková pomazánka Billa 400 g,liskooriskova_pomazanka,48.9,54.33,Kč,"12,22 Kč / 100 g",122.2,,False,,,-10% platí do úterý 13. 10.,2026-10-07 - 2026-10-13,https://www.kupi.cz/letak/billa-velky-letak-292?page=18&map=216582795,https://img.kupi.cz/kupi/thumbs/liskooriskova-pomazanka-billa_170_340.jpg,2026-10-07T05:31:30+02:00
Billa,Sladkosti a slané snacky,2155,Oplatky Clever 175 g,oplatky_clever,24.9,,Kč,"14,23 Kč / 100 g",142.3,,False,,,platí do úterý 20. 10.,2026-10-07 - 2026-10-20,https://www.kupi.cz/letak/billa-letak-italie-u-vas-doma?page=11&map=215641560,https://img.kupi.cz/kupi/thumbs/oplatky-clever_170_340.jpg,2026-10-07T05:31:30+02:00
Billa,Sladkosti a slané snacky,335233,Sušenky bez lepku a cukru Gullón 130 g,susenky_bez_lepku_a_cukru_gullon,44.9,,Kč,"34,54 Kč / 100 g",345.4,,False,,,platí do úterý 13. 10.,2026-10-07 - 2026-10-13,https://www.kupi.cz/letak/billa-velky-letak-292?page=25&map=216582984,https://img.kupi.cz/kupi/thumbs/susenky-bez-lepku-gullon_170_340.jpg,2026-10-07T05:31:30+02:00
Billa,Sladkosti a slané snacky,48223,Roláda Roll Balconi 250 g,rolada_roll_balconi,29.9,33.6,Kč,"11,96 Kč / 100 g",119.6,,True,Billa Club,29.9,-11% Billa Club platí do úterý 20. 10.,2026-10-07 - 2026-10-20,https://www.kupi.cz/letak/billa-letak-italie-u-vas-doma?page=12&map=215641647,https://img.kupi.cz/kupi/thumbs/rolada-roll-balconi_170_340.png,2026-10-07T05:31:30+02:00
Billa,Sladkosti a slané snacky,572478,Ovesné sušenky srdíčka Super bez cukru Emco 140 g,ovesne_susenky_srdicka_super_bez_cukru_emco,39.9,,Kč,"28,50 Kč / 100 g",285.0,,False,,,platí do úterý 13. 10.,2026-10-07 - 2026-10-13,https://www.kupi.cz/letak/billa-velky-letak-292?page=26&map=216583020,https://img.kupi.cz/kupi/thumbs/ovesne-susenky-srdicka-super-bez-cukru-emco_170_340.jpg,2026-10-07T05:31:30+02:00
Billa,Sladkosti a slané snacky,573987,Čokoláda Lindt Gold 300 g,cokolada_lindt_gold,139.9,237.12,Kč,"46,63 Kč / 100 g",466.3,,False,,,-41% platí do úterý 13. 10.,2026-10-07 - 2026-10-13,https://www.kupi.cz/letak/billa-maly-letak-721?page=2&map=216583326,https://img.kupi.cz/kupi/thumbs/cokolada-lindt-gold_170_340.jpg,2026-10-07T05:31:30+02:00
Billa,Sladkosti a slané snacky,535293,Sušenky Minis Hit Bahlsen 130 g,susenky_minis_hit_bahlsen,24.9,,Kč,"19,15 Kč / 100 g",191.5,,False,,,platí do úterý 13. 10.,2026-10-07 - 2026-10-13,https://www.kupi.cz/letak/billa-maly-letak-721?page=5&map=216583623,https://img.kupi.cz/kupi/thumbs/susenky-minis-hit-bahlsen_170_340.jpg,2026-10-07T05:31:30+02:00
Billa,Sladkosti a slané snacky,587952,Snack Smajlíci Clever 55 g,snack_smajlici_clever,19.9,,Kč,"36,18 Kč / 100 g",361.8,,False,,,platí do úterý 13. 10.,2026-10-07 - 2026-10-13,https://www.kupi.cz/letak/billa-velky-letak-292?page=15&map=216582711,https://img.kupi.cz/kupi/thumbs/snack-smajlici-clever_170_340.jpg,2026-10-07T05:31:30+02:00
Billa,Zdravá výživa,468461,Mandle Clever,mandle_clever,89.9,179.8,Kč,"17,98 Kč / 100 g",179.8,,True,Billa Club,89.9,-50% Billa Club platí do úterý 13. 10.,2026-10-07 - 2026-10-13,https://www.kupi.cz/letak/billa-velky-letak-292?map=216582000,https://img.kupi.cz/kupi/thumbs/mandle-clever_170_340.jpg,2026-10-07T05:31:31+02:00
Billa,Zdravá výživa,255732,Müsli Mysli Emco 750 g,musli_mysli_emco,69.9,,Kč,"9,32 Kč / 100 g",93.2,,False,,,platí do úterý 13. 10.,2026-10-07 - 2026-10-13,https://www.kupi.cz/letak/billa-maly-letak-721?page=2&map=216583314,https://img.kupi.cz/kupi/thumbs/musli-mysli-emco-1_170_340.jpg,2026-10-07T05:31:31+02:00
Billa,Zdravá výživa,47830,Kaše ovesná Emco 55 g,kase_ovesna_emco,12.9,,Kč,"23,45 Kč / 100 g",234.5,,False,,,platí do úterý 13. 10.,2026-10-07 - 2026-10-13,https://www.kupi.cz/letak/billa-velky-letak-292?page=19&map=216582840,https://img.kupi.cz/kupi/thumbs/kase-ovesna-emco-1_170_340.jpg,2026-10-07T05:31:31+02:00
Billa,Zdravá výživa,44219,Müsli Emco 750 g,musli_emco,69.9,,Kč,"9,32 Kč / 100 g",93.2,,False,,,platí do úterý 13. 10.,2026-10-07 - 2026-10-13,https://www.kupi.cz/letak/billa-velky-letak-292?page=2&map=216582414,https://img.kupi.cz/kupi/thumbs/musli-emco-1_170_340.png,2026-10-07T05:31:31+02:00
Billa,Zdravá výživa,3381,Lískové ořechy IBK trade 500 g,liskove_orechy_ibk_trade,149.9,199.87,Kč,"29,98 Kč / 100 g",299.8,,False,,,-25% platí do úterý 13. 10.,2026-10-07 - 2026-10-13,https://www.kupi.cz/letak/billa-velky-letak-292?page=18&map=216582807,https://img.kupi.cz/kupi/thumbs/liskove-orechy-ibk-trade_170_340.png,2026-10-07T05:31:31+02:00
Billa,Zdravá výživa,2507,Müsli tyčinka Fit 30 g,musli_tycinka_fit,12.9,25.8,Kč,"21,50 Kč / 100 g",430.0,,False,,,-50% platí do úterý 13. 10.,2026-10-07 - 2026-10-13,https://www.kupi.cz/letak/billa-velky-letak-292?page=26&map=216583005,https://img.kupi.cz/kupi/thumbs/musli-tycinka-fit_170_340.jpg,2026-10-07T05:31:31+02:00
Billa,Zdravá výživa,141149,Lupínky špaldové Bonavita 375 g,lupinky_spaldove_bonavita,59.9,,Kč,"15,97 Kč / 100 g",159.7,,False,,,platí do úterý 13. 10.,2026-10-07 - 2026-10-13,https://www.kupi.cz/letak/billa-velky-letak-292?page=19&map=216582846,https://img.kupi.cz/kupi/thumbs/lupinky-spaldove-bonavita_170_340.jpg,2026-10-07T05:31:31+02:00
Billa,Zdravá výživa,25621,Ovesná kaše Dr. Oetker 58 g,ovesna_kase_dr_oetker,10.9,15.8,Kč,"18,79 Kč / 100 g",187.9,,False,,,-31% platí do úterý 13. 10.,2026-10-07 - 2026-10-13,https://www.kupi.cz/letak/billa-velky-letak-292?page=39&map=216584532,https://img.kupi.cz/kupi/thumbs/ovesna-kase-dr-oetker_170_340.jpg,2026-10-07T05:31:31+02:00
Billa,Zdravá výživa,141146,Pohankové lupínky Bonavita 375 g,pohankove_lupinky_bonavita,59.9,,Kč,"15,97 Kč / 100 g",159.7,,False,,,platí do úterý 13. 10.,2026-10-07 - 2026-10-13,https://www.kupi.cz/letak/billa-velky-letak-292?page=19&map=216582849,https://img.kupi.cz/kupi/thumbs/pohankove-lupinky-bonavita_170_340.jpg,2026-10-07T05:31:31+02:00
Billa,Zdravá výživa,46362,Tyčinka Emco 35 g,tycinka_emco,17.9,,Kč,"51,14 Kč / 100 g",511.4,,False,,,platí do úterý 13. 10.,2026-10-07 - 2026-10-13,https://www.kupi.cz/letak/billa-velky-letak-292?page=14&map=216582654,https://img.kupi.cz/kupi/thumbs/tycinka-emco_170_340.jpg,2026-10-07T05:31:31+02:00
Billa,Zdravá výživa,38371,Brusinky sušené Dr.Ensa 500 g,brusinky_susene_dr_ensa,99.9,,Kč,"19,98 Kč / 100 g",199.8,,False,,,platí do úterý 13. 10.,2026-10-07 - 2026-10-13,https://www.kupi.cz/letak/billa-velky-letak-292?page=18&map=216582792,https://img.kupi.cz/kupi/thumbs/brusinky-dr-ensa_170_340.jpg,2026-10-07T05:31:31+02:00
Billa,Zdravá výživa,406606,Ovesný nápoj Barista Oatly 1 l,ovesny_napoj_barista_oatly,54.9,,Kč,"54,90 Kč / 1 l",,,False,,,platí do úterý 13. 10.,2026-10-07 - 2026-10-13,https://www.kupi.cz/letak/billa-velky-letak-292?page=25&map=216582990,https://img.kupi.cz/kupi/thumbs/ovesny-napoj-barista-oatly_170_340.jpg,2026-10-07T05:31:31+02:00
Billa,Zdravá výživa,470214,Rozinky Clever 500 g,rozinky_clever,44.9,64.14,Kč,"8,98 Kč / 100 g",89.8,,False,,,-30% platí do úterý 13. 10.,2026-10-07 - 2026-10-13,https://www.kupi.cz/letak/billa-velky-letak-292?page=18&map=216582813,https://img.kupi.cz/kupi/thumbs/rozinky-clever_170_340.jpg,2026-10-07T05:31:31+02:00
Billa,Zdravá výživa,500970,Vlašské ořechy Clever 100 g,vlasske_orechy_clever,29.9,39.87,Kč,"29,90 Kč / 100 g",299.0,,False,,,-25% platí do úterý 13. 10.,2026-10-07 - 2026-10-13,https://www.kupi.cz/letak/billa-velky-letak-292?page=18&map=216582804,https://img.kupi.cz/kupi/thumbs/vlasske-orechy-clever_170_340.jpg,2026-10-07T05:31:31+02:00
Billa,Zdravá výživa,466538,Švestky sušené Nice Bites 500 g,svestky_susene_nice_bites,99.9,129.74,Kč,"19,98 Kč / 100 g",199.8,,False,,,-23% platí do úterý 13. 10.,2026-10-07 - 2026-10-13,https://www.kupi.cz/letak/billa-velky-letak-292?page=18&map=216582789,https://img.kupi.cz/kupi/thumbs/svestky-susene-nice-bites_170_340.jpg,2026-10-07T05:31:31+02:00
Billa,Zdravá výživa,494868,Mix ořechů a ovoce Nice Bites 200 g,mix_orechu_a_ovoce_nice_bites,49.9,69.31,Kč,"24,95 Kč / 100 g",249.5,,False,,,-28% platí do úterý 13. 10.,2026-10-07 - 2026-10-13,https://www.kupi.cz/letak/billa-velky-letak-292?page=5&map=216582507,https://img.kupi.cz/kupi/thumbs/mix-orechu-a-ovoce-nice-bites_170_340.jpg,2026-10-07T05:31:31+02:00
Billa,Zdravá výživa,571704,Ovesný nápoj Matcha Oatly 1 l,ovesny_napoj_matcha_oatly,64.9,,Kč,"64,90 Kč / 1 l",,,False,,,platí do úterý 13. 10.,2026-10-07 - 2026-10-13,https://www.kupi.cz/letak/billa-velky-letak-292?page=25&map=216582987,https://img.kupi.cz/kupi/thumbs/ovesny-napoj-matcha-oatly_170_340.png,2026-10-07T05:31:31+02:00
Billa,Zdravá výživa,505332,Rýžové chlebíčky Srdce Domova 130 g,ryzove_chlebicky_srdce_domova,15.9,18.71,Kč,"12,23 Kč / 100 g",122.3,,True,Billa Club,15.9,-15% Billa Club platí do úterý 13. 10.,2026-10-07 - 2026-10-13,https://www.kupi.cz/letak/billa-velky-letak-292?page=10&map=216582603,https://img.kupi.cz/kupi/thumbs/ryzove-chlebicky-srdce-domova_170_340.jpg,2026-10-07T05:31:31+02:00
Billa,Zdravá výživa,462488,Křehké plátky Srdce Domova 65 g,krehke_platky_srdce_domova,9.9,12.86,Kč,"15,23 Kč / 100 g",152.3,,True,Billa Club,9.9,-23% Billa Club platí do úterý 13. 10.,2026-10-07 - 2026-10-13,https://www.kupi.cz/letak/billa-velky-letak-292?page=40&map=216584793,https://img.kupi.cz/kupi/thumbs/krehke-platky-srdce-domova_170_340.jpg,2026-10-07T05:31:32+02:00
Billa,Zdravá výživa,564126,Cereálie Protein Nestlé 340 g,cerealie_protein_nestle,79.9,128.87,Kč,"23,50 Kč / 100 g",235.0,,True,Billa Club,79.9,-38% Billa Club platí do úterý 13. 10.,2026-10-07 - 2026-10-13,https://www.kupi.cz/letak/billa-velky-letak-292?page=26&map=216583032,https://img.kupi.cz/kupi/thumbs/cerealie-protein-nestle_170_340.jpg,2026-10-07T05:31:32+02:00
Billa,Alkohol,452444,Božkov Standard 0.5 l,bozkov_standard,98.9,,Kč,"197,80 Kč / 1 l",,,False,,,ve st 7. 10.,2026-10-07 - 2026-10-07,https://www.kupi.cz/letak/billa-velky-letak-292?map=216581964,https://img.kupi.cz/kupi/thumbs/bozkov-standard_170_340.png,2026-10-07T05:31:34+02:00
Billa,Alkohol,618,Pivo Pilsner Urquell,pivo_pilsner_urquell,25.9,,Kč,"51,80 Kč / 1 l",,,False,,,platí do úterý 13. 10.,2026-10-07 - 2026-10-13,https://www.kupi.cz/letak/billa-velky-letak-292?map=216581991,https://img.kupi.cz/kupi/thumbs/pivo-pilsner-urquell_170_340.png,2026-10-07T05:31:34+02:00
Billa,Alkohol,551,Vodka Hanácká,vodka_hanacka,119.9,,Kč,"239,80 Kč / 1 l",,,False,,,platí do úterý 13. 10.,2026-10-07 - 2026-10-13,https://www.kupi.cz/letak/billa-velky-letak-292?map=216581988,https://img.kupi.cz/kupi/thumbs/vodka-hanacka_170_340.png,2026-10-07T05:31:34+02:00
Billa,Alkohol,669,Bylinný likér Jägermeister 0.7 l,bylinny_liker_jagermeister,319.9,,Kč,"457,00 Kč / 1 l",,,False,,,platí do úterý 13. 10.,2026-10-07 - 2026-10-13,https://www.kupi.cz/letak/billa-maly-letak-721?page=6&map=216583662,https://img.kupi.cz/kupi/thumbs/bylinny-liker-jagermeister_170_340.jpg,2026-10-07T05:31:34+02:00
Billa,Alkohol,103015,Pivo světlé výčepní Rázná 10° Radegast 0.5 l,pivo_svetle_vycepni_razna_radegast,13.9,,Kč,"27,80 Kč / 1 l",,,False,,,platí do úterý 13. 10.,2026-10-07 - 2026-10-13,https://www.kupi.cz/letak/billa-velky-letak-292?page=14&map=216582672,https://img.kupi.cz/kupi/thumbs/pivo-svetle-vycepni-razna-10-radegast-1_170_340.jpg,2026-10-07T05:31:34+02:00
Billa,Alkohol,6929,Pivo světlý ležák 11° Medium Velkopopovický Kozel 0.5 l,pivo_svetly_lezak_medium_velkopopovicky_kozel,100.9,,Kč,"33,63 Kč / 1 l",,,False,,,platí do úterý 13. 10.,2026-10-07 - 2026-10-13,https://www.kupi.cz/letak/billa-velky-letak-292?page=2&map=216582426,https://img.kupi.cz/kupi/thumbs/pivo-svetly-lezak-11-medium-velkopopovicky-kozel-1_170_340.png,2026-10-07T05:31:34+02:00
Billa,Alkohol,78,Whiskey irská Tullamore Dew 0.5 l,whiskey_irska_tullamore_dew,299.9,,Kč,"599,80 Kč / 1 l",,,False,,,platí do úterý 13. 10.,2026-10-07 - 2026-10-13,https://www.kupi.cz/letak/billa-velky-letak-292?page=30&map=216583158,https://img.kupi.cz/kupi/thumbs/whiskey-irska-tullamore-dew_170_340.png,2026-10-07T05:31:34+02:00
Billa,Alkohol,6018,Bohemia Sekt Demi Sec 0.75 l,bohemia_sekt_demi_sec,109.9,,Kč,"146,53 Kč / 1 l",,,False,,,po 12. 10. – út 13. 10.,2026-10-12 - 2026-10-13,https://www.kupi.cz/letak/billa-maly-letak-721?page=8&map=216583857,https://img.kupi.cz/kupi/thumbs/bohemia-sekt-demi-sec-1_170_340.png,2026-10-07T05:31:34+02:00
Billa,Alkohol,579,Pivo světlé výčepní 10° Braník 0.5 l,pivo_svetle_vycepni_branik,9.9,,Kč,"19,80 Kč / 1 l",,,False,,,platí do úterý 13. 10.,2026-10-07 - 2026-10-13,https://www.kupi.cz/letak/billa-maly-letak-721?page=6&map=216583707,https://img.kupi.cz/kupi/thumbs/pivo-svetle-vycepni-10-branik-1_170_340.jpg,2026-10-07T05:31:34+02:00
Billa,Alkohol,981,Becherovka 0.5 l,becherovka,179.9,,Kč,"359,80 Kč / 1 l",,,False,,,platí do úterý 13. 10.,2026-10-07 - 2026-10-13,https://www.kupi.cz/letak/billa-maly-letak-721?page=6&map=216583689,https://img.kupi.cz/kupi/thumbs/becherovka_170_340.jpg,2026-10-07T05:31:34+02:00
Billa,Alkohol,515,Whiskey Jameson 0.7 l,whiskey_jameson,349.9,,Kč,"499,86 Kč / 1 l",,,False,,,platí do úterý 13. 10.,2026-10-07 - 2026-10-13,https://www.kupi.cz/letak/billa-velky-letak-292?page=30&map=216583164,https://img.kupi.cz/kupi/thumbs/whiskey-jameson-1_170_340.jpg,2026-10-07T05:31:34+02:00
Billa,Alkohol,27476,Pivo světlý ležák Original Budweiser Budvar 0.5 l,pivo_svetly_lezak_original_budweiser_budvar,19.9,,Kč,"39,80 Kč / 1 l",,,False,,,čt 8. 10. – ne 11. 10.,2026-10-08 - 2026-10-11,https://www.kupi.cz/letak/billa-velky-letak-292?page=37&map=216584487,https://img.kupi.cz/kupi/thumbs/pivo-svetly-lezak-original-budweiser-budvar_170_340.png,2026-10-07T05:31:34+02:00
Billa,Alkohol,15285,Bohemia Sekt Brut 0.75 l,bohemia_sekt_brut,109.9,,Kč,"146,53 Kč / 1 l",,,False,,,po 12. 10. – út 13. 10.,2026-10-12 - 2026-10-13,https://www.kupi.cz/letak/billa-maly-letak-721?page=8&map=216583860,https://img.kupi.cz/kupi/thumbs/bohemia-sekt-brut-4_170_340.jpg,2026-10-07T05:31:34+02:00
Billa,Alkohol,3064,Vodka Božkov 0.5 l,vodka_bozkov,139.9,,Kč,"279,80 Kč / 1 l",,,False,,,platí do úterý 13. 10.,2026-10-07 - 2026-10-13,https://www.kupi.cz/letak/billa-velky-letak-292?page=30&map=216583167,https://img.kupi.cz/kupi/thumbs/vodka-bozkov-1_170_340.jpg,2026-10-07T05:31:34+02:00
Billa,Alkohol,67344,Nealkoholické pivo ochucené Staropramen Cool 0.5 l,nealkoholicke_pivo_ochucene_staropramen_cool,16.9,,Kč,"33,80 Kč / 1 l",,,False,,,platí do úterý 13. 10.,2026-10-07 - 2026-10-13,https://www.kupi.cz/letak/billa-maly-letak-721?page=6&map=216583743,https://img.kupi.cz/kupi/thumbs/nealkoholicke-pivo-ochucene-staropramen-cool_170_340.png,2026-10-07T05:31:34+02:00
Billa,Alkohol,1229,Whisky Grant's 0.5 l,whisky_grant_s,199.9,,Kč,"399,80 Kč / 1 l",,,False,,,platí do úterý 13. 10.,2026-10-07 - 2026-10-13,https://www.kupi.cz/letak/billa-velky-letak-292?page=14&map=216582666,https://img.kupi.cz/kupi/thumbs/whisky-grants_170_340.jpg,2026-10-07T05:31:34+02:00
Billa,Alkohol,150584,Pivo světlý ležák Královský 12° Krušovice 0.5 l,pivo_svetly_lezak_kralovsky_krusovice,17.9,,Kč,"35,80 Kč / 1 l",,,False,,,platí do úterý 13. 10.,2026-10-07 - 2026-10-13,https://www.kupi.cz/letak/billa-maly-letak-721?page=6&map=216583740,https://img.kupi.cz/kupi/thumbs/pivo-svetle-kralovsky-lezak-12-krusovice-1_170_340.png,2026-10-07T05:31:34+02:00
Billa,Alkohol,270383,Pivo světlý ležák 12° Patron Gambrinus 0.5 l,pivo_svetly_lezak_patron_gambrinus,18.9,,Kč,"37,80 Kč / 1 l",,,False,,,platí do úterý 13. 10.,2026-10-07 - 2026-10-13,https://www.kupi.cz/letak/billa-velky-letak-292?page=31&map=216583395,https://img.kupi.cz/kupi/thumbs/pivo-svetly-lezak-12-patron-gambrinus_170_340.png,2026-10-07T05:31:34+02:00
Billa,Alkohol,1619,Sekt nealkoholický dětský Robby Bubble 0.75 l,sekt_nealkoholicky_detsky_robby_bubble,49.9,87.54,Kč,"66,53 Kč / 1 l",,,True,Billa Club,49.9,-43% Billa Club platí do úterý 13. 10.,2026-10-07 - 2026-10-13,https://www.kupi.cz/letak/billa-velky-letak-292?page=30&map=216583176,https://img.kupi.cz/kupi/thumbs/sekt-nealkoholicky-detsky-robby-bubble-1_170_340.jpg,2026-10-07T05:31:34+02:00
Billa,Alkohol,293108,Pivo světlý ležák 33 Budweiser Budvar 0.5 l,pivo_svetly_lezak_budweiser_budvar,19.9,,Kč,"39,80 Kč / 1 l",,,False,,,čt 8. 10. – ne 11. 10.,2026-10-08 - 2026-10-11,https://www.kupi.cz/letak/billa-velky-letak-292?page=37&map=216584490,https://img.kupi.cz/kupi/thumbs/pivo-svetly-lezak-33-budweiser-budvar-2_170_340.jpg,2026-10-07T05:31:35+02:00
Billa,Alkohol,505,Aperitiv Bianco Cinzano 0.75 l,aperitiv_bianco_cinzano,199.9,,Kč,"266,53 Kč / 1 l",,,False,,,platí do úterý 20. 10.,2026-10-07 - 2026-10-20,https://www.kupi.cz/letak/billa-letak-italie-u-vas-doma?page=14&map=215641689,https://img.kupi.cz/kupi/thumbs/aperitiv-bianco-cinzano-1_170_340.jpg,2026-10-07T05:31:35+02:00
Billa,Alkohol,3973,Pivo světlý ležák 11° Staropramen 0.5 l,pivo_svetly_lezak_staropramen,16.9,,Kč,"33,80 Kč / 1 l",,,False,,,platí do úterý 13. 10.,2026-10-07 - 2026-10-13,https://www.kupi.cz/letak/billa-velky-letak-292?page=31&map=216583386,https://img.kupi.cz/kupi/thumbs/pivo-svetly-lezak-11-staropramen_170_340.png,2026-10-07T05:31:35+02:00
Billa,Alkohol,50736,Sekty Mucha 0.75 l,sekty_mucha,109.9,,Kč,"146,53 Kč / 1 l",,,False,,,platí do úterý 13. 10.,2026-10-07 - 2026-10-13,https://www.kupi.cz/letak/billa-velky-letak-292?page=30&map=216583185,https://img.kupi.cz/kupi/thumbs/sekty-mucha_170_340.jpg,2026-10-07T05:31:35+02:00
Billa,Alkohol,1365,Pivo světlý ležák 12° Staropramen 0.5 l,pivo_svetly_lezak_staropramen,13.9,,Kč,"27,80 Kč / 1 l",,,False,,,platí do úterý 13. 10.,2026-10-07 - 2026-10-13,https://www.kupi.cz/letak/billa-velky-letak-292?page=31&map=216583401,https://img.kupi.cz/kupi/thumbs/pivo-svetly-lezak-12-staropramen-1_170_340.jpg,2026-10-07T05:31:35+02:00
Billa,Alkohol,213183,Pivo světlé výčepní Originál Královská 10° Krušovice 0.5 l,pivo_svetle_vycepni_original_kralovska_krusovice,14.9,,Kč,"29,80 Kč / 1 l",,,False,,,platí do úterý 13. 10.,2026-10-07 - 2026-10-13,https://www.kupi.cz/letak/billa-velky-letak-292?page=31&map=216583389,https://img.kupi.cz/kupi/thumbs/pivo-svetle-vycepni-original-kralovska-10-krusovice-3_170_340.png,2026-10-07T05:31:35+02:00
Billa,Alkohol,354025,Pivo nealkoholické Královsky hořké Krušovice 0.5 l,pivo_nealkoholicke_kralovsky_horke_krusovice,14.9,,Kč,"29,80 Kč / 1 l",,,False,,,platí do úterý 13. 10.,2026-10-07 - 2026-10-13,https://www.kupi.cz/letak/billa-velky-letak-292?page=31&map=216583392,https://img.kupi.cz/kupi/thumbs/pivo-nealkoholicke-kralovsky-horke-krusovice_170_340.png,2026-10-07T05:31:35+02:00
Billa,Alkohol,377608,Rumy Heffron Panama 0.5 l,rumy_heffron_panama,219.9,,Kč,"439,80 Kč / 1 l",,,False,,,platí do úterý 13. 10.,2026-10-07 - 2026-10-13,https://www.kupi.cz/letak/billa-velky-letak-292?page=18&map=216582783,https://img.kupi.cz/kupi/thumbs/rumy-heffron-panama_170_340.jpg,2026-10-07T05:31:35+02:00
Billa,Alkohol,354841,Sekt Ice Mucha 0.75 l,sekt_ice_mucha,119.9,,Kč,"159,87 Kč / 1 l",,,False,,,platí do úterý 13. 10.,2026-10-07 - 2026-10-13,https://www.kupi.cz/letak/billa-velky-letak-292?page=29&map=216583146,https://img.kupi.cz/kupi/thumbs/sekt-ice-mucha_170_340.jpg,2026-10-07T05:31:35+02:00
Billa,Alkohol,343237,Prosecco Frizzante D.O.C. Scalini 0.75 l,prosecco_frizzante_d_o_c_scalini,119.9,,Kč,"159,87 Kč / 1 l",,,False,,,platí do úterý 20. 10.,2026-10-07 - 2026-10-20,https://www.kupi.cz/letak/billa-letak-italie-u-vas-doma?page=14&map=215641686,https://img.kupi.cz/kupi/thumbs/prosecco-frizzante-doc-scalini_170_340.jpg,2026-10-07T05:31:35+02:00
Billa,Alkohol,19552,Lambrusco dell'Emilia 0.75 l,lambrusco_dell_emilia,49.9,,Kč,"66,53 Kč / 1 l",,,False,,,platí do úterý 13. 10.,2026-10-07 - 2026-10-13,https://www.kupi.cz/letak/billa-velky-letak-292?page=29&map=216583149,https://img.kupi.cz/kupi/thumbs/sekt-lambrusco-dell-emilia_170_340.png,2026-10-07T05:31:35+02:00
Billa,Alkohol,328894,Prosecco DOC Cielo 0.75 l,prosecco_doc_cielo,129.9,,Kč,"173,20 Kč / 1 l",,,False,,,platí do úterý 20. 10.,2026-10-07 - 2026-10-20,https://www.kupi.cz/letak/billa-letak-italie-u-vas-doma?page=14&map=215641671,https://img.kupi.cz/kupi/thumbs/prosecco-doc-cielo_170_340.png,2026-10-07T05:31:35+02:00
Billa,Alkohol,32273,Nealkoholický aperitiv Crodino 0.175 l,nealkoholicky_aperitiv_crodino,129.9,,Kč,"247,43 Kč / 1 l",,,False,,,platí do úterý 20. 10.,2026-10-07 - 2026-10-20,https://www.kupi.cz/letak/billa-letak-italie-u-vas-doma?page=15&map=215641788,https://img.kupi.cz/kupi/thumbs/aperitiv-crodino_170_340.jpg,2026-10-07T05:31:35+02:00
Billa,Alkohol,4104,Vína Templářské sklepy Čejkovice 0.75 l,vina_templarske_sklepy_cejkovice,79.9,,Kč,"106,53 Kč / 1 l",,,False,,,platí do úterý 13. 10.,2026-10-07 - 2026-10-13,https://www.kupi.cz/letak/billa-velky-letak-292?page=30&map=216583191,https://img.kupi.cz/kupi/thumbs/vina-templarske-sklepy-cejkovice_170_340.png,2026-10-07T05:31:35+02:00
Billa,Alkohol,343114,Víno Primitivo Doppio Passo 0.75 l,vino_primitivo_doppio_passo,159.9,,Kč,"213,20 Kč / 1 l",,,False,,,platí do úterý 20. 10.,2026-10-07 - 2026-10-20,https://www.kupi.cz/letak/billa-letak-italie-u-vas-doma?page=3&map=215641128,https://img.kupi.cz/kupi/thumbs/vino-primitivo-doppio-passo_170_340.jpg,2026-10-07T05:31:35+02:00
Billa,Alkohol,393940,Míchaný nápoj Aperol Spritz 0.2 l,michany_napoj_aperol_spritz,179.9,,Kč,"299,83 Kč / 1 l",,,False,,,platí do úterý 20. 10.,2026-10-07 - 2026-10-20,https://www.kupi.cz/letak/billa-letak-italie-u-vas-doma?page=15&map=215641779,https://img.kupi.cz/kupi/thumbs/michany-napoj-aperol-spritz_170_340.png,2026-10-07T05:31:35+02:00
Billa,Alkohol,401530,Sekt Demi Sec Habánské sklepy 0.75 l,sekt_demi_sec_habanske_sklepy,99.9,,Kč,"133,20 Kč / 1 l",,,False,,,platí do úterý 13. 10.,2026-10-07 - 2026-10-13,https://www.kupi.cz/letak/billa-velky-letak-292?page=30&map=216583179,https://img.kupi.cz/kupi/thumbs/sekt-demi-sec-habanske-sklepy_170_340.jpg,2026-10-07T05:31:35+02:00
Billa,Alkohol,16280,Vína Paul Mas 0.75 l,vina_paul_mas,149.9,,Kč,"199,87 Kč / 1 l",,,False,,,platí do úterý 13. 10.,2026-10-07 - 2026-10-13,https://www.kupi.cz/letak/billa-velky-letak-292?page=28&map=216583098,https://img.kupi.cz/kupi/thumbs/vino-paul-mas_170_340.jpg,2026-10-07T05:31:36+02:00
Billa,Alkohol,5027,Vína Brise de France 0.75 l,vina_brise_de_france,109.9,,Kč,"146,53 Kč / 1 l",,,False,,,platí do úterý 13. 10.,2026-10-07 - 2026-10-13,https://www.kupi.cz/letak/billa-velky-letak-292?page=28&map=216583092,https://img.kupi.cz/kupi/thumbs/vina-brise-de-france_170_340.jpg,2026-10-07T05:31:36+02:00
Billa,Alkohol,40524,Víno Chardonnay Vinium Classique Velké Pavlovice 0.75 l,vino_chardonnay_vinium_classique_velke_pavlovice,69.9,,Kč,"93,20 Kč / 1 l",,,False,,,platí do úterý 13. 10.,2026-10-07 - 2026-10-13,https://www.kupi.cz/letak/billa-velky-letak-292?page=29&map=216583122,https://img.kupi.cz/kupi/thumbs/vino-chardonnay-classique-vinium-velke-pavlovice_170_340.jpg,2026-10-07T05:31:36+02:00
Billa,Alkohol,131409,Víno Primitivo Puglia Caleo 0.75 l,vino_primitivo_puglia_caleo,109.9,,Kč,"146,53 Kč / 1 l",,,False,,,platí do úterý 20. 10.,2026-10-07 - 2026-10-20,https://www.kupi.cz/letak/billa-letak-italie-u-vas-doma?page=5&map=215641248,https://img.kupi.cz/kupi/thumbs/vino-primitivo-caleo_170_340.jpg,2026-10-07T05:31:36+02:00
Billa,Alkohol,401533,Sekt Brut Habánské sklepy 0.75 l,sekt_brut_habanske_sklepy,99.9,,Kč,"133,20 Kč / 1 l",,,False,,,platí do úterý 13. 10.,2026-10-07 - 2026-10-13,https://www.kupi.cz/letak/billa-velky-letak-292?page=30&map=216583182,https://img.kupi.cz/kupi/thumbs/sekt-brut-habanske-sklepy_170_340.jpg,2026-10-07T05:31:36+02:00
Billa,Alkohol,40902,Víno Tokaji 0.75 l,vino_tokaji,69.9,,Kč,"93,20 Kč / 1 l",,,False,,,platí do úterý 13. 10.,2026-10-07 - 2026-10-13,https://www.kupi.cz/letak/billa-velky-letak-292?page=29&map=216583137,https://img.kupi.cz/kupi/thumbs/vino-tokaji_170_340.jpg,2026-10-07T05:31:36+02:00
Billa,Alkohol,113558,Vína Eminhof Diana Moravia - přívlastková 0.75 l,vina_eminhof_diana_moravia_privlastkova,109.9,,Kč,"146,53 Kč / 1 l",,,False,,,platí do úterý 13. 10.,2026-10-07 - 2026-10-13,https://www.kupi.cz/letak/billa-velky-letak-292?page=29&map=216583131,https://img.kupi.cz/kupi/thumbs/vino-eminhof-diana-moravia-privlastkove_170_340.jpg,2026-10-07T05:31:36+02:00
Billa,Alkohol,502566,Prosecco Contello DOC Frizante,prosecco_contello_doc_frizante,89.9,,Kč,"119,87 Kč / 1 l",,,False,,,platí do úterý 13. 10.,2026-10-07 - 2026-10-13,https://www.kupi.cz/letak/billa-maly-letak-721?page=6&map=216583671,https://img.kupi.cz/kupi/thumbs/prosecco-contello-doc-frizante_170_340.jpg,2026-10-07T05:31:36+02:00
Billa,Alkohol,502566,Prosecco Contello DOC Frizante,prosecco_contello_doc_frizante,49.9,,Kč,"249,50 Kč / 1 l",,,False,,,platí do úterý 20. 10.,2026-10-07 - 2026-10-20,https://www.kupi.cz/letak/billa-letak-italie-u-vas-doma?page=15&map=215641794,https://img.kupi.cz/kupi/thumbs/prosecco-contello-doc-frizante_170_340.jpg,2026-10-07T05:31:36+02:00
Billa,Alkohol,453716,Sekt Asti DOCG Martini 0.75 l,sekt_asti_docg_martini,219.9,,Kč,"293,20 Kč / 1 l",,,False,,,platí do úterý 20. 10.,2026-10-07 - 2026-10-20,https://www.kupi.cz/letak/billa-letak-italie-u-vas-doma?page=14&map=215641674,https://img.kupi.cz/kupi/thumbs/sekt-asti-docg-martini_170_340.jpg,2026-10-07T05:31:36+02:00
Billa,Alkohol,511479,Becherovka ochucená 0.5 l,becherovka_ochucena,179.9,,Kč,"359,80 Kč / 1 l",,,False,,,platí do úterý 13. 10.,2026-10-07 - 2026-10-13,https://www.kupi.cz/letak/billa-velky-letak-292?page=30&map=216583170,https://img.kupi.cz/kupi/thumbs/becherovka-ochucena_170_340.png,2026-10-07T05:31:36+02:00
Billa,Alkohol,456704,Prosecco Extra Dry Superiore DOCG Billa Premium 0.75 l,prosecco_extra_dry_superiore_docg_premium,169.9,,Kč,"226,53 Kč / 1 l",,,False,,,platí do úterý 20. 10.,2026-10-07 - 2026-10-20,https://www.kupi.cz/letak/billa-letak-italie-u-vas-doma?map=215641080,https://img.kupi.cz/kupi/thumbs/prosecco-extra-dry-superiore-docg-billa-premium_170_340.jpg,2026-10-07T05:31:36+02:00
Billa,Alkohol,439107,Prosecco Spumante DOC Brilla 0.75 l,prosecco_spumante_doc_brilla,199.9,,Kč,"266,53 Kč / 1 l",,,False,,,platí do úterý 20. 10.,2026-10-07 - 2026-10-20,https://www.kupi.cz/letak/billa-letak-italie-u-vas-doma?page=14&map=215641692,https://img.kupi.cz/kupi/thumbs/prosecco-spumante-brilla_170_340.jpg,2026-10-07T05:31:36+02:00
Billa,Alkohol,471687,Prosecco Extra Brut DOCG Rebuli Zerogrammi 0.75 l,prosecco_extra_brut_docg_rebuli_zerogrammi,289.9,,Kč,"386,53 Kč / 1 l",,,False,,,platí do úterý 20. 10.,2026-10-07 - 2026-10-20,https://www.kupi.cz/letak/billa-letak-italie-u-vas-doma?page=14&map=215641695,https://img.kupi.cz/kupi/thumbs/prosecco-extra-brut-docg-rebuli-zerogrammi_170_340.jpg,2026-10-07T05:31:36+02:00
Billa,Alkohol,195045,Prosecco Brut DOC Cavit Trento 0.75 l,prosecco_brut_doc_cavit_trento,199.9,,Kč,"266,53 Kč / 1 l",,,False,,,platí do úterý 20. 10.,2026-10-07 - 2026-10-20,https://www.kupi.cz/letak/billa-letak-italie-u-vas-doma?page=15&map=215641791,https://img.kupi.cz/kupi/thumbs/sekt-brut-prosecco-doc-cavit-trento_170_340.jpg,2026-10-07T05:31:36+02:00
Billa,Alkohol,176542,Víno Cabernet Sauvignon Reserva Viňa Tarapaca 0.75 l,vino_cabernet_sauvignon_reserva_vina_tarapaca,179.9,,Kč,"239,87 Kč / 1 l",,,False,,,platí do úterý 13. 10.,2026-10-07 - 2026-10-13,https://www.kupi.cz/letak/billa-velky-letak-292?page=28&map=216583089,https://img.kupi.cz/kupi/thumbs/vino-cabernet-sauvignon-reserva-vina-tarapaca_170_340.jpg,2026-10-07T05:31:36+02:00
Billa,Alkohol,299918,Frizzante Bianco Con-tré 0.75 l,frizzante_bianco_con_tre,89.9,,Kč,"119,87 Kč / 1 l",,,False,,,platí do úterý 20. 10.,2026-10-07 - 2026-10-20,https://www.kupi.cz/letak/billa-letak-italie-u-vas-doma?page=14&map=215641680,https://img.kupi.cz/kupi/thumbs/frizzante-bianco-con-tre_170_340.jpg,2026-10-07T05:31:36+02:00
Billa,Alkohol,521325,Aperitivo Limonce 0.7 l,aperitivo_limonce,199.9,,Kč,"285,57 Kč / 1 l",,,False,,,platí do úterý 20. 10.,2026-10-07 - 2026-10-20,https://www.kupi.cz/letak/billa-letak-italie-u-vas-doma?page=15&map=215641761,https://img.kupi.cz/kupi/thumbs/aperitivo-limonce_170_340.png,2026-10-07T05:31:36+02:00
Billa,Alkohol,23097,Vína Templářské sklepy Čejkovice - pozdní sběr 0.75 l,vina_templarske_sklepy_cejkovice_pozdni_sber,129.9,,Kč,"173,20 Kč / 1 l",,,False,,,platí do úterý 13. 10.,2026-10-07 - 2026-10-13,https://www.kupi.cz/letak/billa-velky-letak-292?page=29&map=216583128,https://img.kupi.cz/kupi/thumbs/vina-templarske-sklepy-cejkovice-pozdni-sber_170_340.png,2026-10-07T05:31:36+02:00
Billa,Alkohol,87149,Vína Maison Castel 0.75 l,vina_maison_castel,139.9,,Kč,"186,53 Kč / 1 l",,,False,,,platí do úterý 13. 10.,2026-10-07 - 2026-10-13,https://www.kupi.cz/letak/billa-velky-letak-292?page=28&map=216583107,https://img.kupi.cz/kupi/thumbs/vina-maison-castel_170_340.jpg,2026-10-07T05:31:37+02:00
Billa,Alkohol,463709,Víno Primitivo Vigne del Maestro 0.75 l,vino_primitivo_vigne_del_maestro,139.9,,Kč,"186,53 Kč / 1 l",,,False,,,platí do úterý 20. 10.,2026-10-07 - 2026-10-20,https://www.kupi.cz/letak/billa-letak-italie-u-vas-doma?page=9&map=215641500,https://img.kupi.cz/kupi/thumbs/vino-primitivo-vigne-del-maestro_170_340.png,2026-10-07T05:31:37+02:00
Billa,Alkohol,353275,Víno Primitivo IGT Ultimo Passo 0.75 l,vino_primitivo_igt_ultimo_passo,189.9,,Kč,"253,20 Kč / 1 l",,,False,,,platí do úterý 20. 10.,2026-10-07 - 2026-10-20,https://www.kupi.cz/letak/billa-letak-italie-u-vas-doma?page=14&map=215641683,https://img.kupi.cz/kupi/thumbs/vino-primitivo-igt-ultimo-passo_170_340.jpg,2026-10-07T05:31:37+02:00
Billa,Alkohol,271433,Vína Collection Zámecké vinařství Bzenec 0.75 l,vina_collection_zamecke_vinarstvi_bzenec,79.9,,Kč,"106,53 Kč / 1 l",,,False,,,platí do úterý 13. 10.,2026-10-07 - 2026-10-13,https://www.kupi.cz/letak/billa-velky-letak-292?page=28&map=216583083,https://img.kupi.cz/kupi/thumbs/vina-collection-zamecke-vinarstvi-bzenec_170_340.jpg,2026-10-07T05:31:37+02:00
Billa,Alkohol,526980,Frizzante Zámecké vinařství Bzenec 0.75 l,frizzante_zamecke_vinarstvi_bzenec,99.9,,Kč,"133,20 Kč / 1 l",,,False,,,platí do úterý 13. 10.,2026-10-07 - 2026-10-13,https://www.kupi.cz/letak/billa-velky-letak-292?page=29&map=216583143,https://img.kupi.cz/kupi/thumbs/frizzante-zamecke-vinarstvi-bzenec_170_340.png,2026-10-07T05:31:37+02:00
Billa,Alkohol,28663,Vína Reserve B&G 0.75 l,vina_reserve_b_g,149.9,,Kč,"199,87 Kč / 1 l",,,False,,,platí do úterý 13. 10.,2026-10-07 - 2026-10-13,https://www.kupi.cz/letak/billa-velky-letak-292?page=28&map=216583104,https://img.kupi.cz/kupi/thumbs/vino-bg-reserve_170_340.jpg,2026-10-07T05:31:37+02:00
Billa,Alkohol,106700,Vína Zlomek&Vávra 0.75 l,vina_zlomek_vavra,199.9,,Kč,"266,53 Kč / 1 l",,,False,,,platí do úterý 13. 10.,2026-10-07 - 2026-10-13,https://www.kupi.cz/letak/billa-velky-letak-292?page=29&map=216583119,https://img.kupi.cz/kupi/thumbs/vina-zlomek-vavra_170_340.png,2026-10-07T05:31:37+02:00
Billa,Alkohol,5706,Víno Pinot Grigio Mastri Vernacoli Cavit Trento 0.75 l,vino_pinot_grigio_mastri_vernacoli_cavit_trento,139.9,,Kč,"186,53 Kč / 1 l",,,False,,,platí do úterý 20. 10.,2026-10-07 - 2026-10-20,https://www.kupi.cz/letak/billa-letak-italie-u-vas-doma?page=14&map=215641677,https://img.kupi.cz/kupi/thumbs/mastri-vernacoli-pinot-grigio_170_340.jpg,2026-10-07T05:31:37+02:00
Billa,Alkohol,15655,Víno Condor Peak 0.75 l,vino_condor_peak,99.9,,Kč,"133,20 Kč / 1 l",,,False,,,platí do úterý 13. 10.,2026-10-07 - 2026-10-13,https://www.kupi.cz/letak/billa-velky-letak-292?page=28&map=216583110,https://img.kupi.cz/kupi/thumbs/vino-condor-peak_170_340.png,2026-10-07T05:31:37+02:00
Billa,Alkohol,81586,Víno Reserva Kumala 0.75 l,vino_reserva_kumala,149.9,,Kč,"199,87 Kč / 1 l",,,False,,,platí do úterý 13. 10.,2026-10-07 - 2026-10-13,https://www.kupi.cz/letak/billa-velky-letak-292?page=29&map=216583116,https://img.kupi.cz/kupi/thumbs/vino-reserva-kumala_170_340.jpg,2026-10-07T05:31:37+02:00
Billa,Alkohol,544212,Šumivé víno nealkoholické Grande Alberone Sparkling Billa Premium 0.75 l,sumive_vino_nealkoholicke_grande_alberone_sparkling_premium,129.9,,Kč,"173,20 Kč / 1 l",,,False,,,platí do úterý 20. 10.,2026-10-07 - 2026-10-20,https://www.kupi.cz/letak/billa-letak-italie-u-vas-doma?page=15&map=215641746,https://img.kupi.cz/kupi/thumbs/sekt-nealkoholicky-grande-alberone-sparkling-billa-premium_170_340.jpg,2026-10-07T05:31:37+02:00
Billa,Alkohol,542277,Víno svařené Glühwein Hauser 1 l,vino_svarene_gluhwein_hauser,49.9,,Kč,"49,90 Kč / 1 l",,,False,,,platí do úterý 13. 10.,2026-10-07 - 2026-10-13,https://www.kupi.cz/letak/billa-velky-letak-292?page=2&map=216582417,https://img.kupi.cz/kupi/thumbs/vino-svarene-gluhwein-hauser_170_340.jpg,2026-10-07T05:31:37+02:00
Billa,Alkohol,53578,Sekt Brut Viňa Tarapaca 0.75 l,sekt_brut_vina_tarapaca,159.9,,Kč,"213,20 Kč / 1 l",,,False,,,platí do úterý 13. 10.,2026-10-07 - 2026-10-13,https://www.kupi.cz/letak/billa-velky-letak-292?page=29&map=216583140,https://img.kupi.cz/kupi/thumbs/sekt-brut-vina-tarapaca_170_340.jpg,2026-10-07T05:31:37+02:00
Billa,Alkohol,513924,Víno Pinot Noir Sol Vineus 0.75 l,vino_pinot_noir_sol_vineus,79.9,,Kč,"106,53 Kč / 1 l",,,False,,,platí do úterý 20. 10.,2026-10-07 - 2026-10-20,https://www.kupi.cz/letak/billa-letak-italie-u-vas-doma?page=15&map=215641713,https://img.kupi.cz/kupi/thumbs/vino-pinot-noir-sol-vineus_170_340.jpg,2026-10-07T05:31:37+02:00
Billa,Alkohol,467993,Víno Chardonnay Sol Vineus 0.75 l,vino_chardonnay_sol_vineus,79.9,,Kč,"106,53 Kč / 1 l",,,False,,,platí do úterý 20. 10.,2026-10-07 - 2026-10-20,https://www.kupi.cz/letak/billa-letak-italie-u-vas-doma?page=15&map=215641725,https://img.kupi.cz/kupi/thumbs/vino-chardonnay-sol-vineus_170_340.png,2026-10-07T05:31:37+02:00
Billa,Alkohol,535329,Vína Les Ormes de Cambras 0.75 l,vina_les_ormes_de_cambras,109.9,,Kč,"146,53 Kč / 1 l",,,False,,,platí do úterý 13. 10.,2026-10-07 - 2026-10-13,https://www.kupi.cz/letak/billa-velky-letak-292?page=28&map=216583101,https://img.kupi.cz/kupi/thumbs/vina-les-ormes-de-cambras_170_340.jpg,2026-10-07T05:31:37+02:00
Billa,Alkohol,56708,Víno Egri 0.75 l,vino_egri,79.9,,Kč,"106,53 Kč / 1 l",,,False,,,platí do úterý 13. 10.,2026-10-07 - 2026-10-13,https://www.kupi.cz/letak/billa-velky-letak-292?page=29&map=216583125,https://img.kupi.cz/kupi/thumbs/vino-egri_170_340.png,2026-10-07T05:31:37+02:00
Billa,Alkohol,352090,Vína Víno Mikulov - přívlastková 0.75 l,vina_vino_mikulov_privlastkova,99.9,,Kč,"133,20 Kč / 1 l",,,False,,,platí do úterý 13. 10.,2026-10-07 - 2026-10-13,https://www.kupi.cz/letak/billa-velky-letak-292?page=29&map=216583134,https://img.kupi.cz/kupi/thumbs/vina-vino-mikulov-privlastkova_170_340.jpg,2026-10-07T05:31:37+02:00
Billa,Alkohol,490437,Sekt Moravica Vinselekt Michlovský 0.75 l,sekt_moravica_vinselekt_michlovsky,139.9,,Kč,"186,53 Kč / 1 l",,,False,,,platí do úterý 13. 10.,2026-10-07 - 2026-10-13,https://www.kupi.cz/letak/billa-velky-letak-292?page=29&map=216583152,https://img.kupi.cz/kupi/thumbs/sekt-moravica-vinselekt-michlovsky_170_340.png,2026-10-07T05:31:38+02:00
Billa,Alkohol,586596,Víno Sempre brut Valdobbiane 0.75 l,vino_sempre_brut_valdobbiane,219.9,,Kč,"293,20 Kč / 1 l",,,False,,,platí do úterý 20. 10.,2026-10-07 - 2026-10-20,https://www.kupi.cz/letak/billa-letak-italie-u-vas-doma?page=14&map=215641704,https://www.kupi.cz/img/no_img/no_discounts.png,2026-10-07T05:31:38+02:00
Billa,Alkohol,513921,Víno Merlot rose Sol Vineus 0.75 l,vino_merlot_rose_sol_vineus,79.9,,Kč,"106,53 Kč / 1 l",,,False,,,platí do úterý 20. 10.,2026-10-07 - 2026-10-20,https://www.kupi.cz/letak/billa-letak-italie-u-vas-doma?page=15&map=215641728,https://img.kupi.cz/kupi/thumbs/vino-merlot-rose-sol-vineus_170_340.jpg,2026-10-07T05:31:38+02:00
Billa,Alkohol,588138,Víno Monsieur Plumage 0.75 l,vino_monsieur_plumage,129.9,,Kč,"173,20 Kč / 1 l",,,False,,,platí do úterý 13. 10.,2026-10-07 - 2026-10-13,https://www.kupi.cz/letak/billa-velky-letak-292?page=28&map=216583086,https://img.kupi.cz/kupi/thumbs/vino-monsieur-plumage_170_340.jpg,2026-10-07T05:31:38+02:00
Billa,Alkohol,529095,Vína z Chile Cono Sur 0.75 l,vina_z_chile_cono_sur,119.9,,Kč,"159,87 Kč / 1 l",,,False,,,platí do úterý 13. 10.,2026-10-07 - 2026-10-13,https://www.kupi.cz/letak/billa-velky-letak-292?page=28&map=216583095,https://img.kupi.cz/kupi/thumbs/vina-z-chile-cono-sur_170_340.png,2026-10-07T05:31:38+02:00
Billa,Alkohol,588147,Vína VR Hardys 0.75 l,vina_vr_hardys,89.9,,Kč,"119,87 Kč / 1 l",,,False,,,platí do úterý 13. 10.,2026-10-07 - 2026-10-13,https://www.kupi.cz/letak/billa-velky-letak-292?page=28&map=216583113,https://img.kupi.cz/kupi/thumbs/vina-vr-hardys_170_340.jpg,2026-10-07T05:31:38+02:00
