store,category,product_id,product_name,canonical_product_name,price,old_price,currency,unit_price,price_per_kg,price_per_piece,loyalty_required,loyalty_program,loyalty_price,discount_label,date_range,url,image_url,scraped_at
Tesco,Ovoce a zelenina,37602,Kaki Tesco 1 ks,kaki,12.9,19.85,Kč,"12,90 Kč / 1 ks",,12.9,False,,,-35% st 7. 10. – út 13. 10.,2026-10-07 - 2026-10-13,https://www.kupi.cz/letak/tesco-supermarket-letak-416?map=216252735,https://img.kupi.cz/kupi/thumbs/kaki-tesco-1_170_340.jpg,2026-10-06T17:46:27+02:00
Tesco,Ovoce a zelenina,646,Okurka salátová - hadovka 1 ks,okurka,11.9,24.79,Kč,"11,90 Kč / 1 ks",,11.9,False,,,-52% pá 9. 10. – ne 11. 10.,2026-10-09 - 2026-10-11,https://www.kupi.cz/letak/tesco-supermarket-letak-416?map=216252813,https://img.kupi.cz/kupi/thumbs/okurka-hadovka_170_340.jpg,2026-10-06T17:46:27+02:00
Tesco,Ovoce a zelenina,37603,Mandarinky Tesco 1 kg,mandarinky,29.9,49.83,Kč,"29,90 Kč / 1 kg",29.9,,False,,,-40% pá 9. 10. – ne 11. 10.,2026-10-09 - 2026-10-11,https://www.kupi.cz/letak/tesco-supermarket-letak-416?map=216252810,https://img.kupi.cz/kupi/thumbs/mandarinky-tesco_170_340.png,2026-10-06T17:46:27+02:00
Tesco,Ovoce a zelenina,705,Mandarinky 1 kg,mandarinky,27.9,59.36,Kč,"27,90 Kč / 1 kg",27.9,,False,,,-53% dnes končí,2026-10-06,https://www.kupi.cz/letak/tesco-supermarket-letak-415?map=215308347,https://img.kupi.cz/kupi/thumbs/mandarinky_170_340.jpg,2026-10-06T17:46:27+02:00
Tesco,Ovoce a zelenina,914,Cibule kuchyňská žlutá 1 kg,cibule_kuchynska_zluta,13.9,19.86,Kč,"13,90 Kč / 1 kg",13.9,,True,Clubcard,13.9,-30% Clubcard st 7. 10. – út 13. 10.,2026-10-07 - 2026-10-13,https://www.kupi.cz/letak/tesco-hypermarket-letak-370?page=3&map=216577869,https://img.kupi.cz/kupi/thumbs/cibule-kuchynska-zluta_170_340.jpg,2026-10-06T17:46:27+02:00
Tesco,Ovoce a zelenina,2388,Citrony 1 kg,citrony,34.9,69.8,Kč,"34,90 Kč / 1 kg",34.9,,False,,,-50% st 7. 10. – út 13. 10.,2026-10-07 - 2026-10-13,https://www.kupi.cz/letak/tesco-supermarket-letak-416?page=3&map=216252918,https://img.kupi.cz/kupi/thumbs/citrony_170_340.jpg,2026-10-06T17:46:27+02:00
Tesco,Ovoce a zelenina,706,Květák 1 ks,kvetak,24.9,59.29,Kč,"24,90 Kč / 1 ks",,24.9,True,Clubcard,24.9,-58% Clubcard st 7. 10. – út 13. 10.,2026-10-07 - 2026-10-13,https://www.kupi.cz/letak/tesco-supermarket-letak-416?page=3&map=216252927,https://img.kupi.cz/kupi/thumbs/kvetak_170_340.jpg,2026-10-06T17:46:27+02:00
Tesco,Ovoce a zelenina,1169,Jablka Golden Delicious 1 kg,jablka,24.9,39.52,Kč,"24,90 Kč / 1 kg",24.9,,False,,,-37% dnes končí,2026-10-06,https://www.kupi.cz/letak/tesco-supermarket-letak-415?page=3&map=215308431,https://img.kupi.cz/kupi/thumbs/jablka-golden-delicious_170_340.png,2026-10-06T17:46:27+02:00
Tesco,Ovoce a zelenina,2114,Paprika bílá 1 kg,paprika,29.9,49.83,Kč,"29,90 Kč / 1 kg",29.9,,True,Clubcard,29.9,-40% Clubcard st 7. 10. – út 13. 10.,2026-10-07 - 2026-10-13,https://www.kupi.cz/letak/tesco-hypermarket-letak-370?page=3&map=216577860,https://img.kupi.cz/kupi/thumbs/paprika-bila_170_340.png,2026-10-06T17:46:27+02:00
Tesco,Ovoce a zelenina,99,Ananas 1 ks,ananas,44.9,74.83,Kč,"44,90 Kč / 1 ks",,44.9,True,Clubcard,44.9,-40% Clubcard st 7. 10. – út 13. 10.,2026-10-07 - 2026-10-13,https://www.kupi.cz/letak/tesco-hypermarket-letak-370?page=3&map=216577866,https://img.kupi.cz/kupi/thumbs/ananas-2_170_340.jpg,2026-10-06T17:46:27+02:00
Tesco,Ovoce a zelenina,2483,Mango 1 ks,mango,18.9,34.36,Kč,"18,90 Kč / 1 ks",,18.9,False,,,-45% dnes končí,2026-10-06,https://www.kupi.cz/letak/tesco-hypermarket-letak-369?page=3&map=215326980,https://img.kupi.cz/kupi/thumbs/mango_170_340.jpg,2026-10-06T17:46:27+02:00
Tesco,Ovoce a zelenina,309,Jablka červená 1 kg,jablka,19.9,39.8,Kč,"19,90 Kč / 1 kg",19.9,,False,,,-50% st 7. 10. – út 13. 10.,2026-10-07 - 2026-10-13,https://www.kupi.cz/letak/tesco-supermarket-letak-416?page=3&map=216252909,https://img.kupi.cz/kupi/thumbs/jablka-cervena_170_340.jpg,2026-10-06T17:46:27+02:00
Tesco,Ovoce a zelenina,996,Hrozny bílé 1 kg,hrozny,34.9,79.32,Kč,"34,90 Kč / 1 kg",34.9,,False,,,-56% st 7. 10. – út 13. 10.,2026-10-07 - 2026-10-13,https://www.kupi.cz/letak/tesco-supermarket-letak-416?page=3&map=216252903,https://img.kupi.cz/kupi/thumbs/hrozny-bile-1_170_340.jpg,2026-10-06T17:46:27+02:00
Tesco,Ovoce a zelenina,867,Kedlubna bílá 1 ks,kedlubna,11.9,18.89,Kč,"11,90 Kč / 1 ks",,11.9,False,,,-37% st 7. 10. – út 13. 10.,2026-10-07 - 2026-10-13,https://www.kupi.cz/letak/tesco-supermarket-letak-416?page=3&map=216252921,https://img.kupi.cz/kupi/thumbs/kedlubna-bila_170_340.jpg,2026-10-06T17:46:27+02:00
Tesco,Ovoce a zelenina,10582,Česnek 0.1 kg,cesnek,9.9,14.78,Kč,"99,00 Kč / 1 kg",99.0,,True,Clubcard,9.9,-33% Clubcard dnes končí,2026-10-06,https://www.kupi.cz/letak/tesco-hypermarket-letak-369?page=15&map=215337639,https://img.kupi.cz/kupi/thumbs/cesnek-1_170_340.jpg,2026-10-06T17:46:27+02:00
Tesco,Ovoce a zelenina,32436,Dýně Hokkaidó 1 kg,dyne_hokkaido,19.9,49.75,Kč,"19,90 Kč / 1 kg",19.9,,True,Clubcard,19.9,-60% Clubcard st 7. 10. – út 13. 10.,2026-10-07 - 2026-10-13,https://www.kupi.cz/letak/tesco-supermarket-letak-416?page=11&map=216253485,https://img.kupi.cz/kupi/thumbs/dyne-hokkaido-1_170_340.jpg,2026-10-06T17:46:27+02:00
Tesco,Ovoce a zelenina,34287,Rajčata cherry Tesco,rajcata_cherry,24.9,39.52,Kč,"9,96 Kč / 100 g",99.6,,False,,,-37% st 7. 10. – út 13. 10.,2026-10-07 - 2026-10-13,https://www.kupi.cz/letak/tesco-supermarket-letak-416?page=2&map=216252891,https://img.kupi.cz/kupi/thumbs/rajcata-cherry-tesco_170_340.jpg,2026-10-06T17:46:27+02:00
Tesco,Ovoce a zelenina,34287,Rajčata cherry Tesco,rajcata_cherry,24.9,39.52,Kč,"99,60 Kč / 1 kg",99.6,,False,,,-37% st 7. 10. – út 13. 10.,2026-10-07 - 2026-10-13,https://www.kupi.cz/letak/tesco-hypermarket-letak-370?page=2&map=216577566,https://img.kupi.cz/kupi/thumbs/rajcata-cherry-tesco_170_340.jpg,2026-10-06T17:46:27+02:00
Tesco,Ovoce a zelenina,21392,Dýně máslová 1 kg,dyne_hokkaido,24.9,34.58,Kč,"24,90 Kč / 1 kg",24.9,,True,Clubcard,24.9,-28% Clubcard st 7. 10. – út 13. 10.,2026-10-07 - 2026-10-13,https://www.kupi.cz/letak/tesco-supermarket-letak-416?page=11&map=216253491,https://img.kupi.cz/kupi/thumbs/dyne-maslova-1_170_340.jpg,2026-10-06T17:46:27+02:00
Tesco,Ovoce a zelenina,22855,Hrušky Konference 1 kg,hrusky_konference,34.9,49.86,Kč,"34,90 Kč / 1 kg",34.9,,True,Clubcard,34.9,-30% Clubcard dnes končí,2026-10-06,https://www.kupi.cz/letak/tesco-hypermarket-letak-369?page=3&map=215327022,https://img.kupi.cz/kupi/thumbs/hrusky-konference-1_170_340.jpg,2026-10-06T17:46:27+02:00
Tesco,Ovoce a zelenina,57874,Avokádo Tesco Finest 1 ks,avokado,29.9,34.77,Kč,"29,90 Kč / 1 ks",,29.9,False,,,-14% st 7. 10. – út 13. 10.,2026-10-07 - 2026-10-13,https://www.kupi.cz/letak/tesco-hypermarket-letak-370?page=3&map=216577737,https://img.kupi.cz/kupi/thumbs/avokado-tesco-finest-1_170_340.jpg,2026-10-06T17:46:27+02:00
Tesco,Ovoce a zelenina,38642,Maliny Tesco 125 g,maliny,39.9,59.55,Kč,"31,92 Kč / 100 g",319.2,,True,Clubcard,39.9,-33% Clubcard pá 9. 10. – ne 11. 10.,2026-10-09 - 2026-10-11,https://www.kupi.cz/letak/tesco-supermarket-letak-416?page=10&map=216253455,https://img.kupi.cz/kupi/thumbs/maliny-tesco_170_340.png,2026-10-06T17:46:28+02:00
Tesco,Ovoce a zelenina,56515,Pomelo Tesco 1 ks,pomelo,49.9,69.31,Kč,"49,90 Kč / 1 ks",,49.9,False,,,-28% dnes končí,2026-10-06,https://www.kupi.cz/letak/tesco-hypermarket-letak-369?page=3&map=215327004,https://img.kupi.cz/kupi/thumbs/pomelo-tesco_170_340.jpg,2026-10-06T17:46:28+02:00
Tesco,Ovoce a zelenina,37522,Salát ledový Tesco 1 ks,salat_ledovy,24.9,39.52,Kč,"24,90 Kč / 1 ks",,24.9,True,Clubcard,24.9,-37% Clubcard dnes končí,2026-10-06,https://www.kupi.cz/letak/tesco-hypermarket-letak-369?page=3&map=215327019,https://img.kupi.cz/kupi/thumbs/salat-ledovy-tesco_170_340.png,2026-10-06T17:46:28+02:00
Tesco,Ovoce a zelenina,277966,Hrozny tmavé 1 kg,hrozny,39.9,79.8,Kč,"39,90 Kč / 1 kg",39.9,,True,Clubcard,39.9,-50% Clubcard dnes končí,2026-10-06,https://www.kupi.cz/letak/tesco-supermarket-letak-415?page=3&map=215308434,https://img.kupi.cz/kupi/thumbs/hrozny-tmave-1_170_340.jpg,2026-10-06T17:46:28+02:00
Tesco,Ovoce a zelenina,258104,Mrkev Tesco 1 kg,mrkev,14.9,24.83,Kč,"14,90 Kč / 1 kg",14.9,,True,Clubcard,14.9,-40% Clubcard dnes končí,2026-10-06,https://www.kupi.cz/letak/tesco-hypermarket-letak-369?page=3&map=215327028,https://img.kupi.cz/kupi/thumbs/mrkev-tesco_170_340.jpg,2026-10-06T17:46:28+02:00
Tesco,Ovoce a zelenina,320228,Brokolice Tesco 500 g,brokolice,39.9,49.87,Kč,"7,98 Kč / 100 g",79.8,,False,,,-20% dnes končí,2026-10-06,https://www.kupi.cz/letak/tesco-supermarket-letak-415?page=3&map=215308410,https://img.kupi.cz/kupi/thumbs/brokolice-tesco_170_340.png,2026-10-06T17:46:28+02:00
Tesco,Ovoce a zelenina,21395,Dýně špagetová 1 kg,dyne_hokkaido,29.9,44.63,Kč,"29,90 Kč / 1 kg",29.9,,True,Clubcard,29.9,-33% Clubcard st 7. 10. – út 13. 10.,2026-10-07 - 2026-10-13,https://www.kupi.cz/letak/tesco-supermarket-letak-416?page=11&map=216253488,https://img.kupi.cz/kupi/thumbs/dyne-spagetova-1_170_340.jpg,2026-10-06T17:46:28+02:00
Tesco,Ovoce a zelenina,37498,Žampiony zahradní Tesco 500 g,zampiony,44.9,59.87,Kč,"8,98 Kč / 100 g",89.8,,True,Clubcard,44.9,-25% Clubcard st 7. 10. – út 13. 10.,2026-10-07 - 2026-10-13,https://www.kupi.cz/letak/tesco-hypermarket-letak-370?page=3&map=216577803,https://img.kupi.cz/kupi/thumbs/zampiony-zahradni-tesco_170_340.png,2026-10-06T17:46:28+02:00
Tesco,Ovoce a zelenina,36787,Brambory červené 1 kg,brambory,16.9,26.83,Kč,"16,90 Kč / 1 kg",16.9,,False,,,-37% dnes končí,2026-10-06,https://www.kupi.cz/letak/tesco-supermarket-letak-415?page=3&map=215308422,https://img.kupi.cz/kupi/thumbs/brambory-cervene-3_170_340.jpg,2026-10-06T17:46:28+02:00
Tesco,Ovoce a zelenina,2427,Dýně Halloween 1 kg,dyne_hokkaido,19.9,39.8,Kč,"19,90 Kč / 1 kg",19.9,,True,Clubcard,19.9,-50% Clubcard st 7. 10. – út 13. 10.,2026-10-07 - 2026-10-13,https://www.kupi.cz/letak/tesco-supermarket-letak-416?page=11&map=216253530,https://img.kupi.cz/kupi/thumbs/dyne-halloween-1_170_340.jpg,2026-10-06T17:46:28+02:00
Tesco,Ovoce a zelenina,21393,Dýně muškátová 1 kg,dyne_hokkaido,24.9,49.8,Kč,"24,90 Kč / 1 kg",24.9,,True,Clubcard,24.9,-50% Clubcard dnes končí,2026-10-06,https://www.kupi.cz/letak/tesco-hypermarket-letak-369?page=3&map=215327013,https://img.kupi.cz/kupi/thumbs/dyne-muskatova_170_340.jpg,2026-10-06T17:46:28+02:00
Tesco,Ovoce a zelenina,31497,Kopr čerstvý Tesco 100 g,kopr_cerstvy,49.9,,Kč,"49,90 Kč / 100 g",499.0,,True,Clubcard,49.9,Clubcard st 7. 10. – út 13. 10.,2026-10-07 - 2026-10-13,https://www.kupi.cz/letak/tesco-hypermarket-letak-370?page=3&map=216581232,https://www.kupi.cz/img/no_img/no_discounts.png,2026-10-06T17:46:28+02:00
Tesco,Ovoce a zelenina,312629,Hrozny červené bezsemenné The Grower's Harvest Tesco 0.5 kg,hrozny,24.9,49.8,Kč,"49,80 Kč / 1 kg",49.8,,True,Clubcard,24.9,-50% Clubcard pá 9. 10. – ne 11. 10.,2026-10-09 - 2026-10-11,https://www.kupi.cz/letak/tesco-supermarket-letak-416?page=10&map=216253452,https://img.kupi.cz/kupi/thumbs/hrozny-cervene-bezsemenne-the-growers-harvest-tesco_170_340.png,2026-10-06T17:46:28+02:00
Tesco,Ovoce a zelenina,76498,Patizon 1 kg,patizon,24.9,39.52,Kč,"24,90 Kč / 1 kg",24.9,,True,Clubcard,24.9,-37% Clubcard st 7. 10. – út 13. 10.,2026-10-07 - 2026-10-13,https://www.kupi.cz/letak/tesco-supermarket-letak-416?page=11&map=216253536,https://img.kupi.cz/kupi/thumbs/patizon_170_340.jpg,2026-10-06T17:46:28+02:00
Tesco,Ovoce a zelenina,333145,Rajčata koktejlová Tesco 0.4 kg,rajcata,39.9,63.33,Kč,"99,75 Kč / 1 kg",99.75,,False,,,-37% dnes končí,2026-10-06,https://www.kupi.cz/letak/tesco-supermarket-letak-415?page=3&map=215308413,https://img.kupi.cz/kupi/thumbs/rajcata-koktejlova-tesco_170_340.jpg,2026-10-06T17:46:28+02:00
Tesco,Ovoce a zelenina,498051,Pomelo červené Tesco 1 ks,pomelo_cervene,49.9,69.31,Kč,"49,90 Kč / 1 ks",,49.9,False,,,-28% dnes končí,2026-10-06,https://www.kupi.cz/letak/tesco-supermarket-letak-415?page=3&map=215308416,https://img.kupi.cz/kupi/thumbs/pomelo-cervene-tesco-1_170_340.png,2026-10-06T17:46:28+02:00
Tesco,Ovoce a zelenina,368396,Fíky čerstvé Tesco 1 ks,fiky_cerstve,7.9,14.63,Kč,"7,90 Kč / 1 ks",,7.9,True,Clubcard,7.9,-46% Clubcard dnes končí,2026-10-06,https://www.kupi.cz/letak/tesco-hypermarket-letak-369?page=3&map=215327049,https://img.kupi.cz/kupi/thumbs/fiky-cerstve-tesco-1_170_340.jpg,2026-10-06T17:46:29+02:00
Tesco,Ovoce a zelenina,513237,Borůvky Tesco Finest 125 g,boruvky,59.9,79.87,Kč,"47,92 Kč / 100 g",479.2,,False,,,-25% st 7. 10. – út 13. 10.,2026-10-07 - 2026-10-13,https://www.kupi.cz/letak/tesco-supermarket-letak-416?page=3&map=216252912,https://img.kupi.cz/kupi/thumbs/boruvky-tesco-finest_170_340.png,2026-10-06T17:46:29+02:00
Tesco,Ovoce a zelenina,113729,Okrasná dýně 1 ks,dyne_hokkaido,16.9,24.85,Kč,"16,90 Kč / 1 ks",,16.9,True,Clubcard,16.9,-32% Clubcard st 7. 10. – út 13. 10.,2026-10-07 - 2026-10-13,https://www.kupi.cz/letak/tesco-supermarket-letak-416?page=11&map=216253524,https://img.kupi.cz/kupi/thumbs/okrasna-dyne-1_170_340.jpg,2026-10-06T17:46:29+02:00
Tesco,Ovoce a zelenina,466031,Petržel hladkolistá čerstvá 200 g,petrzel_hladkolista_cerstva,39.9,49.87,Kč,"19,95 Kč / 100 g",199.5,,True,Clubcard,39.9,-20% Clubcard st 7. 10. – út 20. 10.,2026-10-07 - 2026-10-20,https://www.kupi.cz/letak/tesco-hypermarket-letak-370?page=3&map=216578058,https://www.kupi.cz/img/no_img/no_discounts.png,2026-10-06T17:46:29+02:00
Tesco,Pečivo,42371,Croissant 7 Days,croissant_days,16.9,25.61,Kč,"15,36 Kč / 100 g",153.6,,True,Clubcard,16.9,-34% Clubcard dnes končí,2026-10-06,https://www.kupi.cz/letaky/tesco,https://img.kupi.cz/kupi/thumbs/croissant-7-days_170_340.png,2026-10-06T17:46:30+02:00
Tesco,Pečivo,42371,Croissant 7 Days,croissant_days,10.9,19.82,Kč,"18,17 Kč / 100 g",181.7,,True,Clubcard,10.9,-45% Clubcard st 7. 10. – út 3. 11.,2026-10-07 - 2026-11-03,https://www.kupi.cz/letak/tesco-supermarket-letak-416?page=3&map=216252960,https://img.kupi.cz/kupi/thumbs/croissant-7-days_170_340.png,2026-10-06T17:46:30+02:00
Tesco,Pečivo,42371,Croissant 7 Days,croissant_days,14.9,23.65,Kč,"18,62 Kč / 100 g",186.2,,True,Clubcard,14.9,-37% Clubcard st 7. 10. – út 3. 11.,2026-10-07 - 2026-11-03,https://www.kupi.cz/letak/tesco-hypermarket-letak-370?page=35&map=216578055,https://img.kupi.cz/kupi/thumbs/croissant-7-days_170_340.png,2026-10-06T17:46:30+02:00
Tesco,Pečivo,42371,Croissant 7 Days,croissant_days,34.9,55.4,Kč,"18,86 Kč / 100 g",188.6,,True,Clubcard,34.9,-37% Clubcard dnes končí,2026-10-06,https://www.kupi.cz/letak/tesco-hypermarket-letak-369?page=18&map=215338332,https://img.kupi.cz/kupi/thumbs/croissant-7-days_170_340.png,2026-10-06T17:46:30+02:00
Tesco,Pečivo,876,Kaiserka 60 g,kaiserka,3.9,4.88,Kč,"6,50 Kč / 100 g",65.0,,False,,,-20% dnes končí,2026-10-06,https://www.kupi.cz/letak/tesco-supermarket-letak-415?page=3&map=215308440,https://img.kupi.cz/kupi/thumbs/kaiserka_170_340.png,2026-10-06T17:46:30+02:00
Tesco,Pečivo,2960,Donut 56 g,donut,9.9,16.5,Kč,"17,68 Kč / 100 g",176.8,,False,,,-40% dnes končí,2026-10-06,https://www.kupi.cz/letaky/tesco,https://img.kupi.cz/kupi/thumbs/donut_170_340.jpg,2026-10-06T17:46:30+02:00
Tesco,Pečivo,192,Bageta francouzská 110 g,bageta_francouzska,7.9,12.74,Kč,"7,18 Kč / 100 g",71.8,,False,,,-38% dnes končí,2026-10-06,https://www.kupi.cz/letak/tesco-supermarket-letak-415?page=3&map=215308443,https://img.kupi.cz/kupi/thumbs/bageta-francouzska_170_340.png,2026-10-06T17:46:30+02:00
Tesco,Pečivo,75620,Toustový chléb Sandwich Soft Ölz 750 g,toustovy_chleb_sandwich_soft_olz,49.9,64.81,Kč,"6,65 Kč / 100 g",66.5,,True,Clubcard,49.9,-23% Clubcard dnes končí,2026-10-06,https://www.kupi.cz/letaky/tesco,https://img.kupi.cz/kupi/thumbs/toustovy-chleb-sandwich-soft-olz_170_340.png,2026-10-06T17:46:30+02:00
Tesco,Pečivo,10760,Chléb žitný 450 g,chleb_zitny,19.9,28.84,Kč,"4,42 Kč / 100 g",44.2,,False,,,-31% dnes končí,2026-10-06,https://www.kupi.cz/letak/tesco-hypermarket-letak-369?page=4&map=215327097,https://img.kupi.cz/kupi/thumbs/chleb-zitny_170_340.jpg,2026-10-06T17:46:30+02:00
Tesco,Pečivo,21551,Vánočka Ölz 500 g,vanocka_olz,44.9,69.08,Kč,"8,98 Kč / 100 g",89.8,,True,Clubcard,44.9,-35% Clubcard dnes končí,2026-10-06,https://www.kupi.cz/letaky/tesco,https://img.kupi.cz/kupi/thumbs/vanocka-olz_170_340.jpg,2026-10-06T17:46:30+02:00
Tesco,Pečivo,27857,Chléb bez lepku Pan Blanco Schär 250 g,chleb_bez_lepku_pan_blanco_schar,44.9,63.24,Kč,"17,96 Kč / 100 g",179.6,,True,Clubcard,44.9,-29% Clubcard dnes končí,2026-10-06,https://www.kupi.cz/letaky/tesco,https://img.kupi.cz/kupi/thumbs/chleb-bez-lepku-pan-blanco-schar_170_340.jpg,2026-10-06T17:46:30+02:00
Tesco,Pečivo,135,Makovka 160 g,makovka,14.9,19.87,Kč,"9,31 Kč / 100 g",93.1,,False,,,-25% st 7. 10. – út 20. 10.,2026-10-07 - 2026-10-20,https://www.kupi.cz/letak/tesco-hypermarket-letak-370?page=7&map=216579237,https://img.kupi.cz/kupi/thumbs/makovka_170_340.jpg,2026-10-06T17:46:30+02:00
Tesco,Pečivo,3943,Kobliha s náplní,kobliha_s_naplni,11.9,17.76,Kč,"18,31 Kč / 100 g",183.1,,False,,,-33% dnes končí,2026-10-06,https://www.kupi.cz/letak/tesco-hypermarket-letak-369?page=6&map=215327223,https://img.kupi.cz/kupi/thumbs/kobliha-s-naplni-1_170_340.jpg,2026-10-06T17:46:30+02:00
Tesco,Pečivo,3943,Kobliha s náplní,kobliha_s_naplni,29.73,39.64,Kč,"29,73 Kč / 100 g",297.3,,True,Clubcard,29.73,-25% Clubcard st 7. 10. – út 13. 10.,2026-10-07 - 2026-10-13,https://www.kupi.cz/letak/tesco-hypermarket-letak-370?page=17&map=216580401,https://img.kupi.cz/kupi/thumbs/kobliha-s-naplni-1_170_340.jpg,2026-10-06T17:46:30+02:00
Tesco,Pečivo,350519,Toustový chléb Ölz 500 g,toustovy_chleb_olz,39.9,54.66,Kč,"7,98 Kč / 100 g",79.8,,True,Clubcard,39.9,-27% Clubcard st 7. 10. – út 3. 11.,2026-10-07 - 2026-11-03,https://www.kupi.cz/letak/tesco-supermarket-letak-416?page=3&map=216252981,https://img.kupi.cz/kupi/thumbs/toustovy-chleb-olz-1_170_340.jpg,2026-10-06T17:46:30+02:00
Tesco,Pečivo,57919,Vánočka 400 g,vanocka,29.9,44.63,Kč,"7,47 Kč / 100 g",74.7,,False,,,-33% dnes končí,2026-10-06,https://www.kupi.cz/letak/tesco-hypermarket-letak-369?page=14&map=215337588,https://img.kupi.cz/kupi/thumbs/vanocka_170_340.png,2026-10-06T17:46:30+02:00
Tesco,Pečivo,79031,Houstičky Ölz 210 g,housticky_olz,47.9,59.87,Kč,"22,81 Kč / 100 g",228.1,,True,Clubcard,47.9,-20% Clubcard st 7. 10. – út 3. 11.,2026-10-07 - 2026-11-03,https://www.kupi.cz/letak/tesco-supermarket-letak-416?page=3&map=216252966,https://img.kupi.cz/kupi/thumbs/mlecne-housticky-olz_170_340.png,2026-10-06T17:46:30+02:00
Tesco,Pečivo,22792,Závin Tesco 400 g,zavin,39.9,47.5,Kč,"9,97 Kč / 100 g",99.7,,True,Clubcard,39.9,-16% Clubcard dnes končí,2026-10-06,https://www.kupi.cz/letak/tesco-supermarket-letak-415?page=3&map=215308449,https://img.kupi.cz/kupi/thumbs/zavin-tesco_170_340.jpg,2026-10-06T17:46:30+02:00
Tesco,Pečivo,14321,Croissant Family Pack 7 days 37 g,croissant_family_pack_days,29.9,55.37,Kč,"16,16 Kč / 100 g",808.11,,True,Clubcard,29.9,-46% Clubcard po 12. 10. – út 13. 10.,2026-10-12 - 2026-10-13,https://www.kupi.cz/letak/tesco-supermarket-letak-416?page=10&map=216253476,https://img.kupi.cz/kupi/thumbs/croissant-family-pack-7-days_170_340.jpg,2026-10-06T17:46:30+02:00
Tesco,Pečivo,14321,Croissant Family Pack 7 days 37 g,croissant_family_pack_days,34.9,55.4,Kč,"18,86 Kč / 100 g",943.24,,True,Clubcard,34.9,-37% Clubcard dnes končí,2026-10-06,https://www.kupi.cz/letak/tesco-supermarket-letak-415?page=3&map=215308455,https://img.kupi.cz/kupi/thumbs/croissant-family-pack-7-days_170_340.jpg,2026-10-06T17:46:30+02:00
Tesco,Pečivo,361348,Tortilla pšeničná TortilLOVE 720 g,tortilla_psenicna_tortillove,49.9,76.77,Kč,"6,93 Kč / 100 g",69.3,,True,Clubcard,49.9,-35% Clubcard st 7. 10. – út 3. 11.,2026-10-07 - 2026-11-03,https://www.kupi.cz/letak/tesco-hypermarket-letak-370?page=16&map=216580350,https://img.kupi.cz/kupi/thumbs/tortilla-psenicna-tortillove_170_340.jpg,2026-10-06T17:46:30+02:00
Tesco,Pečivo,316235,Chléb žitný kváskový Breadway 400 g,chleb_zitny_kvaskovy_breadway,29.9,38.83,Kč,"7,47 Kč / 100 g",74.7,,True,Clubcard,29.9,-23% Clubcard st 7. 10. – út 13. 10.,2026-10-07 - 2026-10-13,https://www.kupi.cz/letak/tesco-hypermarket-letak-370?page=18&map=216580428,https://img.kupi.cz/kupi/thumbs/chleb-zitny-kvaskovy-breadway-1_170_340.jpg,2026-10-06T17:46:30+02:00
Tesco,Pečivo,44476,Mini pizza 75 g,mini_pizza,13.9,19.86,Kč,"18,53 Kč / 100 g",185.3,,False,,,-30% dnes končí,2026-10-06,https://www.kupi.cz/letaky/tesco,https://img.kupi.cz/kupi/thumbs/mini-pizza-2_170_340.jpg,2026-10-06T17:46:30+02:00
Tesco,Pečivo,42247,Croissant mini 7 Days 185 g,croissant_mini_days,34.9,52.88,Kč,"18,86 Kč / 100 g",188.6,,True,Clubcard,34.9,-34% Clubcard st 7. 10. – út 3. 11.,2026-10-07 - 2026-11-03,https://www.kupi.cz/letak/tesco-hypermarket-letak-370?page=35&map=216577905,https://img.kupi.cz/kupi/thumbs/croissant-mini-7-days_170_340.png,2026-10-06T17:46:33+02:00
Tesco,Pečivo,158879,Karuzo 82 g,karuzo,14.9,19.87,Kč,"18,17 Kč / 100 g",181.7,,True,Clubcard,14.9,-25% Clubcard dnes končí,2026-10-06,https://www.kupi.cz/letaky/tesco,https://img.kupi.cz/kupi/thumbs/karuzo_170_340.jpg,2026-10-06T17:46:33+02:00
Tesco,Pečivo,406600,Dezert Brownies Mr. Brownie 200 g,dezert_brownies_mr_brownie,69.9,79.43,Kč,"34,95 Kč / 100 g",349.5,,True,Clubcard,69.9,-12% Clubcard dnes končí,2026-10-06,https://www.kupi.cz/letaky/tesco,https://img.kupi.cz/kupi/thumbs/dezert-brownies-mr-brownie_170_340.jpg,2026-10-06T17:46:33+02:00
Tesco,Pečivo,509868,Croissant Milka 50 g,croissant_milka,15.9,25.65,Kč,"31,80 Kč / 100 g",318.0,,True,Clubcard,15.9,-38% Clubcard st 7. 10. – út 3. 11.,2026-10-07 - 2026-11-03,https://www.kupi.cz/letak/tesco-supermarket-letak-416?page=3&map=216252954,https://img.kupi.cz/kupi/thumbs/croissant-milka_170_340.jpg,2026-10-06T17:46:33+02:00
Tesco,Pečivo,38635,Buchtičky české Tesco 360 g,buchticky_ceske,31.9,44.31,Kč,"8,86 Kč / 100 g",88.6,,True,Clubcard,31.9,-28% Clubcard st 7. 10. – út 13. 10.,2026-10-07 - 2026-10-13,https://www.kupi.cz/letak/tesco-hypermarket-letak-370?page=4&map=216578214,https://img.kupi.cz/kupi/thumbs/buchticky-ceske-tesco_170_340.png,2026-10-06T17:46:33+02:00
Tesco,Pečivo,237840,Dezert Mr. Brownie 200 g,dezert_mr_brownie,49.9,64.81,Kč,"24,95 Kč / 100 g",249.5,,True,Clubcard,49.9,-23% Clubcard st 7. 10. – út 13. 10.,2026-10-07 - 2026-10-13,https://www.kupi.cz/letak/tesco-hypermarket-letak-370?page=18&map=216580431,https://img.kupi.cz/kupi/thumbs/dezert-mr-brownie_170_340.jpg,2026-10-06T17:46:33+02:00
Tesco,Pečivo,2127,Chléb chalupářský Penam 375 g,chleb_chaluparsky_penam,24.9,31.52,Kč,"6,64 Kč / 100 g",66.4,,True,Clubcard,24.9,-21% Clubcard dnes končí,2026-10-06,https://www.kupi.cz/letak/tesco-supermarket-letak-415?page=3&map=215308458,https://img.kupi.cz/kupi/thumbs/chleb-chaluparsky-penam_170_340.png,2026-10-06T17:46:33+02:00
Tesco,Pečivo,303329,Muffiny mini Tesco 180 g,muffiny_mini,34.9,47.81,Kč,"19,39 Kč / 100 g",193.9,,True,Clubcard,34.9,-27% Clubcard st 7. 10. – út 3. 11.,2026-10-07 - 2026-11-03,https://www.kupi.cz/letak/tesco-supermarket-letak-416?page=3&map=216252951,https://img.kupi.cz/kupi/thumbs/muffiny-mini-tesco_170_340.png,2026-10-06T17:46:33+02:00
Tesco,Pečivo,443025,Chléb řemeslný bochník Odkolek 800 g,chleb_remeslny_bochnik_odkolek,34.9,39.66,Kč,"4,36 Kč / 100 g",43.6,,True,Clubcard,34.9,-12% Clubcard st 7. 10. – út 13. 10.,2026-10-07 - 2026-10-13,https://www.kupi.cz/letak/tesco-hypermarket-letak-370?page=4&map=216578220,https://img.kupi.cz/kupi/thumbs/chleb-remeslny-bochnik-odkolek-1_170_340.jpg,2026-10-06T17:46:33+02:00
Tesco,Pečivo,397630,Chléb rustikální Tesco Finest 490 g,chleb_rustikalni_finest,39.9,49.87,Kč,"8,14 Kč / 100 g",81.4,,False,,,-20% dnes končí,2026-10-06,https://www.kupi.cz/letak/tesco-supermarket-letak-415?page=3&map=215308446,https://img.kupi.cz/kupi/thumbs/chleb-rustikalni-tesco-finest_170_340.jpg,2026-10-06T17:46:33+02:00
Tesco,Pečivo,309863,Šnek se slanou náplní 88 g,snek_se_slanou_naplni,14.9,17.74,Kč,"16,93 Kč / 100 g",169.3,,False,,,-16% dnes končí,2026-10-06,https://www.kupi.cz/letak/tesco-hypermarket-letak-369?page=4&map=215327088,https://img.kupi.cz/kupi/thumbs/snek-se-slanou-naplni-1_170_340.jpg,2026-10-06T17:46:33+02:00
Tesco,Pečivo,569214,Vícezrnný chléb Tesco Finest 420 g,vicezrnny_chleb_finest,29.9,39.87,Kč,"7,12 Kč / 100 g",71.2,,False,,,-25% dnes končí,2026-10-06,https://www.kupi.cz/letaky/tesco,https://www.kupi.cz/img/no_img/no_discounts.png,2026-10-06T17:46:33+02:00
Tesco,Pečivo,584403,Muffiny Mildred Pastelería 240 g,muffiny_mildred_pasteleria,49.9,59.4,Kč,"20,79 Kč / 100 g",207.9,,True,Clubcard,49.9,-16% Clubcard dnes končí,2026-10-06,https://www.kupi.cz/letaky/tesco,https://www.kupi.cz/img/no_img/no_discounts.png,2026-10-06T17:46:33+02:00
Tesco,Pečivo,515826,Muffin Mrs.Muffin 200 g,muffin_mrs_muffin,49.9,59.4,Kč,"24,95 Kč / 100 g",249.5,,True,Clubcard,49.9,-16% Clubcard dnes končí,2026-10-06,https://www.kupi.cz/letaky/tesco,https://www.kupi.cz/img/no_img/no_discounts.png,2026-10-06T17:46:33+02:00
Tesco,Pečivo,543483,Crostatina Sedita 40 g,crostatina_sedita,7.9,9.88,Kč,"19,75 Kč / 100 g",197.5,,True,Clubcard,7.9,-20% Clubcard dnes končí,2026-10-06,https://www.kupi.cz/letak/tesco-supermarket-letak-415?page=5&map=215308530,https://img.kupi.cz/kupi/thumbs/crostatina-sedita_170_340.jpg,2026-10-06T17:46:33+02:00
Tesco,Pečivo,410359,Bageta špaldová Tesco Finest 80 g,bageta_spaldova_finest,9.9,13.75,Kč,"12,38 Kč / 100 g",123.8,,False,,,-28% dnes končí,2026-10-06,https://www.kupi.cz/letak/tesco-hypermarket-letak-369?page=6&map=215327217,https://img.kupi.cz/kupi/thumbs/bageta-spaldova-tesco-finest_170_340.png,2026-10-06T17:46:33+02:00
Tesco,Pečivo,558876,Kobliha s náplní Dooti Minis 42 g,kobliha_s_naplni_dooti_minis,11.9,14.88,Kč,"28,33 Kč / 100 g",283.3,,False,,,-20% st 7. 10. – út 13. 10.,2026-10-07 - 2026-10-13,https://www.kupi.cz/letak/tesco-hypermarket-letak-370?page=4&map=216578256,https://www.kupi.cz/img/no_img/no_discounts.png,2026-10-06T17:46:33+02:00
Tesco,Pečivo,587745,Bageta rustikální Tesco finest 260 g,bageta_rustikalni_finest,22.9,29.74,Kč,"8,81 Kč / 100 g",88.1,,False,,,-23% st 7. 10. – út 13. 10.,2026-10-07 - 2026-10-13,https://www.kupi.cz/letak/tesco-hypermarket-letak-370?page=4&map=216578262,https://www.kupi.cz/img/no_img/no_discounts.png,2026-10-06T17:46:33+02:00
Tesco,Pečivo,587634,Pšeničnožitná kostka 70 g,psenicnozitna_kostka,9.9,13.75,Kč,"14,14 Kč / 100 g",141.4,,False,,,-28% st 7. 10. – út 13. 10.,2026-10-07 - 2026-10-13,https://www.kupi.cz/letak/tesco-hypermarket-letak-370?page=4&map=216578391,https://www.kupi.cz/img/no_img/no_discounts.png,2026-10-06T17:46:33+02:00
Tesco,Pečivo,587793,Chléb tmavý s čedarem 350 g,chleb_tmavy_s_cedarem,39.9,49.87,Kč,"11,40 Kč / 100 g",114.0,,True,Clubcard,39.9,-20% Clubcard st 7. 10. – út 3. 11.,2026-10-07 - 2026-11-03,https://www.kupi.cz/letak/tesco-hypermarket-letak-370?page=18&map=216580425,https://www.kupi.cz/img/no_img/no_discounts.png,2026-10-06T17:46:33+02:00
Tesco,Pečivo,587799,Focaccia Polo 240 g,focaccia_polo,44.9,59.87,Kč,"18,71 Kč / 100 g",187.1,,True,Clubcard,44.9,-25% Clubcard st 7. 10. – út 13. 10.,2026-10-07 - 2026-10-13,https://www.kupi.cz/letak/tesco-hypermarket-letak-370?page=18&map=216580434,https://www.kupi.cz/img/no_img/no_discounts.png,2026-10-06T17:46:33+02:00
Tesco,Pečivo,587817,Cruffin Tesco Finest 65 g,cruffin_finest,34.9,49.86,Kč,"53,69 Kč / 100 g",536.9,,False,,,-30% st 7. 10. – út 13. 10.,2026-10-07 - 2026-10-13,https://www.kupi.cz/letak/tesco-hypermarket-letak-370?page=21&map=216580674,https://www.kupi.cz/img/no_img/no_discounts.png,2026-10-06T17:46:33+02:00
Tesco,Mléčné výrobky a vejce,17290,"Mléko trvanlivé Tesco - 1,5% polotučné 1 l",mleko_trvanlive_polotucne,9.9,21.52,Kč,"9,90 Kč / 1 l",,,False,,,-54% st 7. 10. – út 13. 10.,2026-10-07 - 2026-10-13,https://www.kupi.cz/letak/tesco-supermarket-letak-416?map=216252771,https://img.kupi.cz/kupi/thumbs/mleko-trvanlive-tesco-15-polotucne_170_340.png,2026-10-06T17:46:37+02:00
Tesco,Mléčné výrobky a vejce,834,Jogurt Jogobella Zott,jogurt_jogobella_zott,9.9,14.78,Kč,"6,60 Kč / 100 g",66.0,,False,,,-33% st 7. 10. – út 20. 10.,2026-10-07 - 2026-10-20,https://www.kupi.cz/letak/tesco-supermarket-letak-416?map=216252780,https://img.kupi.cz/kupi/thumbs/jogurt-jogobella-zott_170_340.png,2026-10-06T17:46:37+02:00
Tesco,Mléčné výrobky a vejce,23761,Máslo Tesco 250 g,maslo,24.9,34.58,Kč,"9,96 Kč / 100 g",99.6,,False,,,-28% pá 9. 10. – ne 11. 10.,2026-10-09 - 2026-10-11,https://www.kupi.cz/letak/tesco-supermarket-letak-416?map=216252726,https://img.kupi.cz/kupi/thumbs/maslo-tesco_170_340.png,2026-10-06T17:46:37+02:00
Tesco,Mléčné výrobky a vejce,642,Sýr Hermelín Král sýrů 120 g,syr_hermelin_kral_syru,29.9,56.42,Kč,"24,92 Kč / 100 g",249.2,,False,,,-47% dnes končí,2026-10-06,https://www.kupi.cz/letak/tesco-supermarket-letak-415?map=215308353,https://img.kupi.cz/kupi/thumbs/syr-hermelin-kral-syru_170_340.png,2026-10-06T17:46:37+02:00
Tesco,Mléčné výrobky a vejce,247,Margarín Flora 400 g,margarin_flora,49.9,79.21,Kč,"12,47 Kč / 100 g",124.7,,True,Clubcard,49.9,-37% Clubcard dnes končí,2026-10-06,https://www.kupi.cz/letaky/tesco,https://img.kupi.cz/kupi/thumbs/margarin-flora_170_340.png,2026-10-06T17:46:37+02:00
Tesco,Mléčné výrobky a vejce,641,Smetana ke šlehání Mlékárna Kunín 31% 200 g,smetana_ke_slehani_mlekarna_kunin,19.9,37.55,Kč,"9,95 Kč / 100 g",99.5,,False,,,-47% st 7. 10. – út 13. 10.,2026-10-07 - 2026-10-13,https://www.kupi.cz/letak/tesco-supermarket-letak-416?page=2&map=216252867,https://img.kupi.cz/kupi/thumbs/smetana-ke-slehani-kunin-31_170_340.jpg,2026-10-06T17:46:37+02:00
Tesco,Mléčné výrobky a vejce,1159,Sýr Hermelín Sedlčanský 100 g,syr_hermelin_sedlcansky,29.9,44.63,Kč,"29,90 Kč / 100 g",299.0,,True,Clubcard,29.9,-33% Clubcard st 7. 10. – út 3. 11.,2026-10-07 - 2026-11-03,https://www.kupi.cz/letak/tesco-supermarket-letak-416?page=12&map=216253686,https://img.kupi.cz/kupi/thumbs/syr-hermelin-sedlcansky_170_340.png,2026-10-06T17:46:37+02:00
Tesco,Mléčné výrobky a vejce,46961,Bílý jogurt řecký 0% Milko 1000 g,bily_jogurt_recky_milko,69.9,118.47,Kč,"6,99 Kč / 100 g",69.9,,True,Clubcard,69.9,-41% Clubcard st 7. 10. – út 13. 10.,2026-10-07 - 2026-10-13,https://www.kupi.cz/letak/tesco-supermarket-letak-416?page=5&map=216253176,https://img.kupi.cz/kupi/thumbs/jogurt-recky-neochuceny-milko_170_340.jpg,2026-10-06T17:46:37+02:00
Tesco,Mléčné výrobky a vejce,886,Sýr Mozzarella Galbani 125 g,syr_mozzarella_galbani,25.9,41.77,Kč,"20,72 Kč / 100 g",207.2,,True,Clubcard,25.9,-38% Clubcard dnes končí,2026-10-06,https://www.kupi.cz/letaky/tesco,https://img.kupi.cz/kupi/thumbs/syr-mozzarella-galbani_170_340.jpg,2026-10-06T17:46:37+02:00
Tesco,Mléčné výrobky a vejce,577,Sýr Romadur Madeta 100 g,syr_romadur_madeta,24.9,29.64,Kč,"24,90 Kč / 100 g",249.0,,True,Clubcard,24.9,-16% Clubcard dnes končí,2026-10-06,https://www.kupi.cz/letaky/tesco,https://img.kupi.cz/kupi/thumbs/syr-romadur-madeta-1_170_340.jpg,2026-10-06T17:46:37+02:00
Tesco,Mléčné výrobky a vejce,197,Lučina 180 g,lucina,44.9,64.14,Kč,"24,94 Kč / 100 g",249.4,,True,Clubcard,44.9,-30% Clubcard dnes končí,2026-10-06,https://www.kupi.cz/letaky/tesco,https://img.kupi.cz/kupi/thumbs/lucina-4_170_340.jpg,2026-10-06T17:46:37+02:00
Tesco,Mléčné výrobky a vejce,1182,Dezert Pribináček 125 g,dezert_pribinacek,59.82,89.28,Kč,"15,95 Kč / 100 g",478.56,,True,Clubcard,59.82,-33% Clubcard st 7. 10. – út 20. 10.,2026-10-07 - 2026-10-20,https://www.kupi.cz/letak/tesco-hypermarket-letak-370?page=17&map=216580410,https://img.kupi.cz/kupi/thumbs/dezert-pribinacek-1_170_340.jpg,2026-10-06T17:46:37+02:00
Tesco,Mléčné výrobky a vejce,2777,Dezert Lipánek Madeta,dezert_lipanek_madeta,34.9,49.86,Kč,"9,18 Kč / 100 g",91.8,,True,Clubcard,34.9,-30% Clubcard st 7. 10. – út 20. 10.,2026-10-07 - 2026-10-20,https://www.kupi.cz/letak/tesco-supermarket-letak-416?page=5&map=216253155,https://img.kupi.cz/kupi/thumbs/dezert-lipanek-madeta-2_170_340.jpg,2026-10-06T17:46:37+02:00
Tesco,Mléčné výrobky a vejce,2777,Dezert Lipánek Madeta,dezert_lipanek_madeta,9.9,14.78,Kč,"12,38 Kč / 100 g",123.8,,True,Clubcard,9.9,-33% Clubcard dnes končí,2026-10-06,https://www.kupi.cz/letaky/tesco,https://img.kupi.cz/kupi/thumbs/dezert-lipanek-madeta-2_170_340.jpg,2026-10-06T17:46:37+02:00
Tesco,Mléčné výrobky a vejce,2777,Dezert Lipánek Madeta,dezert_lipanek_madeta,16.9,23.8,Kč,"13,00 Kč / 100 g",130.0,,False,,,-29% dnes končí,2026-10-06,https://www.kupi.cz/letak/tesco-supermarket-letak-415?page=2&map=215308404,https://img.kupi.cz/kupi/thumbs/dezert-lipanek-madeta-2_170_340.jpg,2026-10-06T17:46:37+02:00
Tesco,Mléčné výrobky a vejce,17558,Vejce M Tesco 10 ks,vejce_m,29.9,59.8,Kč,"2,99 Kč / 1 ks",,2.99,False,,,-50% dnes končí,2026-10-06,https://www.kupi.cz/letak/tesco-supermarket-letak-415?map=215308356,https://img.kupi.cz/kupi/thumbs/vejce-m-tesco_170_340.png,2026-10-06T17:46:37+02:00
Tesco,Mléčné výrobky a vejce,1805,Tradiční pomazánkové Choceňské 150 g,tradicni_pomazankove_chocenske,27.9,43.59,Kč,"18,60 Kč / 100 g",186.0,,True,Clubcard,27.9,-36% Clubcard st 7. 10. – út 3. 11.,2026-10-07 - 2026-11-03,https://www.kupi.cz/letak/tesco-supermarket-letak-416?page=7&map=216253248,https://img.kupi.cz/kupi/thumbs/tradicni-pomazankove-chocenske_170_340.png,2026-10-06T17:46:37+02:00
Tesco,Mléčné výrobky a vejce,1805,Tradiční pomazánkové Choceňské 150 g,tradicni_pomazankove_chocenske,27.9,43.59,Kč,"18,60 Kč / 100 g",186.0,,False,,,-36% dnes končí,2026-10-06,https://www.kupi.cz/letak/tesco-supermarket-letak-415?page=2&map=215308386,https://img.kupi.cz/kupi/thumbs/tradicni-pomazankove-chocenske_170_340.png,2026-10-06T17:46:37+02:00
Tesco,Mléčné výrobky a vejce,243,Nápoj mléčný Müllermilch Müller 400 g,napoj_mlecny_mullermilch_muller,16.9,31.89,Kč,"4,22 Kč / 100 g",42.2,,False,,,-47% po 12. 10. – út 13. 10.,2026-10-12 - 2026-10-13,https://www.kupi.cz/letak/tesco-supermarket-letak-416?page=10&map=216253470,https://img.kupi.cz/kupi/thumbs/napoj-mlecny-mullermilch-muller_170_340.jpg,2026-10-06T17:46:37+02:00
Tesco,Mléčné výrobky a vejce,1093,Sýr original Gervais,syr_original_gervais,36.9,53.48,Kč,"24,60 Kč / 100 g",246.0,,True,Clubcard,36.9,-31% Clubcard st 7. 10. – út 3. 11.,2026-10-07 - 2026-11-03,https://www.kupi.cz/letak/tesco-supermarket-letak-416?page=12&map=216253614,https://img.kupi.cz/kupi/thumbs/syr-original-gervais_170_340.png,2026-10-06T17:46:37+02:00
Tesco,Mléčné výrobky a vejce,1093,Sýr original Gervais,syr_original_gervais,19.9,29.7,Kč,"24,88 Kč / 100 g",248.8,,True,Clubcard,19.9,-33% Clubcard dnes končí,2026-10-06,https://www.kupi.cz/letaky/tesco,https://img.kupi.cz/kupi/thumbs/syr-original-gervais_170_340.png,2026-10-06T17:46:37+02:00
Tesco,Mléčné výrobky a vejce,1211,Sýr tavený Smetanito Želetava,syr_taveny_smetanito_zeletava,29.9,51.55,Kč,"19,93 Kč / 100 g",199.3,,True,Clubcard,29.9,-42% Clubcard st 7. 10. – út 13. 10.,2026-10-07 - 2026-10-13,https://www.kupi.cz/letak/tesco-supermarket-letak-416?page=4&map=216253023,https://img.kupi.cz/kupi/thumbs/syr-taveny-smetanito-zeletava_170_340.png,2026-10-06T17:46:37+02:00
Tesco,Mléčné výrobky a vejce,1211,Sýr tavený Smetanito Želetava,syr_taveny_smetanito_zeletava,44.9,69.08,Kč,"22,45 Kč / 100 g",224.5,,True,Clubcard,44.9,-35% Clubcard dnes končí,2026-10-06,https://www.kupi.cz/letaky/tesco,https://img.kupi.cz/kupi/thumbs/syr-taveny-smetanito-zeletava_170_340.png,2026-10-06T17:46:37+02:00
Tesco,Mléčné výrobky a vejce,1211,Sýr tavený Smetanito Želetava,syr_taveny_smetanito_zeletava,34.9,51.32,Kč,"23,27 Kč / 100 g",232.7,,True,Clubcard,34.9,-32% Clubcard st 7. 10. – út 20. 10.,2026-10-07 - 2026-10-20,https://www.kupi.cz/letak/tesco-supermarket-letak-416?page=4&map=216253005,https://img.kupi.cz/kupi/thumbs/syr-taveny-smetanito-zeletava_170_340.png,2026-10-06T17:46:37+02:00
Tesco,Mléčné výrobky a vejce,1566,Sýr Eidam 45% 100 g,syr_eidam,14.9,19.87,Kč,"14,90 Kč / 100 g",149.0,,True,Clubcard,14.9,-25% Clubcard dnes končí,2026-10-06,https://www.kupi.cz/letaky/tesco,https://img.kupi.cz/kupi/thumbs/syr-eidam-45_170_340.jpg,2026-10-06T17:46:37+02:00
Tesco,Mléčné výrobky a vejce,14286,Sýr Eidam Jihočeský 30% Madeta,syr_eidam_jihocesky_madeta,44.9,69.08,Kč,"17,96 Kč / 100 g",179.6,,True,Clubcard,44.9,-35% Clubcard dnes končí,2026-10-06,https://www.kupi.cz/letaky/tesco,https://img.kupi.cz/kupi/thumbs/syr-eidam-jihocesky-30-madeta-1_170_340.png,2026-10-06T17:46:38+02:00
Tesco,Mléčné výrobky a vejce,14286,Sýr Eidam Jihočeský 30% Madeta,syr_eidam_jihocesky_madeta,19.9,,Kč,"19,90 Kč / 100 g",199.0,,False,,,st 7. 10. – út 13. 10.,2026-10-07 - 2026-10-13,https://www.kupi.cz/letak/tesco-supermarket-letak-416?page=2&map=216252888,https://img.kupi.cz/kupi/thumbs/syr-eidam-jihocesky-30-madeta-1_170_340.png,2026-10-06T17:46:38+02:00
Tesco,Mléčné výrobky a vejce,25,Termix Mlékárna Kunín 90 g,termix_mlekarna_kunin,9.9,15.71,Kč,"11,00 Kč / 100 g",110.0,,True,Clubcard,9.9,-37% Clubcard st 7. 10. – út 3. 11.,2026-10-07 - 2026-11-03,https://www.kupi.cz/letak/tesco-supermarket-letak-416?page=7&map=216253239,https://img.kupi.cz/kupi/thumbs/termix-mlekarna-kunin-2_170_340.jpg,2026-10-06T17:46:38+02:00
Tesco,Mléčné výrobky a vejce,25,Termix Mlékárna Kunín 90 g,termix_mlekarna_kunin,9.9,15.71,Kč,"11,00 Kč / 100 g",110.0,,True,Clubcard,9.9,-37% Clubcard dnes končí,2026-10-06,https://www.kupi.cz/letaky/tesco,https://img.kupi.cz/kupi/thumbs/termix-mlekarna-kunin-2_170_340.jpg,2026-10-06T17:46:38+02:00
Tesco,Mléčné výrobky a vejce,1181,Sýr tavený Apetito 140 g,syr_taveny_apetito,34.9,49.86,Kč,"24,93 Kč / 100 g",249.3,,True,Clubcard,34.9,-30% Clubcard st 7. 10. – út 3. 11.,2026-10-07 - 2026-11-03,https://www.kupi.cz/letak/tesco-supermarket-letak-416?page=12&map=216253623,https://img.kupi.cz/kupi/thumbs/syr-taveny-apetito_170_340.png,2026-10-06T17:46:38+02:00
Tesco,Mléčné výrobky a vejce,216,Bílý jogurt Activia Danone 120 g,bily_jogurt_activia_danone,10.9,19.82,Kč,"9,08 Kč / 100 g",90.8,,True,Clubcard,10.9,-45% Clubcard st 14. 10. – út 27. 10.,2026-10-14 - 2026-10-27,https://www.kupi.cz/letak/tesco-hypermarket-znacky-ktere-mate-radi-2?page=8&map=215326902,https://img.kupi.cz/kupi/thumbs/bily-jogurt-activia-danone_170_340.png,2026-10-06T17:46:38+02:00
Tesco,Mléčné výrobky a vejce,216,Bílý jogurt Activia Danone 120 g,bily_jogurt_activia_danone,44.9,71.27,Kč,"9,35 Kč / 100 g",374.17,,True,Clubcard,44.9,-37% Clubcard st 7. 10. – út 3. 11.,2026-10-07 - 2026-11-03,https://www.kupi.cz/letak/tesco-supermarket-letak-416?page=12&map=216253692,https://img.kupi.cz/kupi/thumbs/bily-jogurt-activia-danone_170_340.png,2026-10-06T17:46:38+02:00
Tesco,Mléčné výrobky a vejce,235,Sýr tavený Veselá kráva 120 g,syr_taveny_vesela_krava,29.9,49.83,Kč,"24,92 Kč / 100 g",249.2,,True,Clubcard,29.9,-40% Clubcard dnes končí,2026-10-06,https://www.kupi.cz/letaky/tesco,https://img.kupi.cz/kupi/thumbs/syr-taveny-vesela-krava-1_170_340.png,2026-10-06T17:46:38+02:00
Tesco,Mléčné výrobky a vejce,415,Actimel Danone 100 g,actimel_danone,89.9,138.31,Kč,"7,49 Kč / 100 g",899.0,,True,Clubcard,89.9,-35% Clubcard st 7. 10. – út 3. 11.,2026-10-07 - 2026-11-03,https://www.kupi.cz/letak/tesco-hypermarket-letak-370?page=7&map=216579249,https://img.kupi.cz/kupi/thumbs/actimel-danone-1_170_340.jpg,2026-10-06T17:46:38+02:00
Tesco,Mléčné výrobky a vejce,415,Actimel Danone 100 g,actimel_danone,79.9,128.87,Kč,"9,99 Kč / 100 g",799.0,,True,Clubcard,79.9,-38% Clubcard st 7. 10. – út 3. 11.,2026-10-07 - 2026-11-03,https://www.kupi.cz/letak/tesco-supermarket-letak-416?page=5&map=216253188,https://img.kupi.cz/kupi/thumbs/actimel-danone-1_170_340.jpg,2026-10-06T17:46:38+02:00
Tesco,Mléčné výrobky a vejce,415,Actimel Danone 100 g,actimel_danone,49.9,83.17,Kč,"12,47 Kč / 100 g",499.0,,True,Clubcard,49.9,-40% Clubcard st 7. 10. – út 3. 11.,2026-10-07 - 2026-11-03,https://www.kupi.cz/letak/tesco-supermarket-letak-416?page=12&map=216253743,https://img.kupi.cz/kupi/thumbs/actimel-danone-1_170_340.jpg,2026-10-06T17:46:38+02:00
Tesco,Mléčné výrobky a vejce,47989,Tvaroh polotučný Jihočeský Madeta 250 g,tvaroh_polotucny_jihocesky_madeta,18.9,29.53,Kč,"7,56 Kč / 100 g",75.6,,True,Clubcard,18.9,-36% Clubcard dnes končí,2026-10-06,https://www.kupi.cz/letak/tesco-hypermarket-letak-369?page=6&map=215327235,https://img.kupi.cz/kupi/thumbs/tvaroh-polotucny-jihocesky-madeta-1_170_340.png,2026-10-06T17:46:38+02:00
Tesco,Mléčné výrobky a vejce,3553,Bílý jogurt Klasik Olma 150 g,bily_jogurt_klasik_olma,8.9,10.85,Kč,"5,93 Kč / 100 g",59.3,,True,Clubcard,8.9,-18% Clubcard st 7. 10. – út 13. 10.,2026-10-07 - 2026-10-13,https://www.kupi.cz/letak/tesco-supermarket-letak-416?page=12&map=216253737,https://img.kupi.cz/kupi/thumbs/bily-jogurt-klasik-olma-1_170_340.png,2026-10-06T17:46:38+02:00
Tesco,Mléčné výrobky a vejce,1382,Sýr Madeland Madeta 100 g,syr_madeland_madeta,29.9,42.71,Kč,"29,90 Kč / 100 g",299.0,,True,Clubcard,29.9,-30% Clubcard dnes končí,2026-10-06,https://www.kupi.cz/letaky/tesco,https://img.kupi.cz/kupi/thumbs/syr-madeland-madeta_170_340.png,2026-10-06T17:46:38+02:00
Tesco,Mléčné výrobky a vejce,1807,Jogurt Müller Mix 130 g,jogurt_muller_mix,12.9,22.63,Kč,"9,92 Kč / 100 g",99.2,,True,Clubcard,12.9,-43% Clubcard po 12. 10. – út 13. 10.,2026-10-12 - 2026-10-13,https://www.kupi.cz/letak/tesco-supermarket-letak-416?page=10&map=216253464,https://img.kupi.cz/kupi/thumbs/jogurt-mueller-mix_170_340.jpg,2026-10-06T17:46:38+02:00
Tesco,Mléčné výrobky a vejce,1590,Sýr Cottage Meggle 380 g,syr_cottage_meggle,49.9,59.4,Kč,"13,13 Kč / 100 g",131.3,,True,Clubcard,49.9,-16% Clubcard st 7. 10. – út 3. 11.,2026-10-07 - 2026-11-03,https://www.kupi.cz/letak/tesco-supermarket-letak-416?page=5&map=216253164,https://img.kupi.cz/kupi/thumbs/syr-cottage-meggle_170_340.png,2026-10-06T17:46:38+02:00
Tesco,Mléčné výrobky a vejce,1666,Dezert Monte Zott,dezert_monte_zott,44.9,56.84,Kč,"11,22 Kč / 100 g",112.2,,True,Clubcard,44.9,-21% Clubcard st 7. 10. – út 3. 11.,2026-10-07 - 2026-11-03,https://www.kupi.cz/letak/tesco-supermarket-letak-416?page=5&map=216253158,https://img.kupi.cz/kupi/thumbs/dezert-monte-zott_170_340.png,2026-10-06T17:46:38+02:00
Tesco,Mléčné výrobky a vejce,1666,Dezert Monte Zott,dezert_monte_zott,19.9,27.64,Kč,"13,27 Kč / 100 g",132.7,,True,Clubcard,19.9,-28% Clubcard dnes končí,2026-10-06,https://www.kupi.cz/letaky/tesco,https://img.kupi.cz/kupi/thumbs/dezert-monte-zott_170_340.png,2026-10-06T17:46:38+02:00
Tesco,Mléčné výrobky a vejce,18328,Margarín Gold Flora 400 g,margarin_gold_flora,49.9,79.21,Kč,"12,47 Kč / 100 g",124.7,,True,Clubcard,49.9,-37% Clubcard dnes končí,2026-10-06,https://www.kupi.cz/letaky/tesco,https://img.kupi.cz/kupi/thumbs/margarin-gold-flora_170_340.jpg,2026-10-06T17:46:38+02:00
Tesco,Mléčné výrobky a vejce,1515,Tvaroh polotučný z Poděbrad Milko 1000 g,tvaroh_polotucny_z_podebrad_milko,89.9,104.53,Kč,"8,99 Kč / 100 g",89.9,,True,Clubcard,89.9,-14% Clubcard st 7. 10. – út 3. 11.,2026-10-07 - 2026-11-03,https://www.kupi.cz/letak/tesco-supermarket-letak-416?page=5&map=216253173,https://img.kupi.cz/kupi/thumbs/tvaroh-polotucny-z-podebrad-milko_170_340.jpg,2026-10-06T17:46:38+02:00
Tesco,Mléčné výrobky a vejce,19096,Zakysaná smetana krémovitá Mlékárna Kunín 15% 190 g,zakysana_smetana_kremovita_mlekarna_kunin,17.9,28.87,Kč,"9,42 Kč / 100 g",94.2,,True,Clubcard,17.9,-38% Clubcard dnes končí,2026-10-06,https://www.kupi.cz/letak/tesco-supermarket-letak-415?page=10&map=215324802,https://img.kupi.cz/kupi/thumbs/smetana-zakysana-kremovita-kunin-15_170_340.png,2026-10-06T17:46:38+02:00
Tesco,Mléčné výrobky a vejce,922,Mléčná rýže Mlékárna Kunín,mlecna_ryze_mlekarna_kunin,13.9,25.74,Kč,"7,94 Kč / 100 g",79.4,,True,Clubcard,13.9,-46% Clubcard dnes končí,2026-10-06,https://www.kupi.cz/letak/tesco-supermarket-letak-415?page=5&map=215308524,https://img.kupi.cz/kupi/thumbs/mlecna-ryze-mlekarna-kunin_170_340.jpg,2026-10-06T17:46:38+02:00
Tesco,Mléčné výrobky a vejce,922,Mléčná rýže Mlékárna Kunín,mlecna_ryze_mlekarna_kunin,34.9,56.29,Kč,"8,72 Kč / 100 g",87.2,,True,Clubcard,34.9,-38% Clubcard st 7. 10. – út 3. 11.,2026-10-07 - 2026-11-03,https://www.kupi.cz/letak/tesco-hypermarket-letak-370?page=7&map=216579252,https://img.kupi.cz/kupi/thumbs/mlecna-ryze-mlekarna-kunin_170_340.jpg,2026-10-06T17:46:38+02:00
Tesco,Mléčné výrobky a vejce,4036,Sýr Camembert Président 90 g,syr_camembert_president,26.9,29.89,Kč,"29,89 Kč / 100 g",298.9,,True,Clubcard,26.9,-10% Clubcard st 7. 10. – út 13. 10.,2026-10-07 - 2026-10-13,https://www.kupi.cz/letak/tesco-supermarket-letak-416?page=12&map=216253683,https://img.kupi.cz/kupi/thumbs/syr-camembert-president-1_170_340.jpg,2026-10-06T17:46:38+02:00
Tesco,Mléčné výrobky a vejce,4036,Sýr Camembert Président 90 g,syr_camembert_president,26.9,29.89,Kč,"29,89 Kč / 100 g",298.9,,True,Clubcard,26.9,-10% Clubcard dnes končí,2026-10-06,https://www.kupi.cz/letaky/tesco,https://img.kupi.cz/kupi/thumbs/syr-camembert-president-1_170_340.jpg,2026-10-06T17:46:38+02:00
Tesco,Mléčné výrobky a vejce,280783,Jogurt smetanový Florian Olma 150 g,jogurt_smetanovy_florian_olma,9.9,17.68,Kč,"6,60 Kč / 100 g",66.0,,True,Clubcard,9.9,-44% Clubcard dnes končí,2026-10-06,https://www.kupi.cz/letak/tesco-supermarket-letak-415?page=11&map=215324823,https://img.kupi.cz/kupi/thumbs/jogurt-smetanovy-florian-olma-1_170_340.png,2026-10-06T17:46:42+02:00
Tesco,Mléčné výrobky a vejce,1009,Dezert Bobík 130 g,dezert_bobik,17.9,28.87,Kč,"13,77 Kč / 100 g",137.7,,True,Clubcard,17.9,-38% Clubcard st 7. 10. – út 3. 11.,2026-10-07 - 2026-11-03,https://www.kupi.cz/letak/tesco-supermarket-letak-416?page=7&map=216253245,https://img.kupi.cz/kupi/thumbs/dezert-bobik-1_170_340.jpg,2026-10-06T17:46:42+02:00
Tesco,Mléčné výrobky a vejce,116,Sýr Balsýr Mlékárna Žirovnice 200 g,syr_balsyr_mlekarna_zirovnice,36.9,61.5,Kč,"18,45 Kč / 100 g",184.5,,True,Clubcard,36.9,-40% Clubcard dnes končí,2026-10-06,https://www.kupi.cz/letaky/tesco,https://img.kupi.cz/kupi/thumbs/syr-balsyr-mlekarna-zirovnice_170_340.png,2026-10-06T17:46:42+02:00
Tesco,Mléčné výrobky a vejce,920,Jogurtový nápoj Activia Danone 280 g,jogurtovy_napoj_activia_danone,21.9,29.59,Kč,"7,82 Kč / 100 g",78.2,,True,Clubcard,21.9,-26% Clubcard st 14. 10. – út 27. 10.,2026-10-14 - 2026-10-27,https://www.kupi.cz/letak/tesco-hypermarket-znacky-ktere-mate-radi-2?page=8&map=215326905,https://img.kupi.cz/kupi/thumbs/jogurtovy-napoj-activia-danone_170_340.png,2026-10-06T17:46:42+02:00
Tesco,Mléčné výrobky a vejce,421,Dezert Kostíci Danone 109 g,dezert_kostici_danone,12.9,22.63,Kč,"11,83 Kč / 100 g",118.3,,False,,,-43% dnes končí,2026-10-06,https://www.kupi.cz/letak/tesco-supermarket-letak-415?page=4&map=215308467,https://img.kupi.cz/kupi/thumbs/dezert-kostici-danone_170_340.jpg,2026-10-06T17:46:42+02:00
Tesco,Mléčné výrobky a vejce,421,Dezert Kostíci Danone 109 g,dezert_kostici_danone,14.9,22.58,Kč,"13,67 Kč / 100 g",136.7,,True,Clubcard,14.9,-34% Clubcard dnes končí,2026-10-06,https://www.kupi.cz/letak/tesco-supermarket-letak-415?page=4&map=215308470,https://img.kupi.cz/kupi/thumbs/dezert-kostici-danone_170_340.jpg,2026-10-06T17:46:42+02:00
Tesco,Mléčné výrobky a vejce,117668,Dezert zakysaný bílý Skyr Bohušovická mlékárna 130 g,dezert_zakysany_bily_skyr_bohusovicka_mlekarna,14.9,21.59,Kč,"11,46 Kč / 100 g",114.6,,True,Clubcard,14.9,-31% Clubcard platí do úterý 13. 10.,2026-10-06 - 2026-10-13,https://www.kupi.cz/letak/tesco-hypermarket-znacky-ktere-mate-radi-2?page=7&map=215326875,https://img.kupi.cz/kupi/thumbs/bily-jogurt-skyr-bohusovicka-mlekarna_170_340.jpg,2026-10-06T17:46:42+02:00
Tesco,Mléčné výrobky a vejce,1514,Dezert tvaroh s jogurtem jihočeský Madeta 225 g,dezert_tvaroh_s_jogurtem_jihocesky_madeta,17.9,39.78,Kč,"7,96 Kč / 100 g",79.6,,True,Clubcard,17.9,-55% Clubcard st 7. 10. – út 3. 11.,2026-10-07 - 2026-11-03,https://www.kupi.cz/letak/tesco-hypermarket-letak-370?page=12&map=216580206,https://img.kupi.cz/kupi/thumbs/dezert-tvaroh-s-jogurtem-jihocesky-madeta-2_170_340.jpg,2026-10-06T17:46:42+02:00
Tesco,Mléčné výrobky a vejce,39917,Sýr Parenica Liptov 105 g,syr_parenica_liptov,39.9,56.2,Kč,"38,00 Kč / 100 g",380.0,,True,Clubcard,39.9,-29% Clubcard dnes končí,2026-10-06,https://www.kupi.cz/letaky/tesco,https://img.kupi.cz/kupi/thumbs/syr-parenica-liptov-1_170_340.jpg,2026-10-06T17:46:42+02:00
Tesco,Mléčné výrobky a vejce,887,Sýr tavený Kiri 100 g,syr_taveny_kiri,34.9,44.74,Kč,"34,90 Kč / 100 g",349.0,,True,Clubcard,34.9,-22% Clubcard dnes končí,2026-10-06,https://www.kupi.cz/letaky/tesco,https://img.kupi.cz/kupi/thumbs/taveny-syr-kiri_170_340.jpg,2026-10-06T17:46:42+02:00
Tesco,Mléčné výrobky a vejce,146612,Bílý jogurt smetanový Zorba 330 g,bily_jogurt_smetanovy_zorba,26.9,34.49,Kč,"8,15 Kč / 100 g",81.5,,True,Clubcard,26.9,-22% Clubcard dnes končí,2026-10-06,https://www.kupi.cz/letaky/tesco,https://img.kupi.cz/kupi/thumbs/bily-jogurt-smetanovy-zorba_170_340.jpg,2026-10-06T17:46:42+02:00
Tesco,Mléčné výrobky a vejce,38052,Sýr Blaťácké zlato Madeta 120 g,syr_blatacke_zlato_madeta,31.9,41.43,Kč,"26,58 Kč / 100 g",265.8,,True,Clubcard,31.9,-23% Clubcard st 7. 10. – út 20. 10.,2026-10-07 - 2026-10-20,https://www.kupi.cz/letak/tesco-supermarket-letak-416?page=12&map=216253689,https://img.kupi.cz/kupi/thumbs/syr-blatacke-zlato-madeta_170_340.jpg,2026-10-06T17:46:42+02:00
Tesco,Mléčné výrobky a vejce,2705,Balkánský sýr Madeta 115 g,balkansky_syr_madeta,29.9,36.46,Kč,"26,00 Kč / 100 g",260.0,,True,Clubcard,29.9,-18% Clubcard st 7. 10. – út 20. 10.,2026-10-07 - 2026-10-20,https://www.kupi.cz/letak/tesco-hypermarket-letak-370?page=19&map=216580530,https://img.kupi.cz/kupi/thumbs/balkansky-syr-madeta_170_340.jpg,2026-10-06T17:46:42+02:00
Tesco,Mléčné výrobky a vejce,749,Lučina Nadýchaná 140 g,lucina_nadychana,39.9,54.66,Kč,"28,50 Kč / 100 g",285.0,,True,Clubcard,39.9,-27% Clubcard st 7. 10. – út 3. 11.,2026-10-07 - 2026-11-03,https://www.kupi.cz/letak/tesco-supermarket-letak-416?page=12&map=216253620,https://img.kupi.cz/kupi/thumbs/lucina-nadychana-1_170_340.jpg,2026-10-06T17:46:42+02:00
Tesco,Mléčné výrobky a vejce,7066,Sýr Leerdammer 100 g,syr_leerdammer,29.9,51.55,Kč,"29,90 Kč / 100 g",299.0,,True,Clubcard,29.9,-42% Clubcard dnes končí,2026-10-06,https://www.kupi.cz/letak/tesco-supermarket-letak-415?page=10&map=215324811,https://img.kupi.cz/kupi/thumbs/syr-leerdammer-1_170_340.jpg,2026-10-06T17:46:42+02:00
Tesco,Mléčné výrobky a vejce,7066,Sýr Leerdammer 100 g,syr_leerdammer,29.9,51.55,Kč,"29,90 Kč / 100 g",299.0,,True,Clubcard,29.9,-42% Clubcard dnes končí,2026-10-06,https://www.kupi.cz/letak/tesco-hypermarket-letak-369?page=14&map=215337570,https://img.kupi.cz/kupi/thumbs/syr-leerdammer-1_170_340.jpg,2026-10-06T17:46:42+02:00
Tesco,Mléčné výrobky a vejce,40152,Jogurt ochucený Activia Danone 120 g,jogurt_ochuceny_activia_danone,44.9,71.27,Kč,"9,35 Kč / 100 g",374.17,,True,Clubcard,44.9,-37% Clubcard st 7. 10. – út 3. 11.,2026-10-07 - 2026-11-03,https://www.kupi.cz/letak/tesco-supermarket-letak-416?page=12&map=216253698,https://img.kupi.cz/kupi/thumbs/jogurt-ochuceny-activia-danone_170_340.jpg,2026-10-06T17:46:42+02:00
Tesco,Mléčné výrobky a vejce,1579,Sýr Mini Babybel Veselá kráva 20 g,syr_mini_babybel_vesela_krava,58.9,69.29,Kč,"58,90 Kč / 100 g",2945.0,,True,Clubcard,58.9,-15% Clubcard st 7. 10. – út 20. 10.,2026-10-07 - 2026-10-20,https://www.kupi.cz/letak/tesco-hypermarket-letak-370?page=19&map=216580527,https://img.kupi.cz/kupi/thumbs/syr-mini-babybel-vesela-krava_170_340.jpg,2026-10-06T17:46:42+02:00
Tesco,Mléčné výrobky a vejce,347266,Svěží žervé Creamy Lučina 80 g,svezi_zerve_creamy_lucina,22.9,31.81,Kč,"28,62 Kč / 100 g",286.2,,True,Clubcard,22.9,-28% Clubcard st 7. 10. – út 3. 11.,2026-10-07 - 2026-11-03,https://www.kupi.cz/letak/tesco-supermarket-letak-416?page=12&map=216253617,https://img.kupi.cz/kupi/thumbs/svezi-zerve-lucina_170_340.png,2026-10-06T17:46:42+02:00
Tesco,Mléčné výrobky a vejce,119564,Dezert zakysaný ochucený Skyr Bohušovická mlékárna 130 g,dezert_zakysany_ochuceny_skyr_bohusovicka_mlekarna,14.9,21.59,Kč,"11,46 Kč / 100 g",114.6,,True,Clubcard,14.9,-31% Clubcard platí do úterý 13. 10.,2026-10-06 - 2026-10-13,https://www.kupi.cz/letak/tesco-supermarket-letak-415?page=11&map=215324829,https://img.kupi.cz/kupi/thumbs/jogurt-ochuceny-skyr-bohusovicka-mlekarna_170_340.jpg,2026-10-06T17:46:42+02:00
Tesco,Mléčné výrobky a vejce,644,Sýr Mozzarella Italat 100 g,syr_mozzarella_italat,16.9,39.3,Kč,"16,90 Kč / 100 g",169.0,,True,Clubcard,16.9,-57% Clubcard st 7. 10. – út 13. 10.,2026-10-07 - 2026-10-13,https://www.kupi.cz/letak/tesco-supermarket-letak-416?page=12&map=216253629,https://img.kupi.cz/kupi/thumbs/syr-mozzarella-italat-1_170_340.jpg,2026-10-06T17:46:45+02:00
Tesco,Mléčné výrobky a vejce,36259,Kefírové mléko neochucené Mlékárna Valašské Meziříčí 950 g,kefirove_mleko_neochucene_mlekarna_valasske_mezirici,34.9,41.55,Kč,"3,67 Kč / 100 g",36.7,,True,Clubcard,34.9,-16% Clubcard st 7. 10. – út 3. 11.,2026-10-07 - 2026-11-03,https://www.kupi.cz/letak/tesco-hypermarket-letak-370?page=4&map=216578532,https://img.kupi.cz/kupi/thumbs/kefirove-mleko-neochucene-mlekarna-valasske-mezirici_170_340.jpg,2026-10-06T17:46:45+02:00
Tesco,Mléčné výrobky a vejce,9228,Dezert Grand Dessert Ehrmann 190 g,dezert_grand_dessert_ehrmann,19.9,35.54,Kč,"10,47 Kč / 100 g",104.7,,True,Clubcard,19.9,-44% Clubcard platí do úterý 13. 10.,2026-10-06 - 2026-10-13,https://www.kupi.cz/letak/tesco-supermarket-letak-415?page=11&map=215324832,https://img.kupi.cz/kupi/thumbs/dezert-grand-dessert-ehrmann-1_170_340.png,2026-10-06T17:46:45+02:00
Tesco,Mléčné výrobky a vejce,2034,Sýr tavený smetanový Madetka 100 g,syr_taveny_smetanovy_madetka,23.9,29.87,Kč,"23,90 Kč / 100 g",239.0,,True,Clubcard,23.9,-20% Clubcard dnes končí,2026-10-06,https://www.kupi.cz/letak/tesco-hypermarket-letak-369?page=4&map=215327145,https://img.kupi.cz/kupi/thumbs/syr-taveny-smetanovy-madetka_170_340.jpg,2026-10-06T17:46:45+02:00
Tesco,Mléčné výrobky a vejce,1011,Mléčný Pohár Mlékárna Kunín 150 g,mlecny_pohar_mlekarna_kunin,11.9,19.83,Kč,"7,93 Kč / 100 g",79.3,,True,Clubcard,11.9,-40% Clubcard dnes končí,2026-10-06,https://www.kupi.cz/letak/tesco-supermarket-letak-415?page=11&map=215324826,https://img.kupi.cz/kupi/thumbs/mlecny-pohar-mlekarna-kunin_170_340.png,2026-10-06T17:46:45+02:00
Tesco,Mléčné výrobky a vejce,30858,Dezert mléčný Monte Snack Zott,dezert_mlecny_monte_snack_zott,19.9,27.64,Kč,"13,27 Kč / 100 g",132.7,,True,Clubcard,19.9,-28% Clubcard dnes končí,2026-10-06,https://www.kupi.cz/letaky/tesco,https://img.kupi.cz/kupi/thumbs/dezert-mlecny-monte-snack-zott_170_340.jpg,2026-10-06T17:46:45+02:00
Tesco,Mléčné výrobky a vejce,30858,Dezert mléčný Monte Snack Zott,dezert_mlecny_monte_snack_zott,10.9,15.8,Kč,"37,59 Kč / 100 g",375.9,,True,Clubcard,10.9,-31% Clubcard dnes končí,2026-10-06,https://www.kupi.cz/letaky/tesco,https://img.kupi.cz/kupi/thumbs/dezert-mlecny-monte-snack-zott_170_340.jpg,2026-10-06T17:46:45+02:00
Tesco,Mléčné výrobky a vejce,2617,Dezert zakysaný Krajanka 130 g,dezert_zakysany_krajanka,12.9,21.86,Kč,"9,92 Kč / 100 g",99.2,,True,Clubcard,12.9,-41% Clubcard st 7. 10. – út 13. 10.,2026-10-07 - 2026-10-13,https://www.kupi.cz/letak/tesco-hypermarket-letak-370?page=19&map=216580560,https://img.kupi.cz/kupi/thumbs/dezert-zakysany-krajanka-1_170_340.jpg,2026-10-06T17:46:45+02:00
Tesco,Mléčné výrobky a vejce,22,Sýr a křup Veselá kráva 35 g,syr_a_krup_vesela_krava,16.9,19.88,Kč,"48,29 Kč / 100 g",482.9,,True,Clubcard,16.9,-15% Clubcard dnes končí,2026-10-06,https://www.kupi.cz/letaky/tesco,https://img.kupi.cz/kupi/thumbs/syr-a-krup-vesela-krava-1_170_340.jpg,2026-10-06T17:46:45+02:00
Tesco,Mléčné výrobky a vejce,8393,Margarín ProActiv Flora 400 g,margarin_proactiv_flora,124.9,249.8,Kč,"15,61 Kč / 100 g",312.25,,True,Clubcard,124.9,-50% Clubcard dnes končí,2026-10-06,https://www.kupi.cz/letak/tesco-hypermarket-letak-369?page=32&map=215339622,https://img.kupi.cz/kupi/thumbs/margarin-pro-activ-flora_170_340.png,2026-10-06T17:46:45+02:00
Tesco,Mléčné výrobky a vejce,8393,Margarín ProActiv Flora 400 g,margarin_proactiv_flora,124.9,,Kč,"31,23 Kč / 100 g",312.3,,False,,,dnes končí,2026-10-06,https://www.kupi.cz/letak/tesco-supermarket-letak-415?page=12&map=215324913,https://img.kupi.cz/kupi/thumbs/margarin-pro-activ-flora_170_340.png,2026-10-06T17:46:45+02:00
Tesco,Mléčné výrobky a vejce,30111,Sýr Gouda 48% Zlatý sýr Milkpol 500 g,syr_gouda_zlaty_syr_milkpol,89.9,109.63,Kč,"17,98 Kč / 100 g",179.8,,True,Clubcard,89.9,-18% Clubcard dnes končí,2026-10-06,https://www.kupi.cz/letaky/tesco,https://img.kupi.cz/kupi/thumbs/syr-gouda-48-zlaty-syr-milkpol-1_170_340.jpg,2026-10-06T17:46:45+02:00
Tesco,Mléčné výrobky a vejce,12722,Pomazánka Bystřická 200 g,pomazanka_bystricka,24.9,28.62,Kč,"12,45 Kč / 100 g",124.5,,True,Clubcard,24.9,-13% Clubcard st 7. 10. – út 3. 11.,2026-10-07 - 2026-11-03,https://www.kupi.cz/letak/tesco-supermarket-letak-416?page=12&map=216253608,https://img.kupi.cz/kupi/thumbs/pomazanka-bystricka_170_340.jpg,2026-10-06T17:46:45+02:00
Tesco,Mléčné výrobky a vejce,1055,Sýr Maasdamer 45% 100 g,syr_maasdamer,14.9,27.59,Kč,"14,90 Kč / 100 g",149.0,,False,,,-46% dnes končí,2026-10-06,https://www.kupi.cz/letak/tesco-hypermarket-letak-369?page=2&map=215326917,https://img.kupi.cz/kupi/thumbs/syr-maasdamer-45_170_340.png,2026-10-06T17:46:45+02:00
Tesco,Mléčné výrobky a vejce,1055,Sýr Maasdamer 45% 100 g,syr_maasdamer,16.9,27.7,Kč,"16,90 Kč / 100 g",169.0,,True,Clubcard,16.9,-39% Clubcard st 7. 10. – út 20. 10.,2026-10-07 - 2026-10-20,https://www.kupi.cz/letak/tesco-hypermarket-letak-370?page=4&map=216578403,https://img.kupi.cz/kupi/thumbs/syr-maasdamer-45_170_340.png,2026-10-06T17:46:45+02:00
Tesco,Mléčné výrobky a vejce,324437,Tvaroh polotučný Olomoucký Olma 250 g,tvaroh_polotucny_olomoucky_olma,23.9,28.8,Kč,"9,56 Kč / 100 g",95.6,,True,Clubcard,23.9,-17% Clubcard st 7. 10. – út 13. 10.,2026-10-07 - 2026-10-13,https://www.kupi.cz/letak/tesco-hypermarket-letak-370?page=19&map=216580545,https://img.kupi.cz/kupi/thumbs/tvaroh-polotucny-olomoucky-olma_170_340.png,2026-10-06T17:46:45+02:00
Tesco,Mléčné výrobky a vejce,240507,Tvaroh polotučný bez laktózy Jihočeský Madeta 250 g,tvaroh_polotucny_bez_laktozy_jihocesky_madeta,28.9,39.59,Kč,"11,56 Kč / 100 g",115.6,,True,Clubcard,28.9,-27% Clubcard dnes končí,2026-10-06,https://www.kupi.cz/letak/tesco-supermarket-letak-415?page=11&map=215324814,https://img.kupi.cz/kupi/thumbs/tvaroh-polotucny-bez-laktozy-jihocesky-madeta_170_340.png,2026-10-06T17:46:45+02:00
Tesco,Mléčné výrobky a vejce,2113,Sýr Horácký 30% Bohemilk Opočno 100 g,syr_horacky_bohemilk_opocno,24.9,42.2,Kč,"24,90 Kč / 100 g",249.0,,True,Clubcard,24.9,-41% Clubcard dnes končí,2026-10-06,https://www.kupi.cz/letak/tesco-hypermarket-letak-369?page=4&map=215327136,https://img.kupi.cz/kupi/thumbs/syr-horacky-30-bohemilk-opocno_170_340.jpg,2026-10-06T17:46:45+02:00
Tesco,Mléčné výrobky a vejce,153149,Dezert Lipánek bez laktózy Madeta 130 g,dezert_lipanek_bez_laktozy_madeta,21.9,25.76,Kč,"16,85 Kč / 100 g",168.5,,True,Clubcard,21.9,-15% Clubcard dnes končí,2026-10-06,https://www.kupi.cz/letaky/tesco,https://img.kupi.cz/kupi/thumbs/dezert-lipanek-bez-laktozy-madeta-1_170_340.jpg,2026-10-06T17:46:45+02:00
Tesco,Mléčné výrobky a vejce,79866,Kefírové mléko ochucené Mlékárna Kunín 300 g,kefirove_mleko_ochucene_mlekarna_kunin,19.9,24.87,Kč,"6,63 Kč / 100 g",66.3,,True,Clubcard,19.9,-20% Clubcard dnes končí,2026-10-06,https://www.kupi.cz/letaky/tesco,https://img.kupi.cz/kupi/thumbs/kefirove-mleko-ochucene-kunin-1_170_340.jpg,2026-10-06T17:46:45+02:00
Tesco,Mléčné výrobky a vejce,28874,Acidofilní mléko ochucené Mlékárna Kunín 300 g,acidofilni_mleko_ochucene_mlekarna_kunin,19.9,24.87,Kč,"6,63 Kč / 100 g",66.3,,True,Clubcard,19.9,-20% Clubcard dnes končí,2026-10-06,https://www.kupi.cz/letaky/tesco,https://img.kupi.cz/kupi/thumbs/acidofilni-mleko-ochucene-kunin-1_170_340.jpg,2026-10-06T17:46:45+02:00
Tesco,Mléčné výrobky a vejce,50449,Sýr Eidam Jihočeský Madeta 100 g,syr_eidam_jihocesky_madeta,19.9,,Kč,"19,90 Kč / 100 g",199.0,,False,,,st 7. 10. – út 13. 10.,2026-10-07 - 2026-10-13,https://www.kupi.cz/letak/tesco-hypermarket-letak-370?page=2&map=216577563,https://img.kupi.cz/kupi/thumbs/syr-eidam-jihocesky-madeta-1_170_340.jpg,2026-10-06T17:46:46+02:00
Tesco,Mléčné výrobky a vejce,59000,Žervé z Poděbrad Milko 80 g,zerve_z_podebrad_milko,12.9,24.81,Kč,"16,12 Kč / 100 g",161.2,,True,Clubcard,12.9,-48% Clubcard platí do úterý 27. 10.,2026-10-06 - 2026-10-27,https://www.kupi.cz/letak/tesco-hypermarket-znacky-ktere-mate-radi-2?page=6&map=215326866,https://img.kupi.cz/kupi/thumbs/zerve-z-podebrad-milko_170_340.png,2026-10-06T17:46:46+02:00
Tesco,Mléčné výrobky a vejce,5115,Nápoj mléko ochucené Lipánek Madeta 0.25 l,napoj_mleko_ochucene_lipanek_madeta,9.9,19.8,Kč,"39,60 Kč / 1 l",,,True,Clubcard,9.9,-50% Clubcard st 7. 10. – út 13. 10.,2026-10-07 - 2026-10-13,https://www.kupi.cz/letak/tesco-supermarket-letak-416?page=12&map=216253740,https://img.kupi.cz/kupi/thumbs/napoj-mleko-ochucene-lipanek-madeta-1_170_340.jpg,2026-10-06T17:46:46+02:00
Tesco,Mléčné výrobky a vejce,136311,Mléčný nápoj High protein Shot Ehrmann 250 ml,mlecny_napoj_high_protein_shot_ehrmann,36.9,51.25,Kč,"14,76 Kč / 100 ml",,,True,Clubcard,36.9,-28% Clubcard dnes končí,2026-10-06,https://www.kupi.cz/letaky/tesco,https://img.kupi.cz/kupi/thumbs/mlecny-napoj-high-protein-ehrmann_170_340.jpg,2026-10-06T17:46:46+02:00
Tesco,Mléčné výrobky a vejce,1264,Sýr Niva Tesco 100 g,syr_niva,19.9,31.59,Kč,"19,90 Kč / 100 g",199.0,,True,Clubcard,19.9,-37% Clubcard dnes končí,2026-10-06,https://www.kupi.cz/letak/tesco-hypermarket-letak-369?page=4&map=215327139,https://img.kupi.cz/kupi/thumbs/syr-niva-tesco_170_340.png,2026-10-06T17:46:46+02:00
Tesco,Mléčné výrobky a vejce,10193,Sýr a křup Kiri 35 g,syr_a_krup_kiri,16.9,19.88,Kč,"48,29 Kč / 100 g",482.9,,True,Clubcard,16.9,-15% Clubcard dnes končí,2026-10-06,https://www.kupi.cz/letaky/tesco,https://img.kupi.cz/kupi/thumbs/kiri-krup_170_340.jpg,2026-10-06T17:46:46+02:00
Tesco,Mléčné výrobky a vejce,231597,Dezert zakysaný Skyr High protein Ehrmann 450 g,dezert_zakysany_skyr_high_protein_ehrmann,46.9,59.37,Kč,"10,42 Kč / 100 g",104.2,,True,Clubcard,46.9,-21% Clubcard st 7. 10. – út 3. 11.,2026-10-07 - 2026-11-03,https://www.kupi.cz/letak/tesco-hypermarket-letak-370?page=19&map=216580551,https://img.kupi.cz/kupi/thumbs/dezert-zakysany-skyr-high-protein-ehrmann_170_340.jpg,2026-10-06T17:46:46+02:00
Tesco,Mléčné výrobky a vejce,104624,Sýr Cheddar Zlatý sýr 100 g,syr_cheddar_zlaty_syr,32.9,51.41,Kč,"32,90 Kč / 100 g",329.0,,True,Clubcard,32.9,-36% Clubcard dnes končí,2026-10-06,https://www.kupi.cz/letak/tesco-supermarket-letak-415?page=12&map=215324871,https://img.kupi.cz/kupi/thumbs/syr-cheddar-zlaty-syr_170_340.png,2026-10-06T17:46:46+02:00
Tesco,Mléčné výrobky a vejce,3314,Smetánky do kávy Kapucín 10 g,smetanky_do_kavy_kapucin,13.9,19.86,Kč,"13,90 Kč / 100 g",1390.0,,True,Clubcard,13.9,-30% Clubcard st 7. 10. – út 13. 10.,2026-10-07 - 2026-10-13,https://www.kupi.cz/letak/tesco-supermarket-letak-416?page=12&map=216253746,https://img.kupi.cz/kupi/thumbs/smetanky-do-kavy-kapucin_170_340.jpg,2026-10-06T17:46:46+02:00
Tesco,Mléčné výrobky a vejce,104241,Choceňská kyška Choceňská mlékárna 330 g,chocenska_kyska_chocenska_mlekarna,16.9,24.85,Kč,"5,12 Kč / 100 g",51.2,,True,Clubcard,16.9,-32% Clubcard dnes končí,2026-10-06,https://www.kupi.cz/letak/tesco-hypermarket-letak-369?page=17&map=215338242,https://img.kupi.cz/kupi/thumbs/chocenska-kyska-chocenska-mlekarna-1_170_340.jpg,2026-10-06T17:46:46+02:00
Tesco,Mléčné výrobky a vejce,40133,Sýr Parenica Tesco,syr_parenica,27.9,31.7,Kč,"24,91 Kč / 100 g",249.1,,True,Clubcard,27.9,-12% Clubcard dnes končí,2026-10-06,https://www.kupi.cz/letak/tesco-supermarket-letak-415?page=12&map=215324880,https://img.kupi.cz/kupi/thumbs/syr-parenica-uzena-tesco-1_170_340.jpg,2026-10-06T17:46:46+02:00
Tesco,Mléčné výrobky a vejce,40133,Sýr Parenica Tesco,syr_parenica,27.9,31.7,Kč,"25,36 Kč / 100 g",253.6,,True,Clubcard,27.9,-12% Clubcard st 7. 10. – út 13. 10.,2026-10-07 - 2026-10-13,https://www.kupi.cz/letak/tesco-supermarket-letak-416?page=12&map=216253680,https://img.kupi.cz/kupi/thumbs/syr-parenica-uzena-tesco-1_170_340.jpg,2026-10-06T17:46:46+02:00
Tesco,Mléčné výrobky a vejce,305063,Žervé Jihočeské Madeta 150 g,zerve_jihoceske_madeta,26.9,39.56,Kč,"17,93 Kč / 100 g",179.3,,True,Clubcard,26.9,-32% Clubcard st 7. 10. – út 3. 11.,2026-10-07 - 2026-11-03,https://www.kupi.cz/letak/tesco-hypermarket-letak-370?page=7&map=216579255,https://img.kupi.cz/kupi/thumbs/zerve-jihoceske-madeta_170_340.jpg,2026-10-06T17:46:46+02:00
Tesco,Mléčné výrobky a vejce,6401,Sýr Caractére Leerdammer 125 g,syr_caractere_leerdammer,49.9,64.81,Kč,"39,92 Kč / 100 g",399.2,,True,Clubcard,49.9,-23% Clubcard platí do úterý 27. 10.,2026-10-06 - 2026-10-27,https://www.kupi.cz/letak/tesco-hypermarket-znacky-ktere-mate-radi-2?page=5&map=215326863,https://img.kupi.cz/kupi/thumbs/syr-caractere-leerdammer_170_340.jpg,2026-10-06T17:46:46+02:00
Tesco,Mléčné výrobky a vejce,397690,Mléčný nápoj High protein Drink Ehrmann 250 ml,mlecny_napoj_high_protein_drink_ehrmann,36.9,49.86,Kč,"14,76 Kč / 100 ml",,,True,Clubcard,36.9,-26% Clubcard dnes končí,2026-10-06,https://www.kupi.cz/letaky/tesco,https://img.kupi.cz/kupi/thumbs/mlecny-napoj-high-protein-drink-ehrmann_170_340.png,2026-10-06T17:46:46+02:00
Tesco,Mléčné výrobky a vejce,238164,Bílý jogurt řeckého typu Athentikos Mlékárna Kunín 140 g,bily_jogurt_reckeho_typu_athentikos_mlekarna_kunin,15.9,21.78,Kč,"11,36 Kč / 100 g",113.6,,True,Clubcard,15.9,-27% Clubcard platí do úterý 13. 10.,2026-10-06 - 2026-10-13,https://www.kupi.cz/letak/tesco-hypermarket-letak-369?page=17&map=215338263,https://img.kupi.cz/kupi/thumbs/bily-jogurt-reckeho-typu-athentikos-kunin_170_340.jpg,2026-10-06T17:46:46+02:00
Tesco,Mléčné výrobky a vejce,46904,Sýr tavený plátky Toasty Zott 150 g,syr_taveny_platky_toasty_zott,29.9,44.63,Kč,"19,93 Kč / 100 g",199.3,,True,Clubcard,29.9,-33% Clubcard st 7. 10. – út 3. 11.,2026-10-07 - 2026-11-03,https://www.kupi.cz/letak/tesco-supermarket-letak-416?page=12&map=216253626,https://img.kupi.cz/kupi/thumbs/syr-taveny-platky-toasty-zott_170_340.png,2026-10-06T17:46:46+02:00
Tesco,Mléčné výrobky a vejce,51965,Sýr Grana Padano strouhaný Tesco 100 g,syr_grana_padano_strouhany,51.9,,Kč,"51,90 Kč / 100 g",519.0,,False,,,dnes končí,2026-10-06,https://www.kupi.cz/letak/tesco-hypermarket-letak-369?page=19&map=215338416,https://img.kupi.cz/kupi/thumbs/syr-grana-padano-strouhany-tesco_170_340.png,2026-10-06T17:46:46+02:00
Tesco,Mléčné výrobky a vejce,182128,Choco snack Milka 27 g,choco_snack_milka,16.9,24.85,Kč,"62,59 Kč / 100 g",625.9,,True,Clubcard,16.9,-32% Clubcard st 7. 10. – út 13. 10.,2026-10-07 - 2026-10-13,https://www.kupi.cz/letak/tesco-hypermarket-letak-370?page=4&map=216578589,https://img.kupi.cz/kupi/thumbs/choco-snack-milka_170_340.jpg,2026-10-06T17:46:46+02:00
Tesco,Mléčné výrobky a vejce,381949,Přepuštěné máslo Alfa 200 g,prepustene_maslo_alfa,59.9,99.83,Kč,"29,95 Kč / 100 g",299.5,,True,Clubcard,59.9,-40% Clubcard st 7. 10. – út 3. 11.,2026-10-07 - 2026-11-03,https://www.kupi.cz/letak/tesco-supermarket-letak-416?page=12&map=216253605,https://img.kupi.cz/kupi/thumbs/prepustene-maslo-alfa_170_340.jpg,2026-10-06T17:46:48+02:00
Tesco,Mléčné výrobky a vejce,471639,Balkánský sýr Salakis Président 250 g,balkansky_syr_salakis_president,49.9,76.77,Kč,"19,96 Kč / 100 g",199.6,,True,Clubcard,49.9,-35% Clubcard dnes končí,2026-10-06,https://www.kupi.cz/letak/tesco-hypermarket-letak-369?page=17&map=215338227,https://img.kupi.cz/kupi/thumbs/balkansky-syr-salakis-president-1_170_340.jpg,2026-10-06T17:46:48+02:00
Tesco,Mléčné výrobky a vejce,44181,Sýr Liptov 90 g,syr_liptov,34.9,43.62,Kč,"38,78 Kč / 100 g",387.8,,True,Clubcard,34.9,-20% Clubcard dnes končí,2026-10-06,https://www.kupi.cz/letaky/tesco,https://img.kupi.cz/kupi/thumbs/syr-liptov_170_340.jpg,2026-10-06T17:46:48+02:00
Tesco,Mléčné výrobky a vejce,37143,Sýr Mozzarella di Bufala Tesco Finest 125 g,syr_mozzarella_di_bufala_finest,49.9,64.81,Kč,"39,92 Kč / 100 g",399.2,,True,Clubcard,49.9,-23% Clubcard st 7. 10. – út 13. 10.,2026-10-07 - 2026-10-13,https://www.kupi.cz/letak/tesco-hypermarket-letak-370?page=21&map=216580689,https://img.kupi.cz/kupi/thumbs/syr-mozzarella-di-bufala-tesco-finest_170_340.jpg,2026-10-06T17:46:48+02:00
Tesco,Mléčné výrobky a vejce,357991,Smetana ke šlehání 30% Primo Zott 200 g,smetana_ke_slehani_primo_zott,29.9,36.46,Kč,"14,95 Kč / 100 g",149.5,,True,Clubcard,29.9,-18% Clubcard dnes končí,2026-10-06,https://www.kupi.cz/letak/tesco-hypermarket-letak-369?page=17&map=215338236,https://img.kupi.cz/kupi/thumbs/smetana-ke-slehani-30-primo-zott_170_340.png,2026-10-06T17:46:48+02:00
Tesco,Mléčné výrobky a vejce,485013,Jogurt Bedřich smetanový ochucený Milko 150 g,jogurt_bedrich_smetanovy_ochuceny_milko,16.5,33.0,Kč,"5,50 Kč / 100 g",110.0,,True,Clubcard,16.5,-50% Clubcard st 7. 10. – út 13. 10.,2026-10-07 - 2026-10-13,https://www.kupi.cz/letak/tesco-hypermarket-letak-370?page=17&map=216580413,https://img.kupi.cz/kupi/thumbs/jogurt-bedrich-smetanovy-ochuceny-milko_170_340.png,2026-10-06T17:46:48+02:00
Tesco,Mléčné výrobky a vejce,368015,Bílý jogurt řeckého typu Zvolenský 125 g,bily_jogurt_reckeho_typu_zvolensky,14.9,20.69,Kč,"11,92 Kč / 100 g",119.2,,True,Clubcard,14.9,-28% Clubcard st 7. 10. – út 20. 10.,2026-10-07 - 2026-10-20,https://www.kupi.cz/letak/tesco-hypermarket-letak-370?page=4&map=216578478,https://img.kupi.cz/kupi/thumbs/bily-jogurt-reckeho-typu-zvolensky_170_340.jpg,2026-10-06T17:46:48+02:00
Tesco,Mléčné výrobky a vejce,446805,Sýr Mascarpone Buona 500 g,syr_mascarpone_buona,99.9,149.1,Kč,"19,98 Kč / 100 g",199.8,,True,Clubcard,99.9,-33% Clubcard st 7. 10. – út 3. 11.,2026-10-07 - 2026-11-03,https://www.kupi.cz/letak/tesco-hypermarket-letak-370?page=16&map=216580359,https://img.kupi.cz/kupi/thumbs/syr-mascarpone-buona-1_170_340.jpg,2026-10-06T17:46:48+02:00
Tesco,Mléčné výrobky a vejce,531156,Pudink High Protein Ehrmann 200 g,pudink_high_protein_ehrmann,32.9,56.72,Kč,"16,45 Kč / 100 g",164.5,,True,Clubcard,32.9,-42% Clubcard dnes končí,2026-10-06,https://www.kupi.cz/letaky/tesco,https://img.kupi.cz/kupi/thumbs/pudink-high-protein-ehrmann_170_340.jpg,2026-10-06T17:46:48+02:00
Tesco,Mléčné výrobky a vejce,336604,Jogurtový proteinový nápoj Yopro 300 g,jogurtovy_proteinovy_napoj_yopro,29.9,49.83,Kč,"9,97 Kč / 100 g",99.7,,True,Clubcard,29.9,-40% Clubcard dnes končí,2026-10-06,https://www.kupi.cz/letaky/tesco,https://img.kupi.cz/kupi/thumbs/jogurtovy-proteinovy-napoj-yopro_170_340.jpg,2026-10-06T17:46:48+02:00
Tesco,Mléčné výrobky a vejce,355237,Hravé korbáčiky Liptov 33 g,hrave_korbaciky_liptov,19.9,24.87,Kč,"60,30 Kč / 100 g",603.0,,True,Clubcard,19.9,-20% Clubcard dnes končí,2026-10-06,https://www.kupi.cz/letaky/tesco,https://img.kupi.cz/kupi/thumbs/hrave-korbaciky-liptov-1_170_340.jpg,2026-10-06T17:46:48+02:00
Tesco,Mléčné výrobky a vejce,520101,Sýr zrající High Protein Madeta 100 g,syr_zrajici_high_protein_madeta,26.9,36.85,Kč,"26,90 Kč / 100 g",269.0,,True,Clubcard,26.9,-27% Clubcard dnes končí,2026-10-06,https://www.kupi.cz/letaky/tesco,https://img.kupi.cz/kupi/thumbs/syr-zrajici-high-protein-madeta_170_340.jpg,2026-10-06T17:46:48+02:00
Tesco,Mléčné výrobky a vejce,77526,Sýr Delacréme Leerdammer 125 g,syr_delacreme_leerdammer,49.9,64.81,Kč,"39,92 Kč / 100 g",399.2,,True,Clubcard,49.9,-23% Clubcard platí do úterý 27. 10.,2026-10-06 - 2026-10-27,https://www.kupi.cz/letak/tesco-hypermarket-znacky-ktere-mate-radi-2?page=5&map=215326860,https://img.kupi.cz/kupi/thumbs/syr-delacreme-leerdammer_170_340.jpg,2026-10-06T17:46:48+02:00
Tesco,Mléčné výrobky a vejce,516342,Sýr Madeland High Protein Madeta 100 g,syr_madeland_high_protein_madeta,29.9,44.63,Kč,"29,90 Kč / 100 g",299.0,,True,Clubcard,29.9,-33% Clubcard dnes končí,2026-10-06,https://www.kupi.cz/letaky/tesco,https://img.kupi.cz/kupi/thumbs/syr-madeland-protein-madeta_170_340.jpg,2026-10-06T17:46:48+02:00
Tesco,Mléčné výrobky a vejce,540747,Jogurt Opočenský ochucený bez laktózy Boopi Bohemilk 150 g,jogurt_opocensky_ochuceny_bez_laktozy_boopi_bohemilk,19.9,27.64,Kč,"13,27 Kč / 100 g",132.7,,True,Clubcard,19.9,-28% Clubcard dnes končí,2026-10-06,https://www.kupi.cz/letaky/tesco,https://img.kupi.cz/kupi/thumbs/jogurt-opocensky-ochuceny-bez-laktozy-boopi-bohemilk_170_340.jpg,2026-10-06T17:46:48+02:00
Tesco,Mléčné výrobky a vejce,565647,Termix protein Mlékárna Kunín 120 g,termix_protein_mlekarna_kunin,13.9,20.75,Kč,"11,58 Kč / 100 g",115.8,,True,Clubcard,13.9,-33% Clubcard st 7. 10. – út 13. 10.,2026-10-07 - 2026-10-13,https://www.kupi.cz/letak/tesco-hypermarket-letak-370?page=19&map=216580557,https://img.kupi.cz/kupi/thumbs/termix-protein-mlekarna-kunin_170_340.jpg,2026-10-06T17:46:48+02:00
Tesco,Mléčné výrobky a vejce,565647,Termix protein Mlékárna Kunín 120 g,termix_protein_mlekarna_kunin,13.9,20.75,Kč,"11,58 Kč / 100 g",115.8,,True,Clubcard,13.9,-33% Clubcard dnes končí,2026-10-06,https://www.kupi.cz/letaky/tesco,https://img.kupi.cz/kupi/thumbs/termix-protein-mlekarna-kunin_170_340.jpg,2026-10-06T17:46:48+02:00
Tesco,Mléčné výrobky a vejce,566994,Kefír ochucený Activia 280 g,kefir_ochuceny_activia,21.9,31.74,Kč,"7,82 Kč / 100 g",78.2,,True,Clubcard,21.9,-31% Clubcard st 14. 10. – út 27. 10.,2026-10-14 - 2026-10-27,https://www.kupi.cz/letak/tesco-hypermarket-znacky-ktere-mate-radi-2?page=8&map=215326899,https://img.kupi.cz/kupi/thumbs/kefir-ochuceny-activia_170_340.png,2026-10-06T17:46:48+02:00
Tesco,Mléčné výrobky a vejce,490395,Nápoj mléko čokoládové Milka 0.25 l,napoj_mleko_cokoladove_milka,32.9,42.73,Kč,"131,60 Kč / 1 l",,,True,Clubcard,32.9,-23% Clubcard dnes končí,2026-10-06,https://www.kupi.cz/letak/tesco-hypermarket-letak-369?page=17&map=215338278,https://img.kupi.cz/kupi/thumbs/napoj-mleko-cokoladove-milka_170_340.jpg,2026-10-06T17:46:48+02:00
Tesco,Mléčné výrobky a vejce,490395,Nápoj mléko čokoládové Milka 0.25 l,napoj_mleko_cokoladove_milka,32.9,42.73,Kč,"131,60 Kč / 1 l",,,True,Clubcard,32.9,-23% Clubcard dnes končí,2026-10-06,https://www.kupi.cz/letaky/tesco,https://img.kupi.cz/kupi/thumbs/napoj-mleko-cokoladove-milka_170_340.jpg,2026-10-06T17:46:48+02:00
Tesco,Mléčné výrobky a vejce,573585,Dezert tvarohový Cavalier Olma 130 g,dezert_tvarohovy_cavalier_olma,12.9,19.85,Kč,"9,92 Kč / 100 g",99.2,,True,Clubcard,12.9,-35% Clubcard dnes končí,2026-10-06,https://www.kupi.cz/letaky/tesco,https://img.kupi.cz/kupi/thumbs/dezert-tvarohovy-cavalier-olma_170_340.jpg,2026-10-06T17:46:50+02:00
Tesco,Mléčné výrobky a vejce,476733,Dezert zakysaný Protein YoPRO 160 g,dezert_zakysany_protein_yopro,19.9,29.7,Kč,"12,44 Kč / 100 g",124.4,,True,Clubcard,19.9,-33% Clubcard dnes končí,2026-10-06,https://www.kupi.cz/letaky/tesco,https://img.kupi.cz/kupi/thumbs/dezert-zakysany-protein-yopro-danone_170_340.png,2026-10-06T17:46:50+02:00
Tesco,Mléčné výrobky a vejce,578175,Jogurt ochucený Probio2 Kunín 140 g,jogurt_ochuceny_probio2_kunin,13.9,19.86,Kč,"9,93 Kč / 100 g",99.3,,True,Clubcard,13.9,-30% Clubcard dnes končí,2026-10-06,https://www.kupi.cz/letaky/tesco,https://img.kupi.cz/kupi/thumbs/jogurt-ochuceny-probio2-kunin_170_340.png,2026-10-06T17:46:50+02:00
Tesco,Mléčné výrobky a vejce,559674,Nutričně kompletní jídlo nápoj bez lepku Yfood 500 ml,nutricne_kompletni_jidlo_napoj_bez_lepku_yfood,89.9,119.87,Kč,"17,98 Kč / 100 ml",,,True,Clubcard,89.9,-25% Clubcard platí do úterý 27. 10.,2026-10-06 - 2026-10-27,https://www.kupi.cz/letak/tesco-hypermarket-znacky-ktere-mate-radi-2?page=21&map=215328000,https://img.kupi.cz/kupi/thumbs/napoj-yfood_170_340.png,2026-10-06T17:46:50+02:00
Tesco,Mléčné výrobky a vejce,439341,Ochucený jogurt řeckého typu Zvolenský 125 g,ochuceny_jogurt_reckeho_typu_zvolensky,14.9,20.69,Kč,"11,92 Kč / 100 g",119.2,,True,Clubcard,14.9,-28% Clubcard st 7. 10. – út 20. 10.,2026-10-07 - 2026-10-20,https://www.kupi.cz/letak/tesco-hypermarket-letak-370?page=4&map=216578523,https://img.kupi.cz/kupi/thumbs/ochuceny-jogurt-reckeho-typu-zvolensky_170_340.jpg,2026-10-06T17:46:50+02:00
Tesco,Mléčné výrobky a vejce,584250,Jogurt bílý Probio2 Kunín 140 g,jogurt_bily_probio2_kunin,13.9,19.86,Kč,"9,93 Kč / 100 g",99.3,,True,Clubcard,13.9,-30% Clubcard dnes končí,2026-10-06,https://www.kupi.cz/letaky/tesco,https://img.kupi.cz/kupi/thumbs/jogurt-bily-probio2-kunin_170_340.jpg,2026-10-06T17:46:50+02:00
Tesco,Mléčné výrobky a vejce,586203,Sýr Cottage Laktos 200 g,syr_cottage_laktos,29.9,39.87,Kč,"14,95 Kč / 100 g",149.5,,True,Clubcard,29.9,-25% Clubcard st 7. 10. – út 3. 11.,2026-10-07 - 2026-11-03,https://www.kupi.cz/letak/tesco-hypermarket-letak-370?page=19&map=216580542,https://img.kupi.cz/kupi/thumbs/syr-cottage-laktos_170_340.jpg,2026-10-06T17:46:50+02:00
Tesco,Mléčné výrobky a vejce,585306,Nápoj mléčný Skyr To Go Müller 330 g,napoj_mlecny_skyr_to_go_muller,29.9,39.87,Kč,"9,06 Kč / 100 g",90.6,,True,Clubcard,29.9,-25% Clubcard st 7. 10. – út 3. 11.,2026-10-07 - 2026-11-03,https://www.kupi.cz/letak/tesco-hypermarket-letak-370?page=34&map=216578139,https://www.kupi.cz/img/no_img/no_discounts.png,2026-10-06T17:46:50+02:00
Tesco,Mléčné výrobky a vejce,586224,Gazdovský bílý sýr Agrofarma Červený Kameň 100 g,gazdovsky_bily_syr_agrofarma_cerveny_kamen,27.9,34.87,Kč,"27,90 Kč / 100 g",279.0,,True,Clubcard,27.9,-20% Clubcard platí do úterý 27. 10.,2026-10-06 - 2026-10-27,https://www.kupi.cz/letak/tesco-hypermarket-znacky-ktere-mate-radi-2?page=5&map=215326848,https://www.kupi.cz/img/no_img/no_discounts.png,2026-10-06T17:46:50+02:00
Tesco,Mléčné výrobky a vejce,527634,Parenica gazdovská Agrofarma Červený Kameň 300 g,parenica_gazdovska_agrofarma_cerveny_kamen,74.9,89.17,Kč,"24,97 Kč / 100 g",249.7,,True,Clubcard,74.9,-16% Clubcard platí do úterý 27. 10.,2026-10-06 - 2026-10-27,https://www.kupi.cz/letak/tesco-hypermarket-znacky-ktere-mate-radi-2?page=5&map=215326851,https://www.kupi.cz/img/no_img/no_discounts.png,2026-10-06T17:46:50+02:00
Tesco,Mléčné výrobky a vejce,586230,Karpatský bochník Agrofarma Červený Kameň 200 g,karpatsky_bochnik_agrofarma_cerveny_kamen,74.9,89.17,Kč,"37,45 Kč / 100 g",374.5,,True,Clubcard,74.9,-16% Clubcard platí do úterý 27. 10.,2026-10-06 - 2026-10-27,https://www.kupi.cz/letak/tesco-hypermarket-znacky-ktere-mate-radi-2?page=5&map=215326854,https://www.kupi.cz/img/no_img/no_discounts.png,2026-10-06T17:46:50+02:00
Tesco,Mléčné výrobky a vejce,586233,Sýr Mini Cubes Leerdammer 110 g,syr_mini_cubes_leerdammer,32.9,52.22,Kč,"29,91 Kč / 100 g",299.1,,True,Clubcard,32.9,-37% Clubcard platí do úterý 27. 10.,2026-10-06 - 2026-10-27,https://www.kupi.cz/letak/tesco-hypermarket-znacky-ktere-mate-radi-2?page=5&map=215326857,https://img.kupi.cz/kupi/thumbs/syr-mini-cubes-leerdammer_170_340.png,2026-10-06T17:46:50+02:00
Tesco,Mléčné výrobky a vejce,574728,Sýr Emmentaler Zott 120 g,syr_emmentaler_zott,34.9,49.86,Kč,"29,08 Kč / 100 g",290.8,,True,Clubcard,34.9,-30% Clubcard platí do úterý 27. 10.,2026-10-06 - 2026-10-27,https://www.kupi.cz/letak/tesco-hypermarket-znacky-ktere-mate-radi-2?page=7&map=215326881,https://www.kupi.cz/img/no_img/no_discounts.png,2026-10-06T17:46:50+02:00
Tesco,Mléčné výrobky a vejce,574731,Sýr Maasdamer Zott 120 g,syr_maasdamer_zott,34.9,49.86,Kč,"29,08 Kč / 100 g",290.8,,True,Clubcard,34.9,-30% Clubcard platí do úterý 27. 10.,2026-10-06 - 2026-10-27,https://www.kupi.cz/letak/tesco-hypermarket-znacky-ktere-mate-radi-2?page=7&map=215326884,https://img.kupi.cz/kupi/thumbs/syr-maasdamer-zott_170_340.jpg,2026-10-06T17:46:50+02:00
Tesco,Mléčné výrobky a vejce,586242,Jogurt Bubble Dream Jogobella Zott 150 g,jogurt_bubble_dream_jogobella_zott,16.9,24.85,Kč,"11,27 Kč / 100 g",112.7,,True,Clubcard,16.9,-32% Clubcard platí do úterý 27. 10.,2026-10-06 - 2026-10-27,https://www.kupi.cz/letak/tesco-hypermarket-znacky-ktere-mate-radi-2?page=7&map=215326887,https://www.kupi.cz/img/no_img/no_discounts.png,2026-10-06T17:46:50+02:00
Tesco,Mléčné výrobky a vejce,587751,Ochucený jogurt funkční Hollandia 150 g,ochuceny_jogurt_funkcni_hollandia,13.9,19.86,Kč,"9,27 Kč / 100 g",92.7,,True,Clubcard,13.9,-30% Clubcard st 7. 10. – út 3. 11.,2026-10-07 - 2026-11-03,https://www.kupi.cz/letak/tesco-hypermarket-letak-370?page=4&map=216578472,https://www.kupi.cz/img/no_img/no_discounts.png,2026-10-06T17:46:50+02:00
Tesco,"Maso, uzeniny a ryby",42786,Kuře Tesco 1 kg,kure,49.9,89.11,Kč,"49,90 Kč / 1 kg",49.9,,False,,,-44% st 7. 10. – út 13. 10.,2026-10-07 - 2026-10-13,https://www.kupi.cz/letak/tesco-supermarket-letak-416?map=216252732,https://img.kupi.cz/kupi/thumbs/kure-chlazene-tesco_170_340.jpg,2026-10-06T17:46:52+02:00
Tesco,"Maso, uzeniny a ryby",585,Vepřová pečeně bez kosti 1 kg,veprova_pecene_bez_kosti,74.9,197.11,Kč,"74,90 Kč / 1 kg",74.9,,False,,,-62% st 7. 10. – út 13. 10.,2026-10-07 - 2026-10-13,https://www.kupi.cz/letak/tesco-hypermarket-letak-370?map=216577380,https://img.kupi.cz/kupi/thumbs/veprova-pecene-bez-kosti-1_170_340.jpg,2026-10-06T17:46:52+02:00
Tesco,"Maso, uzeniny a ryby",793,Vepřová krkovice bez kosti 1 kg,veprova_krkovice_bez_kosti,79.9,194.88,Kč,"79,90 Kč / 1 kg",79.9,,False,,,-59% dnes končí,2026-10-06,https://www.kupi.cz/letak/tesco-hypermarket-letak-369?map=215325519,https://img.kupi.cz/kupi/thumbs/veprova-krkovice-bez-kosti_170_340.jpg,2026-10-06T17:46:52+02:00
Tesco,"Maso, uzeniny a ryby",784,Vepřová plec bez kosti 1 kg,veprova_plec_bez_kosti,59.9,146.1,Kč,"59,90 Kč / 1 kg",59.9,,False,,,-59% dnes končí,2026-10-06,https://www.kupi.cz/letak/tesco-hypermarket-letak-369?map=215326842,https://img.kupi.cz/kupi/thumbs/veprova-plec-bez-kosti-1_170_340.jpg,2026-10-06T17:46:52+02:00
Tesco,"Maso, uzeniny a ryby",7137,Kachna 1 kg,kachna,89.9,169.62,Kč,"89,90 Kč / 1 kg",89.9,,True,Clubcard,89.9,-47% Clubcard st 7. 10. – út 13. 10.,2026-10-07 - 2026-10-13,https://www.kupi.cz/letak/tesco-supermarket-letak-416?page=4&map=216253128,https://img.kupi.cz/kupi/thumbs/kachna-1_170_340.jpg,2026-10-06T17:46:52+02:00
Tesco,"Maso, uzeniny a ryby",21374,Hovězí přední bez kosti - kližka 1 kg,hovezi_predni_bez_kosti_klizka,249.9,297.5,Kč,"249,90 Kč / 1 kg",249.9,,True,Clubcard,249.9,-16% Clubcard dnes končí,2026-10-06,https://www.kupi.cz/letak/tesco-hypermarket-letak-369?page=5&map=215327160,https://img.kupi.cz/kupi/thumbs/hovezi-predni-bez-kosti-klizka_170_340.jpg,2026-10-06T17:46:52+02:00
Tesco,"Maso, uzeniny a ryby",31276,Kuřecí prsní řízky Tesco 1 kg,kureci_prsni_rizky,119.9,218.0,Kč,"119,90 Kč / 1 kg",119.9,,False,,,-45% dnes končí,2026-10-06,https://www.kupi.cz/letak/tesco-supermarket-letak-415?page=4&map=215308506,https://img.kupi.cz/kupi/thumbs/kureci-prsni-rizky-tesco_170_340.png,2026-10-06T17:46:52+02:00
Tesco,"Maso, uzeniny a ryby",118013,Losos obecný filety 100 g,losos_obecny_filety,34.9,54.53,Kč,"34,90 Kč / 100 g",349.0,,True,Clubcard,34.9,-36% Clubcard st 7. 10. – út 13. 10.,2026-10-07 - 2026-10-13,https://www.kupi.cz/letak/tesco-hypermarket-letak-370?page=5&map=216578670,https://img.kupi.cz/kupi/thumbs/losos-obecny-filety_170_340.png,2026-10-06T17:46:52+02:00
Tesco,"Maso, uzeniny a ryby",3081,Vepřový bok s kostí 1 kg,veprovy_bok_s_kosti,99.9,129.74,Kč,"99,90 Kč / 1 kg",99.9,,True,Clubcard,99.9,-23% Clubcard dnes končí,2026-10-06,https://www.kupi.cz/letak/tesco-hypermarket-letak-369?page=15&map=215337615,https://img.kupi.cz/kupi/thumbs/veprovy-bok-s-kosti_170_340.jpg,2026-10-06T17:46:52+02:00
Tesco,"Maso, uzeniny a ryby",1778,Hovězí plec kulatá - falešná svíčková 1 kg,hovezi_plec_kulata_falesna_svickova,319.9,399.87,Kč,"319,90 Kč / 1 kg",319.9,,True,Clubcard,319.9,-20% Clubcard st 7. 10. – út 13. 10.,2026-10-07 - 2026-10-13,https://www.kupi.cz/letak/tesco-hypermarket-letak-370?page=5&map=216578637,https://img.kupi.cz/kupi/thumbs/hovezi-plec-kulata-falesna-svickova_170_340.jpg,2026-10-06T17:46:52+02:00
Tesco,"Maso, uzeniny a ryby",13165,Vepřová krkovice bez kosti Tesco,veprova_krkovice_bez_kosti,79.9,194.88,Kč,"79,90 Kč / 1 kg",79.9,,False,,,-59% dnes končí,2026-10-06,https://www.kupi.cz/letak/tesco-supermarket-letak-415?map=215306859,https://img.kupi.cz/kupi/thumbs/veprova-krkovice-bez-kosti-tesco_170_340.png,2026-10-06T17:46:52+02:00
Tesco,"Maso, uzeniny a ryby",13165,Vepřová krkovice bez kosti Tesco,veprova_krkovice_bez_kosti,64.9,87.7,Kč,"162,25 Kč / 1 kg",162.25,,True,Clubcard,64.9,-26% Clubcard st 7. 10. – út 13. 10.,2026-10-07 - 2026-10-13,https://www.kupi.cz/letak/tesco-supermarket-letak-416?page=4&map=216253068,https://img.kupi.cz/kupi/thumbs/veprova-krkovice-bez-kosti-tesco_170_340.png,2026-10-06T17:46:52+02:00
Tesco,"Maso, uzeniny a ryby",1671,Hovězí mleté maso Tesco 0.5 kg,hovezi_mlete_maso,109.9,129.29,Kč,"219,80 Kč / 1 kg",219.8,,True,Clubcard,109.9,-15% Clubcard dnes končí,2026-10-06,https://www.kupi.cz/letak/tesco-supermarket-letak-415?page=4&map=215308509,https://img.kupi.cz/kupi/thumbs/hovezi-mlete-maso-tesco_170_340.png,2026-10-06T17:46:52+02:00
Tesco,"Maso, uzeniny a ryby",1671,Hovězí mleté maso Tesco 0.5 kg,hovezi_mlete_maso,131.9,149.89,Kč,"263,80 Kč / 1 kg",263.8,,True,Clubcard,131.9,-12% Clubcard st 7. 10. – út 13. 10.,2026-10-07 - 2026-10-13,https://www.kupi.cz/letak/tesco-hypermarket-letak-370?page=18&map=216580449,https://img.kupi.cz/kupi/thumbs/hovezi-mlete-maso-tesco_170_340.png,2026-10-06T17:46:52+02:00
Tesco,"Maso, uzeniny a ryby",25119,Vepřová pečeně bez kosti Tesco,veprova_pecene_bez_kosti,74.9,197.11,Kč,"74,90 Kč / 1 kg",74.9,,False,,,-62% st 7. 10. – út 13. 10.,2026-10-07 - 2026-10-13,https://www.kupi.cz/letak/tesco-supermarket-letak-416?map=216252690,https://img.kupi.cz/kupi/thumbs/veprova-pecene-bez-kosti-tesco_170_340.png,2026-10-06T17:46:52+02:00
Tesco,"Maso, uzeniny a ryby",25119,Vepřová pečeně bez kosti Tesco,veprova_pecene_bez_kosti,64.9,81.12,Kč,"180,28 Kč / 1 kg",180.28,,True,Clubcard,64.9,-20% Clubcard dnes končí,2026-10-06,https://www.kupi.cz/letak/tesco-supermarket-letak-415?page=4&map=215308497,https://img.kupi.cz/kupi/thumbs/veprova-pecene-bez-kosti-tesco_170_340.png,2026-10-06T17:46:52+02:00
Tesco,"Maso, uzeniny a ryby",36761,Krůtí prsní řízky Tesco 0.4 kg,kruti_prsni_rizky,98.9,109.89,Kč,"247,25 Kč / 1 kg",247.25,,True,Clubcard,98.9,-10% Clubcard st 7. 10. – út 13. 10.,2026-10-07 - 2026-10-13,https://www.kupi.cz/letak/tesco-supermarket-letak-416?page=4&map=216253098,https://img.kupi.cz/kupi/thumbs/kruti-prsni-rizky-tesco_170_340.png,2026-10-06T17:46:52+02:00
Tesco,"Maso, uzeniny a ryby",635,Párky vídeňské 100 g,parky_videnske,17.9,27.54,Kč,"17,90 Kč / 100 g",179.0,,True,Clubcard,17.9,-35% Clubcard dnes končí,2026-10-06,https://www.kupi.cz/letaky/tesco,https://img.kupi.cz/kupi/thumbs/parky-videnske_170_340.jpg,2026-10-06T17:46:52+02:00
Tesco,"Maso, uzeniny a ryby",38760,Kuřecí stehna Tesco 1 kg,kureci_stehna,79.9,109.45,Kč,"79,90 Kč / 1 kg",79.9,,True,Clubcard,79.9,-27% Clubcard st 7. 10. – út 13. 10.,2026-10-07 - 2026-10-13,https://www.kupi.cz/letak/tesco-supermarket-letak-416?page=4&map=216253122,https://img.kupi.cz/kupi/thumbs/kureci-stehna-tesco_170_340.png,2026-10-06T17:46:52+02:00
Tesco,"Maso, uzeniny a ryby",36756,Krůtí mleté maso Tesco 0.5 kg,kruti_mlete_maso,89.9,119.87,Kč,"179,80 Kč / 1 kg",179.8,,True,Clubcard,89.9,-25% Clubcard st 7. 10. – út 13. 10.,2026-10-07 - 2026-10-13,https://www.kupi.cz/letak/tesco-hypermarket-letak-370?page=13&map=216580230,https://img.kupi.cz/kupi/thumbs/kruti-mlete-maso-tesco-1_170_340.jpg,2026-10-06T17:46:52+02:00
Tesco,"Maso, uzeniny a ryby",130,Salám Gothaj 100 g,salam_gothaj,12.9,16.75,Kč,"12,90 Kč / 100 g",129.0,,True,Clubcard,12.9,-23% Clubcard dnes končí,2026-10-06,https://www.kupi.cz/letaky/tesco,https://img.kupi.cz/kupi/thumbs/salam-gothaj_170_340.png,2026-10-06T17:46:52+02:00
Tesco,"Maso, uzeniny a ryby",5,Salám šunkový 100 g,salam_sunkovy,14.9,17.74,Kč,"14,90 Kč / 100 g",149.0,,True,Clubcard,14.9,-16% Clubcard dnes končí,2026-10-06,https://www.kupi.cz/letak/tesco-hypermarket-letak-369?page=16&map=215338098,https://img.kupi.cz/kupi/thumbs/salam-sunkovy_170_340.jpg,2026-10-06T17:46:53+02:00
Tesco,"Maso, uzeniny a ryby",44458,Vepřová plec bez kosti Tesco 1 kg,veprova_plec_bez_kosti,59.9,146.1,Kč,"59,90 Kč / 1 kg",59.9,,False,,,-59% dnes končí,2026-10-06,https://www.kupi.cz/letak/tesco-supermarket-letak-415?map=215308359,https://img.kupi.cz/kupi/thumbs/veprova-plec-bez-kosti-tesco_170_340.png,2026-10-06T17:46:53+02:00
Tesco,"Maso, uzeniny a ryby",44961,Vepřová kýta bez kosti Tesco 0.6 kg,veprova_kyta_bez_kosti,95.9,119.88,Kč,"159,83 Kč / 1 kg",159.83,,True,Clubcard,95.9,-20% Clubcard dnes končí,2026-10-06,https://www.kupi.cz/letak/tesco-hypermarket-letak-369?page=16&map=215338074,https://img.kupi.cz/kupi/thumbs/veprova-kyta-bez-kosti-tesco_170_340.png,2026-10-06T17:46:53+02:00
Tesco,"Maso, uzeniny a ryby",318569,Salám Křemešník kostelecký Kostelecké uzeniny 380 g,salam_kremesnik_kostelecky_kostelecke_uzeniny,99.9,149.1,Kč,"26,29 Kč / 100 g",262.9,,True,Clubcard,99.9,-33% Clubcard st 7. 10. – út 3. 11.,2026-10-07 - 2026-11-03,https://www.kupi.cz/letak/tesco-hypermarket-letak-370?page=8&map=216579390,https://img.kupi.cz/kupi/thumbs/salam-kremesnik-kostelecky-kostelecke-uzeniny-1_170_340.jpg,2026-10-06T17:46:53+02:00
Tesco,"Maso, uzeniny a ryby",208,Salám Poličan 100 g,salam_polican,22.9,28.62,Kč,"22,90 Kč / 100 g",229.0,,True,Clubcard,22.9,-20% Clubcard dnes končí,2026-10-06,https://www.kupi.cz/letak/tesco-hypermarket-letak-369?page=4&map=215327118,https://img.kupi.cz/kupi/thumbs/salam-polican_170_340.jpg,2026-10-06T17:46:53+02:00
Tesco,"Maso, uzeniny a ryby",45384,Kuřecí čtvrtky Tesco 1 kg,kureci_ctvrtky,59.9,108.91,Kč,"59,90 Kč / 1 kg",59.9,,True,Clubcard,59.9,-45% Clubcard dnes končí,2026-10-06,https://www.kupi.cz/letak/tesco-hypermarket-letak-369?page=16&map=215338083,https://img.kupi.cz/kupi/thumbs/kureci-ctvrtky-tesco_170_340.png,2026-10-06T17:46:53+02:00
Tesco,"Maso, uzeniny a ryby",9491,Kuřecí salám Junior DZ Klatovy 400 g,kureci_salam_junior_dz_klatovy,31.9,39.87,Kč,"7,97 Kč / 100 g",79.7,,True,Clubcard,31.9,-20% Clubcard st 14. 10. – út 27. 10.,2026-10-14 - 2026-10-27,https://www.kupi.cz/letak/tesco-hypermarket-znacky-ktere-mate-radi-2?page=4&map=215326791,https://img.kupi.cz/kupi/thumbs/salam-kureci-junior-dz-klatovy_170_340.jpg,2026-10-06T17:46:53+02:00
Tesco,"Maso, uzeniny a ryby",36764,Mleté maso mix Tesco 0.5 kg,mlete_maso_mix,74.9,84.16,Kč,"149,80 Kč / 1 kg",149.8,,True,Clubcard,74.9,-11% Clubcard dnes končí,2026-10-06,https://www.kupi.cz/letak/tesco-supermarket-letak-415?page=4&map=215308512,https://img.kupi.cz/kupi/thumbs/mlete-maso-mix-tesco_170_340.png,2026-10-06T17:46:53+02:00
Tesco,"Maso, uzeniny a ryby",1071,Debrecínka kuřecí 100 g,debrecinka_kureci,14.9,,Kč,"14,90 Kč / 100 g",149.0,,True,Clubcard,14.9,Clubcard st 7. 10. – út 13. 10.,2026-10-07 - 2026-10-13,https://www.kupi.cz/letak/tesco-hypermarket-letak-370?page=5&map=216578940,https://img.kupi.cz/kupi/thumbs/debrecinka-kureci_170_340.jpg,2026-10-06T17:46:53+02:00
Tesco,"Maso, uzeniny a ryby",1071,Debrecínka kuřecí 100 g,debrecinka_kureci,22.9,,Kč,"22,90 Kč / 100 g",229.0,,False,,,st 7. 10. – út 13. 10.,2026-10-07 - 2026-10-13,https://www.kupi.cz/letak/tesco-hypermarket-letak-370?page=5&map=216578943,https://img.kupi.cz/kupi/thumbs/debrecinka-kureci_170_340.jpg,2026-10-06T17:46:53+02:00
Tesco,"Maso, uzeniny a ryby",2398,Ostravská klobása 100 g,ostravska_klobasa,13.9,18.78,Kč,"13,90 Kč / 100 g",139.0,,True,Clubcard,13.9,-26% Clubcard st 7. 10. – út 13. 10.,2026-10-07 - 2026-10-13,https://www.kupi.cz/letak/tesco-hypermarket-letak-370?page=18&map=216580461,https://img.kupi.cz/kupi/thumbs/ostravska-klobasa_170_340.jpg,2026-10-06T17:46:53+02:00
Tesco,"Maso, uzeniny a ryby",4882,Šunka vepřová Euro standard 100 g,sunka_veprova_euro_standard,16.9,19.88,Kč,"16,90 Kč / 100 g",169.0,,True,Clubcard,16.9,-15% Clubcard st 7. 10. – út 13. 10.,2026-10-07 - 2026-10-13,https://www.kupi.cz/letak/tesco-hypermarket-letak-370?page=18&map=216580485,https://img.kupi.cz/kupi/thumbs/sunka-veprova-euro-standard_170_340.jpg,2026-10-06T17:46:53+02:00
Tesco,"Maso, uzeniny a ryby",17620,Anglická slanina speciál 100 g,anglicka_slanina_special,19.9,22.87,Kč,"19,90 Kč / 100 g",199.0,,True,Clubcard,19.9,-13% Clubcard st 7. 10. – út 20. 10.,2026-10-07 - 2026-10-20,https://www.kupi.cz/letak/tesco-hypermarket-letak-370?page=5&map=216578847,https://img.kupi.cz/kupi/thumbs/anglicka-slanina-special_170_340.jpg,2026-10-06T17:46:53+02:00
Tesco,"Maso, uzeniny a ryby",36759,Krůtí stehna Tesco 1 kg,kruti_stehna,84.9,119.58,Kč,"84,90 Kč / 1 kg",84.9,,True,Clubcard,84.9,-29% Clubcard dnes končí,2026-10-06,https://www.kupi.cz/letak/tesco-supermarket-letak-415?page=4&map=215308503,https://img.kupi.cz/kupi/thumbs/kruti-stehna-tesco_170_340.jpg,2026-10-06T17:46:53+02:00
Tesco,"Maso, uzeniny a ryby",19825,Šunka od kosti poctivá nejvyšší jakosti Kostelecké uzeniny 100 g,sunka_od_kosti_poctiva_nejvyssi_jakosti_kostelecke_uzeniny,29.9,47.46,Kč,"29,90 Kč / 100 g",299.0,,True,Clubcard,29.9,-37% Clubcard dnes končí,2026-10-06,https://www.kupi.cz/letaky/tesco,https://img.kupi.cz/kupi/thumbs/sunka-od-kosti-poctiva-kostelecke-uzeniny_170_340.jpg,2026-10-06T17:46:53+02:00
Tesco,"Maso, uzeniny a ryby",268862,Tatarský biftek z hovězí kýty Maso uzeniny Polička 0.2 kg,tatarsky_biftek_z_hovezi_kyty_maso_uzeniny_policka,74.9,89.17,Kč,"374,50 Kč / 1 kg",374.5,,True,Clubcard,74.9,-16% Clubcard st 7. 10. – út 13. 10.,2026-10-07 - 2026-10-13,https://www.kupi.cz/letak/tesco-hypermarket-letak-370?page=13&map=216580227,https://img.kupi.cz/kupi/thumbs/tatarsky-biftek-z-hovezi-kyty-masokombinat-policka_170_340.jpg,2026-10-06T17:46:53+02:00
Tesco,"Maso, uzeniny a ryby",9199,Salám pivní Beskydské uzeniny Chodura 100 g,salam_pivni_beskydske_uzeniny_chodura,19.9,29.7,Kč,"19,90 Kč / 100 g",199.0,,True,Clubcard,19.9,-33% Clubcard platí do úterý 13. 10.,2026-10-06 - 2026-10-13,https://www.kupi.cz/letak/tesco-hypermarket-znacky-ktere-mate-radi-2?page=3&map=215326125,https://img.kupi.cz/kupi/thumbs/salam-pivni-beskydske-uzeniny-chodura-1_170_340.jpg,2026-10-06T17:46:53+02:00
Tesco,"Maso, uzeniny a ryby",8497,Maso mleté vepřové Tesco 0.8 kg,maso_mlete_veprove,99.9,114.83,Kč,"124,88 Kč / 1 kg",124.88,,True,Clubcard,99.9,-13% Clubcard st 7. 10. – út 13. 10.,2026-10-07 - 2026-10-13,https://www.kupi.cz/letak/tesco-supermarket-letak-416?page=4&map=216253092,https://img.kupi.cz/kupi/thumbs/maso-mlete-veprove-tesco_170_340.png,2026-10-06T17:46:53+02:00
Tesco,"Maso, uzeniny a ryby",91816,Vepřové koleno s kostí Tesco 1 kg,veprove_koleno_s_kosti,69.9,114.59,Kč,"69,90 Kč / 1 kg",69.9,,True,Clubcard,69.9,-39% Clubcard dnes končí,2026-10-06,https://www.kupi.cz/letak/tesco-hypermarket-letak-369?page=15&map=215337627,https://img.kupi.cz/kupi/thumbs/veprove-koleno-s-kosti-tesco_170_340.jpg,2026-10-06T17:46:53+02:00
Tesco,"Maso, uzeniny a ryby",37588,Šunka selská nejvyšší jakosti LE&CO 100 g,sunka_selska_nejvyssi_jakosti_le_co,33.9,41.85,Kč,"33,90 Kč / 100 g",339.0,,False,,,-19% st 7. 10. – út 13. 10.,2026-10-07 - 2026-10-13,https://www.kupi.cz/letak/tesco-supermarket-letak-416?page=2&map=216252861,https://img.kupi.cz/kupi/thumbs/sunka-selska-nejvyssi-jakosti-le-co_170_340.jpg,2026-10-06T17:46:56+02:00
Tesco,"Maso, uzeniny a ryby",29908,Kuřecí křídla Tesco 1 kg,kureci_kridla,79.9,109.45,Kč,"79,90 Kč / 1 kg",79.9,,True,Clubcard,79.9,-27% Clubcard dnes končí,2026-10-06,https://www.kupi.cz/letak/tesco-hypermarket-letak-369?page=16&map=215338086,https://img.kupi.cz/kupi/thumbs/kureci-kridla-tesco_170_340.png,2026-10-06T17:46:56+02:00
Tesco,"Maso, uzeniny a ryby",44161,Panenka vepřová Tesco 1 kg,panenka_veprova,199.9,259.61,Kč,"199,90 Kč / 1 kg",199.9,,True,Clubcard,199.9,-23% Clubcard st 7. 10. – út 13. 10.,2026-10-07 - 2026-10-13,https://www.kupi.cz/letak/tesco-hypermarket-letak-370?page=18&map=216580443,https://img.kupi.cz/kupi/thumbs/veprova-panenka-tesco_170_340.jpg,2026-10-06T17:46:56+02:00
Tesco,"Maso, uzeniny a ryby",4977,Salám Paprikáš 100 g,salam_paprikas,25.9,28.78,Kč,"25,90 Kč / 100 g",259.0,,True,Clubcard,25.9,-10% Clubcard st 7. 10. – út 13. 10.,2026-10-07 - 2026-10-13,https://www.kupi.cz/letak/tesco-hypermarket-letak-370?page=5&map=216579003,https://img.kupi.cz/kupi/thumbs/salam-paprikas_170_340.jpg,2026-10-06T17:46:56+02:00
Tesco,"Maso, uzeniny a ryby",1208,Párky libové 100 g,parky_libove,12.9,15.73,Kč,"12,90 Kč / 100 g",129.0,,True,Clubcard,12.9,-18% Clubcard dnes končí,2026-10-06,https://www.kupi.cz/letak/tesco-hypermarket-letak-369?page=16&map=215338095,https://img.kupi.cz/kupi/thumbs/parky-libove-1_170_340.jpg,2026-10-06T17:46:56+02:00
Tesco,"Maso, uzeniny a ryby",378358,Kabanos Exclusive Snack !t Tarczyński 120 g,kabanos_exclusive_snack_t_tarczynski,39.9,66.5,Kč,"33,25 Kč / 100 g",332.5,,True,Clubcard,39.9,-40% Clubcard platí do úterý 13. 10.,2026-10-06 - 2026-10-13,https://www.kupi.cz/letak/tesco-hypermarket-letak-369?page=16&map=215338134,https://img.kupi.cz/kupi/thumbs/kabanossi-snack-t_170_340.jpg,2026-10-06T17:46:56+02:00
Tesco,"Maso, uzeniny a ryby",71642,Šunka dušená nejvyšší jakosti LE&CO 100 g,sunka_dusena_nejvyssi_jakosti_le_co,29.9,41.53,Kč,"29,90 Kč / 100 g",299.0,,True,Clubcard,29.9,-28% Clubcard dnes končí,2026-10-06,https://www.kupi.cz/letak/tesco-hypermarket-letak-369?page=4&map=215327115,https://img.kupi.cz/kupi/thumbs/sunka-dusena-nejvyssi-jakosti-le-co-1_170_340.jpg,2026-10-06T17:46:56+02:00
Tesco,"Maso, uzeniny a ryby",39362,Kuřecí debrecínka DZ Klatovy 100 g,kureci_debrecinka_dz_klatovy,21.9,27.72,Kč,"21,90 Kč / 100 g",219.0,,True,Clubcard,21.9,-21% Clubcard st 7. 10. – út 13. 10.,2026-10-07 - 2026-10-13,https://www.kupi.cz/letak/tesco-hypermarket-letak-370?page=5&map=216578907,https://img.kupi.cz/kupi/thumbs/kureci-debrecinka-dz-klatovy_170_340.png,2026-10-06T17:46:56+02:00
Tesco,"Maso, uzeniny a ryby",144968,Kmotrovky Kmotr 100 g,kmotrovky_kmotr,39.9,47.5,Kč,"39,90 Kč / 100 g",399.0,,True,Clubcard,39.9,-16% Clubcard dnes končí,2026-10-06,https://www.kupi.cz/letaky/tesco,https://img.kupi.cz/kupi/thumbs/klobasky-kmotrovky-kmotr_170_340.png,2026-10-06T17:46:56+02:00
Tesco,"Maso, uzeniny a ryby",13100,Salám Vysočina Kostelecké uzeniny 300 g,salam_vysocina_kostelecke_uzeniny,79.9,119.25,Kč,"26,63 Kč / 100 g",266.3,,True,Clubcard,79.9,-33% Clubcard dnes končí,2026-10-06,https://www.kupi.cz/letaky/tesco,https://img.kupi.cz/kupi/thumbs/salam-vysocina-kostelecke-uzeniny_170_340.png,2026-10-06T17:46:56+02:00
Tesco,"Maso, uzeniny a ryby",44966,Šunka selská nejvyšší jakosti 100 g,sunka_selska_nejvyssi_jakosti,24.9,29.64,Kč,"24,90 Kč / 100 g",249.0,,False,,,-16% st 7. 10. – út 13. 10.,2026-10-07 - 2026-10-13,https://www.kupi.cz/letak/tesco-hypermarket-letak-370?page=2&map=216577539,https://img.kupi.cz/kupi/thumbs/sunka-selska-nejvyssi-jakosti-1_170_340.jpg,2026-10-06T17:46:56+02:00
Tesco,"Maso, uzeniny a ryby",24889,Hovězí maso na guláš Tesco 0.4 kg,hovezi_maso_na_gulas,89.9,119.87,Kč,"224,75 Kč / 1 kg",224.75,,True,Clubcard,89.9,-25% Clubcard dnes končí,2026-10-06,https://www.kupi.cz/letak/tesco-hypermarket-letak-369?page=15&map=215337612,https://img.kupi.cz/kupi/thumbs/hovezi-maso-na-gulas-tesco_170_340.png,2026-10-06T17:46:56+02:00
Tesco,"Maso, uzeniny a ryby",20595,Párky vídeňské Beskydské uzeniny Chodura 200 g,parky_videnske_beskydske_uzeniny_chodura,49.9,64.81,Kč,"24,95 Kč / 100 g",249.5,,True,Clubcard,49.9,-23% Clubcard platí do úterý 13. 10.,2026-10-06 - 2026-10-13,https://www.kupi.cz/letak/tesco-hypermarket-znacky-ktere-mate-radi-2?page=3&map=215326257,https://img.kupi.cz/kupi/thumbs/parky-videnske-beskydske-uzeniny-chodura_170_340.jpg,2026-10-06T17:46:56+02:00
Tesco,"Maso, uzeniny a ryby",38767,Kuřecí šunka prsní standard DZ Klatovy 100 g,kureci_sunka_prsni_standard_dz_klatovy,19.9,32.62,Kč,"19,90 Kč / 100 g",199.0,,False,,,-39% dnes končí,2026-10-06,https://www.kupi.cz/letak/tesco-supermarket-letak-415?page=2&map=215308383,https://img.kupi.cz/kupi/thumbs/kureci-sunka-prsni-standard-dz-klatovy_170_340.png,2026-10-06T17:46:56+02:00
Tesco,"Maso, uzeniny a ryby",14496,Salám lovecký Krahulík 75 g,salam_lovecky_krahulik,29.9,39.87,Kč,"39,87 Kč / 100 g",398.7,,True,Clubcard,29.9,-25% Clubcard dnes končí,2026-10-06,https://www.kupi.cz/letaky/tesco,https://img.kupi.cz/kupi/thumbs/salam-lovecky-krahulik_170_340.jpg,2026-10-06T17:46:56+02:00
Tesco,"Maso, uzeniny a ryby",6677,Salám Horal Kostelecké uzeniny 900 g,salam_horal_kostelecke_uzeniny,89.9,138.31,Kč,"9,99 Kč / 100 g",99.9,,True,Clubcard,89.9,-35% Clubcard st 7. 10. – út 3. 11.,2026-10-07 - 2026-11-03,https://www.kupi.cz/letak/tesco-hypermarket-letak-370?page=16&map=216580335,https://img.kupi.cz/kupi/thumbs/salam-horal-kostelecke-uzeniny_170_340.png,2026-10-06T17:46:56+02:00
Tesco,"Maso, uzeniny a ryby",2052,Anglická slanina speciál Tesco 350 g,anglicka_slanina_special,74.9,93.62,Kč,"21,40 Kč / 100 g",214.0,,True,Clubcard,74.9,-20% Clubcard st 7. 10. – út 20. 10.,2026-10-07 - 2026-10-20,https://www.kupi.cz/letak/tesco-supermarket-letak-416?page=13&map=216253752,https://img.kupi.cz/kupi/thumbs/anglicka-slanina-special-tesco-2_170_340.jpg,2026-10-06T17:46:56+02:00
Tesco,"Maso, uzeniny a ryby",2052,Anglická slanina speciál Tesco 350 g,anglicka_slanina_special,74.9,,Kč,"21,40 Kč / 100 g",214.0,,True,Clubcard,74.9,Clubcard st 7. 10. – út 20. 10.,2026-10-07 - 2026-10-20,https://www.kupi.cz/letak/tesco-hypermarket-letak-370?page=5&map=216578901,https://img.kupi.cz/kupi/thumbs/anglicka-slanina-special-tesco-2_170_340.jpg,2026-10-06T17:46:56+02:00
Tesco,"Maso, uzeniny a ryby",2052,Anglická slanina speciál Tesco 350 g,anglicka_slanina_special,93.9,,Kč,"26,83 Kč / 100 g",268.3,,False,,,st 7. 10. – út 20. 10.,2026-10-07 - 2026-10-20,https://www.kupi.cz/letak/tesco-hypermarket-letak-370?page=5&map=216578853,https://img.kupi.cz/kupi/thumbs/anglicka-slanina-special-tesco-2_170_340.jpg,2026-10-06T17:46:56+02:00
Tesco,"Maso, uzeniny a ryby",142187,Párky kuřecí striptýzky 100 g,parky_kureci_striptyzky,7.9,8.88,Kč,"7,90 Kč / 100 g",79.0,,True,Clubcard,7.9,-11% Clubcard dnes končí,2026-10-06,https://www.kupi.cz/letaky/tesco,https://img.kupi.cz/kupi/thumbs/parky-kureci-striptyzky_170_340.png,2026-10-06T17:46:56+02:00
Tesco,"Maso, uzeniny a ryby",33711,Šunka vepřová dušená nejvyšší jakosti LE&CO 100 g,sunka_veprova_dusena_nejvyssi_jakosti_le_co,29.9,41.53,Kč,"29,90 Kč / 100 g",299.0,,True,Clubcard,29.9,-28% Clubcard dnes končí,2026-10-06,https://www.kupi.cz/letak/tesco-supermarket-letak-415?page=11&map=215324841,https://img.kupi.cz/kupi/thumbs/sunka-veprova-dusena-nejvyssi-jakosti-le-co_170_340.jpg,2026-10-06T17:46:57+02:00
Tesco,"Maso, uzeniny a ryby",433776,Kuřecí mleté maso Tesco 0.5 kg,kureci_mlete_maso,69.9,89.62,Kč,"139,80 Kč / 1 kg",139.8,,True,Clubcard,69.9,-22% Clubcard dnes končí,2026-10-06,https://www.kupi.cz/letak/tesco-hypermarket-letak-369?page=16&map=215338080,https://img.kupi.cz/kupi/thumbs/maso-mlete-kureci-tesco_170_340.jpg,2026-10-06T17:46:57+02:00
Tesco,"Maso, uzeniny a ryby",26542,Salám špekáčkový točený 100 g,salam_spekackovy_toceny,16.9,19.88,Kč,"16,90 Kč / 100 g",169.0,,True,Clubcard,16.9,-15% Clubcard st 7. 10. – út 20. 10.,2026-10-07 - 2026-10-20,https://www.kupi.cz/letak/tesco-hypermarket-letak-370?page=5&map=216578799,https://img.kupi.cz/kupi/thumbs/salam-spekackovy-toceny_170_340.jpg,2026-10-06T17:46:57+02:00
Tesco,"Maso, uzeniny a ryby",4431,Salám Poličan Tesco 100 g,salam_polican,21.9,29.59,Kč,"21,90 Kč / 100 g",219.0,,True,Clubcard,21.9,-26% Clubcard dnes končí,2026-10-06,https://www.kupi.cz/letak/tesco-supermarket-letak-415?page=4&map=215308518,https://img.kupi.cz/kupi/thumbs/salam-polican-tesco-2_170_340.jpg,2026-10-06T17:46:57+02:00
Tesco,"Maso, uzeniny a ryby",60068,Párky poctivé Kostelecké uzeniny 180 g,parky_poctive_kostelecke_uzeniny,53.9,79.26,Kč,"29,94 Kč / 100 g",299.4,,True,Clubcard,53.9,-32% Clubcard platí do úterý 13. 10.,2026-10-06 - 2026-10-13,https://www.kupi.cz/letak/tesco-hypermarket-znacky-ktere-mate-radi-2?page=3&map=215325975,https://img.kupi.cz/kupi/thumbs/parky-poctive-kostelecke-uzeniny-1_170_340.jpg,2026-10-06T17:46:57+02:00
Tesco,"Maso, uzeniny a ryby",503523,Kabanossi Snack !t Bites Tarczyński,kabanossi_snack_t_bites_tarczynski,39.9,66.5,Kč,"33,25 Kč / 100 g",332.5,,True,Clubcard,39.9,-40% Clubcard platí do úterý 13. 10.,2026-10-06 - 2026-10-13,https://www.kupi.cz/letak/tesco-supermarket-letak-416?page=13&map=216253758,https://img.kupi.cz/kupi/thumbs/kabanossi-snack-t-bites-tarczynski_170_340.jpg,2026-10-06T17:46:57+02:00
Tesco,"Maso, uzeniny a ryby",503523,Kabanossi Snack !t Bites Tarczyński,kabanossi_snack_t_bites_tarczynski,27.9,31.7,Kč,"55,80 Kč / 100 g",558.0,,True,Clubcard,27.9,-12% Clubcard st 7. 10. – út 20. 10.,2026-10-07 - 2026-10-20,https://www.kupi.cz/letak/tesco-hypermarket-letak-370?page=13&map=216580245,https://img.kupi.cz/kupi/thumbs/kabanossi-snack-t-bites-tarczynski_170_340.jpg,2026-10-06T17:46:57+02:00
Tesco,"Maso, uzeniny a ryby",8507,Salám Kuřecí vrchovina Kostelecké uzeniny 100 g,salam_kureci_vrchovina_kostelecke_uzeniny,11.9,17.76,Kč,"11,90 Kč / 100 g",119.0,,True,Clubcard,11.9,-33% Clubcard dnes končí,2026-10-06,https://www.kupi.cz/letaky/tesco,https://img.kupi.cz/kupi/thumbs/salam-kureci-vrchovina-kostelecke-uzeniny_170_340.png,2026-10-06T17:46:57+02:00
Tesco,"Maso, uzeniny a ryby",128781,Anglická slanina lisovaná 100 g,anglicka_slanina_lisovana,19.9,24.87,Kč,"19,90 Kč / 100 g",199.0,,True,Clubcard,19.9,-20% Clubcard po 12. 10. – út 13. 10.,2026-10-12 - 2026-10-13,https://www.kupi.cz/letak/tesco-hypermarket-letak-370?page=14&map=216580308,https://img.kupi.cz/kupi/thumbs/anglicka-slanina-lisovana_170_340.png,2026-10-06T17:46:57+02:00
Tesco,"Maso, uzeniny a ryby",171574,Šunka kuřecí standard 100 g,sunka_kureci_standard,15.9,22.71,Kč,"15,90 Kč / 100 g",159.0,,False,,,-30% dnes končí,2026-10-06,https://www.kupi.cz/letak/tesco-hypermarket-letak-369?page=2&map=215326908,https://img.kupi.cz/kupi/thumbs/sunka-kureci-standard-1_170_340.jpg,2026-10-06T17:46:57+02:00
Tesco,"Maso, uzeniny a ryby",172729,Párky ředitelské 100 g,parky_reditelske,19.9,26.89,Kč,"19,90 Kč / 100 g",199.0,,True,Clubcard,19.9,-26% Clubcard dnes končí,2026-10-06,https://www.kupi.cz/letak/tesco-hypermarket-letak-369?page=4&map=215327112,https://img.kupi.cz/kupi/thumbs/parky-reditelske_170_340.jpg,2026-10-06T17:46:57+02:00
Tesco,"Maso, uzeniny a ryby",71561,Medová šunka výběrová 100 g,medova_sunka_vyberova,24.9,31.52,Kč,"24,90 Kč / 100 g",249.0,,True,Clubcard,24.9,-21% Clubcard dnes končí,2026-10-06,https://www.kupi.cz/letaky/tesco,https://www.kupi.cz/img/no_img/no_discounts.png,2026-10-06T17:46:57+02:00
Tesco,"Maso, uzeniny a ryby",406339,Vepřová játra Tesco 1 kg,veprova_jatra,69.9,81.28,Kč,"69,90 Kč / 1 kg",69.9,,True,Clubcard,69.9,-14% Clubcard dnes končí,2026-10-06,https://www.kupi.cz/letak/tesco-supermarket-letak-415?page=4&map=215308500,https://img.kupi.cz/kupi/thumbs/veprova-jatra-tesco_170_340.jpg,2026-10-06T17:46:57+02:00
Tesco,"Maso, uzeniny a ryby",24363,Salám bochánek Madrid Krahulík 100 g,salam_bochanek_madrid_krahulik,23.9,33.66,Kč,"23,90 Kč / 100 g",239.0,,True,Clubcard,23.9,-29% Clubcard dnes končí,2026-10-06,https://www.kupi.cz/letaky/tesco,https://img.kupi.cz/kupi/thumbs/salam-bochanek-madrid-krahulik_170_340.jpg,2026-10-06T17:46:57+02:00
Tesco,"Maso, uzeniny a ryby",24363,Salám bochánek Madrid Krahulík 100 g,salam_bochanek_madrid_krahulik,26.9,32.8,Kč,"26,90 Kč / 100 g",269.0,,True,Clubcard,26.9,-18% Clubcard dnes končí,2026-10-06,https://www.kupi.cz/letaky/tesco,https://img.kupi.cz/kupi/thumbs/salam-bochanek-madrid-krahulik_170_340.jpg,2026-10-06T17:46:57+02:00
Tesco,"Maso, uzeniny a ryby",433779,Salám Fuet Tesco Finest 170 g,salam_fuet_finest,44.9,72.42,Kč,"26,41 Kč / 100 g",264.1,,True,Clubcard,44.9,-38% Clubcard platí do úterý 13. 10.,2026-10-06 - 2026-10-13,https://www.kupi.cz/letak/tesco-supermarket-letak-415?page=4&map=215308515,https://img.kupi.cz/kupi/thumbs/salam-fuet-tesco-finest_170_340.jpg,2026-10-06T17:46:57+02:00
Tesco,"Maso, uzeniny a ryby",159059,Uzená slanina Kostelecké uzeniny 100 g,uzena_slanina_kostelecke_uzeniny,18.9,27.79,Kč,"18,90 Kč / 100 g",189.0,,True,Clubcard,18.9,-32% Clubcard dnes končí,2026-10-06,https://www.kupi.cz/letak/tesco-hypermarket-letak-369?page=16&map=215338113,https://www.kupi.cz/img/no_img/no_discounts.png,2026-10-06T17:46:57+02:00
Tesco,"Maso, uzeniny a ryby",508452,Losos obecný filety Tesco 100 g,losos_obecny_filety,34.9,54.53,Kč,"34,90 Kč / 100 g",349.0,,True,Clubcard,34.9,-36% Clubcard st 7. 10. – út 13. 10.,2026-10-07 - 2026-10-13,https://www.kupi.cz/letak/tesco-supermarket-letak-416?page=4&map=216253131,https://img.kupi.cz/kupi/thumbs/losos-obecny-filety-tesco_170_340.jpg,2026-10-06T17:46:57+02:00
Tesco,"Maso, uzeniny a ryby",134838,Ostravská klobása Tesco 220 g,ostravska_klobasa,49.9,71.29,Kč,"22,68 Kč / 100 g",226.8,,True,Clubcard,49.9,-30% Clubcard st 7. 10. – út 13. 10.,2026-10-07 - 2026-10-13,https://www.kupi.cz/letak/tesco-supermarket-letak-416?page=4&map=216253137,https://img.kupi.cz/kupi/thumbs/ostravska-klobasa-tesco-2_170_340.jpg,2026-10-06T17:46:57+02:00
Tesco,"Maso, uzeniny a ryby",134838,Ostravská klobása Tesco 220 g,ostravska_klobasa,49.9,,Kč,"22,68 Kč / 100 g",226.8,,True,Clubcard,49.9,Clubcard st 7. 10. – út 13. 10.,2026-10-07 - 2026-10-13,https://www.kupi.cz/letak/tesco-hypermarket-letak-370?page=18&map=216580467,https://img.kupi.cz/kupi/thumbs/ostravska-klobasa-tesco-2_170_340.jpg,2026-10-06T17:46:57+02:00
Tesco,"Maso, uzeniny a ryby",134838,Ostravská klobása Tesco 220 g,ostravska_klobasa,71.9,,Kč,"32,68 Kč / 100 g",326.8,,False,,,st 7. 10. – út 13. 10.,2026-10-07 - 2026-10-13,https://www.kupi.cz/letak/tesco-hypermarket-letak-370?page=18&map=216580464,https://img.kupi.cz/kupi/thumbs/ostravska-klobasa-tesco-2_170_340.jpg,2026-10-06T17:46:57+02:00
Tesco,"Maso, uzeniny a ryby",4433,Salám Paprikáš Tesco 100 g,salam_paprikas,23.9,29.87,Kč,"23,90 Kč / 100 g",239.0,,True,Clubcard,23.9,-20% Clubcard platí do úterý 13. 10.,2026-10-06 - 2026-10-13,https://www.kupi.cz/letak/tesco-supermarket-letak-416?page=13&map=216253755,https://www.kupi.cz/img/no_img/no_discounts.png,2026-10-06T17:46:57+02:00
Tesco,"Maso, uzeniny a ryby",258116,Párky kuřecí pochoutkové DZ Klatovy 850 g,parky_kureci_pochoutkove_dz_klatovy,69.9,129.44,Kč,"8,22 Kč / 100 g",82.2,,True,Clubcard,69.9,-46% Clubcard st 14. 10. – út 27. 10.,2026-10-14 - 2026-10-27,https://www.kupi.cz/letak/tesco-hypermarket-znacky-ktere-mate-radi-2?page=4&map=215326557,https://img.kupi.cz/kupi/thumbs/parky-kureci-pochoutkove-dz-klatovy_170_340.png,2026-10-06T17:46:57+02:00
Tesco,"Maso, uzeniny a ryby",101162,Salám špekáčkový točený Krahulík 400 g,salam_spekackovy_toceny_krahulik,69.9,,Kč,"17,48 Kč / 100 g",174.8,,True,Clubcard,69.9,Clubcard st 7. 10. – út 20. 10.,2026-10-07 - 2026-10-20,https://www.kupi.cz/letak/tesco-hypermarket-letak-370?page=5&map=216578832,https://img.kupi.cz/kupi/thumbs/salam-spekackovy-toceny-krahulik-1_170_340.jpg,2026-10-06T17:46:57+02:00
Tesco,"Maso, uzeniny a ryby",101162,Salám špekáčkový točený Krahulík 400 g,salam_spekackovy_toceny_krahulik,83.9,,Kč,"20,98 Kč / 100 g",209.8,,False,,,st 7. 10. – út 20. 10.,2026-10-07 - 2026-10-20,https://www.kupi.cz/letak/tesco-hypermarket-letak-370?page=5&map=216578802,https://img.kupi.cz/kupi/thumbs/salam-spekackovy-toceny-krahulik-1_170_340.jpg,2026-10-06T17:46:57+02:00
Tesco,"Maso, uzeniny a ryby",331453,Hovězí hamburger Tesco Finest 0.33 kg,hovezi_hamburger_finest,99.9,129.74,Kč,"302,73 Kč / 1 kg",302.73,,True,Clubcard,99.9,-23% Clubcard dnes končí,2026-10-06,https://www.kupi.cz/letaky/tesco,https://img.kupi.cz/kupi/thumbs/hovezi-hamburger-tesco-finest-1_170_340.jpg,2026-10-06T17:46:57+02:00
Tesco,"Maso, uzeniny a ryby",185884,Paprikový lalok Kostelecké uzeniny 100 g,paprikovy_lalok_kostelecke_uzeniny,15.9,27.89,Kč,"15,90 Kč / 100 g",159.0,,True,Clubcard,15.9,-43% Clubcard dnes končí,2026-10-06,https://www.kupi.cz/letaky/tesco,https://img.kupi.cz/kupi/thumbs/paprikovy-lalok-kostelecke-uzeniny-1_170_340.png,2026-10-06T17:46:57+02:00
Tesco,"Maso, uzeniny a ryby",8310,Česnekový uzený bok 100 g,cesnekovy_uzeny_bok,18.9,22.77,Kč,"18,90 Kč / 100 g",189.0,,True,Clubcard,18.9,-17% Clubcard dnes končí,2026-10-06,https://www.kupi.cz/letaky/tesco,https://www.kupi.cz/img/no_img/no_discounts.png,2026-10-06T17:46:57+02:00
Tesco,"Maso, uzeniny a ryby",549021,Kabanos vepřový Snack !t Tarczyński 400 g,kabanos_veprovy_snack_t_tarczynski,124.9,168.78,Kč,"31,23 Kč / 100 g",312.3,,True,Clubcard,124.9,-26% Clubcard st 7. 10. – út 3. 11.,2026-10-07 - 2026-11-03,https://www.kupi.cz/letak/tesco-hypermarket-letak-370?page=16&map=216580344,https://img.kupi.cz/kupi/thumbs/kabanos-veprovy-snack-t-tarczynski_170_340.jpg,2026-10-06T17:46:57+02:00
Tesco,"Maso, uzeniny a ryby",178765,Šunka česká výběrová 100 g,sunka_ceska_vyberova,24.9,31.52,Kč,"24,90 Kč / 100 g",249.0,,True,Clubcard,24.9,-21% Clubcard st 7. 10. – út 13. 10.,2026-10-07 - 2026-10-13,https://www.kupi.cz/letak/tesco-hypermarket-letak-370?page=18&map=216580470,https://img.kupi.cz/kupi/thumbs/sunka-ceska-vyberova-1_170_340.jpg,2026-10-06T17:46:57+02:00
Tesco,"Maso, uzeniny a ryby",37006,Moravské maso uzené Tesco 1000 g,moravske_maso_uzene,189.0,248.68,Kč,"18,90 Kč / 100 g",189.0,,True,Clubcard,189.0,-24% Clubcard dnes končí,2026-10-06,https://www.kupi.cz/letaky/tesco,https://img.kupi.cz/kupi/thumbs/moravske-maso-uzene-tesco_170_340.jpg,2026-10-06T17:46:57+02:00
Tesco,"Maso, uzeniny a ryby",348187,Kuřecí filety Tesco 1 kg,kureci_filety,179.9,243.11,Kč,"179,90 Kč / 1 kg",179.9,,True,Clubcard,179.9,-26% Clubcard st 7. 10. – út 13. 10.,2026-10-07 - 2026-10-13,https://www.kupi.cz/letak/tesco-hypermarket-letak-370?page=18&map=216580455,https://img.kupi.cz/kupi/thumbs/kureci-filety-tesco_170_340.jpg,2026-10-06T17:46:57+02:00
Tesco,"Maso, uzeniny a ryby",27729,Špek čertovský 0.1 kg,spek_certovsky,29.9,36.46,Kč,"299,00 Kč / 1 kg",299.0,,True,Clubcard,29.9,-18% Clubcard dnes končí,2026-10-06,https://www.kupi.cz/letaky/tesco,https://www.kupi.cz/img/no_img/no_discounts.png,2026-10-06T17:46:57+02:00
Tesco,"Maso, uzeniny a ryby",447810,Kuřecí hřbety Tesco 1 kg,kureci_hrbety,49.9,67.43,Kč,"49,90 Kč / 1 kg",49.9,,True,Clubcard,49.9,-26% Clubcard st 7. 10. – út 13. 10.,2026-10-07 - 2026-10-13,https://www.kupi.cz/letak/tesco-hypermarket-letak-370?page=13&map=216580233,https://img.kupi.cz/kupi/thumbs/kureci-hrbety-tesco_170_340.jpg,2026-10-06T17:46:57+02:00
Tesco,"Maso, uzeniny a ryby",491130,Jaternicový prejt 100 g,jaternicovy_prejt,9.9,11.79,Kč,"9,90 Kč / 100 g",99.0,,True,Clubcard,9.9,-16% Clubcard st 7. 10. – út 20. 10.,2026-10-07 - 2026-10-20,https://www.kupi.cz/letak/tesco-hypermarket-letak-370?page=18&map=216580491,https://www.kupi.cz/img/no_img/no_discounts.png,2026-10-06T17:46:57+02:00
Tesco,"Maso, uzeniny a ryby",488964,Klobásky pro děti Snackid Kmotr 80 g,klobasky_pro_deti_snackid_kmotr,39.9,44.83,Kč,"49,88 Kč / 100 g",498.8,,True,Clubcard,39.9,-11% Clubcard dnes končí,2026-10-06,https://www.kupi.cz/letaky/tesco,https://img.kupi.cz/kupi/thumbs/klobasky-pro-deti-snackid-kmotr_170_340.jpg,2026-10-06T17:46:57+02:00
Tesco,"Maso, uzeniny a ryby",516558,Klobása Mangalica Csabai 200 g,klobasa_mangalica_csabai,149.9,199.87,Kč,"74,95 Kč / 100 g",749.5,,True,Clubcard,149.9,-25% Clubcard dnes končí,2026-10-06,https://www.kupi.cz/letaky/tesco,https://www.kupi.cz/img/no_img/no_discounts.png,2026-10-06T17:46:57+02:00
Tesco,"Maso, uzeniny a ryby",569361,Salám pivní se zeleným pepřem Beskydské uzeniny Chodura 100 g,salam_pivni_se_zelenym_peprem_beskydske_uzeniny_chodura,19.9,29.7,Kč,"19,90 Kč / 100 g",199.0,,True,Clubcard,19.9,-33% Clubcard platí do úterý 13. 10.,2026-10-06 - 2026-10-13,https://www.kupi.cz/letak/tesco-hypermarket-znacky-ktere-mate-radi-2?page=3&map=215326128,https://img.kupi.cz/kupi/thumbs/salam-pivni-se-zelenym-peprem-beskydske-uzeniny-chodura_170_340.png,2026-10-06T17:46:57+02:00
Tesco,"Maso, uzeniny a ryby",2243,Salám šunkový Tesco 100 g,salam_sunkovy,64.9,74.6,Kč,"64,90 Kč / 100 g",649.0,,True,Clubcard,64.9,-13% Clubcard st 7. 10. – út 20. 10.,2026-10-07 - 2026-10-20,https://www.kupi.cz/letak/tesco-supermarket-letak-416?page=13&map=216253749,https://img.kupi.cz/kupi/thumbs/salam-sunkovy-tesco_170_340.jpg,2026-10-06T17:46:57+02:00
Tesco,"Maso, uzeniny a ryby",466076,Salám Pašerák Pejskar 750 g,salam_paserak_pejskar,119.9,139.42,Kč,"15,99 Kč / 100 g",159.9,,True,Clubcard,119.9,-14% Clubcard st 7. 10. – út 3. 11.,2026-10-07 - 2026-11-03,https://www.kupi.cz/letak/tesco-hypermarket-letak-370?page=16&map=216580332,https://www.kupi.cz/img/no_img/no_discounts.png,2026-10-06T17:46:57+02:00
Tesco,"Maso, uzeniny a ryby",342628,Šunka česká výběrová Beskydské uzeniny Chodura 100 g,sunka_ceska_vyberova_beskydske_uzeniny_chodura,29.9,,Kč,"29,90 Kč / 100 g",299.0,,True,Clubcard,29.9,Clubcard st 7. 10. – út 13. 10.,2026-10-07 - 2026-10-13,https://www.kupi.cz/letak/tesco-hypermarket-letak-370?page=18&map=216580482,https://img.kupi.cz/kupi/thumbs/sunka-ceska-vyberova-beskydske-uzeniny-chodura_170_340.png,2026-10-06T17:46:57+02:00
Tesco,"Maso, uzeniny a ryby",342628,Šunka česká výběrová Beskydské uzeniny Chodura 100 g,sunka_ceska_vyberova_beskydske_uzeniny_chodura,34.9,,Kč,"34,90 Kč / 100 g",349.0,,False,,,st 7. 10. – út 13. 10.,2026-10-07 - 2026-10-13,https://www.kupi.cz/letak/tesco-hypermarket-letak-370?page=18&map=216580473,https://img.kupi.cz/kupi/thumbs/sunka-ceska-vyberova-beskydske-uzeniny-chodura_170_340.png,2026-10-06T17:46:57+02:00
Tesco,"Maso, uzeniny a ryby",535650,Salám Šumavský špičák Maso West 100 g,salam_sumavsky_spicak_maso_west,34.9,44.74,Kč,"34,90 Kč / 100 g",349.0,,True,Clubcard,34.9,-22% Clubcard dnes končí,2026-10-06,https://www.kupi.cz/letaky/tesco,https://www.kupi.cz/img/no_img/no_discounts.png,2026-10-06T17:46:58+02:00
Tesco,"Maso, uzeniny a ryby",511476,Šunka dušená zauzená Krahulík 100 g,sunka_dusena_zauzena_krahulik,23.9,31.87,Kč,"23,90 Kč / 100 g",239.0,,True,Clubcard,23.9,-25% Clubcard dnes končí,2026-10-06,https://www.kupi.cz/letaky/tesco,https://www.kupi.cz/img/no_img/no_discounts.png,2026-10-06T17:46:58+02:00
Tesco,"Maso, uzeniny a ryby",568953,Salám Lovečák Krahulík 100 g,salam_lovecak_krahulik,29.9,39.87,Kč,"29,90 Kč / 100 g",299.0,,True,Clubcard,29.9,-25% Clubcard dnes končí,2026-10-06,https://www.kupi.cz/letaky/tesco,https://img.kupi.cz/kupi/thumbs/salam-lovecak-krahulik_170_340.png,2026-10-06T17:46:58+02:00
Tesco,"Maso, uzeniny a ryby",535632,Klobása Lucifer Csabai 250 g,klobasa_lucifer_csabai,74.9,85.11,Kč,"29,96 Kč / 100 g",299.6,,True,Clubcard,74.9,-12% Clubcard dnes končí,2026-10-06,https://www.kupi.cz/letaky/tesco,https://www.kupi.cz/img/no_img/no_discounts.png,2026-10-06T17:46:58+02:00
Tesco,"Maso, uzeniny a ryby",345658,Mini klobásy Stastnik 70 g,mini_klobasy_stastnik,39.9,51.82,Kč,"57,00 Kč / 100 g",570.0,,True,Clubcard,39.9,-23% Clubcard dnes končí,2026-10-06,https://www.kupi.cz/letak/tesco-hypermarket-letak-369?page=16&map=215338128,https://img.kupi.cz/kupi/thumbs/mini-klobasy-stastnik_170_340.jpg,2026-10-06T17:46:58+02:00
Tesco,"Maso, uzeniny a ryby",503520,Kabanossi Snack !t Extreme Tarczyński 95 g,kabanossi_snack_t_extreme_tarczynski,49.9,69.31,Kč,"52,53 Kč / 100 g",525.3,,True,Clubcard,49.9,-28% Clubcard platí do úterý 13. 10.,2026-10-06 - 2026-10-13,https://www.kupi.cz/letak/tesco-hypermarket-letak-369?page=16&map=215338200,https://www.kupi.cz/img/no_img/no_discounts.png,2026-10-06T17:46:58+02:00
Tesco,"Maso, uzeniny a ryby",569364,Salám pivní se sýrem Beskydské uzeniny Chodura 100 g,salam_pivni_se_syrem_beskydske_uzeniny_chodura,19.9,29.7,Kč,"19,90 Kč / 100 g",199.0,,True,Clubcard,19.9,-33% Clubcard platí do úterý 13. 10.,2026-10-06 - 2026-10-13,https://www.kupi.cz/letak/tesco-hypermarket-znacky-ktere-mate-radi-2?page=3&map=215326161,https://img.kupi.cz/kupi/thumbs/salam-pivni-se-syrem-beskydske-uzeniny-chodura_170_340.png,2026-10-06T17:46:58+02:00
Tesco,"Maso, uzeniny a ryby",434928,Vepřové párky Kostelecké uzeniny 1000 g,veprove_parky_kostelecke_uzeniny,119.9,168.87,Kč,"11,99 Kč / 100 g",119.9,,True,Clubcard,119.9,-29% Clubcard st 7. 10. – út 3. 11.,2026-10-07 - 2026-11-03,https://www.kupi.cz/letak/tesco-hypermarket-letak-370?page=16&map=216580341,https://img.kupi.cz/kupi/thumbs/veprove-parky-kostelecke-uzeniny-1_170_340.png,2026-10-06T17:46:58+02:00
Tesco,"Maso, uzeniny a ryby",541221,Salám měkký Kostelecké uzeniny 400 g,salam_mekky_kostelecke_uzeniny,32.9,47.68,Kč,"8,22 Kč / 100 g",82.2,,True,Clubcard,32.9,-31% Clubcard dnes končí,2026-10-06,https://www.kupi.cz/letaky/tesco,https://img.kupi.cz/kupi/thumbs/salam-mekky-kostelecke-uzeniny_170_340.jpg,2026-10-06T17:46:58+02:00
Tesco,"Maso, uzeniny a ryby",584841,Salám Corizo Maso West 100 g,salam_corizo_maso_west,39.9,49.87,Kč,"39,90 Kč / 100 g",399.0,,True,Clubcard,39.9,-20% Clubcard dnes končí,2026-10-06,https://www.kupi.cz/letaky/tesco,https://www.kupi.cz/img/no_img/no_discounts.png,2026-10-06T17:46:58+02:00
Tesco,"Maso, uzeniny a ryby",584844,Salám Horský Maso West 100 g,salam_horsky_maso_west,34.9,44.74,Kč,"34,90 Kč / 100 g",349.0,,True,Clubcard,34.9,-22% Clubcard dnes končí,2026-10-06,https://www.kupi.cz/letaky/tesco,https://www.kupi.cz/img/no_img/no_discounts.png,2026-10-06T17:46:58+02:00
Tesco,"Maso, uzeniny a ryby",584847,Párky Fitness Maso West 200 g,parky_fitness_maso_west,49.9,69.31,Kč,"24,95 Kč / 100 g",249.5,,True,Clubcard,49.9,-28% Clubcard dnes končí,2026-10-06,https://www.kupi.cz/letaky/tesco,https://www.kupi.cz/img/no_img/no_discounts.png,2026-10-06T17:46:58+02:00
Tesco,"Maso, uzeniny a ryby",584850,Klobásky Fitness Maso West 240 g,klobasky_fitness_maso_west,59.9,79.87,Kč,"24,96 Kč / 100 g",249.6,,True,Clubcard,59.9,-25% Clubcard dnes končí,2026-10-06,https://www.kupi.cz/letaky/tesco,https://www.kupi.cz/img/no_img/no_discounts.png,2026-10-06T17:46:58+02:00
Tesco,"Maso, uzeniny a ryby",511053,Klobása Parazst Csabai 75 g,klobasa_parazst_csabai,29.9,44.63,Kč,"39,87 Kč / 100 g",398.7,,True,Clubcard,29.9,-33% Clubcard dnes končí,2026-10-06,https://www.kupi.cz/letaky/tesco,https://www.kupi.cz/img/no_img/no_discounts.png,2026-10-06T17:46:58+02:00
Tesco,"Maso, uzeniny a ryby",182125,Šunka poctivá Kostelecké uzeniny 100 g,sunka_poctiva_kostelecke_uzeniny,29.9,47.46,Kč,"29,90 Kč / 100 g",299.0,,True,Clubcard,29.9,-37% Clubcard dnes končí,2026-10-06,https://www.kupi.cz/letaky/tesco,https://img.kupi.cz/kupi/thumbs/sunka-poctiva-kostelecke-uzeniny_170_340.jpg,2026-10-06T17:46:58+02:00
Tesco,"Maso, uzeniny a ryby",574161,Snack mini Krahulík 70 g,snack_mini_krahulik,29.9,39.87,Kč,"42,71 Kč / 100 g",427.1,,True,Clubcard,29.9,-25% Clubcard dnes končí,2026-10-06,https://www.kupi.cz/letak/tesco-hypermarket-letak-369?page=16&map=215338131,https://img.kupi.cz/kupi/thumbs/snack-mini-krahulik_170_340.png,2026-10-06T17:46:58+02:00
Tesco,"Maso, uzeniny a ryby",381952,Uzeniny Italské selection Tesco Finest 100 g,uzeniny_italske_selection_finest,99.9,124.88,Kč,"99,90 Kč / 100 g",999.0,,True,Clubcard,99.9,-20% Clubcard st 7. 10. – út 13. 10.,2026-10-07 - 2026-10-13,https://www.kupi.cz/letak/tesco-hypermarket-letak-370?page=21&map=216580686,https://www.kupi.cz/img/no_img/no_discounts.png,2026-10-06T17:46:58+02:00
Tesco,Lahůdky,33090,Olivy Exclusive Franz Josef Kaiser 300 g,olivy_exclusive_franz_josef_kaiser,29.9,57.5,Kč,"9,97 Kč / 100 g",99.7,,True,Clubcard,29.9,-48% Clubcard platí do úterý 27. 10.,2026-10-06 - 2026-10-27,https://www.kupi.cz/letak/tesco-hypermarket-znacky-ktere-mate-radi-2?page=16&map=215327337,https://img.kupi.cz/kupi/thumbs/olivy-exclusive-kaiser-franz-josef_170_340.jpg,2026-10-06T17:47:01+02:00
Tesco,Lahůdky,33090,Olivy Exclusive Franz Josef Kaiser 300 g,olivy_exclusive_franz_josef_kaiser,29.9,57.5,Kč,"9,97 Kč / 100 g",99.7,,True,Clubcard,29.9,-48% Clubcard platí do středy 28. 10.,2026-10-06 - 2026-10-28,https://www.kupi.cz/letak/tesco-hypermarket-letak-370?page=21&map=216580668,https://img.kupi.cz/kupi/thumbs/olivy-exclusive-kaiser-franz-josef_170_340.jpg,2026-10-06T17:47:01+02:00
Tesco,Lahůdky,28813,Sušená rajčata v oleji Exclusive Franz Josef Kaiser 180 g,rajcata,39.9,68.79,Kč,"22,17 Kč / 100 g",221.7,,True,Clubcard,39.9,-42% Clubcard dnes končí,2026-10-06,https://www.kupi.cz/letaky/tesco,https://img.kupi.cz/kupi/thumbs/rajcata-susena-kaiser-franz-josef_170_340.jpg,2026-10-06T17:47:01+02:00
Tesco,Lahůdky,369428,Hotová jídla Good Lunch Bonduelle 250 g,hotova_jidla_good_lunch_bonduelle,54.9,99.82,Kč,"21,96 Kč / 100 g",219.6,,True,Clubcard,54.9,-45% Clubcard platí do úterý 27. 10.,2026-10-06 - 2026-10-27,https://www.kupi.cz/letak/tesco-hypermarket-znacky-ktere-mate-radi-2?page=12&map=215327106,https://img.kupi.cz/kupi/thumbs/hotova-jidla-good-lunch-bonduelle_170_340.png,2026-10-06T17:47:01+02:00
Tesco,Lahůdky,1492,Salát vlašský 100 g,salat_vlassky,9.9,14.78,Kč,"9,90 Kč / 100 g",99.0,,True,Clubcard,9.9,-33% Clubcard dnes končí,2026-10-06,https://www.kupi.cz/letak/tesco-hypermarket-letak-369?page=5&map=215327205,https://img.kupi.cz/kupi/thumbs/salat-vlassky_170_340.jpg,2026-10-06T17:47:01+02:00
Tesco,Lahůdky,1976,Rybí pepřenky Varmuža 200 g,rybi_peprenky_varmuza,26.9,39.56,Kč,"13,45 Kč / 100 g",134.5,,True,Clubcard,26.9,-32% Clubcard dnes končí,2026-10-06,https://www.kupi.cz/letak/tesco-hypermarket-letak-369?page=18&map=215338290,https://img.kupi.cz/kupi/thumbs/rybi-peprenky-varmuza_170_340.jpg,2026-10-06T17:47:01+02:00
Tesco,Lahůdky,379891,Kimchi Beavia 350 g,kimchi_beavia,144.9,168.49,Kč,"41,40 Kč / 100 g",414.0,,True,Clubcard,144.9,-14% Clubcard platí do úterý 27. 10.,2026-10-06 - 2026-10-27,https://www.kupi.cz/letak/tesco-hypermarket-znacky-ktere-mate-radi-2?page=8&map=215326914,https://img.kupi.cz/kupi/thumbs/kimchi-beavia-1_170_340.png,2026-10-06T17:47:01+02:00
Tesco,Lahůdky,972,Utopenci Viva 1550 g,utopenci_viva,139.9,218.59,Kč,"9,03 Kč / 100 g",90.3,,True,Clubcard,139.9,-36% Clubcard platí do úterý 27. 10.,2026-10-06 - 2026-10-27,https://www.kupi.cz/letak/tesco-hypermarket-znacky-ktere-mate-radi-2?page=12&map=215327085,https://img.kupi.cz/kupi/thumbs/utopenci-viva-carne_170_340.jpg,2026-10-06T17:47:01+02:00
Tesco,Lahůdky,331156,Vepřové trhané maso sous vide Krahulík 0.3 kg,veprove_trhane_maso_sous_vide_krahulik,69.9,84.22,Kč,"233,00 Kč / 1 kg",233.0,,True,Clubcard,69.9,-17% Clubcard st 7. 10. – út 13. 10.,2026-10-07 - 2026-10-13,https://www.kupi.cz/letak/tesco-hypermarket-letak-370?page=13&map=216580242,https://img.kupi.cz/kupi/thumbs/veprove-trhane-maso-sous-vide-krahulik-1_170_340.jpg,2026-10-06T17:47:01+02:00
Tesco,Lahůdky,1682,Salát hermelínový 100 g,salat_hermelinovy,14.9,21.59,Kč,"14,90 Kč / 100 g",149.0,,True,Clubcard,14.9,-31% Clubcard st 7. 10. – út 13. 10.,2026-10-07 - 2026-10-13,https://www.kupi.cz/letak/tesco-hypermarket-letak-370?page=4&map=216578397,https://img.kupi.cz/kupi/thumbs/salat-hermelinovy_170_340.png,2026-10-06T17:47:01+02:00
Tesco,Lahůdky,487302,Vývar Cibule Bistro 1 l,vyvar_cibule_bistro,79.9,94.0,Kč,"79,90 Kč / 1 l",,,True,Clubcard,79.9,-15% Clubcard platí do úterý 13. 10.,2026-10-06 - 2026-10-13,https://www.kupi.cz/letak/tesco-hypermarket-letak-369?page=8&map=215327289,https://img.kupi.cz/kupi/thumbs/vyvar-cibule-bistro_170_340.jpg,2026-10-06T17:47:01+02:00
Tesco,Lahůdky,180424,Pomazánka Cottage s tuňákem Krajánek 100 g,pomazanka_cottage_s_tunakem_krajanek,19.9,27.64,Kč,"19,90 Kč / 100 g",199.0,,True,Clubcard,19.9,-28% Clubcard platí do úterý 13. 10.,2026-10-06 - 2026-10-13,https://www.kupi.cz/letak/tesco-supermarket-letak-416?page=13&map=216253764,https://img.kupi.cz/kupi/thumbs/pomazanka-cottage-s-tunakem-krajanek-1_170_340.jpg,2026-10-06T17:47:01+02:00
Tesco,Lahůdky,36140,Tlačenka venkovská Krásno 450 g,tlacenka_venkovska_krasno,79.9,137.76,Kč,"17,76 Kč / 100 g",177.6,,True,Clubcard,79.9,-42% Clubcard platí do úterý 13. 10.,2026-10-06 - 2026-10-13,https://www.kupi.cz/letak/tesco-hypermarket-letak-369?page=15&map=215337657,https://img.kupi.cz/kupi/thumbs/tlacenka-venkovska-krasno_170_340.png,2026-10-06T17:47:01+02:00
Tesco,Lahůdky,127167,Pomazánka Cottage Krajánek 100 g,pomazanka_cottage_krajanek,19.9,27.64,Kč,"19,90 Kč / 100 g",199.0,,True,Clubcard,19.9,-28% Clubcard platí do úterý 13. 10.,2026-10-06 - 2026-10-13,https://www.kupi.cz/letak/tesco-supermarket-letak-415?page=11&map=215324844,https://img.kupi.cz/kupi/thumbs/pomazanka-cottage-krajanek-1_170_340.jpg,2026-10-06T17:47:01+02:00
Tesco,Lahůdky,127167,Pomazánka Cottage Krajánek 100 g,pomazanka_cottage_krajanek,19.9,27.64,Kč,"19,90 Kč / 100 g",199.0,,True,Clubcard,19.9,-28% Clubcard platí do úterý 13. 10.,2026-10-06 - 2026-10-13,https://www.kupi.cz/letak/tesco-hypermarket-znacky-ktere-mate-radi-2?page=6&map=215326869,https://img.kupi.cz/kupi/thumbs/pomazanka-cottage-krajanek-1_170_340.jpg,2026-10-06T17:47:01+02:00
Tesco,Lahůdky,43434,Pomazánka třená niva 100 g,pomazanka_trena_niva,19.9,24.87,Kč,"19,90 Kč / 100 g",199.0,,True,Clubcard,19.9,-20% Clubcard dnes končí,2026-10-06,https://www.kupi.cz/letak/tesco-hypermarket-letak-369?page=5&map=215327211,https://img.kupi.cz/kupi/thumbs/pomazanka-trena-niva_170_340.png,2026-10-06T17:47:01+02:00
Tesco,Lahůdky,62515,Trhané vepřové Sous vide Tesco Finest 0.4 kg,trhane_veprove_sous_vide_finest,89.9,104.53,Kč,"224,75 Kč / 1 kg",224.75,,True,Clubcard,89.9,-14% Clubcard dnes končí,2026-10-06,https://www.kupi.cz/letak/tesco-hypermarket-letak-369?page=16&map=215338089,https://img.kupi.cz/kupi/thumbs/trhane-veprove-sous-vide-tesco-finest_170_340.jpg,2026-10-06T17:47:01+02:00
Tesco,Lahůdky,6765,Uzenáčky v rosolu Varmuža 200 g,uzenacky_v_rosolu_varmuza,39.9,51.82,Kč,"19,95 Kč / 100 g",199.5,,True,Clubcard,39.9,-23% Clubcard dnes končí,2026-10-06,https://www.kupi.cz/letak/tesco-hypermarket-letak-369?page=16&map=215338206,https://img.kupi.cz/kupi/thumbs/uzenacky-v-rosolu-varmuza_170_340.png,2026-10-06T17:47:01+02:00
Tesco,Lahůdky,14646,Utopenci Lahůdky Palma 500 g,utopenci_lahudky_palma,59.9,85.57,Kč,"11,98 Kč / 100 g",119.8,,True,Clubcard,59.9,-30% Clubcard st 7. 10. – út 13. 10.,2026-10-07 - 2026-10-13,https://www.kupi.cz/letak/tesco-hypermarket-letak-370?page=18&map=216580494,https://img.kupi.cz/kupi/thumbs/utopenci-palma_170_340.jpg,2026-10-06T17:47:01+02:00
Tesco,Lahůdky,8492,Jitrnice Tesco 360 g,jitrnice,49.9,72.32,Kč,"13,86 Kč / 100 g",138.6,,True,Clubcard,49.9,-31% Clubcard platí do úterý 13. 10.,2026-10-06 - 2026-10-13,https://www.kupi.cz/letak/tesco-hypermarket-letak-369?page=15&map=215337621,https://img.kupi.cz/kupi/thumbs/jitrnice-tesco-2_170_340.jpg,2026-10-06T17:47:01+02:00
Tesco,Lahůdky,25351,Jelítkový prejt Krásno 450 g,jelitkovy_prejt_krasno,49.9,59.4,Kč,"11,09 Kč / 100 g",110.9,,True,Clubcard,49.9,-16% Clubcard dnes končí,2026-10-06,https://www.kupi.cz/letak/tesco-hypermarket-letak-369?page=15&map=215337654,https://img.kupi.cz/kupi/thumbs/jelitkovy-prejt-krasno_170_340.png,2026-10-06T17:47:02+02:00
Tesco,Lahůdky,354076,Tlačenka šunková Krahulík 100 g,tlacenka_sunkova_krahulik,14.9,18.86,Kč,"14,90 Kč / 100 g",149.0,,True,Clubcard,14.9,-21% Clubcard platí do úterý 13. 10.,2026-10-06 - 2026-10-13,https://www.kupi.cz/letak/tesco-hypermarket-letak-369?page=15&map=215337636,https://img.kupi.cz/kupi/thumbs/tlacenka-sunkova-krahulik_170_340.jpg,2026-10-06T17:47:02+02:00
Tesco,Lahůdky,232116,Rybí pomazánka Hamé 100 g,rybi_pomazanka_hame,26.9,49.81,Kč,"26,90 Kč / 100 g",269.0,,True,Clubcard,26.9,-46% Clubcard platí do neděle 25. 10.,2026-10-06 - 2026-10-25,https://www.kupi.cz/letak/tesco-hypermarket-znacky-ktere-mate-radi-2?page=14&map=215327229,https://img.kupi.cz/kupi/thumbs/rybi-pomazanka-hame_170_340.jpg,2026-10-06T17:47:02+02:00
Tesco,Lahůdky,19784,Salát hanácký Delika 150 g,salat_hanacky_delika,16.9,23.8,Kč,"11,27 Kč / 100 g",112.7,,True,Clubcard,16.9,-29% Clubcard dnes končí,2026-10-06,https://www.kupi.cz/letak/tesco-hypermarket-letak-369?page=18&map=215338287,https://img.kupi.cz/kupi/thumbs/salat-hanacky-delika-1_170_340.jpg,2026-10-06T17:47:02+02:00
Tesco,Lahůdky,310733,Tagliatelle s kuřecím masem Tesco 400 g,tagliatelle_s_kurecim_masem,69.9,89.62,Kč,"17,48 Kč / 100 g",174.8,,True,Clubcard,69.9,-22% Clubcard dnes končí,2026-10-06,https://www.kupi.cz/letak/tesco-hypermarket-letak-369?page=18&map=215338296,https://www.kupi.cz/img/no_img/no_discounts.png,2026-10-06T17:47:02+02:00
Tesco,Lahůdky,264950,Vepřový zabijačkový balíček Tesco 1 kg,veprovy_zabijackovy_balicek,84.9,99.88,Kč,"84,90 Kč / 1 kg",84.9,,True,Clubcard,84.9,-15% Clubcard dnes končí,2026-10-06,https://www.kupi.cz/letak/tesco-hypermarket-letak-369?page=15&map=215337603,https://img.kupi.cz/kupi/thumbs/veprovy-zabijackovy-balicek-tesco_170_340.jpg,2026-10-06T17:47:02+02:00
Tesco,Lahůdky,395188,Křupavé škvarky Krásno 200 g,krupave_skvarky_krasno,64.9,79.15,Kč,"32,45 Kč / 100 g",324.5,,True,Clubcard,64.9,-18% Clubcard platí do úterý 13. 10.,2026-10-06 - 2026-10-13,https://www.kupi.cz/letak/tesco-hypermarket-letak-369?page=15&map=215337651,https://img.kupi.cz/kupi/thumbs/krupave-skvarky-krasno_170_340.png,2026-10-06T17:47:02+02:00
Tesco,Lahůdky,583725,Salát Treska Exclusiv Radoma 140 g,salat_treska_exclusiv_radoma,29.9,,Kč,"21,36 Kč / 100 g",213.6,,True,Clubcard,29.9,Clubcard platí do úterý 13. 10.,2026-10-06 - 2026-10-13,https://www.kupi.cz/letak/tesco-hypermarket-letak-369?page=33&map=215338986,https://img.kupi.cz/kupi/thumbs/salat-treska-exclusiv-radoma_170_340.jpg,2026-10-06T17:47:02+02:00
Tesco,Lahůdky,583725,Salát Treska Exclusiv Radoma 140 g,salat_treska_exclusiv_radoma,36.9,,Kč,"26,36 Kč / 100 g",263.6,,False,,,platí do úterý 13. 10.,2026-10-06 - 2026-10-13,https://www.kupi.cz/letak/tesco-hypermarket-letak-369?page=33&map=215338980,https://img.kupi.cz/kupi/thumbs/salat-treska-exclusiv-radoma_170_340.jpg,2026-10-06T17:47:02+02:00
Tesco,Lahůdky,329950,Špagety Bolognese Tesco 400 g,spagety_bolognese,69.9,89.62,Kč,"17,48 Kč / 100 g",174.8,,True,Clubcard,69.9,-22% Clubcard dnes končí,2026-10-06,https://www.kupi.cz/letak/tesco-supermarket-letak-415?page=11&map=215324850,https://www.kupi.cz/img/no_img/no_discounts.png,2026-10-06T17:47:02+02:00
Tesco,Lahůdky,570783,Omáčky hotové Spak 350 g,omacky_hotove_spak,54.9,79.57,Kč,"15,69 Kč / 100 g",156.9,,True,Clubcard,54.9,-31% Clubcard platí do úterý 13. 10.,2026-10-06 - 2026-10-13,https://www.kupi.cz/letak/tesco-hypermarket-znacky-ktere-mate-radi-2?page=18&map=215327394,https://img.kupi.cz/kupi/thumbs/omacky-hotove-spak-1_170_340.jpg,2026-10-06T17:47:02+02:00
Tesco,Lahůdky,553686,Šunka Coppa a sýr Iberico Tesco Finest 90 g,sunka_coppa_a_syr_iberico_finest,109.9,129.29,Kč,"122,11 Kč / 100 g",1221.1,,True,Clubcard,109.9,-15% Clubcard dnes končí,2026-10-06,https://www.kupi.cz/letaky/tesco,https://www.kupi.cz/img/no_img/no_discounts.png,2026-10-06T17:47:02+02:00
Tesco,Lahůdky,429054,Pomazánka česneková Tesco 135 g,pomazanka_cesnekova,21.9,24.89,Kč,"16,22 Kč / 100 g",162.2,,True,Clubcard,21.9,-12% Clubcard dnes končí,2026-10-06,https://www.kupi.cz/letak/tesco-supermarket-letak-415?page=11&map=215324847,https://img.kupi.cz/kupi/thumbs/pomazanka-cesnekova-tesco_170_340.png,2026-10-06T17:47:02+02:00
Tesco,Lahůdky,586170,Salát Treska Radoma 140 g,salat_treska_radoma,21.9,27.72,Kč,"15,64 Kč / 100 g",156.4,,True,Clubcard,21.9,-21% Clubcard platí do úterý 13. 10.,2026-10-06 - 2026-10-13,https://www.kupi.cz/letak/tesco-hypermarket-letak-369?page=33&map=215338977,https://www.kupi.cz/img/no_img/no_discounts.png,2026-10-06T17:47:02+02:00
Tesco,Lahůdky,587814,Smažený eidam s bramborem Lakmilk 380 g,smazeny_eidam_s_bramborem_lakmilk,74.9,89.17,Kč,"19,71 Kč / 100 g",197.1,,True,Clubcard,74.9,-16% Clubcard st 7. 10. – út 13. 10.,2026-10-07 - 2026-10-13,https://www.kupi.cz/letak/tesco-hypermarket-letak-370?page=19&map=216580518,https://www.kupi.cz/img/no_img/no_discounts.png,2026-10-06T17:47:02+02:00
Tesco,Lahůdky,579144,Pizza Tesco Finest 380 g,pizza_finest,109.9,124.89,Kč,"28,92 Kč / 100 g",289.2,,True,Clubcard,109.9,-12% Clubcard st 7. 10. – út 13. 10.,2026-10-07 - 2026-10-13,https://www.kupi.cz/letak/tesco-hypermarket-letak-370?page=21&map=216580680,https://img.kupi.cz/kupi/thumbs/pizza-tesco-finest-1_170_340.jpg,2026-10-06T17:47:02+02:00
Tesco,Lahůdky,517347,Masový a sýrový talíř Tesco Finest 130 g,masovy_a_syrovy_talir_finest,109.9,129.29,Kč,"84,54 Kč / 100 g",845.4,,True,Clubcard,109.9,-15% Clubcard st 7. 10. – út 20. 10.,2026-10-07 - 2026-10-20,https://www.kupi.cz/letak/tesco-hypermarket-letak-370?page=21&map=216580692,https://img.kupi.cz/kupi/thumbs/masovy-a-syrovy-talir-tesco-finest_170_340.jpg,2026-10-06T17:47:02+02:00
Tesco,Konzervy,6,Okurky Znojmia 680 g,okurka,49.9,86.03,Kč,"7,34 Kč / 100 g",73.4,,True,Clubcard,49.9,-42% Clubcard platí do úterý 13. 10.,2026-10-06 - 2026-10-13,https://www.kupi.cz/letak/tesco-supermarket-letak-415?page=7&map=215313264,https://img.kupi.cz/kupi/thumbs/okurky-znojmia_170_340.jpg,2026-10-06T17:47:04+02:00
Tesco,Konzervy,1276,Tuňák v oleji Rio Mare 160 g,tunak_v_oleji_rio_mare,199.9,281.55,Kč,"41,65 Kč / 100 g",1249.38,,True,Clubcard,199.9,-29% Clubcard st 7. 10. – út 20. 10.,2026-10-07 - 2026-10-20,https://www.kupi.cz/letak/tesco-supermarket-letak-416?page=5&map=216253194,https://img.kupi.cz/kupi/thumbs/tunak-v-oleji-rio-mare_170_340.gif,2026-10-06T17:47:04+02:00
Tesco,Konzervy,4009,Tuňák Exclusive Franz Josef Kaiser,tunak_exclusive_franz_josef_kaiser,39.9,88.67,Kč,"23,47 Kč / 100 g",234.7,,False,,,-55% st 14. 10. – út 27. 10.,2026-10-14 - 2026-10-27,https://www.kupi.cz/letak/tesco-hypermarket-znacky-ktere-mate-radi-2?page=16&map=215327307,https://img.kupi.cz/kupi/thumbs/tunak-franz-josef_170_340.jpg,2026-10-06T17:47:04+02:00
Tesco,Konzervy,4009,Tuňák Exclusive Franz Josef Kaiser,tunak_exclusive_franz_josef_kaiser,49.9,84.58,Kč,"31,19 Kč / 100 g",311.9,,True,Clubcard,49.9,-41% Clubcard platí do úterý 13. 10.,2026-10-06 - 2026-10-13,https://www.kupi.cz/letak/tesco-hypermarket-letak-369?page=8&map=215327304,https://img.kupi.cz/kupi/thumbs/tunak-franz-josef_170_340.jpg,2026-10-06T17:47:04+02:00
Tesco,Konzervy,496,Salát Insalatissime Rio Mare 160 g,salat_insalatissime_rio_mare,54.9,69.49,Kč,"34,31 Kč / 100 g",343.1,,False,,,-21% dnes končí,2026-10-06,https://www.kupi.cz/letak/tesco-supermarket-letak-415?page=2&map=215308407,https://img.kupi.cz/kupi/thumbs/salat-insalatissime-rio-mare_170_340.jpg,2026-10-06T17:47:04+02:00
Tesco,Konzervy,43777,Tuňák Rio Mare 160 g,tunak_rio_mare,69.9,99.86,Kč,"43,69 Kč / 100 g",436.9,,True,Clubcard,69.9,-30% Clubcard dnes končí,2026-10-06,https://www.kupi.cz/letaky/tesco,https://img.kupi.cz/kupi/thumbs/tunak-rio-mare-2_170_340.jpg,2026-10-06T17:47:04+02:00
Tesco,Konzervy,1980,Maso vepřové ve vlastní šťávě Meining 400 g,maso_veprove_ve_vlastni_stave_meining,49.9,77.97,Kč,"12,47 Kč / 100 g",124.7,,True,Clubcard,49.9,-36% Clubcard st 7. 10. – út 20. 10.,2026-10-07 - 2026-10-20,https://www.kupi.cz/letak/tesco-supermarket-letak-416?page=9&map=216253371,https://img.kupi.cz/kupi/thumbs/maso-veprove-ve-vlastni-stave-meining_170_340.jpg,2026-10-06T17:47:04+02:00
Tesco,Konzervy,1469,Okurky delikates Efko 670 g,okurka,53.9,86.94,Kč,"8,04 Kč / 100 g",80.4,,True,Clubcard,53.9,-38% Clubcard platí do úterý 27. 10.,2026-10-06 - 2026-10-27,https://www.kupi.cz/letak/tesco-hypermarket-znacky-ktere-mate-radi-2?page=12&map=215327082,https://img.kupi.cz/kupi/thumbs/okurky-delikates-efko_170_340.jpg,2026-10-06T17:47:04+02:00
Tesco,Konzervy,4910,Sardinky Giana 125 g,sardinky_giana,21.9,36.5,Kč,"17,52 Kč / 100 g",175.2,,True,Clubcard,21.9,-40% Clubcard dnes končí,2026-10-06,https://www.kupi.cz/letak/tesco-supermarket-letak-415?page=4&map=215308482,https://img.kupi.cz/kupi/thumbs/sardinky-giana_170_340.png,2026-10-06T17:47:04+02:00
Tesco,Konzervy,4910,Sardinky Giana 125 g,sardinky_giana,24.9,36.62,Kč,"19,92 Kč / 100 g",199.2,,True,Clubcard,24.9,-32% Clubcard platí do úterý 13. 10.,2026-10-06 - 2026-10-13,https://www.kupi.cz/letak/tesco-supermarket-letak-415?page=4&map=215308479,https://img.kupi.cz/kupi/thumbs/sardinky-giana_170_340.png,2026-10-06T17:47:04+02:00
Tesco,Konzervy,280,Játra tresčí Giana 115 g,jatra_tresci_giana,49.9,81.8,Kč,"43,39 Kč / 100 g",433.9,,True,Clubcard,49.9,-39% Clubcard st 7. 10. – út 20. 10.,2026-10-07 - 2026-10-20,https://www.kupi.cz/letak/tesco-supermarket-letak-416?page=9&map=216253368,https://img.kupi.cz/kupi/thumbs/tresci-jatra-giana_170_340.jpg,2026-10-06T17:47:04+02:00
Tesco,Konzervy,4442,Paštiky Hamé 120 g,pastiky_hame,19.9,29.7,Kč,"16,58 Kč / 100 g",165.8,,True,Clubcard,19.9,-33% Clubcard platí do úterý 13. 10.,2026-10-06 - 2026-10-13,https://www.kupi.cz/letak/tesco-hypermarket-letak-369?page=21&map=215338560,https://img.kupi.cz/kupi/thumbs/pastiky-hame_170_340.png,2026-10-06T17:47:04+02:00
Tesco,Konzervy,101604,Tuňák v oleji Exclusive Franz Josef Kaiser 385 g,tunak_v_oleji_exclusive_franz_josef_kaiser,129.9,182.96,Kč,"33,74 Kč / 100 g",337.4,,True,Clubcard,129.9,-29% Clubcard st 7. 10. – út 20. 10.,2026-10-07 - 2026-10-20,https://www.kupi.cz/letak/tesco-supermarket-letak-416?page=5&map=216253197,https://img.kupi.cz/kupi/thumbs/tunak-v-oleji-exclusive-franz-josef-kaiser_170_340.jpg,2026-10-06T17:47:04+02:00
Tesco,Konzervy,4413,Vepřové maso ve vlastní šťávě Hamé 400 g,veprove_maso_ve_vlastni_stave_hame,59.9,89.4,Kč,"14,97 Kč / 100 g",149.7,,True,Clubcard,59.9,-33% Clubcard dnes končí,2026-10-06,https://www.kupi.cz/letaky/tesco,https://img.kupi.cz/kupi/thumbs/veprove-maso-ve-vlastni-stave-hame-1_170_340.jpg,2026-10-06T17:47:04+02:00
Tesco,Konzervy,1470,Kompot ananas Giana 565 g,kompot_ananas_giana,49.9,59.4,Kč,"8,83 Kč / 100 g",88.3,,True,Clubcard,49.9,-16% Clubcard dnes končí,2026-10-06,https://www.kupi.cz/letaky/tesco,https://img.kupi.cz/kupi/thumbs/kompot-ananas-giana_170_340.jpg,2026-10-06T17:47:04+02:00
Tesco,Konzervy,12671,Okurky Machland,okurka,64.9,78.19,Kč,"4,19 Kč / 100 g",41.9,,True,Clubcard,64.9,-17% Clubcard st 14. 10. – út 27. 10.,2026-10-14 - 2026-10-27,https://www.kupi.cz/letak/tesco-hypermarket-znacky-ktere-mate-radi-2?page=13&map=215327127,https://img.kupi.cz/kupi/thumbs/okurky-machland_170_340.jpg,2026-10-06T17:47:04+02:00
Tesco,Konzervy,12671,Okurky Machland,okurka,32.9,65.8,Kč,"6,09 Kč / 100 g",60.9,,True,Clubcard,32.9,-50% Clubcard st 14. 10. – út 27. 10.,2026-10-14 - 2026-10-27,https://www.kupi.cz/letak/tesco-hypermarket-znacky-ktere-mate-radi-2?page=13&map=215327214,https://img.kupi.cz/kupi/thumbs/okurky-machland_170_340.jpg,2026-10-06T17:47:04+02:00
Tesco,Konzervy,12671,Okurky Machland,okurka,49.9,73.38,Kč,"7,23 Kč / 100 g",72.3,,True,Clubcard,49.9,-32% Clubcard st 14. 10. – út 27. 10.,2026-10-14 - 2026-10-27,https://www.kupi.cz/letak/tesco-hypermarket-znacky-ktere-mate-radi-2?page=13&map=215327130,https://img.kupi.cz/kupi/thumbs/okurky-machland_170_340.jpg,2026-10-06T17:47:04+02:00
Tesco,Konzervy,279310,Fazole Heinz 415 g,fazole_heinz,39.9,67.63,Kč,"9,61 Kč / 100 g",96.1,,True,Clubcard,39.9,-41% Clubcard platí do úterý 27. 10.,2026-10-06 - 2026-10-27,https://www.kupi.cz/letak/tesco-hypermarket-znacky-ktere-mate-radi-2?page=13&map=215327109,https://img.kupi.cz/kupi/thumbs/fazole-heinz_170_340.png,2026-10-06T17:47:04+02:00
Tesco,Konzervy,7095,Feferony pálivé Efko 300 g,feferony_palive_efko,29.9,59.8,Kč,"9,97 Kč / 100 g",99.7,,True,Clubcard,29.9,-50% Clubcard platí do úterý 27. 10.,2026-10-06 - 2026-10-27,https://www.kupi.cz/letak/tesco-hypermarket-znacky-ktere-mate-radi-2?page=12&map=215327079,https://img.kupi.cz/kupi/thumbs/feferony-palive-efko-1_170_340.jpg,2026-10-06T17:47:04+02:00
Tesco,Konzervy,27738,Konzervy Bon Menu Bonduelle 430 g,konzervy_bon_menu_bonduelle,39.9,68.79,Kč,"9,28 Kč / 100 g",92.8,,True,Clubcard,39.9,-42% Clubcard platí do úterý 13. 10.,2026-10-06 - 2026-10-13,https://www.kupi.cz/letak/tesco-hypermarket-letak-369?page=21&map=215338554,https://img.kupi.cz/kupi/thumbs/konzervy-bon-menu-bonduelle_170_340.png,2026-10-06T17:47:04+02:00
Tesco,Konzervy,13763,Okurky delikates Machland 670 g,okurka,44.9,84.72,Kč,"6,70 Kč / 100 g",67.0,,True,Clubcard,44.9,-47% Clubcard st 14. 10. – út 27. 10.,2026-10-14 - 2026-10-27,https://www.kupi.cz/letak/tesco-hypermarket-znacky-ktere-mate-radi-2?page=13&map=215327121,https://img.kupi.cz/kupi/thumbs/okurky-delikates-machland_170_340.jpg,2026-10-06T17:47:04+02:00
Tesco,Konzervy,12357,Tuňák Wellness Nekton 185 g,tunak_wellness_nekton,39.9,68.79,Kč,"21,57 Kč / 100 g",215.7,,True,Clubcard,39.9,-42% Clubcard platí do neděle 25. 10.,2026-10-06 - 2026-10-25,https://www.kupi.cz/letak/tesco-hypermarket-letak-369?page=8&map=215327313,https://img.kupi.cz/kupi/thumbs/wellness-tunak-nekton_170_340.jpg,2026-10-06T17:47:06+02:00
Tesco,Konzervy,27705,Okurky Cornichons Machland 550 g,okurka,49.9,64.81,Kč,"9,07 Kč / 100 g",90.7,,True,Clubcard,49.9,-23% Clubcard st 14. 10. – út 27. 10.,2026-10-14 - 2026-10-27,https://www.kupi.cz/letak/tesco-hypermarket-znacky-ktere-mate-radi-2?page=13&map=215327124,https://img.kupi.cz/kupi/thumbs/okurky-cornichons-machland_170_340.png,2026-10-06T17:47:06+02:00
Tesco,Konzervy,56020,Kompot broskve Viva 1680 g,kompot_broskve_viva,87.9,154.21,Kč,"5,23 Kč / 100 g",52.3,,True,Clubcard,87.9,-43% Clubcard platí do úterý 13. 10.,2026-10-06 - 2026-10-13,https://www.kupi.cz/letak/tesco-hypermarket-letak-369?page=8&map=215327319,https://img.kupi.cz/kupi/thumbs/kompot-broskve-viva-fruit_170_340.png,2026-10-06T17:47:06+02:00
Tesco,Konzervy,30283,Salát s tuňákem Wellness Nekton 160 g,salat_s_tunakem_wellness_nekton,49.9,74.48,Kč,"31,19 Kč / 100 g",311.9,,True,Clubcard,49.9,-33% Clubcard st 7. 10. – út 20. 10.,2026-10-07 - 2026-10-20,https://www.kupi.cz/letak/tesco-hypermarket-letak-370?page=22&map=216580704,https://img.kupi.cz/kupi/thumbs/salat-s-tunakem-wellness-nekton-1_170_340.jpg,2026-10-06T17:47:06+02:00
Tesco,Konzervy,368075,Kompot třešně Viva 680 g,kompot_tresne_viva,44.9,59.87,Kč,"6,60 Kč / 100 g",66.0,,True,Clubcard,44.9,-25% Clubcard platí do úterý 13. 10.,2026-10-06 - 2026-10-13,https://www.kupi.cz/letak/tesco-hypermarket-znacky-ktere-mate-radi-2?page=12&map=215327103,https://img.kupi.cz/kupi/thumbs/kompot-tresne-viva_170_340.jpg,2026-10-06T17:47:06+02:00
Tesco,Konzervy,392569,Tuňák kousky Hamé 80 g,tunak_kousky_hame,34.9,59.15,Kč,"43,62 Kč / 100 g",436.2,,True,Clubcard,34.9,-41% Clubcard platí do neděle 25. 10.,2026-10-06 - 2026-10-25,https://www.kupi.cz/letak/tesco-hypermarket-znacky-ktere-mate-radi-2?page=14&map=215327232,https://img.kupi.cz/kupi/thumbs/tunak-kousky-hame_170_340.png,2026-10-06T17:47:06+02:00
Tesco,Konzervy,87705,Konzervy Hamé 192 g,konzervy_hame,24.9,29.64,Kč,"12,97 Kč / 100 g",129.7,,True,Clubcard,24.9,-16% Clubcard st 7. 10. – út 3. 11.,2026-10-07 - 2026-11-03,https://www.kupi.cz/letak/tesco-hypermarket-letak-370?page=8&map=216579402,https://img.kupi.cz/kupi/thumbs/konzervy-hame_170_340.jpg,2026-10-06T17:47:06+02:00
Tesco,Konzervy,446121,Kompot višně Viva 680 g,kompot_visne_viva,49.9,59.4,Kč,"7,34 Kč / 100 g",73.4,,True,Clubcard,49.9,-16% Clubcard platí do úterý 13. 10.,2026-10-06 - 2026-10-13,https://www.kupi.cz/letak/tesco-hypermarket-znacky-ktere-mate-radi-2?page=12&map=215327100,https://img.kupi.cz/kupi/thumbs/kompot-visne-viva_170_340.jpg,2026-10-06T17:47:06+02:00
Tesco,Konzervy,7082,Paštika Tesco 150 g,pastika,19.9,23.69,Kč,"13,27 Kč / 100 g",132.7,,True,Clubcard,19.9,-16% Clubcard st 7. 10. – út 13. 10.,2026-10-07 - 2026-10-13,https://www.kupi.cz/letak/tesco-supermarket-letak-416?page=4&map=216253140,https://img.kupi.cz/kupi/thumbs/pastika-tesco_170_340.jpg,2026-10-06T17:47:06+02:00
Tesco,Konzervy,421038,Červená řepa s křenem Beavia 350 g,cervena_repa_s_krenem_beavia,109.9,,Kč,"31,40 Kč / 100 g",314.0,,True,Clubcard,109.9,Clubcard platí do úterý 27. 10.,2026-10-06 - 2026-10-27,https://www.kupi.cz/letak/tesco-hypermarket-znacky-ktere-mate-radi-2?page=8&map=215326926,https://img.kupi.cz/kupi/thumbs/cervena-repa-s-krenem-beavia_170_340.jpg,2026-10-06T17:47:06+02:00
Tesco,Konzervy,486975,Okurky Bob a Bobek Machland 330 g,okurka,34.9,51.32,Kč,"10,58 Kč / 100 g",105.8,,True,Clubcard,34.9,-32% Clubcard st 14. 10. – út 27. 10.,2026-10-14 - 2026-10-27,https://www.kupi.cz/letak/tesco-hypermarket-znacky-ktere-mate-radi-2?page=13&map=215327208,https://img.kupi.cz/kupi/thumbs/okurky-bob-a-bobek-machland_170_340.jpg,2026-10-06T17:47:06+02:00
Tesco,Konzervy,66096,Kompoty Ati Fruit Exclusive 120 g,kompoty_ati_fruit_exclusive,34.9,41.55,Kč,"14,54 Kč / 100 g",290.83,,True,Clubcard,34.9,-16% Clubcard platí do neděle 25. 10.,2026-10-06 - 2026-10-25,https://www.kupi.cz/letak/tesco-hypermarket-letak-369?page=8&map=215327316,https://www.kupi.cz/img/no_img/no_discounts.png,2026-10-06T17:47:06+02:00
Tesco,Konzervy,570903,Hotová jídla Family Hamé - konzerva 400 g,hotova_jidla_family_hame_konzerva,54.9,79.57,Kč,"13,72 Kč / 100 g",137.2,,True,Clubcard,54.9,-31% Clubcard platí do úterý 13. 10.,2026-10-06 - 2026-10-13,https://www.kupi.cz/letak/tesco-supermarket-letak-416?page=13&map=216253767,https://www.kupi.cz/img/no_img/no_discounts.png,2026-10-06T17:47:06+02:00
Tesco,Konzervy,586197,Pečená paštika Terra Gašparík 140 g,pecena_pastika_terra_gasparik,49.9,64.81,Kč,"35,64 Kč / 100 g",356.4,,True,Clubcard,49.9,-23% Clubcard dnes končí,2026-10-06,https://www.kupi.cz/letak/tesco-hypermarket-letak-369?page=16&map=215338203,https://www.kupi.cz/img/no_img/no_discounts.png,2026-10-06T17:47:06+02:00
Tesco,Konzervy,518268,Zelí s fenyklem a koprem Beavia 350 g,zeli,109.9,,Kč,"31,40 Kč / 100 g",314.0,,True,Clubcard,109.9,Clubcard platí do úterý 27. 10.,2026-10-06 - 2026-10-27,https://www.kupi.cz/letak/tesco-hypermarket-znacky-ktere-mate-radi-2?page=8&map=215326920,https://img.kupi.cz/kupi/thumbs/zeli-s-fenyklem-a-koprem-beavia_170_340.jpg,2026-10-06T17:47:06+02:00
Tesco,Mražené a instantní potraviny,1129,Pizza mražená Ristorante Dr. Oetker,pizza_mrazena_ristorante_dr_oetker,49.9,89.11,Kč,"13,67 Kč / 100 g",136.7,,True,Clubcard,49.9,-44% Clubcard st 7. 10. – út 13. 10.,2026-10-07 - 2026-10-13,https://www.kupi.cz/letak/tesco-hypermarket-letak-370?page=5&map=216579219,https://img.kupi.cz/kupi/thumbs/pizza-mrazena-ristorante-dr-oetker-1_170_340.jpg,2026-10-06T17:47:09+02:00
Tesco,Mražené a instantní potraviny,1129,Pizza mražená Ristorante Dr. Oetker,pizza_mrazena_ristorante_dr_oetker,49.9,89.11,Kč,"14,06 Kč / 100 g",140.6,,True,Clubcard,49.9,-44% Clubcard st 7. 10. – út 13. 10.,2026-10-07 - 2026-10-13,https://www.kupi.cz/letak/tesco-supermarket-letak-416?page=4&map=216253035,https://img.kupi.cz/kupi/thumbs/pizza-mrazena-ristorante-dr-oetker-1_170_340.jpg,2026-10-06T17:47:09+02:00
Tesco,Mražené a instantní potraviny,1129,Pizza mražená Ristorante Dr. Oetker,pizza_mrazena_ristorante_dr_oetker,54.9,88.55,Kč,"15,04 Kč / 100 g",150.4,,True,Clubcard,54.9,-38% Clubcard st 7. 10. – út 13. 10.,2026-10-07 - 2026-10-13,https://www.kupi.cz/letak/tesco-hypermarket-letak-370?page=5&map=216579222,https://img.kupi.cz/kupi/thumbs/pizza-mrazena-ristorante-dr-oetker-1_170_340.jpg,2026-10-06T17:47:09+02:00
Tesco,Mražené a instantní potraviny,1129,Pizza mražená Ristorante Dr. Oetker,pizza_mrazena_ristorante_dr_oetker,54.9,88.55,Kč,"15,46 Kč / 100 g",154.6,,True,Clubcard,54.9,-38% Clubcard st 7. 10. – út 13. 10.,2026-10-07 - 2026-10-13,https://www.kupi.cz/letak/tesco-supermarket-letak-416?page=4&map=216253041,https://img.kupi.cz/kupi/thumbs/pizza-mrazena-ristorante-dr-oetker-1_170_340.jpg,2026-10-06T17:47:09+02:00
Tesco,Mražené a instantní potraviny,1150,Zmrzlina v kelímku Häagen-Dazs 460 ml,zmrzlina_v_kelimku_haagen_dazs,109.9,183.17,Kč,"23,89 Kč / 100 ml",,,True,Clubcard,109.9,-40% Clubcard dnes končí,2026-10-06,https://www.kupi.cz/letak/tesco-supermarket-letak-415?page=11&map=215324856,https://img.kupi.cz/kupi/thumbs/zmrzlina-v-kelimku-haagen-dazs_170_340.jpg,2026-10-06T17:47:09+02:00
Tesco,Mražené a instantní potraviny,245,Zmrzlina ve vaničce Carte D'or Algida 1000 ml,zmrzlina_ve_vanicce_carte_d_or_algida,89.9,183.47,Kč,"8,99 Kč / 100 ml",,,True,Clubcard,89.9,-51% Clubcard st 7. 10. – út 13. 10.,2026-10-07 - 2026-10-13,https://www.kupi.cz/letak/tesco-hypermarket-letak-370?page=19&map=216580572,https://img.kupi.cz/kupi/thumbs/zmrzlina-ve-vanicce-carte-dor-algida_170_340.png,2026-10-06T17:47:09+02:00
Tesco,Mražené a instantní potraviny,4489,Nanuk Magnum Algida 110 ml,nanuk_magnum_algida,29.9,56.42,Kč,"27,18 Kč / 100 ml",,,True,Clubcard,29.9,-47% Clubcard dnes končí,2026-10-06,https://www.kupi.cz/letaky/tesco,https://img.kupi.cz/kupi/thumbs/nanuk-magnum-algida-1_170_340.png,2026-10-06T17:47:09+02:00
Tesco,Mražené a instantní potraviny,2731,Pizza mražená Casa di Mama Dr. Oetker 410 g,pizza_mrazena_casa_di_mama_dr_oetker,59.9,103.28,Kč,"14,61 Kč / 100 g",146.1,,True,Clubcard,59.9,-42% Clubcard dnes končí,2026-10-06,https://www.kupi.cz/letak/tesco-hypermarket-letak-369?page=5&map=215327175,https://img.kupi.cz/kupi/thumbs/pizza-casa-di-mama-dr-oetker-1_170_340.jpg,2026-10-06T17:47:09+02:00
Tesco,Mražené a instantní potraviny,34152,Zmrzlina v kelímku Magnum Algida 440 ml,zmrzlina_v_kelimku_magnum_algida,99.9,203.88,Kč,"22,70 Kč / 100 ml",,,True,Clubcard,99.9,-51% Clubcard dnes končí,2026-10-06,https://www.kupi.cz/letaky/tesco,https://img.kupi.cz/kupi/thumbs/zmrzlina-v-kelimku-magnum-algida_170_340.png,2026-10-06T17:47:09+02:00
Tesco,Mražené a instantní potraviny,975,Instantní polévka YumYum 70 g,instantni_polevka_yumyum,12.9,18.7,Kč,"18,43 Kč / 100 g",184.3,,False,,,-31% platí do úterý 13. 10.,2026-10-06 - 2026-10-13,https://www.kupi.cz/letak/tesco-supermarket-letak-415?page=2&map=215308395,https://img.kupi.cz/kupi/thumbs/instantni-polevka-yumyum_170_340.jpg,2026-10-06T17:47:09+02:00
Tesco,Mražené a instantní potraviny,2802,Sýr obalovaný mražený Nowaco 200 g,syr_obalovany_mrazeny_nowaco,49.9,79.21,Kč,"24,95 Kč / 100 g",249.5,,True,Clubcard,49.9,-37% Clubcard st 7. 10. – út 3. 11.,2026-10-07 - 2026-11-03,https://www.kupi.cz/letak/tesco-supermarket-letak-416?page=3&map=216252996,https://img.kupi.cz/kupi/thumbs/syr-obalovany-mrazeny-nowaco-1_170_340.png,2026-10-06T17:47:09+02:00
Tesco,Mražené a instantní potraviny,13617,Těstoviny plněné mražené Pelmeni Povar 400 g,testoviny_plnene_mrazene_pelmeni_povar,44.9,64.14,Kč,"11,22 Kč / 100 g",112.2,,True,Clubcard,44.9,-30% Clubcard st 7. 10. – út 13. 10.,2026-10-07 - 2026-10-13,https://www.kupi.cz/letak/tesco-hypermarket-letak-370?page=4&map=216578595,https://img.kupi.cz/kupi/thumbs/testoviny-plnene-mrazene-pelmeni-povar_170_340.jpg,2026-10-06T17:47:09+02:00
Tesco,Mražené a instantní potraviny,13617,Těstoviny plněné mražené Pelmeni Povar 400 g,testoviny_plnene_mrazene_pelmeni_povar,44.9,64.14,Kč,"11,22 Kč / 100 g",112.2,,True,Clubcard,44.9,-30% Clubcard dnes končí,2026-10-06,https://www.kupi.cz/letak/tesco-hypermarket-letak-369?page=18&map=215338299,https://img.kupi.cz/kupi/thumbs/testoviny-plnene-mrazene-pelmeni-povar_170_340.jpg,2026-10-06T17:47:09+02:00
Tesco,Mražené a instantní potraviny,503,Instantní polévka do hrnečku Vitana 27 g,instantni_polevka_do_hrnecku_vitana,9.9,13.75,Kč,"36,67 Kč / 100 g",366.7,,True,Clubcard,9.9,-28% Clubcard dnes končí,2026-10-06,https://www.kupi.cz/letaky/tesco,https://img.kupi.cz/kupi/thumbs/instantni-polevka-do-hrnecku-vitana_170_340.jpg,2026-10-06T17:47:09+02:00
Tesco,Mražené a instantní potraviny,38047,Aljašská treska filé bez kosti mražené Premium Mylord 300 g,aljasska_treska_file_bez_kosti_mrazene_premium_mylord,79.9,99.88,Kč,"26,63 Kč / 100 g",266.3,,True,Clubcard,79.9,-20% Clubcard dnes končí,2026-10-06,https://www.kupi.cz/letak/tesco-hypermarket-letak-369?page=18&map=215338311,https://img.kupi.cz/kupi/thumbs/aljasska-treska-file-bez-kosti-mrazene-premium-mylord_170_340.jpg,2026-10-06T17:47:09+02:00
Tesco,Mražené a instantní potraviny,30392,Plněné knedlíky mražené Don Peppe 600 g,plnene_knedliky_mrazene_don_peppe,59.9,93.59,Kč,"9,98 Kč / 100 g",99.8,,True,Clubcard,59.9,-36% Clubcard dnes končí,2026-10-06,https://www.kupi.cz/letaky/tesco,https://img.kupi.cz/kupi/thumbs/plnene-knedliky-mrazene-don-peppe_170_340.png,2026-10-06T17:47:09+02:00
Tesco,Mražené a instantní potraviny,1397,Instantní polévka Přidej vejce Maggi 32 g,instantni_polevka_pridej_vejce_maggi,12.9,25.8,Kč,"40,31 Kč / 100 g",403.1,,True,Clubcard,12.9,-50% Clubcard platí do neděle 25. 10.,2026-10-06 - 2026-10-25,https://www.kupi.cz/letaky/tesco,https://img.kupi.cz/kupi/thumbs/instantni-polevka-pridej-vejce-maggi_170_340.jpg,2026-10-06T17:47:09+02:00
Tesco,Mražené a instantní potraviny,4860,Hranolky vlnky mražené Nowaco 750 g,hranolky_vlnky_mrazene_nowaco,39.9,64.35,Kč,"5,32 Kč / 100 g",53.2,,True,Clubcard,39.9,-38% Clubcard platí do úterý 13. 10.,2026-10-06 - 2026-10-13,https://www.kupi.cz/letak/tesco-hypermarket-letak-369?page=5&map=215327172,https://img.kupi.cz/kupi/thumbs/hranolky-vlnky-mrazene-nowaco_170_340.png,2026-10-06T17:47:09+02:00
Tesco,Mražené a instantní potraviny,4860,Hranolky vlnky mražené Nowaco 750 g,hranolky_vlnky_mrazene_nowaco,39.9,64.35,Kč,"5,32 Kč / 100 g",53.2,,True,Clubcard,39.9,-38% Clubcard dnes končí,2026-10-06,https://www.kupi.cz/letak/tesco-supermarket-letak-415?page=11&map=215324859,https://img.kupi.cz/kupi/thumbs/hranolky-vlnky-mrazene-nowaco_170_340.png,2026-10-06T17:47:09+02:00
Tesco,Mražené a instantní potraviny,29900,Nanuk Magnum Mini Algida 55 ml,nanuk_magnum_mini_algida,119.9,193.39,Kč,"36,33 Kč / 100 ml",,,True,Clubcard,119.9,-38% Clubcard platí do úterý 13. 10.,2026-10-06 - 2026-10-13,https://www.kupi.cz/letak/tesco-hypermarket-letak-369?page=18&map=215338314,https://img.kupi.cz/kupi/thumbs/nanuk-magnum-mini-algida_170_340.png,2026-10-06T17:47:09+02:00
Tesco,Mražené a instantní potraviny,113225,Knedlíky v prášku s burizony Vitana 400 g,knedliky_v_prasku_s_burizony_vitana,36.9,49.86,Kč,"9,22 Kč / 100 g",92.2,,True,Clubcard,36.9,-26% Clubcard dnes končí,2026-10-06,https://www.kupi.cz/letaky/tesco,https://img.kupi.cz/kupi/thumbs/knedliky-v-prasku-s-burizony-vitana_170_340.png,2026-10-06T17:47:09+02:00
Tesco,Mražené a instantní potraviny,292064,Nudle smažené Fusian Maggi 130 g,nudle_smazene_fusian_maggi,29.9,53.39,Kč,"23,00 Kč / 100 g",230.0,,True,Clubcard,29.9,-44% Clubcard platí do neděle 25. 10.,2026-10-06 - 2026-10-25,https://www.kupi.cz/letak/tesco-hypermarket-znacky-ktere-mate-radi-2?page=11&map=215327058,https://img.kupi.cz/kupi/thumbs/nudle-smazene-fusian-maggi_170_340.jpg,2026-10-06T17:47:09+02:00
Tesco,Mražené a instantní potraviny,17530,Nanuk Kuba Prima 50 ml,nanuk_kuba_prima,13.9,19.86,Kč,"27,80 Kč / 100 ml",,,True,Clubcard,13.9,-30% Clubcard dnes končí,2026-10-06,https://www.kupi.cz/letaky/tesco,https://img.kupi.cz/kupi/thumbs/zmrzlina-kuba_170_340.jpg,2026-10-06T17:47:09+02:00
Tesco,Mražené a instantní potraviny,508632,Zmrzlina Nutella 470 ml,zmrzlina_nutella,139.9,199.86,Kč,"29,77 Kč / 100 ml",,,True,Clubcard,139.9,-30% Clubcard dnes končí,2026-10-06,https://www.kupi.cz/letaky/tesco,https://img.kupi.cz/kupi/thumbs/zmrzlina-nutella_170_340.jpg,2026-10-06T17:47:10+02:00
Tesco,Mražené a instantní potraviny,9579,Bramborák mražený Aviko 600 g,bramborak_mrazeny_aviko,49.9,84.58,Kč,"8,32 Kč / 100 g",83.2,,True,Clubcard,49.9,-41% Clubcard dnes končí,2026-10-06,https://www.kupi.cz/letak/tesco-hypermarket-letak-369?page=18&map=215338305,https://img.kupi.cz/kupi/thumbs/bramborak-mrazeny-aviko_170_340.jpg,2026-10-06T17:47:10+02:00
Tesco,Mražené a instantní potraviny,23875,Rybí filé labužnické mražené Frosta 330 g,rybi_file_labuznicke_mrazene_frosta,109.9,139.11,Kč,"33,30 Kč / 100 g",333.0,,True,Clubcard,109.9,-21% Clubcard dnes končí,2026-10-06,https://www.kupi.cz/letaky/tesco,https://img.kupi.cz/kupi/thumbs/rybi-file-labuznicke-mrazene-frosta_170_340.jpg,2026-10-06T17:47:10+02:00
Tesco,Mražené a instantní potraviny,4558,Instantní polévka nudlová Chutná pauza Maggi 60 g,instantni_polevka_nudlova_chutna_pauza_maggi,9.9,17.68,Kč,"16,50 Kč / 100 g",165.0,,True,Clubcard,9.9,-44% Clubcard platí do neděle 25. 10.,2026-10-06 - 2026-10-25,https://www.kupi.cz/letak/tesco-hypermarket-znacky-ktere-mate-radi-2?page=11&map=215327031,https://img.kupi.cz/kupi/thumbs/instantni-polevka-nudlova-chutna-pauza-maggi-1_170_340.jpg,2026-10-06T17:47:10+02:00
Tesco,Mražené a instantní potraviny,428964,Instantní nudle Soba Cup Noodles Nissin 92 g,instantni_nudle_soba_cup_noodles_nissin,32.9,59.82,Kč,"35,76 Kč / 100 g",357.6,,True,Clubcard,32.9,-45% Clubcard st 14. 10. – út 27. 10.,2026-10-14 - 2026-10-27,https://www.kupi.cz/letak/tesco-hypermarket-znacky-ktere-mate-radi-2?page=17&map=215327352,https://img.kupi.cz/kupi/thumbs/instantni-nudle-soba-cup-noodles-nissin_170_340.jpg,2026-10-06T17:47:10+02:00
Tesco,Mražené a instantní potraviny,115301,Instantní polévky Naše byšická polévka Vitana 95 g,instantni_polevky_nase_bysicka_polevka_vitana,26.9,31.65,Kč,"28,32 Kč / 100 g",283.2,,True,Clubcard,26.9,-15% Clubcard st 7. 10. – út 20. 10.,2026-10-07 - 2026-10-20,https://www.kupi.cz/letak/tesco-hypermarket-letak-370?page=22&map=216580698,https://img.kupi.cz/kupi/thumbs/instantni-polevky-nase-bysicka-polevka-vitana_170_340.jpg,2026-10-06T17:47:10+02:00
Tesco,Mražené a instantní potraviny,41718,Hranolky mražené Original McCain 2000 g,hranolky_mrazene_original_mccain,134.9,187.36,Kč,"6,75 Kč / 100 g",67.5,,True,Clubcard,134.9,-28% Clubcard st 7. 10. – út 3. 11.,2026-10-07 - 2026-11-03,https://www.kupi.cz/letak/tesco-hypermarket-letak-370?page=16&map=216580368,https://img.kupi.cz/kupi/thumbs/hranolky-original-mc-cain_170_340.jpg,2026-10-06T17:47:10+02:00
Tesco,Mražené a instantní potraviny,547896,Instantní nudle z pánve Magic Asia Maggi 185 g,instantni_nudle_z_panve_magic_asia_maggi,29.9,53.39,Kč,"16,16 Kč / 100 g",161.6,,True,Clubcard,29.9,-44% Clubcard platí do neděle 25. 10.,2026-10-06 - 2026-10-25,https://www.kupi.cz/letak/tesco-hypermarket-znacky-ktere-mate-radi-2?page=11&map=215327061,https://img.kupi.cz/kupi/thumbs/instantni-nudle-z-panve-magic-asia-maggi_170_340.png,2026-10-06T17:47:10+02:00
Tesco,Mražené a instantní potraviny,528123,Nanuk Chocolate Kinder 55 ml,nanuk_chocolate_kinder,22.9,34.7,Kč,"41,64 Kč / 100 ml",,,True,Clubcard,22.9,-34% Clubcard dnes končí,2026-10-06,https://www.kupi.cz/letaky/tesco,https://img.kupi.cz/kupi/thumbs/nanuk-chocolate-kinder_170_340.png,2026-10-06T17:47:10+02:00
Tesco,Mražené a instantní potraviny,514107,Nanuk kornout Cornetto Max Algida 115 ml,nanuk_kornout_cornetto_max_algida,34.9,47.81,Kč,"30,35 Kč / 100 ml",,,True,Clubcard,34.9,-27% Clubcard dnes končí,2026-10-06,https://www.kupi.cz/letaky/tesco,https://img.kupi.cz/kupi/thumbs/nanuk-kornout-cornetto-max-algida_170_340.png,2026-10-06T17:47:10+02:00
Tesco,Mražené a instantní potraviny,527148,Instantní nudle Oyakata Ajinomoto,instantni_nudle_oyakata_ajinomoto,32.9,51.41,Kč,"33,92 Kč / 100 g",339.2,,True,Clubcard,32.9,-36% Clubcard dnes končí,2026-10-06,https://www.kupi.cz/letaky/tesco,https://www.kupi.cz/img/no_img/no_discounts.png,2026-10-06T17:47:10+02:00
Tesco,Mražené a instantní potraviny,527148,Instantní nudle Oyakata Ajinomoto,instantni_nudle_oyakata_ajinomoto,32.9,51.41,Kč,"34,27 Kč / 100 g",342.7,,True,Clubcard,32.9,-36% Clubcard dnes končí,2026-10-06,https://www.kupi.cz/letaky/tesco,https://www.kupi.cz/img/no_img/no_discounts.png,2026-10-06T17:47:10+02:00
Tesco,Mražené a instantní potraviny,523572,Instantní nudlová polévka Oyakata Ajinomoto 63.5 g,instantni_nudlova_polevka_oyakata_ajinomoto,29.9,53.39,Kč,"47,09 Kč / 100 g",470.9,,True,Clubcard,29.9,-44% Clubcard st 7. 10. – út 20. 10.,2026-10-07 - 2026-10-20,https://www.kupi.cz/letak/tesco-hypermarket-letak-370?page=9&map=216579462,https://img.kupi.cz/kupi/thumbs/instantni-nudlova-polevka-oyakata-ajinomoto_170_340.jpg,2026-10-06T17:47:10+02:00
Tesco,Mražené a instantní potraviny,363505,Pangasius filety mražený Mylord 1000 g,pangasius_filety_mrazeny_mylord,149.9,202.57,Kč,"14,99 Kč / 100 g",149.9,,True,Clubcard,149.9,-26% Clubcard st 7. 10. – út 3. 11.,2026-10-07 - 2026-11-03,https://www.kupi.cz/letak/tesco-hypermarket-letak-370?page=19&map=216580578,https://www.kupi.cz/img/no_img/no_discounts.png,2026-10-06T17:47:10+02:00
Tesco,Mražené a instantní potraviny,507933,Pizza mražená Tesco Finest 400 g,pizza_mrazena_finest,89.9,104.53,Kč,"22,48 Kč / 100 g",224.8,,True,Clubcard,89.9,-14% Clubcard st 7. 10. – út 13. 10.,2026-10-07 - 2026-10-13,https://www.kupi.cz/letak/tesco-hypermarket-letak-370?page=21&map=216580677,https://img.kupi.cz/kupi/thumbs/pizza-tesco-finest_170_340.jpg,2026-10-06T17:47:10+02:00
Tesco,Mražené a instantní potraviny,29312,Směs obalovací Air Fryer Maggi 70 g,smes_obalovaci_air_fryer_maggi,19.9,41.46,Kč,"28,43 Kč / 100 g",284.3,,True,Clubcard,19.9,-52% Clubcard platí do neděle 25. 10.,2026-10-06 - 2026-10-25,https://www.kupi.cz/letak/tesco-hypermarket-znacky-ktere-mate-radi-2?page=11&map=215327055,https://img.kupi.cz/kupi/thumbs/smes-obalovaci-air-fryer-maggi_170_340.png,2026-10-06T17:47:10+02:00
Tesco,Mražené a instantní potraviny,568515,Instantní korejské Nudle Maggi 130 g,instantni_korejske_nudle_maggi,44.9,57.56,Kč,"34,54 Kč / 100 g",345.4,,True,Clubcard,44.9,-22% Clubcard platí do neděle 25. 10.,2026-10-06 - 2026-10-25,https://www.kupi.cz/letak/tesco-hypermarket-znacky-ktere-mate-radi-2?page=11&map=215327067,https://www.kupi.cz/img/no_img/no_discounts.png,2026-10-06T17:47:10+02:00
Tesco,Mražené a instantní potraviny,569403,Zmrzlina ve vaničce Familia Nestlé 900 ml,zmrzlina_ve_vanicce_familia_nestle,99.9,129.74,Kč,"11,10 Kč / 100 ml",,,True,Clubcard,99.9,-23% Clubcard dnes končí,2026-10-06,https://www.kupi.cz/letaky/tesco,https://img.kupi.cz/kupi/thumbs/zmrzlina-ve-vanicce-familia-nestle_170_340.jpg,2026-10-06T17:47:10+02:00
Tesco,Mražené a instantní potraviny,558294,Zeleninová směs ve filo těstě Crispy Chinese Inspired Selection mražená Tesco 392 g,zeleninova_smes_ve_filo_teste_crispy_chinese_inspired_selection_mrazena,99.9,133.2,Kč,"25,48 Kč / 100 g",254.8,,True,Clubcard,99.9,-25% Clubcard dnes končí,2026-10-06,https://www.kupi.cz/letak/tesco-hypermarket-letak-369?page=18&map=215338308,https://img.kupi.cz/kupi/thumbs/crispy-chinese-inspired-selection-tesco_170_340.png,2026-10-06T17:47:10+02:00
Tesco,Mražené a instantní potraviny,570084,Jídla instantní Pan-Meal Maggi 163.5 g,jidla_instantni_pan_meal_maggi,32.9,57.72,Kč,"20,12 Kč / 100 g",201.2,,True,Clubcard,32.9,-43% Clubcard platí do neděle 25. 10.,2026-10-06 - 2026-10-25,https://www.kupi.cz/letak/tesco-hypermarket-znacky-ktere-mate-radi-2?page=11&map=215327052,https://img.kupi.cz/kupi/thumbs/jidla-instantni-pan-meal-maggi_170_340.jpg,2026-10-06T17:47:11+02:00
Tesco,Mražené a instantní potraviny,564282,Instantní nudle Magic Ramen Maggi 90 g,instantni_nudle_magic_ramen_maggi,27.9,39.86,Kč,"31,00 Kč / 100 g",310.0,,True,Clubcard,27.9,-30% Clubcard platí do neděle 25. 10.,2026-10-06 - 2026-10-25,https://www.kupi.cz/letak/tesco-hypermarket-znacky-ktere-mate-radi-2?page=11&map=215327064,https://www.kupi.cz/img/no_img/no_discounts.png,2026-10-06T17:47:11+02:00
Tesco,Mražené a instantní potraviny,586260,Obalovací směsi Air Fryer Avokádo 30 g,avokado,18.9,21.72,Kč,"63,00 Kč / 100 g",630.0,,True,Clubcard,18.9,-13% Clubcard st 14. 10. – út 27. 10.,2026-10-14 - 2026-10-27,https://www.kupi.cz/letak/tesco-hypermarket-znacky-ktere-mate-radi-2?page=15&map=216192381,https://www.kupi.cz/img/no_img/no_discounts.png,2026-10-06T17:47:11+02:00
Tesco,Nealko nápoje,302,Limonáda Sprite,limonada_sprite,38.9,,Kč,"19,45 Kč / 1 l",,,False,,,st 7. 10. – út 13. 10.,2026-10-07 - 2026-10-13,https://www.kupi.cz/letak/tesco-supermarket-letak-416?map=216252807,https://img.kupi.cz/kupi/thumbs/limonada-sprite_170_340.jpg,2026-10-06T17:47:12+02:00
Tesco,Nealko nápoje,249,Limonáda Coca Cola,limonada_coca_cola,38.9,49.87,Kč,"19,45 Kč / 1 l",,,False,,,-22% st 7. 10. – út 13. 10.,2026-10-07 - 2026-10-13,https://www.kupi.cz/letak/tesco-supermarket-letak-416?map=216252798,https://img.kupi.cz/kupi/thumbs/limonada-coca-cola_170_340.png,2026-10-06T17:47:12+02:00
Tesco,Nealko nápoje,1039,Limonáda Fanta,limonada_fanta,38.9,49.87,Kč,"19,45 Kč / 1 l",,,False,,,-22% st 7. 10. – út 13. 10.,2026-10-07 - 2026-10-13,https://www.kupi.cz/letak/tesco-supermarket-letak-416?map=216252801,https://img.kupi.cz/kupi/thumbs/limonada-fanta-1_170_340.jpg,2026-10-06T17:47:12+02:00
Tesco,Nealko nápoje,256,Instantní káva Jacobs Velvet 200 g,instantni_kava_jacobs_velvet,129.9,139.68,Kč,"64,95 Kč / 100 g",649.5,,False,,,-7% platí do úterý 13. 10.,2026-10-06 - 2026-10-13,https://www.kupi.cz/letak/tesco-hypermarket-letak-370?page=2&map=216577551,https://img.kupi.cz/kupi/thumbs/instantni-kava-jacobs-velvet_170_340.jpg,2026-10-06T17:47:12+02:00
Tesco,Nealko nápoje,256,Instantní káva Jacobs Velvet 200 g,instantni_kava_jacobs_velvet,129.9,,Kč,"64,95 Kč / 100 g",649.5,,False,,,platí do úterý 13. 10.,2026-10-06 - 2026-10-13,https://www.kupi.cz/letak/tesco-supermarket-letak-416?page=2&map=216252855,https://img.kupi.cz/kupi/thumbs/instantni-kava-jacobs-velvet_170_340.jpg,2026-10-06T17:47:12+02:00
Tesco,Nealko nápoje,1161,Kofola,kofola,19.9,37.55,Kč,"13,27 Kč / 1 l",,,True,Clubcard,19.9,-47% Clubcard dnes končí,2026-10-06,https://www.kupi.cz/letak/tesco-supermarket-letak-415?page=4&map=215308473,https://img.kupi.cz/kupi/thumbs/kofola_170_340.png,2026-10-06T17:47:12+02:00
Tesco,Nealko nápoje,1161,Kofola,kofola,26.9,39.56,Kč,"13,45 Kč / 1 l",,,True,Clubcard,26.9,-32% Clubcard st 7. 10. – út 13. 10.,2026-10-07 - 2026-10-13,https://www.kupi.cz/letak/tesco-supermarket-letak-416?page=7&map=216253260,https://img.kupi.cz/kupi/thumbs/kofola_170_340.png,2026-10-06T17:47:12+02:00
Tesco,Nealko nápoje,1161,Kofola,kofola,24.9,37.73,Kč,"16,60 Kč / 1 l",,,True,Clubcard,24.9,-34% Clubcard dnes končí,2026-10-06,https://www.kupi.cz/letak/tesco-supermarket-letak-415?page=4&map=215308476,https://img.kupi.cz/kupi/thumbs/kofola_170_340.png,2026-10-06T17:47:12+02:00
Tesco,Nealko nápoje,587,Kapsle Dolce Gusto Nescafé 16 ks,kapsle_dolce_gusto_nescafe,119.9,149.88,Kč,"7,49 Kč / 1 ks",,7.49,True,Clubcard,119.9,-20% Clubcard platí do úterý 13. 10.,2026-10-06 - 2026-10-13,https://www.kupi.cz/letak/tesco-hypermarket-letak-369?page=34&map=215338971,https://img.kupi.cz/kupi/thumbs/kapsle-dolce-gusto-nescafe-2_170_340.jpg,2026-10-06T17:47:12+02:00
Tesco,Nealko nápoje,455,Instantní kakao Granko Orion 330 g,instantni_kakao_granko_orion,149.9,277.59,Kč,"45,42 Kč / 100 g",454.2,,True,Clubcard,149.9,-46% Clubcard platí do úterý 13. 10.,2026-10-06 - 2026-10-13,https://www.kupi.cz/letak/tesco-hypermarket-letak-370?page=9&map=216579510,https://img.kupi.cz/kupi/thumbs/instantni-kakao-granko-orion_170_340.png,2026-10-06T17:47:12+02:00
Tesco,Nealko nápoje,1003,Limonáda Pepsi 1.5 l,limonada_pepsi,26.9,32.8,Kč,"17,93 Kč / 1 l",,,True,Clubcard,26.9,-18% Clubcard dnes končí,2026-10-06,https://www.kupi.cz/letaky/tesco,https://img.kupi.cz/kupi/thumbs/limonada-pepsi_170_340.png,2026-10-06T17:47:12+02:00
Tesco,Nealko nápoje,250,Energetický nápoj Monster Energy 0.5 l,energeticky_napoj_monster_energy,31.9,,Kč,"63,80 Kč / 1 l",,,False,,,platí do úterý 13. 10.,2026-10-06 - 2026-10-13,https://www.kupi.cz/letak/tesco-supermarket-letak-415?page=2&map=215308392,https://img.kupi.cz/kupi/thumbs/energeticky-napoj-monster-energy_170_340.jpg,2026-10-06T17:47:12+02:00
Tesco,Nealko nápoje,265,Kapsle Tassimo Jacobs,kapsle_tassimo_jacobs,129.9,182.96,Kč,"8,12 Kč / 1 ks",,8.12,True,Clubcard,129.9,-29% Clubcard platí do úterý 13. 10.,2026-10-06 - 2026-10-13,https://www.kupi.cz/letak/tesco-supermarket-letak-415?page=7&map=215324694,https://img.kupi.cz/kupi/thumbs/kapsle-tassimo-jacobs-1_170_340.jpg,2026-10-06T17:47:12+02:00
Tesco,Nealko nápoje,265,Kapsle Tassimo Jacobs,kapsle_tassimo_jacobs,129.9,182.96,Kč,,,,True,Clubcard,129.9,-29% Clubcard platí do úterý 13. 10.,2026-10-06 - 2026-10-13,https://www.kupi.cz/letak/tesco-hypermarket-letak-369?page=9&map=215327382,https://img.kupi.cz/kupi/thumbs/kapsle-tassimo-jacobs-1_170_340.jpg,2026-10-06T17:47:12+02:00
Tesco,Nealko nápoje,655,Ochucená voda Mattoni 1.5 l,ochucena_voda_mattoni,14.9,19.87,Kč,"9,93 Kč / 1 l",,,True,Clubcard,14.9,-25% Clubcard st 7. 10. – út 20. 10.,2026-10-07 - 2026-10-20,https://www.kupi.cz/letak/tesco-supermarket-letak-416?page=7&map=216253266,https://img.kupi.cz/kupi/thumbs/ochucena-voda-mattoni_170_340.jpg,2026-10-06T17:47:12+02:00
Tesco,Nealko nápoje,655,Ochucená voda Mattoni 1.5 l,ochucena_voda_mattoni,14.9,19.87,Kč,"9,93 Kč / 1 l",,,False,,,-25% dnes končí,2026-10-06,https://www.kupi.cz/letak/tesco-hypermarket-letak-369?map=215325516,https://img.kupi.cz/kupi/thumbs/ochucena-voda-mattoni_170_340.jpg,2026-10-06T17:47:12+02:00
Tesco,Nealko nápoje,445,Instantní káva Tchibo Gold Selection 200 g,instantni_kava_tchibo_gold_selection,139.9,274.31,Kč,"69,95 Kč / 100 g",699.5,,True,Clubcard,139.9,-49% Clubcard platí do úterý 13. 10.,2026-10-06 - 2026-10-13,https://www.kupi.cz/letak/tesco-supermarket-letak-415?page=13&map=215324946,https://img.kupi.cz/kupi/thumbs/instantni-kava-tchibo-gold-selection-1_170_340.jpg,2026-10-06T17:47:12+02:00
Tesco,Nealko nápoje,38065,Instantní kávy Nescafé Gold 200 g,instantni_kavy_nescafe_gold,179.9,327.09,Kč,"89,95 Kč / 100 g",899.5,,True,Clubcard,179.9,-45% Clubcard platí do úterý 13. 10.,2026-10-06 - 2026-10-13,https://www.kupi.cz/letak/tesco-supermarket-letak-415?page=7&map=215324691,https://img.kupi.cz/kupi/thumbs/instantni-kavy-nescafe-gold_170_340.png,2026-10-06T17:47:12+02:00
Tesco,Nealko nápoje,652,Energetický nápoj Big Shock 0.5 l,energeticky_napoj_big_shock,25.9,42.46,Kč,"51,80 Kč / 1 l",,,True,Clubcard,25.9,-39% Clubcard platí do úterý 13. 10.,2026-10-06 - 2026-10-13,https://www.kupi.cz/letak/tesco-supermarket-letak-415?page=13&map=215324955,https://img.kupi.cz/kupi/thumbs/energeticky-napoj-big-shock-1_170_340.jpg,2026-10-06T17:47:12+02:00
Tesco,Nealko nápoje,527,Ochucená voda Poděbradka 1.5 l,ochucena_voda_podebradka,12.9,19.85,Kč,"8,60 Kč / 1 l",,,True,Clubcard,12.9,-35% Clubcard platí do úterý 13. 10.,2026-10-06 - 2026-10-13,https://www.kupi.cz/letak/tesco-supermarket-letak-415?page=13&map=215324952,https://img.kupi.cz/kupi/thumbs/ochucena-voda-podebradka-1_170_340.jpg,2026-10-06T17:47:12+02:00
Tesco,Nealko nápoje,710,Čaj ovocný Teekanne,caj_ovocny_teekanne,32.9,44.46,Kč,"65,80 Kč / 100 g",658.0,,True,Clubcard,32.9,-26% Clubcard platí do úterý 13. 10.,2026-10-06 - 2026-10-13,https://www.kupi.cz/letak/tesco-hypermarket-znacky-ktere-mate-radi-2?page=22&map=215328045,https://img.kupi.cz/kupi/thumbs/caj-ovocny-world-of-fruits-teekanne_170_340.jpg,2026-10-06T17:47:12+02:00
Tesco,Nealko nápoje,710,Čaj ovocný Teekanne,caj_ovocny_teekanne,32.9,44.46,Kč,"73,11 Kč / 100 g",731.1,,True,Clubcard,32.9,-26% Clubcard platí do úterý 13. 10.,2026-10-06 - 2026-10-13,https://www.kupi.cz/letak/tesco-hypermarket-znacky-ktere-mate-radi-2?page=22&map=215328048,https://img.kupi.cz/kupi/thumbs/caj-ovocny-world-of-fruits-teekanne_170_340.jpg,2026-10-06T17:47:12+02:00
Tesco,Nealko nápoje,541,Limonáda Mirinda 1.5 l,limonada_mirinda,26.9,,Kč,"17,93 Kč / 1 l",,,True,Clubcard,26.9,Clubcard dnes končí,2026-10-06,https://www.kupi.cz/letaky/tesco,https://img.kupi.cz/kupi/thumbs/limonada-mirinda_170_340.jpg,2026-10-06T17:47:12+02:00
Tesco,Nealko nápoje,1139,Energetický nápoj Semtex 0.5 l,energeticky_napoj_semtex,14.9,33.86,Kč,"29,80 Kč / 1 l",,,True,Clubcard,14.9,-56% Clubcard platí do úterý 13. 10.,2026-10-06 - 2026-10-13,https://www.kupi.cz/letak/tesco-supermarket-letak-415?page=5&map=215308521,https://img.kupi.cz/kupi/thumbs/energeticky-napoj-semtex_170_340.jpg,2026-10-06T17:47:12+02:00
Tesco,Nealko nápoje,155216,Ledová káva Hochwald,ledova_kava_hochwald,39.9,52.5,Kč,"39,90 Kč / 1 l",,,True,Clubcard,39.9,-24% Clubcard st 7. 10. – út 3. 11.,2026-10-07 - 2026-11-03,https://www.kupi.cz/letak/tesco-hypermarket-letak-370?page=4&map=216578580,https://img.kupi.cz/kupi/thumbs/ledova-kava-hochwald-1_170_340.png,2026-10-06T17:47:15+02:00
Tesco,Nealko nápoje,155216,Ledová káva Hochwald,ledova_kava_hochwald,24.9,34.58,Kč,"49,80 Kč / 1 l",,,True,Clubcard,24.9,-28% Clubcard dnes končí,2026-10-06,https://www.kupi.cz/letaky/tesco,https://img.kupi.cz/kupi/thumbs/ledova-kava-hochwald-1_170_340.png,2026-10-06T17:47:15+02:00
Tesco,Nealko nápoje,155216,Ledová káva Hochwald,ledova_kava_hochwald,24.9,34.58,Kč,"4,98 Kč / 100 ml",,,True,Clubcard,24.9,-28% Clubcard dnes končí,2026-10-06,https://www.kupi.cz/letaky/tesco,https://img.kupi.cz/kupi/thumbs/ledova-kava-hochwald-1_170_340.png,2026-10-06T17:47:15+02:00
Tesco,Nealko nápoje,2506,Mletá káva Jacobs Krönung 250 g,mleta_kava_jacobs_kronung,114.9,168.97,Kč,"45,96 Kč / 100 g",459.6,,True,Clubcard,114.9,-32% Clubcard platí do úterý 13. 10.,2026-10-06 - 2026-10-13,https://www.kupi.cz/letak/tesco-hypermarket-letak-370?page=22&map=216580728,https://img.kupi.cz/kupi/thumbs/mleta-kava-jacobs-kronung-1_170_340.jpg,2026-10-06T17:47:15+02:00
Tesco,Nealko nápoje,4511,Ledový čaj Lipton 1.5 l,ledovy_caj_lipton,24.9,41.5,Kč,"16,60 Kč / 1 l",,,True,Clubcard,24.9,-40% Clubcard platí do úterý 13. 10.,2026-10-06 - 2026-10-13,https://www.kupi.cz/letak/tesco-supermarket-letak-415?page=7&map=215324703,https://img.kupi.cz/kupi/thumbs/ledovy-caj-lipton_170_340.png,2026-10-06T17:47:15+02:00
Tesco,Nealko nápoje,688,Čaj černý Ranní Pickwick 175 g,caj_cerny_ranni_pickwick,119.9,149.88,Kč,"68,51 Kč / 100 g",685.1,,True,Clubcard,119.9,-20% Clubcard platí do úterý 13. 10.,2026-10-06 - 2026-10-13,https://www.kupi.cz/letak/tesco-supermarket-letak-415?page=7&map=215324688,https://img.kupi.cz/kupi/thumbs/caj-ranni-pickwick_170_340.jpg,2026-10-06T17:47:15+02:00
Tesco,Nealko nápoje,988,Přírodní voda Rajec 1.5 l,prirodni_voda_rajec,13.9,18.29,Kč,"9,27 Kč / 1 l",,,True,Clubcard,13.9,-24% Clubcard dnes končí,2026-10-06,https://www.kupi.cz/letak/tesco-supermarket-letak-415?page=7&map=215324697,https://img.kupi.cz/kupi/thumbs/rajec-prirodni_170_340.jpg,2026-10-06T17:47:15+02:00
Tesco,Nealko nápoje,542,Limonáda 7UP 1.5 l,limonada_7up,26.9,,Kč,"17,93 Kč / 1 l",,,True,Clubcard,26.9,Clubcard dnes končí,2026-10-06,https://www.kupi.cz/letaky/tesco,https://img.kupi.cz/kupi/thumbs/limonada-7up-2_170_340.jpg,2026-10-06T17:47:15+02:00
Tesco,Nealko nápoje,467,Čaj bylinný Funkční Teekanne 20 g,caj_bylinny_funkcni_teekanne,32.9,45.69,Kč,"164,50 Kč / 100 g",1645.0,,True,Clubcard,32.9,-28% Clubcard platí do úterý 13. 10.,2026-10-06 - 2026-10-13,https://www.kupi.cz/letak/tesco-hypermarket-znacky-ktere-mate-radi-2?page=22&map=215328054,https://img.kupi.cz/kupi/thumbs/caj-bylinny-funkcni-teekanne-1_170_340.jpg,2026-10-06T17:47:15+02:00
Tesco,Nealko nápoje,434091,Voda ochucená Plus Magnesia 0.7 l,voda_ochucena_plus_magnesia,24.9,36.62,Kč,"35,57 Kč / 1 l",,,True,Clubcard,24.9,-32% Clubcard platí do úterý 13. 10.,2026-10-06 - 2026-10-13,https://www.kupi.cz/letak/tesco-supermarket-letak-416?page=9&map=216253389,https://img.kupi.cz/kupi/thumbs/voda-ochucena-plus-magnesia-1_170_340.jpg,2026-10-06T17:47:15+02:00
Tesco,Nealko nápoje,302849,Kapsle Nespresso Starbucks 1 ks,kapsle_nespresso_starbucks,99.9,124.88,Kč,,,,True,Clubcard,99.9,-20% Clubcard st 7. 10. – út 13. 10.,2026-10-07 - 2026-10-13,https://www.kupi.cz/letak/tesco-hypermarket-letak-370?page=13&map=216580251,https://img.kupi.cz/kupi/thumbs/kapsle-starbucks-nespresso_170_340.jpg,2026-10-06T17:47:15+02:00
Tesco,Nealko nápoje,302849,Kapsle Nespresso Starbucks 1 ks,kapsle_nespresso_starbucks,109.9,124.89,Kč,,,,True,Clubcard,109.9,-12% Clubcard platí do úterý 13. 10.,2026-10-06 - 2026-10-13,https://www.kupi.cz/letak/tesco-hypermarket-letak-369?page=9&map=215327367,https://img.kupi.cz/kupi/thumbs/kapsle-starbucks-nespresso_170_340.jpg,2026-10-06T17:47:15+02:00
Tesco,Nealko nápoje,267,Čaj zelený Teekanne 35 g,caj_zeleny_teekanne,32.9,44.46,Kč,"94,00 Kč / 100 g",940.0,,True,Clubcard,32.9,-26% Clubcard platí do úterý 13. 10.,2026-10-06 - 2026-10-13,https://www.kupi.cz/letak/tesco-hypermarket-znacky-ktere-mate-radi-2?page=22&map=215328051,https://img.kupi.cz/kupi/thumbs/caj-zeleny-teekanne_170_340.jpg,2026-10-06T17:47:15+02:00
Tesco,Nealko nápoje,143849,Zrnkové kávy L'or 500 g,zrnkove_kavy_l_or,264.9,407.54,Kč,"52,98 Kč / 100 g",529.8,,True,Clubcard,264.9,-35% Clubcard platí do úterý 13. 10.,2026-10-06 - 2026-10-13,https://www.kupi.cz/letak/tesco-hypermarket-letak-370?page=22&map=216580725,https://img.kupi.cz/kupi/thumbs/zrnkove-kavy-l-or_170_340.png,2026-10-06T17:47:15+02:00
Tesco,Nealko nápoje,53060,Nápoj ovocný Relax 1 l,napoj_ovocny_relax,24.9,44.46,Kč,"24,90 Kč / 1 l",,,True,Clubcard,24.9,-44% Clubcard dnes končí,2026-10-06,https://www.kupi.cz/letak/tesco-supermarket-letak-415?page=7&map=215324700,https://img.kupi.cz/kupi/thumbs/napoj-ovocny-relax-3_170_340.png,2026-10-06T17:47:15+02:00
Tesco,Nealko nápoje,53060,Nápoj ovocný Relax 1 l,napoj_ovocny_relax,26.9,52.75,Kč,"26,90 Kč / 1 l",,,True,Clubcard,26.9,-49% Clubcard st 7. 10. – út 20. 10.,2026-10-07 - 2026-10-20,https://www.kupi.cz/letak/tesco-supermarket-letak-416?page=14&map=216253854,https://img.kupi.cz/kupi/thumbs/napoj-ovocny-relax-3_170_340.png,2026-10-06T17:47:15+02:00
Tesco,Nealko nápoje,53060,Nápoj ovocný Relax 1 l,napoj_ovocny_relax,26.9,44.83,Kč,"26,90 Kč / 1 l",,,True,Clubcard,26.9,-40% Clubcard st 7. 10. – út 20. 10.,2026-10-07 - 2026-10-20,https://www.kupi.cz/letak/tesco-hypermarket-letak-370?page=22&map=216580746,https://img.kupi.cz/kupi/thumbs/napoj-ovocny-relax-3_170_340.png,2026-10-06T17:47:15+02:00
Tesco,Nealko nápoje,21031,Nápoj Exotica Relax 1 l,napoj_exotica_relax,26.9,51.73,Kč,"26,90 Kč / 1 l",,,True,Clubcard,26.9,-48% Clubcard dnes končí,2026-10-06,https://www.kupi.cz/letaky/tesco,https://img.kupi.cz/kupi/thumbs/napoj-exotica-relax_170_340.png,2026-10-06T17:47:15+02:00
Tesco,Nealko nápoje,2844,Zrnkové kávy Davidoff,zrnkove_kavy_davidoff,349.9,593.05,Kč,"34,99 Kč / 100 g",349.9,,True,Clubcard,349.9,-41% Clubcard st 7. 10. – út 20. 10.,2026-10-07 - 2026-10-20,https://www.kupi.cz/letak/tesco-hypermarket-letak-370?page=22&map=216580743,https://img.kupi.cz/kupi/thumbs/zrnkove-kavy-davidoff_170_340.jpg,2026-10-06T17:47:15+02:00
Tesco,Nealko nápoje,2844,Zrnkové kávy Davidoff,zrnkove_kavy_davidoff,624.9,991.9,Kč,"62,49 Kč / 100 g",624.9,,True,Clubcard,624.9,-37% Clubcard st 7. 10. – út 20. 10.,2026-10-07 - 2026-10-20,https://www.kupi.cz/letak/tesco-hypermarket-letak-370?page=13&map=216580254,https://img.kupi.cz/kupi/thumbs/zrnkove-kavy-davidoff_170_340.jpg,2026-10-06T17:47:15+02:00
Tesco,Nealko nápoje,2844,Zrnkové kávy Davidoff,zrnkove_kavy_davidoff,349.9,593.05,Kč,"69,98 Kč / 100 g",699.8,,True,Clubcard,349.9,-41% Clubcard st 7. 10. – út 20. 10.,2026-10-07 - 2026-10-20,https://www.kupi.cz/letak/tesco-supermarket-letak-416?page=14&map=216253842,https://img.kupi.cz/kupi/thumbs/zrnkove-kavy-davidoff_170_340.jpg,2026-10-06T17:47:15+02:00
Tesco,Nealko nápoje,26266,Mletá káva Crema e Gusto Lavazza 250 g,mleta_kava_crema_e_gusto_lavazza,129.9,177.95,Kč,"51,96 Kč / 100 g",519.6,,True,Clubcard,129.9,-27% Clubcard platí do úterý 13. 10.,2026-10-06 - 2026-10-13,https://www.kupi.cz/letak/tesco-supermarket-letak-415?page=13&map=215324943,https://img.kupi.cz/kupi/thumbs/mleta-kava-crema-e-gusto-lavazza-1_170_340.jpg,2026-10-06T17:47:15+02:00
Tesco,Nealko nápoje,17919,Limonáda Mountain Dew 1.5 l,limonada_mountain_dew,26.9,,Kč,"17,93 Kč / 1 l",,,True,Clubcard,26.9,Clubcard dnes končí,2026-10-06,https://www.kupi.cz/letaky/tesco,https://img.kupi.cz/kupi/thumbs/napoj-mountain-dew_170_340.jpg,2026-10-06T17:47:15+02:00
Tesco,Nealko nápoje,440793,Sirup ovocný Hello 0.7 l,sirup_ovocny_hello,36.9,70.96,Kč,"52,71 Kč / 1 l",,,True,Clubcard,36.9,-48% Clubcard platí do úterý 13. 10.,2026-10-06 - 2026-10-13,https://www.kupi.cz/letak/tesco-supermarket-letak-415?page=13&map=215324949,https://img.kupi.cz/kupi/thumbs/sirup-ovocny-hello_170_340.jpg,2026-10-06T17:47:15+02:00
Tesco,Nealko nápoje,449502,Kombucha Magu 0.5 l,kombucha_magu,129.9,173.2,Kč,"259,80 Kč / 1 l",,,True,Clubcard,129.9,-25% Clubcard dnes končí,2026-10-06,https://www.kupi.cz/letaky/tesco,https://img.kupi.cz/kupi/thumbs/kombucha-magu_170_340.jpg,2026-10-06T17:47:15+02:00
Tesco,Nealko nápoje,399826,Ochucená voda Mattoni Imuno 0.7 l,ochucena_voda_mattoni_imuno,19.9,31.59,Kč,"28,43 Kč / 1 l",,,True,Clubcard,19.9,-37% Clubcard dnes končí,2026-10-06,https://www.kupi.cz/letaky/tesco,https://img.kupi.cz/kupi/thumbs/ochucena-voda-mattoni-imuno_170_340.jpg,2026-10-06T17:47:16+02:00
Tesco,Nealko nápoje,12057,Čaj Dilmah 50 g,caj_dilmah,59.9,92.15,Kč,"119,80 Kč / 100 g",1198.0,,True,Clubcard,59.9,-35% Clubcard st 7. 10. – út 3. 11.,2026-10-07 - 2026-11-03,https://www.kupi.cz/letak/tesco-hypermarket-letak-370?page=22&map=216580737,https://img.kupi.cz/kupi/thumbs/caj-dilmah-1_170_340.jpg,2026-10-06T17:47:16+02:00
Tesco,Nealko nápoje,284384,Kombucha Carpe Diem 0.75 l,kombucha_carpe_diem,49.9,63.16,Kč,"66,53 Kč / 1 l",,,True,Clubcard,49.9,-21% Clubcard st 7. 10. – út 20. 10.,2026-10-07 - 2026-10-20,https://www.kupi.cz/letak/tesco-hypermarket-letak-370?page=19&map=216580506,https://img.kupi.cz/kupi/thumbs/kombucha-carpe-diem_170_340.jpg,2026-10-06T17:47:16+02:00
Tesco,Nealko nápoje,35793,Čaje Lipton 50 g,caje_lipton,29.9,51.55,Kč,"59,80 Kč / 100 g",598.0,,True,Clubcard,29.9,-42% Clubcard st 7. 10. – út 20. 10.,2026-10-07 - 2026-10-20,https://www.kupi.cz/letak/tesco-hypermarket-letak-370?page=12&map=216580218,https://img.kupi.cz/kupi/thumbs/caje-lipton_170_340.jpg,2026-10-06T17:47:16+02:00
Tesco,Nealko nápoje,470316,Sirup hustý Lahvinka Jupí 0.7 l,sirup_husty_lahvinka_jupi,39.9,68.79,Kč,"57,00 Kč / 1 l",,,True,Clubcard,39.9,-42% Clubcard st 7. 10. – út 20. 10.,2026-10-07 - 2026-10-20,https://www.kupi.cz/letak/tesco-supermarket-letak-416?page=14&map=216253857,https://img.kupi.cz/kupi/thumbs/sirup-husty-lahvinka-jupi_170_340.png,2026-10-06T17:47:16+02:00
Tesco,Nealko nápoje,5446,Pitíčko Hello 0.25 l,piticko_hello,6.9,12.78,Kč,"27,60 Kč / 1 l",,,True,Clubcard,6.9,-46% Clubcard platí do pondělí 19. 10.,2026-10-06 - 2026-10-19,https://www.kupi.cz/letak/tesco-hypermarket-letak-370?page=23&map=216580866,https://img.kupi.cz/kupi/thumbs/mini-napoj-hello_170_340.jpg,2026-10-06T17:47:16+02:00
Tesco,Nealko nápoje,128133,Mleté kávy Douwe Egberts 250 g,mlete_kavy_douwe_egberts,84.9,134.76,Kč,"33,96 Kč / 100 g",339.6,,True,Clubcard,84.9,-37% Clubcard platí do úterý 13. 10.,2026-10-06 - 2026-10-13,https://www.kupi.cz/letak/tesco-hypermarket-letak-369?page=9&map=215327397,https://img.kupi.cz/kupi/thumbs/mlete-kavy-douwe-egberts-1_170_340.jpg,2026-10-06T17:47:16+02:00
Tesco,Nealko nápoje,27216,Energetický nápoj Hell 0.25 l,energeticky_napoj_hell,12.9,19.85,Kč,"51,60 Kč / 1 l",,,True,Clubcard,12.9,-35% Clubcard platí do úterý 13. 10.,2026-10-06 - 2026-10-13,https://www.kupi.cz/letak/tesco-supermarket-letak-416?page=14&map=216253863,https://img.kupi.cz/kupi/thumbs/energeticky-napoj-hell_170_340.png,2026-10-06T17:47:16+02:00
Tesco,Nealko nápoje,164852,Zrnkové kávy Jihlavanka 150 g,zrnkove_kavy_jihlavanka,59.9,113.02,Kč,"39,93 Kč / 100 g",399.3,,True,Clubcard,59.9,-47% Clubcard dnes končí,2026-10-06,https://www.kupi.cz/letak/tesco-supermarket-letak-415?page=10&map=215324808,https://img.kupi.cz/kupi/thumbs/zrnkova-kava-jihlavanka_170_340.jpg,2026-10-06T17:47:16+02:00
Tesco,Nealko nápoje,521373,Energetický nápoj Guarana 0.5 l,energeticky_napoj_guarana,19.9,31.59,Kč,"39,80 Kč / 1 l",,,True,Clubcard,19.9,-37% Clubcard dnes končí,2026-10-06,https://www.kupi.cz/letaky/tesco,https://img.kupi.cz/kupi/thumbs/energeticky-napoj-guarana_170_340.jpg,2026-10-06T17:47:16+02:00
Tesco,Nealko nápoje,488085,Zrnkové kávy Jacobs Velvet 1000 g,zrnkove_kavy_jacobs_velvet,299.9,476.03,Kč,"29,99 Kč / 100 g",299.9,,True,Clubcard,299.9,-37% Clubcard platí do úterý 13. 10.,2026-10-06 - 2026-10-13,https://www.kupi.cz/letak/tesco-hypermarket-letak-369?page=9&map=215327373,https://img.kupi.cz/kupi/thumbs/zrnkove-kavy-jacobs-velvet_170_340.png,2026-10-06T17:47:16+02:00
Tesco,Nealko nápoje,53654,Kapsle kávové Caffee Vergnano 10 ks,kapsle_kavove_caffee_vergnano,99.9,114.83,Kč,"9,99 Kč / 1 ks",,9.99,True,Clubcard,99.9,-13% Clubcard st 14. 10. – út 27. 10.,2026-10-14 - 2026-10-27,https://www.kupi.cz/letak/tesco-hypermarket-znacky-ktere-mate-radi-2?page=24&map=215328093,https://img.kupi.cz/kupi/thumbs/kapsle-kavove-caffee-vergnano_170_340.jpg,2026-10-06T17:47:16+02:00
Tesco,Nealko nápoje,104857,Mletá káva Caffee Vergnano 250 g,mleta_kava_caffee_vergnano,159.9,213.2,Kč,"63,96 Kč / 100 g",639.6,,True,Clubcard,159.9,-25% Clubcard st 14. 10. – út 27. 10.,2026-10-14 - 2026-10-27,https://www.kupi.cz/letak/tesco-hypermarket-znacky-ktere-mate-radi-2?page=24&map=215328096,https://img.kupi.cz/kupi/thumbs/mleta-kava-vergnano_170_340.png,2026-10-06T17:47:16+02:00
Tesco,Nealko nápoje,104754,Zrnkové kávy Caffee Vergnano 500 g,zrnkove_kavy_caffee_vergnano,189.9,379.8,Kč,"37,98 Kč / 100 g",379.8,,True,Clubcard,189.9,-50% Clubcard st 14. 10. – út 27. 10.,2026-10-14 - 2026-10-27,https://www.kupi.cz/letak/tesco-hypermarket-znacky-ktere-mate-radi-2?page=24&map=215328090,https://img.kupi.cz/kupi/thumbs/zrnkove-kavy-vergnano_170_340.jpg,2026-10-06T17:47:16+02:00
Tesco,Nealko nápoje,221610,Šťáva čerstvá Juice Bar Rauch 0.8 l,stava_cerstva_juice_bar_rauch,67.9,84.88,Kč,"84,88 Kč / 1 l",,,True,Clubcard,67.9,-20% Clubcard st 7. 10. – út 20. 10.,2026-10-07 - 2026-10-20,https://www.kupi.cz/letak/tesco-hypermarket-letak-370?page=19&map=216580503,https://img.kupi.cz/kupi/thumbs/stava-cerstva-juice-bar-rauch_170_340.jpg,2026-10-06T17:47:16+02:00
Tesco,Nealko nápoje,485088,Zrnková káva Origins Jacobs 1000 g,zrnkova_kava_origins_jacobs,439.9,637.54,Kč,"43,99 Kč / 100 g",439.9,,True,Clubcard,439.9,-31% Clubcard platí do úterý 13. 10.,2026-10-06 - 2026-10-13,https://www.kupi.cz/letak/tesco-hypermarket-letak-369?page=12&map=215328015,https://img.kupi.cz/kupi/thumbs/zrnkova-kava-origins-jacobs_170_340.jpg,2026-10-06T17:47:16+02:00
Tesco,Nealko nápoje,495267,Zrnkové kávy Aromatico Tchibo 1000 g,zrnkove_kavy_aromatico_tchibo,329.9,523.65,Kč,"32,99 Kč / 100 g",329.9,,True,Clubcard,329.9,-37% Clubcard dnes končí,2026-10-06,https://www.kupi.cz/letaky/tesco,https://www.kupi.cz/img/no_img/no_discounts.png,2026-10-06T17:47:16+02:00
Tesco,Nealko nápoje,488355,Ledová káva High protein Ehrmann 250 ml,ledova_kava_high_protein_ehrmann,36.9,49.86,Kč,"14,76 Kč / 100 ml",,,True,Clubcard,36.9,-26% Clubcard dnes končí,2026-10-06,https://www.kupi.cz/letaky/tesco,https://img.kupi.cz/kupi/thumbs/ledova-kava-high-protein-ehrmann_170_340.jpg,2026-10-06T17:47:16+02:00
Tesco,Nealko nápoje,462479,Šťáva Shot Andros 55 ml,stava_shot_andros,39.9,49.87,Kč,"72,55 Kč / 100 ml",,,True,Clubcard,39.9,-20% Clubcard platí do úterý 13. 10.,2026-10-06 - 2026-10-13,https://www.kupi.cz/letak/tesco-supermarket-letak-415?page=11&map=215324868,https://img.kupi.cz/kupi/thumbs/stava-shot-andros_170_340.png,2026-10-06T17:47:17+02:00
Tesco,Nealko nápoje,568119,Hypotonický hydratační nápoj s elektrolyty Waio 0.5 l,hypotonicky_hydratacni_napoj_s_elektrolyty_waio,23.9,34.64,Kč,"47,80 Kč / 1 l",,,True,Clubcard,23.9,-31% Clubcard platí do úterý 13. 10.,2026-10-06 - 2026-10-13,https://www.kupi.cz/letak/tesco-supermarket-letak-415?page=9&map=215324745,https://img.kupi.cz/kupi/thumbs/hypotonicky-hydratacni-napoj-s-elektrolyty-waio_170_340.jpg,2026-10-06T17:47:17+02:00
Tesco,Nealko nápoje,555453,Čaj Love Teekanne 45 g,caj_love_teekanne,32.9,44.46,Kč,"73,11 Kč / 100 g",731.1,,True,Clubcard,32.9,-26% Clubcard platí do úterý 13. 10.,2026-10-06 - 2026-10-13,https://www.kupi.cz/letak/tesco-hypermarket-znacky-ktere-mate-radi-2?page=22&map=215328042,https://www.kupi.cz/img/no_img/no_discounts.png,2026-10-06T17:47:17+02:00
Tesco,Nealko nápoje,536007,Mletá káva Origins Jacobs 200 g,mleta_kava_origins_jacobs,114.9,182.38,Kč,"57,45 Kč / 100 g",574.5,,True,Clubcard,114.9,-37% Clubcard dnes končí,2026-10-06,https://www.kupi.cz/letak/tesco-hypermarket-letak-369?page=12&map=215328012,https://img.kupi.cz/kupi/thumbs/mleta-kava-origins-jacobs_170_340.jpg,2026-10-06T17:47:17+02:00
Tesco,Nealko nápoje,586194,Ochucená voda Kids my water Hello 0.33 l,ochucena_voda_kids_my_water_hello,10.9,15.8,Kč,"33,03 Kč / 1 l",,,True,Clubcard,10.9,-31% Clubcard platí do neděle 25. 10.,2026-10-06 - 2026-10-25,https://www.kupi.cz/letak/tesco-hypermarket-letak-369?page=23&map=215338788,https://www.kupi.cz/img/no_img/no_discounts.png,2026-10-06T17:47:17+02:00
Tesco,Nealko nápoje,586251,Zrnkové kávy Gold Plus 1000 g,zrnkove_kavy_gold_plus,349.9,448.59,Kč,"34,99 Kč / 100 g",349.9,,True,Clubcard,349.9,-22% Clubcard st 7. 10. – út 20. 10.,2026-10-07 - 2026-10-20,https://www.kupi.cz/letak/tesco-hypermarket-znacky-ktere-mate-radi-2?page=9&map=215326965,https://www.kupi.cz/img/no_img/no_discounts.png,2026-10-06T17:47:17+02:00
Tesco,Nealko nápoje,478860,Čaje bio Cupper 40 g,caje_bio_cupper,89.9,109.63,Kč,"224,75 Kč / 100 g",2247.5,,True,Clubcard,89.9,-18% Clubcard platí do úterý 27. 10.,2026-10-06 - 2026-10-27,https://www.kupi.cz/letak/tesco-hypermarket-znacky-ktere-mate-radi-2?page=18&map=215327391,https://img.kupi.cz/kupi/thumbs/caje-bio-cupper_170_340.jpg,2026-10-06T17:47:17+02:00
Tesco,Vaření a pečení,935,Tatarská omáčka Hellmann's,tatarska_omacka_hellmann_s,54.9,109.8,Kč,"10,98 Kč / 100 ml",,,False,,,-50% platí do úterý 27. 10.,2026-10-06 - 2026-10-27,https://www.kupi.cz/letak/tesco-hypermarket-znacky-ktere-mate-radi-2?page=4&map=215326839,https://img.kupi.cz/kupi/thumbs/tatarska-omacka-hellmanns-1_170_340.png,2026-10-06T17:47:19+02:00
Tesco,Vaření a pečení,937,Majonéza Hellmann's,majoneza_hellmann_s,54.9,109.8,Kč,"10,98 Kč / 100 ml",,,False,,,-50% platí do úterý 27. 10.,2026-10-06 - 2026-10-27,https://www.kupi.cz/letak/tesco-hypermarket-znacky-ktere-mate-radi-2?page=4&map=215326836,https://img.kupi.cz/kupi/thumbs/majoneza-hellmann-s_170_340.png,2026-10-06T17:47:19+02:00
Tesco,Vaření a pečení,26900,Slunečnicový olej Giana 1 l,slunecnicovy_olej_giana,29.9,,Kč,"29,90 Kč / 1 l",,,False,,,st 7. 10. – út 13. 10.,2026-10-07 - 2026-10-13,https://www.kupi.cz/letak/tesco-supermarket-letak-416?map=216252708,https://img.kupi.cz/kupi/thumbs/slunecnicovy-olej-giana_170_340.jpg,2026-10-06T17:47:19+02:00
Tesco,Vaření a pečení,3897,Tuk na pečení Hera 250 g,tuk_na_peceni_hera,23.9,44.26,Kč,"9,56 Kč / 100 g",95.6,,True,Clubcard,23.9,-46% Clubcard dnes končí,2026-10-06,https://www.kupi.cz/letaky/tesco,https://img.kupi.cz/kupi/thumbs/tuk-na-peceni-hera-1_170_340.jpg,2026-10-06T17:47:19+02:00
Tesco,Vaření a pečení,1545,Olivový olej extra panenský Exclusive Franz Josef Kaiser,olivovy_olej_extra_panensky_exclusive_franz_josef_kaiser,189.9,296.72,Kč,"253,20 Kč / 1 l",,,True,Clubcard,189.9,-36% Clubcard st 7. 10. – út 20. 10.,2026-10-07 - 2026-10-20,https://www.kupi.cz/letak/tesco-hypermarket-letak-370?page=21&map=216580671,https://img.kupi.cz/kupi/thumbs/olivovy-olej-franz-josef_170_340.jpg,2026-10-06T17:47:19+02:00
Tesco,Vaření a pečení,1545,Olivový olej extra panenský Exclusive Franz Josef Kaiser,olivovy_olej_extra_panensky_exclusive_franz_josef_kaiser,149.9,227.12,Kč,"299,80 Kč / 1 l",,,True,Clubcard,149.9,-34% Clubcard st 7. 10. – út 20. 10.,2026-10-07 - 2026-10-20,https://www.kupi.cz/letak/tesco-hypermarket-znacky-ktere-mate-radi-2?page=16&map=215327325,https://img.kupi.cz/kupi/thumbs/olivovy-olej-franz-josef_170_340.jpg,2026-10-06T17:47:19+02:00
Tesco,Vaření a pečení,4041,Kečup Heinz 700 g,kecup_heinz,64.9,88.9,Kč,"9,27 Kč / 100 g",92.7,,True,Clubcard,64.9,-27% Clubcard dnes končí,2026-10-06,https://www.kupi.cz/letak/tesco-supermarket-letak-415?page=7&map=215310246,https://img.kupi.cz/kupi/thumbs/kecup-heinz_170_340.png,2026-10-06T17:47:19+02:00
Tesco,Vaření a pečení,7502,Těstoviny Barilla 500 g,testoviny_barilla,32.9,64.51,Kč,"6,58 Kč / 100 g",65.8,,True,Clubcard,32.9,-49% Clubcard st 7. 10. – út 20. 10.,2026-10-07 - 2026-10-20,https://www.kupi.cz/letak/tesco-hypermarket-znacky-ktere-mate-radi-2?page=15&map=216192537,https://img.kupi.cz/kupi/thumbs/testoviny-barilla-1_170_340.jpg,2026-10-06T17:47:19+02:00
Tesco,Vaření a pečení,691,Kečup Kand 520 g,kecup_kand,44.9,59.87,Kč,"8,63 Kč / 100 g",86.3,,True,Clubcard,44.9,-25% Clubcard st 7. 10. – út 20. 10.,2026-10-07 - 2026-10-20,https://www.kupi.cz/letak/tesco-supermarket-letak-416?page=9&map=216253365,https://img.kupi.cz/kupi/thumbs/kecup-kand_170_340.jpg,2026-10-06T17:47:19+02:00
Tesco,Vaření a pečení,1706,Mouka Předměřická Mlýny J. Voženílek 1 kg,mouka_predmericka_mlyny_j_vozenilek,11.9,21.64,Kč,"11,90 Kč / 1 kg",11.9,,False,,,-45% st 7. 10. – út 20. 10.,2026-10-07 - 2026-10-20,https://www.kupi.cz/letak/tesco-supermarket-letak-416?page=2&map=216252870,https://img.kupi.cz/kupi/thumbs/mouka-predmericka-mlyny-vozenilek-2_170_340.jpg,2026-10-06T17:47:19+02:00
Tesco,Vaření a pečení,35169,Cukr krystal Tesco 1 kg,cukr_krystal,12.9,19.85,Kč,"12,90 Kč / 1 kg",12.9,,True,Clubcard,12.9,-35% Clubcard pá 9. 10. – ne 11. 10.,2026-10-09 - 2026-10-11,https://www.kupi.cz/letak/tesco-supermarket-letak-416?page=10&map=216253461,https://img.kupi.cz/kupi/thumbs/cukr-krystal-tesco-1_170_340.jpg,2026-10-06T17:47:19+02:00
Tesco,Vaření a pečení,855,Rýže loupaná dlouhozrnná Vitana 800 g,ryze_loupana_dlouhozrnna_vitana,49.9,69.31,Kč,"6,24 Kč / 100 g",62.4,,True,Clubcard,49.9,-28% Clubcard platí do úterý 13. 10.,2026-10-06 - 2026-10-13,https://www.kupi.cz/letak/tesco-supermarket-letak-415?page=7&map=215308563,https://img.kupi.cz/kupi/thumbs/ryze-loupana-dlouhozrnna-vitana_170_340.png,2026-10-06T17:47:19+02:00
Tesco,Vaření a pečení,108138,Čekankový sirup 4Slim 350 g,cekankovy_sirup_4slim,79.9,133.17,Kč,"22,83 Kč / 100 g",228.3,,True,Clubcard,79.9,-40% Clubcard platí do středy 28. 10.,2026-10-06 - 2026-10-28,https://www.kupi.cz/letak/tesco-hypermarket-znacky-ktere-mate-radi-2?page=10&map=215327007,https://img.kupi.cz/kupi/thumbs/cekankovy-sirup-4slim_170_340.png,2026-10-06T17:47:19+02:00
Tesco,Vaření a pečení,3157,Kakao holandské Avita 100 g,kakao_holandske_avita,44.9,59.87,Kč,"44,90 Kč / 100 g",449.0,,True,Clubcard,44.9,-25% Clubcard platí do úterý 13. 10.,2026-10-06 - 2026-10-13,https://www.kupi.cz/letak/tesco-supermarket-letak-416?page=14&map=216253836,https://img.kupi.cz/kupi/thumbs/kakao-holandske-avita_170_340.jpg,2026-10-06T17:47:19+02:00
Tesco,Vaření a pečení,4637,Těstoviny vaječné Zátkovy 500 g,testoviny_vajecne_zatkovy,26.9,39.56,Kč,"5,38 Kč / 100 g",53.8,,True,Clubcard,26.9,-32% Clubcard platí do úterý 13. 10.,2026-10-06 - 2026-10-13,https://www.kupi.cz/letak/tesco-supermarket-letak-415?page=7&map=215308566,https://img.kupi.cz/kupi/thumbs/testoviny-vajecne-zatkovy_170_340.jpg,2026-10-06T17:47:19+02:00
Tesco,Vaření a pečení,9701,Chilli omáčka sladká Exotic food 725 ml,chilli_omacka_sladka_exotic_food,79.9,109.45,Kč,"11,02 Kč / 100 ml",,,True,Clubcard,79.9,-27% Clubcard platí do úterý 27. 10.,2026-10-06 - 2026-10-27,https://www.kupi.cz/letak/tesco-hypermarket-znacky-ktere-mate-radi-2?page=18&map=215327376,https://img.kupi.cz/kupi/thumbs/chilli-omacka-sladka-exotic-food_170_340.jpg,2026-10-06T17:47:19+02:00
Tesco,Vaření a pečení,5668,Mouka Penam 1 kg,mouka_penam,11.9,19.83,Kč,"11,90 Kč / 1 kg",11.9,,True,Clubcard,11.9,-40% Clubcard dnes končí,2026-10-06,https://www.kupi.cz/letaky/tesco,https://img.kupi.cz/kupi/thumbs/mouka-penam_170_340.jpg,2026-10-06T17:47:19+02:00
Tesco,Vaření a pečení,965,Přísada do jídla Podravka,prisada_do_jidla_podravka,34.9,47.81,Kč,"13,96 Kč / 100 g",139.6,,True,Clubcard,34.9,-27% Clubcard platí do úterý 13. 10.,2026-10-06 - 2026-10-13,https://www.kupi.cz/letak/tesco-hypermarket-znacky-ktere-mate-radi-2?page=9&map=215326932,https://img.kupi.cz/kupi/thumbs/prisada-do-jidla-podravka_170_340.png,2026-10-06T17:47:19+02:00
Tesco,Vaření a pečení,965,Přísada do jídla Podravka,prisada_do_jidla_podravka,74.9,87.09,Kč,"14,98 Kč / 100 g",149.8,,True,Clubcard,74.9,-14% Clubcard platí do úterý 13. 10.,2026-10-06 - 2026-10-13,https://www.kupi.cz/letak/tesco-hypermarket-znacky-ktere-mate-radi-2?page=9&map=215326944,https://img.kupi.cz/kupi/thumbs/prisada-do-jidla-podravka_170_340.png,2026-10-06T17:47:19+02:00
Tesco,Vaření a pečení,965,Přísada do jídla Podravka,prisada_do_jidla_podravka,34.9,39.66,Kč,"17,45 Kč / 100 g",174.5,,True,Clubcard,34.9,-12% Clubcard platí do úterý 13. 10.,2026-10-06 - 2026-10-13,https://www.kupi.cz/letak/tesco-hypermarket-znacky-ktere-mate-radi-2?page=9&map=215326959,https://img.kupi.cz/kupi/thumbs/prisada-do-jidla-podravka_170_340.png,2026-10-06T17:47:19+02:00
Tesco,Vaření a pečení,55,Koření tekuté Maggi 200 g,koreni_tekute_maggi,19.9,31.59,Kč,"9,95 Kč / 100 g",99.5,,True,Clubcard,19.9,-37% Clubcard platí do neděle 25. 10.,2026-10-06 - 2026-10-25,https://www.kupi.cz/letak/tesco-hypermarket-znacky-ktere-mate-radi-2?page=11&map=215327034,https://img.kupi.cz/kupi/thumbs/tekute-koreni-maggi_170_340.jpg,2026-10-06T17:47:19+02:00
Tesco,Vaření a pečení,6744,Čočka Lagris 500 g,cocka_lagris,32.9,43.87,Kč,"6,58 Kč / 100 g",65.8,,True,Clubcard,32.9,-25% Clubcard platí do neděle 25. 10.,2026-10-06 - 2026-10-25,https://www.kupi.cz/letaky/tesco,https://img.kupi.cz/kupi/thumbs/cocka-lagris_170_340.png,2026-10-06T17:47:20+02:00
Tesco,Vaření a pečení,41285,Dresink Hellmann's 250 ml,dresink_hellmann_s,59.9,75.82,Kč,"23,96 Kč / 100 ml",,,True,Clubcard,59.9,-21% Clubcard dnes končí,2026-10-06,https://www.kupi.cz/letaky/tesco,https://img.kupi.cz/kupi/thumbs/dresink-hellmanns-1_170_340.jpg,2026-10-06T17:47:20+02:00
Tesco,Vaření a pečení,1593,Pudink Premium Dr. Oetker,pudink_premium_dr_oetker,14.9,19.87,Kč,"28,65 Kč / 100 g",286.5,,True,Clubcard,14.9,-25% Clubcard platí do úterý 13. 10.,2026-10-06 - 2026-10-13,https://www.kupi.cz/letak/tesco-hypermarket-letak-369?page=21&map=215338542,https://img.kupi.cz/kupi/thumbs/pudink-premium-dr-oetker_170_340.jpg,2026-10-06T17:47:20+02:00
Tesco,Vaření a pečení,1593,Pudink Premium Dr. Oetker,pudink_premium_dr_oetker,14.9,19.87,Kč,"37,25 Kč / 100 g",372.5,,True,Clubcard,14.9,-25% Clubcard platí do úterý 13. 10.,2026-10-06 - 2026-10-13,https://www.kupi.cz/letak/tesco-supermarket-letak-415?page=13&map=215324928,https://img.kupi.cz/kupi/thumbs/pudink-premium-dr-oetker_170_340.jpg,2026-10-06T17:47:20+02:00
Tesco,Vaření a pečení,163097,Rýže jasmínová Giana 5000 g,ryze_jasminova_giana,189.9,287.73,Kč,"3,80 Kč / 100 g",38.0,,True,Clubcard,189.9,-34% Clubcard dnes končí,2026-10-06,https://www.kupi.cz/letaky/tesco,https://img.kupi.cz/kupi/thumbs/ryze-jasminova-giana_170_340.jpg,2026-10-06T17:47:20+02:00
Tesco,Vaření a pečení,76668,Omáčky na těstoviny Exclusive Franz Josef Kaiser 350 g,omacky_na_testoviny_exclusive_franz_josef_kaiser,39.9,73.89,Kč,"11,40 Kč / 100 g",114.0,,True,Clubcard,39.9,-46% Clubcard dnes končí,2026-10-06,https://www.kupi.cz/letaky/tesco,https://img.kupi.cz/kupi/thumbs/omacky-na-testoviny-franz-josef-kaiser_170_340.jpg,2026-10-06T17:47:20+02:00
Tesco,Vaření a pečení,3390,Koření Kotányi,koreni_kotanyi,15.9,27.89,Kč,"58,89 Kč / 100 g",588.9,,True,Clubcard,15.9,-43% Clubcard platí do neděle 25. 10.,2026-10-06 - 2026-10-25,https://www.kupi.cz/letak/tesco-hypermarket-znacky-ktere-mate-radi-2?page=10&map=215326995,https://img.kupi.cz/kupi/thumbs/koreni-kotanyi-3_170_340.jpg,2026-10-06T17:47:20+02:00
Tesco,Vaření a pečení,3390,Koření Kotányi,koreni_kotanyi,18.9,32.59,Kč,"94,50 Kč / 100 g",945.0,,True,Clubcard,18.9,-42% Clubcard platí do neděle 25. 10.,2026-10-06 - 2026-10-25,https://www.kupi.cz/letak/tesco-hypermarket-znacky-ktere-mate-radi-2?page=10&map=215326992,https://img.kupi.cz/kupi/thumbs/koreni-kotanyi-3_170_340.jpg,2026-10-06T17:47:20+02:00
Tesco,Vaření a pečení,3528,Polévkové koření Kucharek 200 g,polevkove_koreni_kucharek,16.9,25.61,Kč,"8,45 Kč / 100 g",84.5,,True,Clubcard,16.9,-34% Clubcard platí do úterý 13. 10.,2026-10-06 - 2026-10-13,https://www.kupi.cz/letak/tesco-hypermarket-znacky-ktere-mate-radi-2?page=15&map=216192369,https://img.kupi.cz/kupi/thumbs/polevkove-koreni-kucharek_170_340.png,2026-10-06T17:47:20+02:00
Tesco,Vaření a pečení,103095,Omáčky Heinz 400 g,omacky_heinz,59.9,74.88,Kč,"14,97 Kč / 100 g",149.7,,True,Clubcard,59.9,-20% Clubcard dnes končí,2026-10-06,https://www.kupi.cz/letaky/tesco,https://img.kupi.cz/kupi/thumbs/omacky-heinz-1_170_340.png,2026-10-06T17:47:20+02:00
Tesco,Vaření a pečení,39178,Sójová omáčka Pearl River Bridge 500 ml,sojova_omacka_pearl_river_bridge,57.9,64.33,Kč,"11,58 Kč / 100 ml",,,True,Clubcard,57.9,-10% Clubcard platí do úterý 27. 10.,2026-10-06 - 2026-10-27,https://www.kupi.cz/letak/tesco-hypermarket-znacky-ktere-mate-radi-2?page=18&map=215327379,https://img.kupi.cz/kupi/thumbs/sojova-omacka-pearl-river-bridge-1_170_340.jpg,2026-10-06T17:47:20+02:00
Tesco,Vaření a pečení,11908,Džem Extra Hamé 340 g,dzem_extra_hame,59.9,79.87,Kč,"17,62 Kč / 100 g",176.2,,True,Clubcard,59.9,-25% Clubcard st 7. 10. – út 20. 10.,2026-10-07 - 2026-10-20,https://www.kupi.cz/letak/tesco-hypermarket-letak-370?page=20&map=216580611,https://img.kupi.cz/kupi/thumbs/dzem-extra-hame_170_340.jpg,2026-10-06T17:47:20+02:00
Tesco,Vaření a pečení,5851,Koření Skořice mletá Vitana 23 g,koreni_skorice_mleta_vitana,15.9,19.88,Kč,"69,13 Kč / 100 g",691.3,,True,Clubcard,15.9,-20% Clubcard st 7. 10. – út 20. 10.,2026-10-07 - 2026-10-20,https://www.kupi.cz/letak/tesco-hypermarket-znacky-ktere-mate-radi-2?page=14&map=215327241,https://img.kupi.cz/kupi/thumbs/koreni-skorice-mleta-vitana_170_340.jpg,2026-10-06T17:47:20+02:00
Tesco,Vaření a pečení,4947,Vanilínový cukr Vitana 20 g,vanilinovy_cukr_vitana,14.9,16.74,Kč,"14,90 Kč / 100 g",745.0,,True,Clubcard,14.9,-11% Clubcard st 7. 10. – út 20. 10.,2026-10-07 - 2026-10-20,https://www.kupi.cz/letak/tesco-hypermarket-znacky-ktere-mate-radi-2?page=14&map=215327244,https://img.kupi.cz/kupi/thumbs/vanilinovy-cukr-vitana_170_340.jpg,2026-10-06T17:47:20+02:00
Tesco,Vaření a pečení,4946,Kypřicí prášek do pečiva Vitana 13 g,kyprici_prasek_do_peciva_vitana,4.9,6.81,Kč,"37,69 Kč / 100 g",376.9,,True,Clubcard,4.9,-28% Clubcard st 7. 10. – út 20. 10.,2026-10-07 - 2026-10-20,https://www.kupi.cz/letak/tesco-hypermarket-znacky-ktere-mate-radi-2?page=14&map=215327250,https://img.kupi.cz/kupi/thumbs/kyprici-prasek-do-peciva-vitana_170_340.jpg,2026-10-06T17:47:20+02:00
Tesco,Vaření a pečení,13031,Sádlo škvařené Brick 250 g,sadlo_skvarene_brick,34.9,41.55,Kč,"13,96 Kč / 100 g",139.6,,True,Clubcard,34.9,-16% Clubcard platí do úterý 13. 10.,2026-10-06 - 2026-10-13,https://www.kupi.cz/letak/tesco-hypermarket-letak-369?page=15&map=215337648,https://img.kupi.cz/kupi/thumbs/skvarene-sadlo-brick_170_340.jpg,2026-10-06T17:47:20+02:00
Tesco,Vaření a pečení,48790,Vanilkový cukr Vitana 10 g,vanilkovy_cukr_vitana,7.9,14.36,Kč,"79,00 Kč / 100 g",790.0,,True,Clubcard,7.9,-45% Clubcard st 7. 10. – út 20. 10.,2026-10-07 - 2026-10-20,https://www.kupi.cz/letak/tesco-hypermarket-znacky-ktere-mate-radi-2?page=14&map=215327238,https://img.kupi.cz/kupi/thumbs/vanilkovy-cukr-vitana-1_170_340.jpg,2026-10-06T17:47:20+02:00
Tesco,Vaření a pečení,68690,Olivový olej extra panenský Demetra Agrocreta 1 l,olivovy_olej_extra_panensky_demetra_agrocreta,279.9,399.86,Kč,"279,90 Kč / 1 l",,,True,Clubcard,279.9,-30% Clubcard platí do úterý 13. 10.,2026-10-06 - 2026-10-13,https://www.kupi.cz/letak/tesco-hypermarket-letak-370?page=17&map=216580389,https://img.kupi.cz/kupi/thumbs/olivovy-olej-extra-panensky-demetra_170_340.jpg,2026-10-06T17:47:20+02:00
Tesco,Vaření a pečení,144680,Pesto Exclusive Franz Josef Kaiser 190 g,pesto_exclusive_franz_josef_kaiser,44.9,76.1,Kč,"23,63 Kč / 100 g",236.3,,True,Clubcard,44.9,-41% Clubcard st 14. 10. – út 27. 10.,2026-10-14 - 2026-10-27,https://www.kupi.cz/letak/tesco-hypermarket-znacky-ktere-mate-radi-2?page=16&map=215327301,https://img.kupi.cz/kupi/thumbs/pesto-exclusive-kaiser-franz-josef_170_340.jpg,2026-10-06T17:47:20+02:00
Tesco,Vaření a pečení,30367,Med květový Product Bohemia 900 g,med_kvetovy_product_bohemia,179.9,227.72,Kč,"19,99 Kč / 100 g",199.9,,True,Clubcard,179.9,-21% Clubcard st 7. 10. – út 20. 10.,2026-10-07 - 2026-10-20,https://www.kupi.cz/letak/tesco-hypermarket-letak-370?page=20&map=216580620,https://img.kupi.cz/kupi/thumbs/med-kvetovy-product-bohemia_170_340.jpg,2026-10-06T17:47:20+02:00
Tesco,Vaření a pečení,50119,Řepkový olej Apetol 1 l,repkovy_olej_apetol,34.9,59.15,Kč,"34,90 Kč / 1 l",,,True,Clubcard,34.9,-41% Clubcard platí do úterý 13. 10.,2026-10-06 - 2026-10-13,https://www.kupi.cz/letak/tesco-hypermarket-letak-369?page=21&map=215338530,https://img.kupi.cz/kupi/thumbs/repkovy-olej-apetol_170_340.jpg,2026-10-06T17:47:22+02:00
Tesco,Vaření a pečení,18977,Těsto listové Tesco 275 g,testo_listove,19.9,29.7,Kč,"7,24 Kč / 100 g",72.4,,True,Clubcard,19.9,-33% Clubcard dnes končí,2026-10-06,https://www.kupi.cz/letak/tesco-supermarket-letak-415?page=10&map=215324805,https://img.kupi.cz/kupi/thumbs/listove-testo-chlazene-tesco_170_340.jpg,2026-10-06T17:47:22+02:00
Tesco,Vaření a pečení,355702,Těstoviny semolinové Exclusive Franz Josef Kaiser 500 g,testoviny_semolinove_exclusive_franz_josef_kaiser,26.9,39.56,Kč,"5,38 Kč / 100 g",53.8,,True,Clubcard,26.9,-32% Clubcard dnes končí,2026-10-06,https://www.kupi.cz/letaky/tesco,https://img.kupi.cz/kupi/thumbs/testoviny-semolinove-franz-josef-kaiser_170_340.png,2026-10-06T17:47:22+02:00
Tesco,Vaření a pečení,43076,Těstoviny Tesco 500 g,testoviny,16.9,22.84,Kč,"3,38 Kč / 100 g",33.8,,True,Clubcard,16.9,-26% Clubcard dnes končí,2026-10-06,https://www.kupi.cz/letak/tesco-hypermarket-letak-369?page=19&map=215338419,https://img.kupi.cz/kupi/thumbs/testoviny-tesco_170_340.jpg,2026-10-06T17:47:22+02:00
Tesco,Vaření a pečení,397672,Omáčky Hellmann's 250 ml,omacky_hellmann_s,59.9,74.88,Kč,"23,96 Kč / 100 ml",,,True,Clubcard,59.9,-20% Clubcard platí do úterý 13. 10.,2026-10-06 - 2026-10-13,https://www.kupi.cz/letak/tesco-hypermarket-letak-369?page=8&map=215327298,https://img.kupi.cz/kupi/thumbs/omacky-hellmanns_170_340.jpg,2026-10-06T17:47:22+02:00
Tesco,Vaření a pečení,48848,Olivový olej Ballester 0.5 l,olivovy_olej_ballester,129.9,188.26,Kč,"259,80 Kč / 1 l",,,True,Clubcard,129.9,-31% Clubcard platí do úterý 13. 10.,2026-10-06 - 2026-10-13,https://www.kupi.cz/letak/tesco-hypermarket-letak-369?page=8&map=215327286,https://img.kupi.cz/kupi/thumbs/olej-olivovy-ballester-2_170_340.jpg,2026-10-06T17:47:22+02:00
Tesco,Vaření a pečení,91,Kečup bez lepku Neli 900 g,kecup_bez_lepku_neli,54.9,87.14,Kč,"6,10 Kč / 100 g",61.0,,True,Clubcard,54.9,-37% Clubcard platí do neděle 25. 10.,2026-10-06 - 2026-10-25,https://www.kupi.cz/letaky/tesco,https://img.kupi.cz/kupi/thumbs/kecup-neli_170_340.jpg,2026-10-06T17:47:22+02:00
Tesco,Vaření a pečení,253077,Sójová omáčka Maggi 190 ml,sojova_omacka_maggi,24.9,49.8,Kč,"13,11 Kč / 100 ml",,,True,Clubcard,24.9,-50% Clubcard platí do neděle 25. 10.,2026-10-06 - 2026-10-25,https://www.kupi.cz/letak/tesco-hypermarket-znacky-ktere-mate-radi-2?page=11&map=215327037,https://img.kupi.cz/kupi/thumbs/sojova-omacka-maggi_170_340.jpg,2026-10-06T17:47:22+02:00
Tesco,Vaření a pečení,374434,Tuk s máslovou příchutí Omega 200 g,tuk_s_maslovou_prichuti_omega,14.9,36.34,Kč,"7,45 Kč / 100 g",74.5,,True,Clubcard,14.9,-59% Clubcard dnes končí,2026-10-06,https://www.kupi.cz/letaky/tesco,https://img.kupi.cz/kupi/thumbs/tuk-s-maslovou-prichuti-omega_170_340.jpg,2026-10-06T17:47:22+02:00
Tesco,Vaření a pečení,3939,Majonéza Tesco 95 g,majoneza,12.9,,Kč,"13,58 Kč / 100 g",135.8,,False,,,dnes končí,2026-10-06,https://www.kupi.cz/letak/tesco-hypermarket-letak-369?page=19&map=215338425,https://img.kupi.cz/kupi/thumbs/majoneza-tesco_170_340.jpg,2026-10-06T17:47:22+02:00
Tesco,Vaření a pečení,439146,Cukr třtinový TropiCane 1 kg,cukr_trtinovy_tropicane,49.9,64.81,Kč,"49,90 Kč / 1 kg",49.9,,True,Clubcard,49.9,-23% Clubcard platí do úterý 13. 10.,2026-10-06 - 2026-10-13,https://www.kupi.cz/letak/tesco-supermarket-letak-416?page=13&map=216253773,https://img.kupi.cz/kupi/thumbs/cukr-trtinovy-tropicane_170_340.jpg,2026-10-06T17:47:22+02:00
Tesco,Vaření a pečení,21183,Rajčata pasírovaná Podravka 500 g,rajcata,22.9,29.74,Kč,"4,58 Kč / 100 g",45.8,,True,Clubcard,22.9,-23% Clubcard dnes končí,2026-10-06,https://www.kupi.cz/letak/tesco-hypermarket-znacky-ktere-mate-radi-2?page=9&map=215326953,https://img.kupi.cz/kupi/thumbs/rajcata-pasirovana-podravka_170_340.png,2026-10-06T17:47:22+02:00
Tesco,Vaření a pečení,174718,Rajčatový protlak Podravka 120 g,rajcatovy_protlak_podravka,24.9,34.58,Kč,"20,75 Kč / 100 g",207.5,,True,Clubcard,24.9,-28% Clubcard dnes končí,2026-10-06,https://www.kupi.cz/letak/tesco-hypermarket-znacky-ktere-mate-radi-2?page=9&map=215326947,https://img.kupi.cz/kupi/thumbs/rajcatovy-protlak-podravka_170_340.jpg,2026-10-06T17:47:22+02:00
Tesco,Vaření a pečení,431244,Tuk Lahodné 200 g,tuk_lahodne,24.9,32.76,Kč,"12,45 Kč / 100 g",124.5,,True,Clubcard,24.9,-24% Clubcard st 7. 10. – út 3. 11.,2026-10-07 - 2026-11-03,https://www.kupi.cz/letak/tesco-supermarket-letak-416?page=12&map=216253602,https://img.kupi.cz/kupi/thumbs/tuk-lahodne_170_340.png,2026-10-06T17:47:22+02:00
Tesco,Vaření a pečení,20293,Hořčice Senf 440 g,horcice_senf,19.9,28.84,Kč,"4,52 Kč / 100 g",45.2,,True,Clubcard,19.9,-31% Clubcard platí do úterý 13. 10.,2026-10-06 - 2026-10-13,https://www.kupi.cz/letak/tesco-hypermarket-letak-369?page=8&map=215327292,https://img.kupi.cz/kupi/thumbs/horcice-senf_170_340.jpg,2026-10-06T17:47:22+02:00
Tesco,Vaření a pečení,464663,Kečup bezva Neli 900 g,kecup_bezva_neli,54.9,87.14,Kč,"6,10 Kč / 100 g",61.0,,True,Clubcard,54.9,-37% Clubcard platí do neděle 25. 10.,2026-10-06 - 2026-10-25,https://www.kupi.cz/letaky/tesco,https://img.kupi.cz/kupi/thumbs/kecup-bezva-neli_170_340.jpg,2026-10-06T17:47:22+02:00
Tesco,Vaření a pečení,59564,Džem Riso 340 g,dzem_riso,49.9,72.32,Kč,"14,68 Kč / 100 g",146.8,,True,Clubcard,49.9,-31% Clubcard dnes končí,2026-10-06,https://www.kupi.cz/letaky/tesco,https://img.kupi.cz/kupi/thumbs/dzem-riso-1_170_340.jpg,2026-10-06T17:47:22+02:00
Tesco,Vaření a pečení,44516,Koření Bylinky Kotányi 14 g,koreni_bylinky_kotanyi,14.9,27.59,Kč,"106,43 Kč / 100 g",1064.3,,True,Clubcard,14.9,-46% Clubcard platí do neděle 25. 10.,2026-10-06 - 2026-10-25,https://www.kupi.cz/letak/tesco-hypermarket-znacky-ktere-mate-radi-2?page=10&map=215326986,https://img.kupi.cz/kupi/thumbs/bylinky-kotanyi_170_340.jpg,2026-10-06T17:47:22+02:00
Tesco,Vaření a pečení,412907,Rýže jasmínová thajská White Elephant 2000 g,ryze_jasminova_thajska_white_elephant,144.9,183.42,Kč,"7,25 Kč / 100 g",72.5,,True,Clubcard,144.9,-21% Clubcard platí do úterý 13. 10.,2026-10-06 - 2026-10-13,https://www.kupi.cz/letak/tesco-hypermarket-letak-370?page=17&map=216580386,https://img.kupi.cz/kupi/thumbs/ryze-jasminova-thajska-white-elephant-1_170_340.jpg,2026-10-06T17:47:23+02:00
Tesco,Vaření a pečení,40510,Omáčka Vitana 220 g,omacka_vitana,34.9,47.81,Kč,"15,86 Kč / 100 g",158.6,,True,Clubcard,34.9,-27% Clubcard platí do úterý 13. 10.,2026-10-06 - 2026-10-13,https://www.kupi.cz/letak/tesco-hypermarket-letak-370?page=22&map=216580710,https://img.kupi.cz/kupi/thumbs/omacka-vitana_170_340.png,2026-10-06T17:47:23+02:00
Tesco,Vaření a pečení,447201,Rýže loupaná Menu Gold 800 g,ryze_loupana_menu_gold,39.9,51.82,Kč,"4,99 Kč / 100 g",49.9,,True,Clubcard,39.9,-23% Clubcard st 7. 10. – út 20. 10.,2026-10-07 - 2026-10-20,https://www.kupi.cz/letak/tesco-hypermarket-letak-370?page=9&map=216579456,https://img.kupi.cz/kupi/thumbs/ryze-loupana-menu-gold_170_340.png,2026-10-06T17:47:23+02:00
Tesco,Vaření a pečení,264632,Tortellini Rana 250 g,tortellini_rana,56.9,79.03,Kč,"22,76 Kč / 100 g",227.6,,True,Clubcard,56.9,-28% Clubcard st 7. 10. – út 13. 10.,2026-10-07 - 2026-10-13,https://www.kupi.cz/letak/tesco-hypermarket-letak-370?page=19&map=216580524,https://img.kupi.cz/kupi/thumbs/tortellini-rana_170_340.png,2026-10-06T17:47:23+02:00
Tesco,Vaření a pečení,417913,Náplň Dr. Oetker 250 g,napln_dr_oetker,49.9,59.4,Kč,"19,96 Kč / 100 g",199.6,,True,Clubcard,49.9,-16% Clubcard platí do úterý 13. 10.,2026-10-06 - 2026-10-13,https://www.kupi.cz/letak/tesco-hypermarket-letak-370?page=20&map=216580617,https://img.kupi.cz/kupi/thumbs/napln-dr-oetker_170_340.jpg,2026-10-06T17:47:23+02:00
Tesco,Vaření a pečení,453875,Dýňový olej Exclusive Franz Josef Kaiser 0.25 l,dynovy_olej_exclusive_franz_josef_kaiser,179.9,239.87,Kč,"719,60 Kč / 1 l",,,True,Clubcard,179.9,-25% Clubcard st 7. 10. – út 20. 10.,2026-10-07 - 2026-10-20,https://www.kupi.cz/letak/tesco-hypermarket-znacky-ktere-mate-radi-2?page=16&map=215327322,https://img.kupi.cz/kupi/thumbs/dynovy-olej-exclusive-franz-josef-kaiser_170_340.jpg,2026-10-06T17:47:23+02:00
Tesco,Vaření a pečení,541989,Povidla Gold Plus 440 g,povidla_gold_plus,50.0,64.1,Kč,"11,36 Kč / 100 g",113.6,,True,Clubcard,50.0,-22% Clubcard platí do úterý 13. 10.,2026-10-06 - 2026-10-13,https://www.kupi.cz/letak/tesco-supermarket-letak-415?page=13&map=215324931,https://img.kupi.cz/kupi/thumbs/povidla-gold-plus_170_340.jpg,2026-10-06T17:47:23+02:00
Tesco,Vaření a pečení,526092,Rýže premium ST25 Menu Gold 1000 g,ryze_premium_st25_menu_gold,79.9,97.44,Kč,"7,99 Kč / 100 g",79.9,,True,Clubcard,79.9,-18% Clubcard st 7. 10. – út 20. 10.,2026-10-07 - 2026-10-20,https://www.kupi.cz/letak/tesco-hypermarket-znacky-ktere-mate-radi-2?page=10&map=215327001,https://img.kupi.cz/kupi/thumbs/ryze-premium-st25-menu-gold_170_340.jpg,2026-10-06T17:47:23+02:00
Tesco,Vaření a pečení,542007,Vanilkový cukr Cassonade 0.1 kg,vanilkovy_cukr_cassonade,49.9,79.21,Kč,"499,00 Kč / 1 kg",499.0,,True,Clubcard,49.9,-37% Clubcard st 7. 10. – út 20. 10.,2026-10-07 - 2026-10-20,https://www.kupi.cz/letak/tesco-hypermarket-letak-370?page=20&map=216580602,https://img.kupi.cz/kupi/thumbs/vanilkovy-cukr-cassonade_170_340.jpg,2026-10-06T17:47:23+02:00
Tesco,Vaření a pečení,567444,Dip Záruba 45 ml,dip_zaruba,9.9,19.8,Kč,"11,00 Kč / 100 ml",,,True,Clubcard,9.9,-50% Clubcard dnes končí,2026-10-06,https://www.kupi.cz/letak/tesco-supermarket-letak-415?page=11&map=215324862,https://img.kupi.cz/kupi/thumbs/dip-zaruba_170_340.jpg,2026-10-06T17:47:23+02:00
Tesco,Vaření a pečení,567444,Dip Záruba 45 ml,dip_zaruba,14.9,19.87,Kč,"16,56 Kč / 100 ml",,,True,Clubcard,14.9,-25% Clubcard dnes končí,2026-10-06,https://www.kupi.cz/letaky/tesco,https://img.kupi.cz/kupi/thumbs/dip-zaruba_170_340.jpg,2026-10-06T17:47:23+02:00
Tesco,Vaření a pečení,549999,Džem Extra Gold Plus 340 g,dzem_extra_gold_plus,59.9,79.87,Kč,"17,62 Kč / 100 g",176.2,,True,Clubcard,59.9,-25% Clubcard platí do úterý 13. 10.,2026-10-06 - 2026-10-13,https://www.kupi.cz/letak/tesco-hypermarket-znacky-ktere-mate-radi-2?page=9&map=215326962,https://img.kupi.cz/kupi/thumbs/dzem-extra-gold-plus_170_340.jpg,2026-10-06T17:47:23+02:00
Tesco,Vaření a pečení,492165,Rajčatový protlak Gustodoro 500 g,rajcatovy_protlak_gustodoro,36.9,42.41,Kč,"7,38 Kč / 100 g",73.8,,True,Clubcard,36.9,-13% Clubcard st 7. 10. – út 20. 10.,2026-10-07 - 2026-10-20,https://www.kupi.cz/letak/tesco-hypermarket-letak-370?page=22&map=216580695,https://img.kupi.cz/kupi/thumbs/rajcatovy-protlak-gustodoro_170_340.jpg,2026-10-06T17:47:23+02:00
Tesco,Vaření a pečení,586254,Slunečnicový rafinovaný olej Gold Plus 1 l,slunecnicovy_rafinovany_olej_gold_plus,59.9,69.65,Kč,"59,90 Kč / 1 l",,,True,Clubcard,59.9,-14% Clubcard st 14. 10. – st 28. 10.,2026-10-14 - 2026-10-28,https://www.kupi.cz/letak/tesco-hypermarket-znacky-ktere-mate-radi-2?page=9&map=215326971,https://www.kupi.cz/img/no_img/no_discounts.png,2026-10-06T17:47:23+02:00
Tesco,Vaření a pečení,558285,Obalovací směs Gold Plus 500 g,obalovaci_smes_gold_plus,44.9,51.61,Kč,"8,98 Kč / 100 g",89.8,,True,Clubcard,44.9,-13% Clubcard st 7. 10. – út 20. 10.,2026-10-07 - 2026-10-20,https://www.kupi.cz/letak/tesco-hypermarket-znacky-ktere-mate-radi-2?page=9&map=215326977,https://img.kupi.cz/kupi/thumbs/obalovaci-smes-gold-plus_170_340.jpg,2026-10-06T17:47:23+02:00
Tesco,Vaření a pečení,586263,Krém s balsamikovým octem Exclusive Franz Josef Kaiser 150 ml,krem_s_balsamikovym_octem_exclusive_franz_josef_kaiser,49.9,75.61,Kč,"33,27 Kč / 100 ml",,,True,Clubcard,49.9,-34% Clubcard st 7. 10. – út 20. 10.,2026-10-07 - 2026-10-20,https://www.kupi.cz/letak/tesco-hypermarket-znacky-ktere-mate-radi-2?page=16&map=215327334,https://www.kupi.cz/img/no_img/no_discounts.png,2026-10-06T17:47:23+02:00
Tesco,Sladkosti a slané snacky,681,Čokoláda Milka,cokolada_milka,29.9,39.87,Kč,"29,90 Kč / 100 g",299.0,,True,Clubcard,29.9,-25% Clubcard st 7. 10. – út 20. 10.,2026-10-07 - 2026-10-20,https://www.kupi.cz/letak/tesco-hypermarket-letak-370?page=9&map=216579495,https://img.kupi.cz/kupi/thumbs/cokolada-milka-2_170_340.jpg,2026-10-06T17:47:24+02:00
Tesco,Sladkosti a slané snacky,681,Čokoláda Milka,cokolada_milka,29.9,39.87,Kč,"33,22 Kč / 100 g",332.2,,True,Clubcard,29.9,-25% Clubcard st 7. 10. – út 20. 10.,2026-10-07 - 2026-10-20,https://www.kupi.cz/letak/tesco-supermarket-letak-416?page=13&map=216253797,https://img.kupi.cz/kupi/thumbs/cokolada-milka-2_170_340.jpg,2026-10-06T17:47:24+02:00
Tesco,Sladkosti a slané snacky,2188,Nutella 600 g,nutella,119.9,184.46,Kč,"19,98 Kč / 100 g",199.8,,True,Clubcard,119.9,-35% Clubcard st 7. 10. – út 13. 10.,2026-10-07 - 2026-10-13,https://www.kupi.cz/letak/tesco-hypermarket-letak-370?page=5&map=216579216,https://img.kupi.cz/kupi/thumbs/nutella-2_170_340.jpg,2026-10-06T17:47:24+02:00
Tesco,Sladkosti a slané snacky,2188,Nutella 600 g,nutella,139.9,184.08,Kč,"23,32 Kč / 100 g",233.2,,True,Clubcard,139.9,-24% Clubcard st 7. 10. – út 20. 10.,2026-10-07 - 2026-10-20,https://www.kupi.cz/letak/tesco-supermarket-letak-416?page=4&map=216253032,https://img.kupi.cz/kupi/thumbs/nutella-2_170_340.jpg,2026-10-06T17:47:24+02:00
Tesco,Sladkosti a slané snacky,1245,Čokoláda Studentská pečeť Orion 170 g,cokolada_studentska_pecet_orion,54.9,99.82,Kč,"32,29 Kč / 100 g",322.9,,True,Clubcard,54.9,-45% Clubcard platí do úterý 13. 10.,2026-10-06 - 2026-10-13,https://www.kupi.cz/letak/tesco-hypermarket-letak-370?page=9&map=216579492,https://img.kupi.cz/kupi/thumbs/cokolada-studentska-pecet-orion_170_340.png,2026-10-06T17:47:24+02:00
Tesco,Sladkosti a slané snacky,286,Chipsy Bohemia Chips,chipsy_bohemia_chips,29.9,59.8,Kč,"24,92 Kč / 100 g",249.2,,True,Clubcard,29.9,-50% Clubcard dnes končí,2026-10-06,https://www.kupi.cz/letak/tesco-supermarket-letak-415?page=7&map=215324685,https://img.kupi.cz/kupi/thumbs/chipsy-bohemia-chips_170_340.png,2026-10-06T17:47:24+02:00
Tesco,Sladkosti a slané snacky,286,Chipsy Bohemia Chips,chipsy_bohemia_chips,49.9,77.97,Kč,"24,95 Kč / 100 g",249.5,,True,Clubcard,49.9,-36% Clubcard st 7. 10. – út 20. 10.,2026-10-07 - 2026-10-20,https://www.kupi.cz/letak/tesco-hypermarket-letak-370?page=17&map=216580404,https://img.kupi.cz/kupi/thumbs/chipsy-bohemia-chips_170_340.png,2026-10-06T17:47:24+02:00
Tesco,Sladkosti a slané snacky,286,Chipsy Bohemia Chips,chipsy_bohemia_chips,39.9,61.38,Kč,"30,69 Kč / 100 g",306.9,,True,Clubcard,39.9,-35% Clubcard dnes končí,2026-10-06,https://www.kupi.cz/letaky/tesco,https://img.kupi.cz/kupi/thumbs/chipsy-bohemia-chips_170_340.png,2026-10-06T17:47:24+02:00
Tesco,Sladkosti a slané snacky,286,Chipsy Bohemia Chips,chipsy_bohemia_chips,37.9,59.22,Kč,"31,58 Kč / 100 g",315.8,,True,Clubcard,37.9,-36% Clubcard platí do úterý 13. 10.,2026-10-06 - 2026-10-13,https://www.kupi.cz/letak/tesco-supermarket-letak-416?page=13&map=216253806,https://img.kupi.cz/kupi/thumbs/chipsy-bohemia-chips_170_340.png,2026-10-06T17:47:24+02:00
Tesco,Sladkosti a slané snacky,48120,Sušenky Biscoff Lotus 200 g,susenky_biscoff_lotus,31.9,69.35,Kč,"15,95 Kč / 100 g",159.5,,True,Clubcard,31.9,-54% Clubcard platí do úterý 27. 10.,2026-10-06 - 2026-10-27,https://www.kupi.cz/letak/tesco-hypermarket-znacky-ktere-mate-radi-2?page=21&map=215328003,https://img.kupi.cz/kupi/thumbs/susenky-biscoff-lotus_170_340.png,2026-10-06T17:47:24+02:00
Tesco,Sladkosti a slané snacky,1160,Oplatky Mila Sedita 50 g,oplatky_mila_sedita,11.9,18.89,Kč,"23,80 Kč / 100 g",238.0,,False,,,-37% dnes končí,2026-10-06,https://www.kupi.cz/letak/tesco-supermarket-letak-415?map=215308362,https://img.kupi.cz/kupi/thumbs/oplatky-mila-sedita_170_340.jpg,2026-10-06T17:47:24+02:00
Tesco,Sladkosti a slané snacky,1160,Oplatky Mila Sedita 50 g,oplatky_mila_sedita,12.9,18.7,Kč,"25,80 Kč / 100 g",258.0,,True,Clubcard,12.9,-31% Clubcard po 12. 10. – út 13. 10.,2026-10-12 - 2026-10-13,https://www.kupi.cz/letak/tesco-supermarket-letak-416?page=10&map=216253467,https://img.kupi.cz/kupi/thumbs/oplatky-mila-sedita_170_340.jpg,2026-10-06T17:47:24+02:00
Tesco,Sladkosti a slané snacky,1700,Čokoláda Excellence Lindt 100 g,cokolada_excellence_lindt,79.9,128.87,Kč,"79,90 Kč / 100 g",799.0,,True,Clubcard,79.9,-38% Clubcard dnes končí,2026-10-06,https://www.kupi.cz/letaky/tesco,https://img.kupi.cz/kupi/thumbs/cokolada-excellence-lindt-1_170_340.jpg,2026-10-06T17:47:24+02:00
Tesco,Sladkosti a slané snacky,81,Chipsy Lay's,chipsy_lay_s,29.9,,Kč,"23,00 Kč / 100 g",230.0,,False,,,st 7. 10. – út 13. 10.,2026-10-07 - 2026-10-13,https://www.kupi.cz/letak/tesco-supermarket-letak-416?page=9&map=216253377,https://img.kupi.cz/kupi/thumbs/chipsy-lays_170_340.jpg,2026-10-06T17:47:24+02:00
Tesco,Sladkosti a slané snacky,81,Chipsy Lay's,chipsy_lay_s,59.9,78.82,Kč,"23,96 Kč / 100 g",239.6,,True,Clubcard,59.9,-24% Clubcard platí do úterý 13. 10.,2026-10-06 - 2026-10-13,https://www.kupi.cz/letak/tesco-hypermarket-letak-369?page=9&map=215327400,https://img.kupi.cz/kupi/thumbs/chipsy-lays_170_340.jpg,2026-10-06T17:47:24+02:00
Tesco,Sladkosti a slané snacky,940,Sušenky BeBe Dobré ráno Opavia 50 g,susenky_bebe_dobre_rano_opavia,9.9,11.79,Kč,"19,80 Kč / 100 g",198.0,,True,Clubcard,9.9,-16% Clubcard platí do úterý 13. 10.,2026-10-06 - 2026-10-13,https://www.kupi.cz/letak/tesco-supermarket-letak-415?page=5&map=215308548,https://img.kupi.cz/kupi/thumbs/susenky-bebe-dobre-rano-opavia_170_340.png,2026-10-06T17:47:24+02:00
Tesco,Sladkosti a slané snacky,955,Čokoládky Kinder 100 g,cokoladky_kinder,34.9,54.53,Kč,"34,90 Kč / 100 g",349.0,,True,Clubcard,34.9,-36% Clubcard dnes končí,2026-10-06,https://www.kupi.cz/letaky/tesco,https://img.kupi.cz/kupi/thumbs/cokoladky-kinder_170_340.jpg,2026-10-06T17:47:24+02:00
Tesco,Sladkosti a slané snacky,2830,Oplatky Horalky Sedita 50 g,oplatky_horalky_sedita,11.9,18.89,Kč,"23,80 Kč / 100 g",238.0,,True,Clubcard,11.9,-37% Clubcard st 7. 10. – út 13. 10.,2026-10-07 - 2026-10-13,https://www.kupi.cz/letak/tesco-supermarket-letak-416?page=9&map=216253380,https://img.kupi.cz/kupi/thumbs/oplatky-horalky-sedita-1_170_340.jpg,2026-10-06T17:47:24+02:00
Tesco,Sladkosti a slané snacky,3587,Dort Marlenka 800 g,dort_marlenka,239.9,299.88,Kč,"29,99 Kč / 100 g",299.9,,True,Clubcard,239.9,-20% Clubcard dnes končí,2026-10-06,https://www.kupi.cz/letaky/tesco,https://img.kupi.cz/kupi/thumbs/dort-marlenka-1_170_340.jpg,2026-10-06T17:47:24+02:00
Tesco,Sladkosti a slané snacky,687,BeBe Brumík Opavia,bebe_brumik_opavia,64.9,94.06,Kč,"21,63 Kč / 100 g",216.3,,True,Clubcard,64.9,-31% Clubcard st 7. 10. – út 13. 10.,2026-10-07 - 2026-10-13,https://www.kupi.cz/letak/tesco-hypermarket-letak-370?page=17&map=216580398,https://img.kupi.cz/kupi/thumbs/bebe-brumik-opavia_170_340.jpg,2026-10-06T17:47:24+02:00
Tesco,Sladkosti a slané snacky,687,BeBe Brumík Opavia,bebe_brumik_opavia,39.9,57.83,Kč,"26,60 Kč / 100 g",266.0,,True,Clubcard,39.9,-31% Clubcard dnes končí,2026-10-06,https://www.kupi.cz/letaky/tesco,https://img.kupi.cz/kupi/thumbs/bebe-brumik-opavia_170_340.jpg,2026-10-06T17:47:24+02:00
Tesco,Sladkosti a slané snacky,687,BeBe Brumík Opavia,bebe_brumik_opavia,8.9,13.48,Kč,"29,67 Kč / 100 g",296.7,,True,Clubcard,8.9,-34% Clubcard st 7. 10. – út 20. 10.,2026-10-07 - 2026-10-20,https://www.kupi.cz/letak/tesco-supermarket-letak-416?page=13&map=216253800,https://img.kupi.cz/kupi/thumbs/bebe-brumik-opavia_170_340.jpg,2026-10-06T17:47:24+02:00
Tesco,Sladkosti a slané snacky,2097,Brambůrky strážnické Petr Hobža 60 g,bramburky_straznicke_petr_hobza,11.9,15.87,Kč,"19,83 Kč / 100 g",198.3,,True,Clubcard,11.9,-25% Clubcard dnes končí,2026-10-06,https://www.kupi.cz/letaky/tesco,https://img.kupi.cz/kupi/thumbs/bramburky-straznicke-petr-hobza_170_340.png,2026-10-06T17:47:24+02:00
Tesco,Sladkosti a slané snacky,10790,Pomazánka Biscoff Lotus 400 g,pomazanka_biscoff_lotus,79.9,103.77,Kč,"19,98 Kč / 100 g",199.8,,True,Clubcard,79.9,-23% Clubcard st 14. 10. – út 27. 10.,2026-10-14 - 2026-10-27,https://www.kupi.cz/letak/tesco-hypermarket-znacky-ktere-mate-radi-2?page=15&map=216192519,https://img.kupi.cz/kupi/thumbs/karamelova-pomazanka-lotus-2_170_340.jpg,2026-10-06T17:47:24+02:00
Tesco,Sladkosti a slané snacky,4950,Bonboniéra Pralinky Lindor Lindt 200 g,bonboniera_pralinky_lindor_lindt,129.9,265.1,Kč,"64,95 Kč / 100 g",649.5,,True,Clubcard,129.9,-51% Clubcard dnes končí,2026-10-06,https://www.kupi.cz/letak/tesco-supermarket-letak-415?page=13&map=215324937,https://img.kupi.cz/kupi/thumbs/bonboniera-pralinky-lindor-lindt_170_340.jpg,2026-10-06T17:47:24+02:00
Tesco,Sladkosti a slané snacky,269,Bonbony JoJo 80 g,bonbony_jojo,13.9,29.57,Kč,"17,38 Kč / 100 g",173.8,,True,Clubcard,13.9,-53% Clubcard st 7. 10. – út 13. 10.,2026-10-07 - 2026-10-13,https://www.kupi.cz/letak/tesco-hypermarket-letak-370?page=5&map=216579171,https://img.kupi.cz/kupi/thumbs/bonbony-jojo-1_170_340.jpg,2026-10-06T17:47:24+02:00
Tesco,Sladkosti a slané snacky,269,Bonbony JoJo 80 g,bonbony_jojo,16.9,29.65,Kč,"21,12 Kč / 100 g",211.2,,True,Clubcard,16.9,-43% Clubcard st 7. 10. – ne 1. 11.,2026-10-07 - 2026-11-01,https://www.kupi.cz/letak/tesco-supermarket-letak-416?page=4&map=216253008,https://img.kupi.cz/kupi/thumbs/bonbony-jojo-1_170_340.jpg,2026-10-06T17:47:24+02:00
Tesco,Sladkosti a slané snacky,1132,Oplatky Miňonky Opavia 50 g,oplatky_minonky_opavia,12.9,19.85,Kč,"25,80 Kč / 100 g",258.0,,True,Clubcard,12.9,-35% Clubcard st 7. 10. – út 13. 10.,2026-10-07 - 2026-10-13,https://www.kupi.cz/letak/tesco-hypermarket-letak-370?page=9&map=216579489,https://img.kupi.cz/kupi/thumbs/oplatky-minonky-opavia-1_170_340.jpg,2026-10-06T17:47:24+02:00
Tesco,Sladkosti a slané snacky,473,Oplatky celomáčené Delissa Orion 30 g,oplatky_celomacene_delissa_orion,9.9,17.68,Kč,"33,00 Kč / 100 g",330.0,,True,Clubcard,9.9,-44% Clubcard dnes končí,2026-10-06,https://www.kupi.cz/letaky/tesco,https://img.kupi.cz/kupi/thumbs/oplatky-celomacene-delissa-orion_170_340.jpg,2026-10-06T17:47:26+02:00
Tesco,Sladkosti a slané snacky,475,Bonboniéra Raffaello Ferrero 150 g,bonboniera_raffaello_ferrero,89.9,157.72,Kč,"59,93 Kč / 100 g",599.3,,True,Clubcard,89.9,-43% Clubcard st 7. 10. – út 13. 10.,2026-10-07 - 2026-10-13,https://www.kupi.cz/letak/tesco-hypermarket-letak-370?page=9&map=216579498,https://img.kupi.cz/kupi/thumbs/bonboniera-raffaello-ferrero_170_340.jpg,2026-10-06T17:47:26+02:00
Tesco,Sladkosti a slané snacky,264,Tyčinka Snickers,tycinka_snickers,14.9,28.65,Kč,"29,80 Kč / 100 g",298.0,,True,Clubcard,14.9,-48% Clubcard dnes končí,2026-10-06,https://www.kupi.cz/letaky/tesco,https://img.kupi.cz/kupi/thumbs/tycinka-snickers-1_170_340.jpg,2026-10-06T17:47:26+02:00
Tesco,Sladkosti a slané snacky,264,Tyčinka Snickers,tycinka_snickers,14.9,28.65,Kč,"40,82 Kč / 100 g",408.2,,True,Clubcard,14.9,-48% Clubcard dnes končí,2026-10-06,https://www.kupi.cz/letaky/tesco,https://img.kupi.cz/kupi/thumbs/tycinka-snickers-1_170_340.jpg,2026-10-06T17:47:26+02:00
Tesco,Sladkosti a slané snacky,1235,Bonbony želé Haribo 100 g,bonbony_zele_haribo,16.9,23.8,Kč,"16,90 Kč / 100 g",169.0,,True,Clubcard,16.9,-29% Clubcard st 7. 10. – út 13. 10.,2026-10-07 - 2026-10-13,https://www.kupi.cz/letak/tesco-hypermarket-letak-370?page=26&map=216580374,https://img.kupi.cz/kupi/thumbs/bonbony-haribo-1_170_340.jpg,2026-10-06T17:47:26+02:00
Tesco,Sladkosti a slané snacky,478,Bonboniéra Rocher Ferrero 100 g,bonboniera_rocher_ferrero,99.9,133.2,Kč,"99,90 Kč / 100 g",999.0,,True,Clubcard,99.9,-25% Clubcard st 7. 10. – út 20. 10.,2026-10-07 - 2026-10-20,https://www.kupi.cz/letak/tesco-hypermarket-letak-370?page=9&map=216579483,https://img.kupi.cz/kupi/thumbs/bonboniera-rocher-ferrero_170_340.jpg,2026-10-06T17:47:26+02:00
Tesco,Sladkosti a slané snacky,487,Tyčinky Bohemia 160 g,tycinky_bohemia,29.9,43.33,Kč,"18,69 Kč / 100 g",186.9,,True,Clubcard,29.9,-31% Clubcard st 7. 10. – út 20. 10.,2026-10-07 - 2026-10-20,https://www.kupi.cz/letak/tesco-hypermarket-letak-370?page=23&map=216580752,https://img.kupi.cz/kupi/thumbs/tycinky-bohemia_170_340.jpg,2026-10-06T17:47:26+02:00
Tesco,Sladkosti a slané snacky,2582,Tyčinka Milena Orion 32 g,tycinka_milena_orion,9.9,18.68,Kč,"30,94 Kč / 100 g",309.4,,True,Clubcard,9.9,-47% Clubcard st 7. 10. – út 3. 11.,2026-10-07 - 2026-11-03,https://www.kupi.cz/letak/tesco-hypermarket-letak-370?page=8&map=216579408,https://img.kupi.cz/kupi/thumbs/tycinka-milena-orion_170_340.png,2026-10-06T17:47:26+02:00
Tesco,Sladkosti a slané snacky,4162,Ovesné sušenky Mysli na zdraví Emco 60 g,ovesne_susenky_mysli_na_zdravi_emco,17.9,22.66,Kč,"29,83 Kč / 100 g",298.3,,True,Clubcard,17.9,-21% Clubcard platí do úterý 13. 10.,2026-10-06 - 2026-10-13,https://www.kupi.cz/letak/tesco-hypermarket-letak-369?page=33&map=215338995,https://img.kupi.cz/kupi/thumbs/ovesne-susenky-mysli-na-zdravi-emco_170_340.jpg,2026-10-06T17:47:26+02:00
Tesco,Sladkosti a slané snacky,713,Tyčinka Banány v čokoládě Orion 45 g,banany,12.9,25.8,Kč,"28,67 Kč / 100 g",286.7,,True,Clubcard,12.9,-50% Clubcard st 7. 10. – út 3. 11.,2026-10-07 - 2026-11-03,https://www.kupi.cz/letak/tesco-supermarket-letak-416?page=7&map=216253254,https://img.kupi.cz/kupi/thumbs/tycinka-banany-v-cokolade-orion_170_340.png,2026-10-06T17:47:26+02:00
Tesco,Sladkosti a slané snacky,2037,Sušenky Oreo 157 g,susenky_oreo,33.9,51.36,Kč,"21,59 Kč / 100 g",215.9,,True,Clubcard,33.9,-34% Clubcard st 7. 10. – út 20. 10.,2026-10-07 - 2026-10-20,https://www.kupi.cz/letak/tesco-hypermarket-letak-370?page=22&map=216580740,https://img.kupi.cz/kupi/thumbs/susenky-oreo_170_340.png,2026-10-06T17:47:26+02:00
Tesco,Sladkosti a slané snacky,6001,Snack PomBär Chio,snack_pombar_chio,39.9,71.25,Kč,"36,27 Kč / 100 g",362.7,,True,Clubcard,39.9,-44% Clubcard platí do úterý 13. 10.,2026-10-06 - 2026-10-13,https://www.kupi.cz/letak/tesco-supermarket-letak-415?page=13&map=215324940,https://img.kupi.cz/kupi/thumbs/snack-pombar-chio_170_340.jpg,2026-10-06T17:47:26+02:00
Tesco,Sladkosti a slané snacky,6001,Snack PomBär Chio,snack_pombar_chio,19.9,39.8,Kč,"39,80 Kč / 100 g",398.0,,True,Clubcard,19.9,-50% Clubcard st 7. 10. – út 13. 10.,2026-10-07 - 2026-10-13,https://www.kupi.cz/letak/tesco-hypermarket-letak-370?page=23&map=216580749,https://img.kupi.cz/kupi/thumbs/snack-pombar-chio_170_340.jpg,2026-10-06T17:47:26+02:00
Tesco,Sladkosti a slané snacky,683,Tyčinka Deli Orion 35 g,tycinka_deli_orion,9.9,18.68,Kč,"28,29 Kč / 100 g",282.9,,True,Clubcard,9.9,-47% Clubcard st 7. 10. – út 13. 10.,2026-10-07 - 2026-10-13,https://www.kupi.cz/letak/tesco-supermarket-letak-416?page=7&map=216253272,https://img.kupi.cz/kupi/thumbs/tycinka-deli-orion-2_170_340.jpg,2026-10-06T17:47:26+02:00
Tesco,Sladkosti a slané snacky,2025,Tyčinka Mars 51 g,tycinka_mars,14.9,28.65,Kč,"29,22 Kč / 100 g",292.2,,True,Clubcard,14.9,-48% Clubcard dnes končí,2026-10-06,https://www.kupi.cz/letak/tesco-hypermarket-letak-369?page=8&map=215327358,https://img.kupi.cz/kupi/thumbs/tycinka-mars-1_170_340.jpg,2026-10-06T17:47:26+02:00
Tesco,Sladkosti a slané snacky,960,Sušenky Zlaté Opavia - boxy 220 g,susenky_zlate_opavia_boxy,29.9,49.83,Kč,"13,59 Kč / 100 g",135.9,,True,Clubcard,29.9,-40% Clubcard dnes končí,2026-10-06,https://www.kupi.cz/letak/tesco-hypermarket-letak-369?page=33&map=215338989,https://img.kupi.cz/kupi/thumbs/susenky-zlate-opavia-boxy-1_170_340.jpg,2026-10-06T17:47:26+02:00
Tesco,Sladkosti a slané snacky,7930,Brambůrky moravské Petr Hobža 175 g,bramburky_moravske_petr_hobza,29.9,45.3,Kč,"17,09 Kč / 100 g",170.9,,True,Clubcard,29.9,-34% Clubcard st 7. 10. – út 20. 10.,2026-10-07 - 2026-10-20,https://www.kupi.cz/letak/tesco-hypermarket-letak-370?page=9&map=216579501,https://img.kupi.cz/kupi/thumbs/bramburky-moravske-petr-hobza_170_340.jpg,2026-10-06T17:47:26+02:00
Tesco,Sladkosti a slané snacky,470,Sušenky Zlaté Club Opavia 140 g,susenky_zlate_club_opavia,24.9,37.73,Kč,"17,79 Kč / 100 g",177.9,,True,Clubcard,24.9,-34% Clubcard platí do úterý 27. 10.,2026-10-06 - 2026-10-27,https://www.kupi.cz/letak/tesco-hypermarket-znacky-ktere-mate-radi-2?page=22&map=215328060,https://img.kupi.cz/kupi/thumbs/susenky-zlate-club-opavia_170_340.jpg,2026-10-06T17:47:26+02:00
Tesco,Sladkosti a slané snacky,953,Tyčinka Kit Kat Nestlé,tycinka_kit_kat_nestle,12.9,26.88,Kč,"30,71 Kč / 100 g",307.1,,True,Clubcard,12.9,-52% Clubcard dnes končí,2026-10-06,https://www.kupi.cz/letak/tesco-hypermarket-letak-369?page=6&map=215327268,https://img.kupi.cz/kupi/thumbs/tycinka-kit-kat-nestle_170_340.png,2026-10-06T17:47:26+02:00
Tesco,Sladkosti a slané snacky,953,Tyčinka Kit Kat Nestlé,tycinka_kit_kat_nestle,12.9,26.88,Kč,"31,08 Kč / 100 g",310.8,,True,Clubcard,12.9,-52% Clubcard dnes končí,2026-10-06,https://www.kupi.cz/letak/tesco-supermarket-letak-415?page=5&map=215308542,https://img.kupi.cz/kupi/thumbs/tycinka-kit-kat-nestle_170_340.png,2026-10-06T17:47:26+02:00
Tesco,Sladkosti a slané snacky,835,Dezert Metro 180 g,dezert_metro,29.9,39.87,Kč,"16,61 Kč / 100 g",166.1,,True,Clubcard,29.9,-25% Clubcard st 7. 10. – út 3. 11.,2026-10-07 - 2026-11-03,https://www.kupi.cz/letak/tesco-hypermarket-letak-370?page=16&map=216580353,https://img.kupi.cz/kupi/thumbs/dezert-metro-klasik_170_340.jpg,2026-10-06T17:47:26+02:00
Tesco,Sladkosti a slané snacky,337171,Pomazánka Milka 350 g,pomazanka_milka,79.9,89.78,Kč,"22,83 Kč / 100 g",228.3,,True,Clubcard,79.9,-11% Clubcard dnes končí,2026-10-06,https://www.kupi.cz/letak/tesco-supermarket-letak-415?page=7&map=215324679,https://img.kupi.cz/kupi/thumbs/pomazanka-milka_170_340.jpg,2026-10-06T17:47:28+02:00
Tesco,Sladkosti a slané snacky,469,Sušenky Kolečka Zlaté Opavia 146 g,susenky_kolecka_zlate_opavia,29.9,48.23,Kč,"20,48 Kč / 100 g",204.8,,True,Clubcard,29.9,-38% Clubcard platí do úterý 13. 10.,2026-10-06 - 2026-10-13,https://www.kupi.cz/letak/tesco-supermarket-letak-415?page=7&map=215324682,https://img.kupi.cz/kupi/thumbs/zlate-kolecka-opavia_170_340.jpg,2026-10-06T17:47:28+02:00
Tesco,Sladkosti a slané snacky,166,Oplatky Knoppers Storck 125 g,oplatky_knoppers_storck,39.9,49.87,Kč,"6,38 Kč / 100 g",319.2,,True,Clubcard,39.9,-20% Clubcard platí do úterý 13. 10.,2026-10-06 - 2026-10-13,https://www.kupi.cz/letak/tesco-hypermarket-letak-369?page=21&map=215338581,https://img.kupi.cz/kupi/thumbs/oplatky-knoppers-storck_170_340.png,2026-10-06T17:47:28+02:00
Tesco,Sladkosti a slané snacky,294632,Tyčinka Knoppers NutBar Storck 40 g,tycinka_knoppers_nutbar_storck,11.9,17.76,Kč,"29,75 Kč / 100 g",297.5,,True,Clubcard,11.9,-33% Clubcard dnes končí,2026-10-06,https://www.kupi.cz/letak/tesco-supermarket-letak-415?page=5&map=215308539,https://img.kupi.cz/kupi/thumbs/oplatky-knoppers-nutbar-storck_170_340.jpg,2026-10-06T17:47:28+02:00
Tesco,Sladkosti a slané snacky,854,Dezert Trancetto Balconi 280 g,dezert_trancetto_balconi,39.9,57.83,Kč,"14,25 Kč / 100 g",142.5,,True,Clubcard,39.9,-31% Clubcard dnes končí,2026-10-06,https://www.kupi.cz/letaky/tesco,https://img.kupi.cz/kupi/thumbs/dezert-trancetto-balconi_170_340.jpg,2026-10-06T17:47:28+02:00
Tesco,Sladkosti a slané snacky,33738,Čokoláda Carla 90 g,cokolada_carla,79.9,128.87,Kč,"88,78 Kč / 100 g",887.8,,True,Clubcard,79.9,-38% Clubcard platí do úterý 13. 10.,2026-10-06 - 2026-10-13,https://www.kupi.cz/letak/tesco-hypermarket-letak-370?page=22&map=216580719,https://img.kupi.cz/kupi/thumbs/cokolada-carla_170_340.png,2026-10-06T17:47:28+02:00
Tesco,Sladkosti a slané snacky,20165,Sušenky Milka 260 g,susenky_milka,39.9,62.34,Kč,"15,35 Kč / 100 g",153.5,,True,Clubcard,39.9,-36% Clubcard dnes končí,2026-10-06,https://www.kupi.cz/letaky/tesco,https://img.kupi.cz/kupi/thumbs/susenky-milka-2_170_340.jpg,2026-10-06T17:47:28+02:00
Tesco,Sladkosti a slané snacky,411092,Bonboniéra Lovelies Merci 185 g,bonboniera_lovelies_merci,89.9,138.31,Kč,"48,59 Kč / 100 g",485.9,,True,Clubcard,89.9,-35% Clubcard platí do úterý 13. 10.,2026-10-06 - 2026-10-13,https://www.kupi.cz/letak/tesco-supermarket-letak-416?page=13&map=216253803,https://img.kupi.cz/kupi/thumbs/bonboniera-lovelies-merci_170_340.jpg,2026-10-06T17:47:28+02:00
Tesco,Sladkosti a slané snacky,45410,Želé bonbony Pedro 80 g,zele_bonbony_pedro,14.9,23.65,Kč,"18,62 Kč / 100 g",186.2,,True,Clubcard,14.9,-37% Clubcard dnes končí,2026-10-06,https://www.kupi.cz/letaky/tesco,https://img.kupi.cz/kupi/thumbs/zele-pedro_170_340.jpg,2026-10-06T17:47:28+02:00
Tesco,Sladkosti a slané snacky,36483,Pražené pistácie Tesco 500 g,prazene_pistacie,199.9,249.88,Kč,"39,98 Kč / 100 g",399.8,,True,Clubcard,199.9,-20% Clubcard dnes končí,2026-10-06,https://www.kupi.cz/letak/tesco-hypermarket-letak-369?page=3&map=215327040,https://img.kupi.cz/kupi/thumbs/prazene-pistacie-tesco_170_340.png,2026-10-06T17:47:28+02:00
Tesco,Sladkosti a slané snacky,43064,Bonboniéry Milka 110 g,bonboniery_milka,79.9,91.84,Kč,"72,64 Kč / 100 g",726.4,,True,Clubcard,79.9,-13% Clubcard dnes končí,2026-10-06,https://www.kupi.cz/letaky/tesco,https://img.kupi.cz/kupi/thumbs/bonboniery-milka-2_170_340.jpg,2026-10-06T17:47:28+02:00
Tesco,Sladkosti a slané snacky,38079,Tyčinky čokoládové Mars 57 g,tycinky_cokoladove_mars,14.9,28.65,Kč,"26,14 Kč / 100 g",261.4,,True,Clubcard,14.9,-48% Clubcard dnes končí,2026-10-06,https://www.kupi.cz/letaky/tesco,https://img.kupi.cz/kupi/thumbs/cokoladove-tycinky-mars_170_340.jpg,2026-10-06T17:47:28+02:00
Tesco,Sladkosti a slané snacky,343180,Dort L'Chefs 600 g,dort_l_chefs,349.9,388.78,Kč,"58,32 Kč / 100 g",583.2,,True,Clubcard,349.9,-10% Clubcard st 7. 10. – út 13. 10.,2026-10-07 - 2026-10-13,https://www.kupi.cz/letak/tesco-supermarket-letak-416?page=3&map=216252978,https://img.kupi.cz/kupi/thumbs/dort-lchefs_170_340.jpg,2026-10-06T17:47:28+02:00
Tesco,Sladkosti a slané snacky,53130,Křupky kukuřičné ochucené bez lepku Pan Křupka Rej 50 g,krupky_kukuricne_ochucene_bez_lepku_pan_krupka_rej,16.9,24.85,Kč,"33,80 Kč / 100 g",338.0,,True,Clubcard,16.9,-32% Clubcard dnes končí,2026-10-06,https://www.kupi.cz/letaky/tesco,https://img.kupi.cz/kupi/thumbs/krupky-kukuricne-ochucene-rej_170_340.jpg,2026-10-06T17:47:28+02:00
Tesco,Sladkosti a slané snacky,111818,Tyčinky ovocné v čokoládě Orion 45 g,tycinky_ovocne_v_cokolade_orion,12.9,25.8,Kč,"28,67 Kč / 100 g",286.7,,True,Clubcard,12.9,-50% Clubcard st 7. 10. – út 3. 11.,2026-10-07 - 2026-11-03,https://www.kupi.cz/letak/tesco-hypermarket-letak-370?page=8&map=216579405,https://img.kupi.cz/kupi/thumbs/tycinky-v-cokolade-orion_170_340.jpg,2026-10-06T17:47:28+02:00
Tesco,Sladkosti a slané snacky,6039,Rohlíčky linecké Tesco 210 g,rohlicky_linecke,23.9,35.67,Kč,"11,38 Kč / 100 g",113.8,,True,Clubcard,23.9,-33% Clubcard dnes končí,2026-10-06,https://www.kupi.cz/letaky/tesco,https://img.kupi.cz/kupi/thumbs/rohlicky-linecke-tesco_170_340.jpg,2026-10-06T17:47:28+02:00
Tesco,Sladkosti a slané snacky,65788,Neloupané arašídy Tesco 500 g,neloupane_arasidy,44.9,58.31,Kč,"8,98 Kč / 100 g",89.8,,True,Clubcard,44.9,-23% Clubcard st 7. 10. – út 3. 11.,2026-10-07 - 2026-11-03,https://www.kupi.cz/letak/tesco-hypermarket-letak-370?page=7&map=216579231,https://img.kupi.cz/kupi/thumbs/prazene-arasidy-neloupane-tesco_170_340.jpg,2026-10-06T17:47:28+02:00
Tesco,Sladkosti a slané snacky,99904,Trubičky Brick 150 g,trubicky_brick,24.9,27.67,Kč,"16,60 Kč / 100 g",166.0,,True,Clubcard,24.9,-10% Clubcard dnes končí,2026-10-06,https://www.kupi.cz/letaky/tesco,https://img.kupi.cz/kupi/thumbs/trubicky-brick_170_340.jpg,2026-10-06T17:47:28+02:00
Tesco,Sladkosti a slané snacky,377728,Želé bonbony fruit energy Bombus 35 g,zele_bonbony_fruit_energy_bombus,24.9,28.62,Kč,"71,14 Kč / 100 g",711.4,,True,Clubcard,24.9,-13% Clubcard platí do úterý 27. 10.,2026-10-06 - 2026-10-27,https://www.kupi.cz/letak/tesco-hypermarket-znacky-ktere-mate-radi-2?page=20&map=215327985,https://img.kupi.cz/kupi/thumbs/zele-bonbony-fruit-energy-bombus_170_340.png,2026-10-06T17:47:30+02:00
Tesco,Sladkosti a slané snacky,377590,Sušenky bez lepku a cukru Zero Gullón 150 g,susenky_bez_lepku_a_cukru_zero_gullon,49.9,57.36,Kč,"33,27 Kč / 100 g",332.7,,True,Clubcard,49.9,-13% Clubcard platí do úterý 27. 10.,2026-10-06 - 2026-10-27,https://www.kupi.cz/letak/tesco-hypermarket-znacky-ktere-mate-radi-2?page=22&map=215328057,https://img.kupi.cz/kupi/thumbs/susenky-shortbread-gullon_170_340.jpg,2026-10-06T17:47:30+02:00
Tesco,Sladkosti a slané snacky,48223,Roláda Roll Balconi 250 g,rolada_roll_balconi,29.9,38.83,Kč,"11,96 Kč / 100 g",119.6,,True,Clubcard,29.9,-23% Clubcard st 7. 10. – út 3. 11.,2026-10-07 - 2026-11-03,https://www.kupi.cz/letak/tesco-supermarket-letak-416?page=3&map=216252975,https://img.kupi.cz/kupi/thumbs/rolada-roll-balconi_170_340.png,2026-10-06T17:47:30+02:00
Tesco,Sladkosti a slané snacky,572478,Ovesné sušenky srdíčka Super bez cukru Emco 140 g,ovesne_susenky_srdicka_super_bez_cukru_emco,39.9,59.55,Kč,"28,50 Kč / 100 g",285.0,,True,Clubcard,39.9,-33% Clubcard platí do úterý 13. 10.,2026-10-06 - 2026-10-13,https://www.kupi.cz/letak/tesco-hypermarket-letak-369?page=33&map=215338998,https://img.kupi.cz/kupi/thumbs/ovesne-susenky-srdicka-super-bez-cukru-emco_170_340.jpg,2026-10-06T17:47:30+02:00
Tesco,Sladkosti a slané snacky,580035,Bramborový snack Sidechips 75 g,bramborovy_snack_sidechips,29.9,39.87,Kč,"39,87 Kč / 100 g",398.7,,True,Clubcard,29.9,-25% Clubcard platí do úterý 13. 10.,2026-10-06 - 2026-10-13,https://www.kupi.cz/letak/tesco-hypermarket-letak-369?page=9&map=215327406,https://www.kupi.cz/img/no_img/no_discounts.png,2026-10-06T17:47:30+02:00
Tesco,Sladkosti a slané snacky,528810,Kukuřičné křupky bez lepku Pan Křupka Rej,kukuricne_krupky_bez_lepku_pan_krupka_rej,26.9,33.62,Kč,"13,45 Kč / 100 g",134.5,,True,Clubcard,26.9,-20% Clubcard st 7. 10. – út 3. 11.,2026-10-07 - 2026-11-03,https://www.kupi.cz/letak/tesco-hypermarket-letak-370?page=16&map=216580356,https://img.kupi.cz/kupi/thumbs/kukuricne-krupky-bez-lepku-pan-krupka-rej_170_340.jpg,2026-10-06T17:47:30+02:00
Tesco,Sladkosti a slané snacky,528810,Kukuřičné křupky bez lepku Pan Křupka Rej,kukuricne_krupky_bez_lepku_pan_krupka_rej,16.9,24.85,Kč,"33,80 Kč / 100 g",338.0,,True,Clubcard,16.9,-32% Clubcard dnes končí,2026-10-06,https://www.kupi.cz/letaky/tesco,https://img.kupi.cz/kupi/thumbs/kukuricne-krupky-bez-lepku-pan-krupka-rej_170_340.jpg,2026-10-06T17:47:30+02:00
Tesco,Sladkosti a slané snacky,554601,Rýžový snack Tastees 65 g,ryzovy_snack_tastees,21.9,34.76,Kč,"33,69 Kč / 100 g",336.9,,True,Clubcard,21.9,-37% Clubcard platí do úterý 13. 10.,2026-10-06 - 2026-10-13,https://www.kupi.cz/letak/tesco-hypermarket-letak-369?page=8&map=215327343,https://img.kupi.cz/kupi/thumbs/ryzovy-snack-tastees_170_340.jpg,2026-10-06T17:47:30+02:00
Tesco,Sladkosti a slané snacky,539502,Sušenky bez lepku plněné Gullón 210 g,susenky_bez_lepku_plnene_gullon,76.9,85.44,Kč,"36,62 Kč / 100 g",366.2,,True,Clubcard,76.9,-10% Clubcard platí do úterý 27. 10.,2026-10-06 - 2026-10-27,https://www.kupi.cz/letak/tesco-hypermarket-znacky-ktere-mate-radi-2?page=22&map=215328063,https://img.kupi.cz/kupi/thumbs/susenky-bez-lepku-plnene-gullon_170_340.jpg,2026-10-06T17:47:30+02:00
Tesco,Sladkosti a slané snacky,57921,Perníčky ke zdobení Rej 470 g,pernicky_ke_zdobeni_rej,79.9,99.88,Kč,"17,00 Kč / 100 g",170.0,,True,Clubcard,79.9,-20% Clubcard dnes končí,2026-10-06,https://www.kupi.cz/letaky/tesco,https://img.kupi.cz/kupi/thumbs/pernicky-ke-zdobeni-rej_170_340.jpg,2026-10-06T17:47:30+02:00
Tesco,Sladkosti a slané snacky,433374,Oplatky Orion 42 g,oplatky_orion,9.9,19.8,Kč,"23,57 Kč / 100 g",235.7,,True,Clubcard,9.9,-50% Clubcard dnes končí,2026-10-06,https://www.kupi.cz/letaky/tesco,https://img.kupi.cz/kupi/thumbs/oplatky-orion_170_340.jpg,2026-10-06T17:47:30+02:00
Tesco,Sladkosti a slané snacky,79043,Oplatky Balconi 150 g,oplatky_balconi,26.9,42.7,Kč,"17,93 Kč / 100 g",179.3,,True,Clubcard,26.9,-37% Clubcard platí do úterý 13. 10.,2026-10-06 - 2026-10-13,https://www.kupi.cz/letak/tesco-hypermarket-letak-369?page=21&map=215338578,https://img.kupi.cz/kupi/thumbs/oplatky-balconi_170_340.png,2026-10-06T17:47:30+02:00
Tesco,Sladkosti a slané snacky,571746,Snack Cheetos 85 g,snack_cheetos,24.9,34.58,Kč,"29,29 Kč / 100 g",292.9,,True,Clubcard,24.9,-28% Clubcard platí do úterý 13. 10.,2026-10-06 - 2026-10-13,https://www.kupi.cz/letak/tesco-hypermarket-letak-369?page=21&map=215338572,https://img.kupi.cz/kupi/thumbs/snack-cheetos_170_340.png,2026-10-06T17:47:30+02:00
Tesco,Sladkosti a slané snacky,583008,Želé bonbony Mads Chupa Chups 45 g,zele_bonbony_mads_chupa_chups,29.9,49.83,Kč,"66,44 Kč / 100 g",664.4,,True,Clubcard,29.9,-40% Clubcard dnes končí,2026-10-06,https://www.kupi.cz/letaky/tesco,https://img.kupi.cz/kupi/thumbs/zele-bonbony-mads-chupa-chups_170_340.jpg,2026-10-06T17:47:30+02:00
Tesco,Sladkosti a slané snacky,582777,Dropsy Tic Tac Sour 54 g,dropsy_tic_tac_sour,39.9,53.2,Kč,"73,89 Kč / 100 g",738.9,,True,Clubcard,39.9,-25% Clubcard platí do úterý 13. 10.,2026-10-06 - 2026-10-13,https://www.kupi.cz/letak/tesco-hypermarket-letak-369?page=8&map=215327346,https://www.kupi.cz/img/no_img/no_discounts.png,2026-10-06T17:47:30+02:00
Tesco,Sladkosti a slané snacky,586266,Hrachové krekry Luskeeto 70 g,hrachove_krekry_luskeeto,48.9,54.33,Kč,"69,86 Kč / 100 g",698.6,,True,Clubcard,48.9,-10% Clubcard platí do úterý 27. 10.,2026-10-06 - 2026-10-27,https://www.kupi.cz/letak/tesco-hypermarket-znacky-ktere-mate-radi-2?page=17&map=215327355,https://www.kupi.cz/img/no_img/no_discounts.png,2026-10-06T17:47:30+02:00
Tesco,Sladkosti a slané snacky,587832,Sušenky Witor's 200 g,susenky_witor_s,99.9,118.93,Kč,"49,95 Kč / 100 g",499.5,,True,Clubcard,99.9,-16% Clubcard st 7. 10. – út 3. 11.,2026-10-07 - 2026-11-03,https://www.kupi.cz/letak/tesco-hypermarket-letak-370?page=26&map=216580371,https://www.kupi.cz/img/no_img/no_discounts.png,2026-10-06T17:47:30+02:00
Tesco,Zdravá výživa,255732,Müsli Mysli Emco 750 g,musli_mysli_emco,69.9,124.82,Kč,"9,32 Kč / 100 g",93.2,,True,Clubcard,69.9,-44% Clubcard platí do úterý 13. 10.,2026-10-06 - 2026-10-13,https://www.kupi.cz/letak/tesco-supermarket-letak-415?page=7&map=215324676,https://img.kupi.cz/kupi/thumbs/musli-mysli-emco-1_170_340.jpg,2026-10-06T17:47:32+02:00
Tesco,Zdravá výživa,2307,Rostlinné nápoje Alpro 1 l,rostlinne_napoje_alpro,54.9,84.46,Kč,"54,90 Kč / 1 l",,,True,Clubcard,54.9,-35% Clubcard platí do úterý 27. 10.,2026-10-06 - 2026-10-27,https://www.kupi.cz/letak/tesco-hypermarket-znacky-ktere-mate-radi-2?page=19&map=215327448,https://img.kupi.cz/kupi/thumbs/rostlinne-napoje-alpro-soya_170_340.png,2026-10-06T17:47:32+02:00
Tesco,Zdravá výživa,8671,Müsli Bonavita 750 g,musli_bonavita,59.9,99.83,Kč,"7,99 Kč / 100 g",79.9,,True,Clubcard,59.9,-40% Clubcard dnes končí,2026-10-06,https://www.kupi.cz/letak/tesco-hypermarket-letak-369?page=8&map=215327331,https://img.kupi.cz/kupi/thumbs/musli-bonavita_170_340.jpg,2026-10-06T17:47:32+02:00
Tesco,Zdravá výživa,47830,Kaše ovesná Emco 55 g,kase_ovesna_emco,49.9,65.66,Kč,"18,15 Kč / 100 g",907.27,,True,Clubcard,49.9,-24% Clubcard platí do úterý 13. 10.,2026-10-06 - 2026-10-13,https://www.kupi.cz/letak/tesco-hypermarket-letak-370?page=17&map=216580392,https://img.kupi.cz/kupi/thumbs/kase-ovesna-emco-1_170_340.jpg,2026-10-06T17:47:32+02:00
Tesco,Zdravá výživa,37763,Mandle Tesco,mandle,49.9,94.15,Kč,"24,95 Kč / 100 g",249.5,,True,Clubcard,49.9,-47% Clubcard st 7. 10. – út 13. 10.,2026-10-07 - 2026-10-13,https://www.kupi.cz/letak/tesco-hypermarket-letak-370?page=20&map=216580635,https://img.kupi.cz/kupi/thumbs/mandle-tesco_170_340.jpg,2026-10-06T17:47:32+02:00
Tesco,Zdravá výživa,37763,Mandle Tesco,mandle,129.9,227.89,Kč,"25,98 Kč / 100 g",259.8,,True,Clubcard,129.9,-43% Clubcard dnes končí,2026-10-06,https://www.kupi.cz/letak/tesco-supermarket-letak-415?page=3&map=215308437,https://img.kupi.cz/kupi/thumbs/mandle-tesco_170_340.jpg,2026-10-06T17:47:32+02:00
Tesco,Zdravá výživa,37763,Mandle Tesco,mandle,29.9,39.87,Kč,"29,90 Kč / 100 g",299.0,,True,Clubcard,29.9,-25% Clubcard dnes končí,2026-10-06,https://www.kupi.cz/letak/tesco-supermarket-letak-415?page=11&map=215324865,https://img.kupi.cz/kupi/thumbs/mandle-tesco_170_340.jpg,2026-10-06T17:47:32+02:00
Tesco,Zdravá výživa,4529,Knäckebrot Wasa 275 g,knackebrot_wasa,49.9,67.43,Kč,"18,15 Kč / 100 g",181.5,,True,Clubcard,49.9,-26% Clubcard platí do neděle 25. 10.,2026-10-06 - 2026-10-25,https://www.kupi.cz/letaky/tesco,https://img.kupi.cz/kupi/thumbs/knackebrot-wasa-1_170_340.jpg,2026-10-06T17:47:32+02:00
Tesco,Zdravá výživa,45369,Tyčinka Bombus Raw bez lepku Energy 50 g,tycinka_bombus_raw_bez_lepku_energy,24.9,29.64,Kč,"49,80 Kč / 100 g",498.0,,True,Clubcard,24.9,-16% Clubcard platí do úterý 27. 10.,2026-10-06 - 2026-10-27,https://www.kupi.cz/letak/tesco-hypermarket-znacky-ktere-mate-radi-2?page=20&map=215327982,https://img.kupi.cz/kupi/thumbs/tycinka-bombus_170_340.png,2026-10-06T17:47:32+02:00
Tesco,Zdravá výživa,3495,Chlebíčky Cornies Racio 115 g,chlebicky_cornies_racio,14.9,25.69,Kč,"12,96 Kč / 100 g",129.6,,True,Clubcard,14.9,-42% Clubcard platí do úterý 27. 10.,2026-10-06 - 2026-10-27,https://www.kupi.cz/letak/tesco-hypermarket-znacky-ktere-mate-radi-2?page=20&map=215327973,https://img.kupi.cz/kupi/thumbs/chlebicky-cornies-racio_170_340.jpg,2026-10-06T17:47:32+02:00
Tesco,Zdravá výživa,53422,Kešu Tesco,kesu,49.9,79.21,Kč,"24,95 Kč / 100 g",249.5,,True,Clubcard,49.9,-37% Clubcard st 7. 10. – út 13. 10.,2026-10-07 - 2026-10-13,https://www.kupi.cz/letak/tesco-supermarket-letak-416?page=3&map=216252942,https://img.kupi.cz/kupi/thumbs/kesu-tesco_170_340.jpg,2026-10-06T17:47:32+02:00
Tesco,Zdravá výživa,53422,Kešu Tesco,kesu,149.9,189.75,Kč,"29,98 Kč / 100 g",299.8,,True,Clubcard,149.9,-21% Clubcard platí do úterý 13. 10.,2026-10-06 - 2026-10-13,https://www.kupi.cz/letak/tesco-hypermarket-letak-369?page=18&map=215338350,https://img.kupi.cz/kupi/thumbs/kesu-tesco_170_340.jpg,2026-10-06T17:47:32+02:00
Tesco,Zdravá výživa,53422,Kešu Tesco,kesu,149.9,189.75,Kč,"29,98 Kč / 100 g",299.8,,True,Clubcard,149.9,-21% Clubcard dnes končí,2026-10-06,https://www.kupi.cz/letak/tesco-supermarket-letak-415?page=7&map=215308557,https://img.kupi.cz/kupi/thumbs/kesu-tesco_170_340.jpg,2026-10-06T17:47:32+02:00
Tesco,Zdravá výživa,25621,Ovesná kaše Dr. Oetker 58 g,ovesna_kase_dr_oetker,10.9,15.8,Kč,"18,79 Kč / 100 g",187.9,,True,Clubcard,10.9,-31% Clubcard st 14. 10. – út 27. 10.,2026-10-14 - 2026-10-27,https://www.kupi.cz/letak/tesco-hypermarket-znacky-ktere-mate-radi-2?page=17&map=215327364,https://img.kupi.cz/kupi/thumbs/ovesna-kase-dr-oetker_170_340.jpg,2026-10-06T17:47:32+02:00
Tesco,Zdravá výživa,10771,Kaše Dobrá kaše Bonavita 55 g,kase_dobra_kase_bonavita,11.9,19.83,Kč,"21,64 Kč / 100 g",216.4,,True,Clubcard,11.9,-40% Clubcard dnes končí,2026-10-06,https://www.kupi.cz/letak/tesco-supermarket-letak-415?page=5&map=215308533,https://img.kupi.cz/kupi/thumbs/kase-dobra-kase-bonavita_170_340.jpg,2026-10-06T17:47:32+02:00
Tesco,Zdravá výživa,28848,Rozinky Tesco,rozinky,19.9,27.64,Kč,"9,95 Kč / 100 g",99.5,,True,Clubcard,19.9,-28% Clubcard st 7. 10. – út 13. 10.,2026-10-07 - 2026-10-13,https://www.kupi.cz/letak/tesco-supermarket-letak-416?page=3&map=216252933,https://img.kupi.cz/kupi/thumbs/rozinky-tesco-1_170_340.jpg,2026-10-06T17:47:32+02:00
Tesco,Zdravá výživa,28848,Rozinky Tesco,rozinky,49.9,64.81,Kč,"9,98 Kč / 100 g",99.8,,True,Clubcard,49.9,-23% Clubcard dnes končí,2026-10-06,https://www.kupi.cz/letak/tesco-supermarket-letak-415?page=3&map=215308428,https://img.kupi.cz/kupi/thumbs/rozinky-tesco-1_170_340.jpg,2026-10-06T17:47:32+02:00
Tesco,Zdravá výživa,125795,Vlašské ořechy Tesco 200 g,vlasske_orechy,59.9,85.57,Kč,"29,95 Kč / 100 g",299.5,,True,Clubcard,59.9,-30% Clubcard st 7. 10. – út 13. 10.,2026-10-07 - 2026-10-13,https://www.kupi.cz/letak/tesco-supermarket-letak-416?page=3&map=216252939,https://img.kupi.cz/kupi/thumbs/vlasske-orechy-tesco_170_340.png,2026-10-06T17:47:32+02:00
Tesco,Zdravá výživa,29223,Švestky sušené Tesco 500 g,svestky_susene,69.9,95.75,Kč,"13,98 Kč / 100 g",139.8,,True,Clubcard,69.9,-27% Clubcard dnes končí,2026-10-06,https://www.kupi.cz/letak/tesco-hypermarket-letak-369?page=3&map=215327046,https://img.kupi.cz/kupi/thumbs/svestky-susene-tesco-1_170_340.jpg,2026-10-06T17:47:32+02:00
Tesco,Zdravá výživa,376645,Smetana sójová na vaření Alpro 250 ml,smetana_sojova_na_vareni_alpro,44.9,52.82,Kč,"17,96 Kč / 100 ml",,,True,Clubcard,44.9,-15% Clubcard dnes končí,2026-10-06,https://www.kupi.cz/letak/tesco-hypermarket-letak-369?page=17&map=215338281,https://img.kupi.cz/kupi/thumbs/smetana-sojova-na-vareni-alpro-soya_170_340.jpg,2026-10-06T17:47:32+02:00
Tesco,Zdravá výživa,19944,Plátky křehké Tesco 65 g,platky_krehke,9.9,13.75,Kč,"15,23 Kč / 100 g",152.3,,True,Clubcard,9.9,-28% Clubcard st 7. 10. – út 3. 11.,2026-10-07 - 2026-11-03,https://www.kupi.cz/letak/tesco-supermarket-letak-416?page=3&map=216252990,https://img.kupi.cz/kupi/thumbs/platky-krehke-tesco_170_340.png,2026-10-06T17:47:32+02:00
Tesco,Zdravá výživa,73929,Ovesný nápoj Oatly 1 l,ovesny_napoj_oatly,64.9,94.06,Kč,"64,90 Kč / 1 l",,,True,Clubcard,64.9,-31% Clubcard platí do úterý 27. 10.,2026-10-06 - 2026-10-27,https://www.kupi.cz/letak/tesco-hypermarket-znacky-ktere-mate-radi-2?page=19&map=215327946,https://img.kupi.cz/kupi/thumbs/ovesny-napoj-oatly_170_340.png,2026-10-06T17:47:32+02:00
Tesco,Zdravá výživa,506919,Kaše rýžová Dr. Oetker 52 g,kase_ryzova_dr_oetker,17.9,21.83,Kč,"34,42 Kč / 100 g",344.2,,True,Clubcard,17.9,-18% Clubcard st 14. 10. – út 27. 10.,2026-10-14 - 2026-10-27,https://www.kupi.cz/letak/tesco-hypermarket-znacky-ktere-mate-radi-2?page=17&map=215327361,https://img.kupi.cz/kupi/thumbs/kase-ryzova-dr-oetker_170_340.png,2026-10-06T17:47:32+02:00
Tesco,Zdravá výživa,37758,Směs sušeného ovoce a ořechů Tesco 200 g,smes_suseneho_ovoce_a_orechu,59.9,76.79,Kč,"29,95 Kč / 100 g",299.5,,True,Clubcard,59.9,-22% Clubcard platí do úterý 13. 10.,2026-10-06 - 2026-10-13,https://www.kupi.cz/letak/tesco-hypermarket-letak-369?page=18&map=215338347,https://img.kupi.cz/kupi/thumbs/smes-suseneho-ovoce-a-orechu-tesco_170_340.jpg,2026-10-06T17:47:33+02:00
Tesco,Zdravá výživa,567873,Cereálie Myslík Super kuličky Emco 300 g,cerealie_myslik_super_kulicky_emco,79.9,119.25,Kč,"26,63 Kč / 100 g",266.3,,True,Clubcard,79.9,-33% Clubcard platí do úterý 13. 10.,2026-10-06 - 2026-10-13,https://www.kupi.cz/letak/tesco-hypermarket-letak-369?page=13&map=215328036,https://img.kupi.cz/kupi/thumbs/cerealie-myslik-emco_170_340.jpg,2026-10-06T17:47:33+02:00
Tesco,Zdravá výživa,377959,Klikvy Tesco 400 g,klikvy,64.9,81.12,Kč,"16,23 Kč / 100 g",162.3,,True,Clubcard,64.9,-20% Clubcard dnes končí,2026-10-06,https://www.kupi.cz/letaky/tesco,https://img.kupi.cz/kupi/thumbs/klikvy-tesco_170_340.jpg,2026-10-06T17:47:33+02:00
Tesco,Zdravá výživa,471072,Mango sušené Seeberger 100 g,mango_susene_seeberger,84.9,108.85,Kč,"84,90 Kč / 100 g",849.0,,True,Clubcard,84.9,-22% Clubcard st 7. 10. – út 20. 10.,2026-10-07 - 2026-10-20,https://www.kupi.cz/letak/tesco-hypermarket-letak-370?page=19&map=216580509,https://img.kupi.cz/kupi/thumbs/mango-susene-seeberger_170_340.png,2026-10-06T17:47:33+02:00
Tesco,Zdravá výživa,581316,Mandle pražené Dr. Snack Dr. Ensa 150 g,mandle_prazene_dr_snack_dr_ensa,59.9,79.87,Kč,"39,93 Kč / 100 g",399.3,,True,Clubcard,59.9,-25% Clubcard dnes končí,2026-10-06,https://www.kupi.cz/letaky/tesco,https://www.kupi.cz/img/no_img/no_discounts.png,2026-10-06T17:47:33+02:00
Tesco,Zdravá výživa,583083,Mrazem sušené mango Bonitas 30 g,mrazem_susene_mango_bonitas,42.9,49.88,Kč,"143,00 Kč / 100 g",1430.0,,True,Clubcard,42.9,-14% Clubcard dnes končí,2026-10-06,https://www.kupi.cz/letaky/tesco,https://www.kupi.cz/img/no_img/no_discounts.png,2026-10-06T17:47:33+02:00
Tesco,Zdravá výživa,553941,Müsli Fitmix Emco 375 g,musli_fitmix_emco,64.9,92.71,Kč,"17,31 Kč / 100 g",173.1,,True,Clubcard,64.9,-30% Clubcard platí do úterý 13. 10.,2026-10-06 - 2026-10-13,https://www.kupi.cz/letak/tesco-hypermarket-letak-369?page=13&map=215328030,https://img.kupi.cz/kupi/thumbs/musli-fitmix-emco_170_340.jpg,2026-10-06T17:47:33+02:00
Tesco,Zdravá výživa,581313,Kešu Dr. Snack Dr. Ensa 150 g,kesu_dr_snack_dr_ensa,59.9,79.87,Kč,"39,93 Kč / 100 g",399.3,,True,Clubcard,59.9,-25% Clubcard dnes končí,2026-10-06,https://www.kupi.cz/letaky/tesco,https://www.kupi.cz/img/no_img/no_discounts.png,2026-10-06T17:47:33+02:00
Tesco,Zdravá výživa,585201,Směs pražených ořechů Tesco Finest 150 g,smes_prazenych_orechu_finest,79.9,99.88,Kč,"53,27 Kč / 100 g",532.7,,True,Clubcard,79.9,-20% Clubcard dnes končí,2026-10-06,https://www.kupi.cz/letaky/tesco,https://www.kupi.cz/img/no_img/no_discounts.png,2026-10-06T17:47:33+02:00
Tesco,Zdravá výživa,586269,Granola ovesná The Beginnings 200 g,granola_ovesna_the_beginnings,98.9,109.89,Kč,"49,45 Kč / 100 g",494.5,,True,Clubcard,98.9,-10% Clubcard platí do úterý 27. 10.,2026-10-06 - 2026-10-27,https://www.kupi.cz/letak/tesco-hypermarket-znacky-ktere-mate-radi-2?page=21&map=215327997,https://www.kupi.cz/img/no_img/no_discounts.png,2026-10-06T17:47:33+02:00
Tesco,Alkohol,618,Pivo Pilsner Urquell,pivo_pilsner_urquell,25.9,31.59,Kč,"51,80 Kč / 1 l",,,False,,,-18% pá 9. 10. – ne 11. 10.,2026-10-09 - 2026-10-11,https://www.kupi.cz/letak/tesco-supermarket-letak-416?map=216252816,https://img.kupi.cz/kupi/thumbs/pivo-pilsner-urquell_170_340.png,2026-10-06T17:47:37+02:00
Tesco,Alkohol,608,Pivo světlý ležák 11° Svijanský Máz Svijany 0.5 l,pivo_svetly_lezak_svijansky_maz_svijany,9.9,,Kč,"19,80 Kč / 1 l",,,False,,,st 7. 10. – út 13. 10.,2026-10-07 - 2026-10-13,https://www.kupi.cz/letak/tesco-supermarket-letak-416?map=216252741,https://img.kupi.cz/kupi/thumbs/pivo-svetly-lezak-11-svijansky-maz-svijany_170_340.png,2026-10-06T17:47:37+02:00
Tesco,Alkohol,675,Božkov Original Tuzemský 0.7 l,bozkov_original_tuzemsky,219.9,274.88,Kč,"314,14 Kč / 1 l",,,True,Clubcard,219.9,-20% Clubcard st 7. 10. – út 20. 10.,2026-10-07 - 2026-10-20,https://www.kupi.cz/letak/tesco-supermarket-letak-416?page=14&map=216253911,https://img.kupi.cz/kupi/thumbs/bozkov-original-tuzemsky-1_170_340.jpg,2026-10-06T17:47:37+02:00
Tesco,Alkohol,669,Bylinný likér Jägermeister,bylinny_liker_jagermeister,329.9,428.44,Kč,"471,29 Kč / 1 l",,,True,Clubcard,329.9,-23% Clubcard st 7. 10. – út 20. 10.,2026-10-07 - 2026-10-20,https://www.kupi.cz/letak/tesco-supermarket-letak-416?page=7&map=216253263,https://img.kupi.cz/kupi/thumbs/bylinny-liker-jagermeister_170_340.jpg,2026-10-06T17:47:37+02:00
Tesco,Alkohol,669,Bylinný likér Jägermeister,bylinny_liker_jagermeister,259.9,399.85,Kč,"519,80 Kč / 1 l",,,True,Clubcard,259.9,-35% Clubcard dnes končí,2026-10-06,https://www.kupi.cz/letaky/tesco,https://img.kupi.cz/kupi/thumbs/bylinny-liker-jagermeister_170_340.jpg,2026-10-06T17:47:37+02:00
Tesco,Alkohol,29840,Pivo světlý ležák 12° Ryze hořká Radegast 0.5 l,pivo_svetly_lezak_ryze_horka_radegast,19.9,25.84,Kč,"39,80 Kč / 1 l",,,True,Clubcard,19.9,-23% Clubcard platí do neděle 25. 10.,2026-10-06 - 2026-10-25,https://www.kupi.cz/letaky/tesco,https://img.kupi.cz/kupi/thumbs/pivo-svetly-lezak-12-ryze-horka-radegast_170_340.png,2026-10-06T17:47:37+02:00
Tesco,Alkohol,29840,Pivo světlý ležák 12° Ryze hořká Radegast 0.5 l,pivo_svetly_lezak_ryze_horka_radegast,21.9,29.59,Kč,"43,80 Kč / 1 l",,,True,Clubcard,21.9,-26% Clubcard platí do úterý 13. 10.,2026-10-06 - 2026-10-13,https://www.kupi.cz/letak/tesco-supermarket-letak-415?page=9&map=215324754,https://img.kupi.cz/kupi/thumbs/pivo-svetly-lezak-12-ryze-horka-radegast_170_340.png,2026-10-06T17:47:37+02:00
Tesco,Alkohol,103015,Pivo světlé výčepní Rázná 10° Radegast 0.5 l,pivo_svetle_vycepni_razna_radegast,13.9,17.82,Kč,"27,80 Kč / 1 l",,,True,Clubcard,13.9,-22% Clubcard dnes končí,2026-10-06,https://www.kupi.cz/letaky/tesco,https://img.kupi.cz/kupi/thumbs/pivo-svetle-vycepni-razna-10-radegast-1_170_340.jpg,2026-10-06T17:47:37+02:00
Tesco,Alkohol,103015,Pivo světlé výčepní Rázná 10° Radegast 0.5 l,pivo_svetle_vycepni_razna_radegast,17.9,23.87,Kč,"35,80 Kč / 1 l",,,True,Clubcard,17.9,-25% Clubcard platí do neděle 25. 10.,2026-10-06 - 2026-10-25,https://www.kupi.cz/letaky/tesco,https://img.kupi.cz/kupi/thumbs/pivo-svetle-vycepni-razna-10-radegast-1_170_340.jpg,2026-10-06T17:47:37+02:00
Tesco,Alkohol,597,Pivo světlé výčepní Originál 10° Gambrinus 0.5 l,pivo_svetle_vycepni_original_gambrinus,16.9,22.84,Kč,"33,80 Kč / 1 l",,,True,Clubcard,16.9,-26% Clubcard st 7. 10. – út 20. 10.,2026-10-07 - 2026-10-20,https://www.kupi.cz/letak/tesco-supermarket-letak-416?page=14&map=216253881,https://img.kupi.cz/kupi/thumbs/pivo-svetle-vycepni-original-10-gambrinus_170_340.png,2026-10-06T17:47:37+02:00
Tesco,Alkohol,623,Pivo světlé výčepní 10° Velkopopovický Kozel 0.5 l,pivo_svetle_vycepni_velkopopovicky_kozel,12.9,,Kč,"25,80 Kč / 1 l",,,False,,,dnes končí,2026-10-06,https://www.kupi.cz/letaky/tesco,https://img.kupi.cz/kupi/thumbs/pivo-svetle-vycepni-10-velkopopovicky-kozel_170_340.jpg,2026-10-06T17:47:37+02:00
Tesco,Alkohol,625,Nealkoholické pivo Birell 0.5 l,nealkoholicke_pivo_birell,13.9,19.86,Kč,"27,80 Kč / 1 l",,,False,,,-30% platí do úterý 13. 10.,2026-10-06 - 2026-10-13,https://www.kupi.cz/letak/tesco-supermarket-letak-415?map=215308350,https://img.kupi.cz/kupi/thumbs/nealkoholicke-pivo-birell-2_170_340.png,2026-10-06T17:47:37+02:00
Tesco,Alkohol,15053,Nealkoholické pivo ochucené Birell 0.5 l,nealkoholicke_pivo_ochucene_birell,18.9,24.87,Kč,"37,80 Kč / 1 l",,,False,,,-24% platí do úterý 13. 10.,2026-10-06 - 2026-10-13,https://www.kupi.cz/letak/tesco-supermarket-letak-415?page=9&map=215324748,https://img.kupi.cz/kupi/thumbs/nealkoholicke-pivo-ochucene-birell_170_340.png,2026-10-06T17:47:37+02:00
Tesco,Alkohol,579,Pivo světlé výčepní 10° Braník 0.5 l,pivo_svetle_vycepni_branik,9.9,14.35,Kč,"19,80 Kč / 1 l",,,True,Clubcard,9.9,-31% Clubcard st 7. 10. – út 20. 10.,2026-10-07 - 2026-10-20,https://www.kupi.cz/letak/tesco-supermarket-letak-416?page=9&map=216253410,https://img.kupi.cz/kupi/thumbs/pivo-svetle-vycepni-10-branik-1_170_340.jpg,2026-10-06T17:47:37+02:00
Tesco,Alkohol,64763,Božkov Tradiční 0.7 l,bozkov_tradicni,199.9,259.61,Kč,"285,57 Kč / 1 l",,,True,Clubcard,199.9,-23% Clubcard dnes končí,2026-10-06,https://www.kupi.cz/letaky/tesco,https://img.kupi.cz/kupi/thumbs/bozkov-tradicni_170_340.png,2026-10-06T17:47:37+02:00
Tesco,Alkohol,981,Becherovka 0.5 l,becherovka,179.9,239.87,Kč,"359,80 Kč / 1 l",,,True,Clubcard,179.9,-25% Clubcard dnes končí,2026-10-06,https://www.kupi.cz/letaky/tesco,https://img.kupi.cz/kupi/thumbs/becherovka_170_340.jpg,2026-10-06T17:47:37+02:00
Tesco,Alkohol,106,Fernet Stock,fernet_stock,159.9,188.12,Kč,"319,80 Kč / 1 l",,,True,Clubcard,159.9,-15% Clubcard st 7. 10. – út 3. 11.,2026-10-07 - 2026-11-03,https://www.kupi.cz/letak/tesco-supermarket-letak-416?page=7&map=216253257,https://img.kupi.cz/kupi/thumbs/fernet-stock_170_340.png,2026-10-06T17:47:37+02:00
Tesco,Alkohol,106,Fernet Stock,fernet_stock,249.9,297.5,Kč,"357,00 Kč / 1 l",,,True,Clubcard,249.9,-16% Clubcard dnes končí,2026-10-06,https://www.kupi.cz/letaky/tesco,https://img.kupi.cz/kupi/thumbs/fernet-stock_170_340.png,2026-10-06T17:47:37+02:00
Tesco,Alkohol,5701,Whiskey Jack Daniel's 0.5 l,whiskey_jack_daniel_s,389.9,,Kč,"779,80 Kč / 1 l",,,True,Clubcard,389.9,Clubcard st 7. 10. – út 20. 10.,2026-10-07 - 2026-10-20,https://www.kupi.cz/letak/tesco-hypermarket-letak-370?page=23&map=216580821,https://img.kupi.cz/kupi/thumbs/whiskey-jack-daniels_170_340.png,2026-10-06T17:47:37+02:00
Tesco,Alkohol,142472,Republica Exclusive Božkov 0.5 l,republica_exclusive_bozkov,199.9,317.3,Kč,"399,80 Kč / 1 l",,,True,Clubcard,199.9,-37% Clubcard platí do úterý 13. 10.,2026-10-06 - 2026-10-13,https://www.kupi.cz/letak/tesco-supermarket-letak-415?page=13&map=215324970,https://img.kupi.cz/kupi/thumbs/rum-republica-exclusive-bozkov_170_340.png,2026-10-06T17:47:37+02:00
Tesco,Alkohol,515,Whiskey Jameson 0.7 l,whiskey_jameson,369.9,486.71,Kč,"528,43 Kč / 1 l",,,True,Clubcard,369.9,-24% Clubcard platí do úterý 13. 10.,2026-10-06 - 2026-10-13,https://www.kupi.cz/letak/tesco-supermarket-letak-415?page=9&map=215324772,https://img.kupi.cz/kupi/thumbs/whiskey-jameson-1_170_340.jpg,2026-10-06T17:47:37+02:00
Tesco,Alkohol,1172,Aperitiv Aperol 0.7 l,aperitiv_aperol,269.9,317.53,Kč,"385,57 Kč / 1 l",,,True,Clubcard,269.9,-15% Clubcard platí do úterý 13. 10.,2026-10-06 - 2026-10-13,https://www.kupi.cz/letak/tesco-supermarket-letak-415?page=13&map=215324967,https://img.kupi.cz/kupi/thumbs/aperitiv-aperol_170_340.jpg,2026-10-06T17:47:37+02:00
Tesco,Alkohol,168334,Gin London Beefeater 0.7 l,gin_london_beefeater,369.9,499.86,Kč,"528,43 Kč / 1 l",,,True,Clubcard,369.9,-26% Clubcard dnes končí,2026-10-06,https://www.kupi.cz/letaky/tesco,https://img.kupi.cz/kupi/thumbs/gin-london-beefeater-1_170_340.jpg,2026-10-06T17:47:38+02:00
Tesco,Alkohol,614,Cider Frisco 0.33 l,cider_frisco,17.9,24.86,Kč,"54,24 Kč / 1 l",,,True,Clubcard,17.9,-28% Clubcard st 7. 10. – út 13. 10.,2026-10-07 - 2026-10-13,https://www.kupi.cz/letak/tesco-supermarket-letak-416?page=14&map=216253866,https://img.kupi.cz/kupi/thumbs/cider-frisco_170_340.jpg,2026-10-06T17:47:38+02:00
Tesco,Alkohol,293,Pivo světlé výčepní 10° Staropramen 0.5 l,pivo_svetle_vycepni_staropramen,11.9,16.76,Kč,"23,80 Kč / 1 l",,,True,Clubcard,11.9,-29% Clubcard platí do úterý 13. 10.,2026-10-06 - 2026-10-13,https://www.kupi.cz/letak/tesco-supermarket-letak-415?page=9&map=215324760,https://img.kupi.cz/kupi/thumbs/pivo-svetle-vycepni-10-staropramen_170_340.jpg,2026-10-06T17:47:38+02:00
Tesco,Alkohol,293,Pivo světlé výčepní 10° Staropramen 0.5 l,pivo_svetle_vycepni_staropramen,14.9,21.59,Kč,"29,80 Kč / 1 l",,,True,Clubcard,14.9,-31% Clubcard dnes končí,2026-10-06,https://www.kupi.cz/letaky/tesco,https://img.kupi.cz/kupi/thumbs/pivo-svetle-vycepni-10-staropramen_170_340.jpg,2026-10-06T17:47:38+02:00
Tesco,Alkohol,5477,Captain Morgan Spiced Gold 0.7 l,captain_morgan_spiced_gold,299.9,517.07,Kč,"428,43 Kč / 1 l",,,True,Clubcard,299.9,-42% Clubcard dnes končí,2026-10-06,https://www.kupi.cz/letaky/tesco,https://img.kupi.cz/kupi/thumbs/captain-morgan-spiced-gold-1_170_340.jpg,2026-10-06T17:47:38+02:00
Tesco,Alkohol,1709,Pivo světlý ležák 12° Zlatý Bažant 0.5 l,pivo_svetly_lezak_zlaty_bazant,13.9,22.79,Kč,"27,80 Kč / 1 l",,,True,Clubcard,13.9,-39% Clubcard dnes končí,2026-10-06,https://www.kupi.cz/letaky/tesco,https://img.kupi.cz/kupi/thumbs/pivo-svetly-lezak-12-zlaty-bazant_170_340.png,2026-10-06T17:47:38+02:00
Tesco,Alkohol,1709,Pivo světlý ležák 12° Zlatý Bažant 0.5 l,pivo_svetly_lezak_zlaty_bazant,17.9,25.57,Kč,"35,80 Kč / 1 l",,,True,Clubcard,17.9,-30% Clubcard st 7. 10. – út 20. 10.,2026-10-07 - 2026-10-20,https://www.kupi.cz/letak/tesco-supermarket-letak-416?page=9&map=216253407,https://img.kupi.cz/kupi/thumbs/pivo-svetly-lezak-12-zlaty-bazant_170_340.png,2026-10-06T17:47:38+02:00
Tesco,Alkohol,299,Vodka B42V Eccentric 0.5 l,vodka_b42v_eccentric,169.9,212.38,Kč,"339,80 Kč / 1 l",,,True,Clubcard,169.9,-20% Clubcard platí do úterý 13. 10.,2026-10-06 - 2026-10-13,https://www.kupi.cz/letak/tesco-supermarket-letak-415?page=9&map=215324766,https://img.kupi.cz/kupi/thumbs/vodka-b42v-eccentric_170_340.png,2026-10-06T17:47:38+02:00
Tesco,Alkohol,735,Stará myslivecká,stara_myslivecka,149.9,208.19,Kč,"299,80 Kč / 1 l",,,True,Clubcard,149.9,-28% Clubcard st 7. 10. – út 13. 10.,2026-10-07 - 2026-10-13,https://www.kupi.cz/letak/tesco-hypermarket-letak-370?page=10&map=216580119,https://img.kupi.cz/kupi/thumbs/stara-zitna-myslivecka_170_340.jpg,2026-10-06T17:47:38+02:00
Tesco,Alkohol,735,Stará myslivecká,stara_myslivecka,289.9,366.96,Kč,"414,14 Kč / 1 l",,,True,Clubcard,289.9,-21% Clubcard dnes končí,2026-10-06,https://www.kupi.cz/letaky/tesco,https://img.kupi.cz/kupi/thumbs/stara-zitna-myslivecka_170_340.jpg,2026-10-06T17:47:38+02:00
Tesco,Alkohol,47988,Pivo světlý ležák 11° Šerák Holba 0.5 l,pivo_svetly_lezak_serak_holba,13.9,18.78,Kč,"27,80 Kč / 1 l",,,True,Clubcard,13.9,-26% Clubcard platí do úterý 27. 10.,2026-10-06 - 2026-10-27,https://www.kupi.cz/letak/tesco-hypermarket-znacky-ktere-mate-radi-2?page=23&map=215328066,https://img.kupi.cz/kupi/thumbs/pivo-svetly-lezak-11-serak-holba-1_170_340.png,2026-10-06T17:47:38+02:00
Tesco,Alkohol,47678,Captain Morgan 0.7 l,captain_morgan,299.9,517.07,Kč,"428,43 Kč / 1 l",,,True,Clubcard,299.9,-42% Clubcard dnes končí,2026-10-06,https://www.kupi.cz/letaky/tesco,https://img.kupi.cz/kupi/thumbs/rum-captain-morgan_170_340.jpg,2026-10-06T17:47:38+02:00
Tesco,Alkohol,90945,Legendario Elixir de Cuba 7YO 0.7 l,legendario_elixir_de_cuba_7yo,399.9,588.09,Kč,"571,29 Kč / 1 l",,,True,Clubcard,399.9,-32% Clubcard st 7. 10. – út 20. 10.,2026-10-07 - 2026-10-20,https://www.kupi.cz/letak/tesco-hypermarket-letak-370?page=10&map=216580122,https://img.kupi.cz/kupi/thumbs/rum-legendario-elixir-de-cuba_170_340.jpg,2026-10-06T17:47:38+02:00
Tesco,Alkohol,271418,Rum Original 5YO Heffron Panama 0.7 l,rum_original_5yo_heffron_panama,349.9,426.71,Kč,"499,86 Kč / 1 l",,,True,Clubcard,349.9,-18% Clubcard dnes končí,2026-10-06,https://www.kupi.cz/letaky/tesco,https://img.kupi.cz/kupi/thumbs/rum-5yo-heffron-panama_170_340.png,2026-10-06T17:47:38+02:00
Tesco,Alkohol,313,Brandy 5* Metaxa 0.7 l,brandy_metaxa,319.9,,Kč,"457,00 Kč / 1 l",,,True,Clubcard,319.9,Clubcard st 7. 10. – út 20. 10.,2026-10-07 - 2026-10-20,https://www.kupi.cz/letak/tesco-hypermarket-letak-370?page=23&map=216580851,https://img.kupi.cz/kupi/thumbs/brandy-5-metaxa_170_340.png,2026-10-06T17:47:38+02:00
Tesco,Alkohol,44819,Pivo světlý ležák 11° Grand Pivovar Zubr 0.5 l,pivo_svetly_lezak_grand_pivovar_zubr,13.9,18.78,Kč,"27,80 Kč / 1 l",,,True,Clubcard,13.9,-26% Clubcard platí do úterý 27. 10.,2026-10-06 - 2026-10-27,https://www.kupi.cz/letak/tesco-hypermarket-znacky-ktere-mate-radi-2?page=23&map=215328069,https://img.kupi.cz/kupi/thumbs/pivo-svetly-lezak-11-grand-pivovar-zubr-1_170_340.png,2026-10-06T17:47:38+02:00
Tesco,Alkohol,150584,Pivo světlý ležák Královský 12° Krušovice 0.5 l,pivo_svetly_lezak_kralovsky_krusovice,15.9,23.73,Kč,"31,80 Kč / 1 l",,,False,,,-33% platí do úterý 13. 10.,2026-10-06 - 2026-10-13,https://www.kupi.cz/letak/tesco-supermarket-letak-415?page=2&map=215308389,https://img.kupi.cz/kupi/thumbs/pivo-svetle-kralovsky-lezak-12-krusovice-1_170_340.png,2026-10-06T17:47:38+02:00
Tesco,Alkohol,150584,Pivo světlý ležák Královský 12° Krušovice 0.5 l,pivo_svetly_lezak_kralovsky_krusovice,15.9,19.88,Kč,"31,80 Kč / 1 l",,,True,Clubcard,15.9,-20% Clubcard platí do úterý 27. 10.,2026-10-06 - 2026-10-27,https://www.kupi.cz/letak/tesco-hypermarket-znacky-ktere-mate-radi-2?page=23&map=215328078,https://img.kupi.cz/kupi/thumbs/pivo-svetle-kralovsky-lezak-12-krusovice-1_170_340.png,2026-10-06T17:47:38+02:00
Tesco,Alkohol,13626,Vína Viňa Tarapaca 0.75 l,vina_vina_tarapaca,99.9,109.78,Kč,"133,20 Kč / 1 l",,,False,,,-9% st 7. 10. – út 13. 10.,2026-10-07 - 2026-10-13,https://www.kupi.cz/letak/tesco-supermarket-letak-416?page=2&map=216252822,https://img.kupi.cz/kupi/thumbs/vina-vina-tarapaca_170_340.jpg,2026-10-06T17:47:38+02:00
Tesco,Alkohol,13626,Vína Viňa Tarapaca 0.75 l,vina_vina_tarapaca,109.9,199.82,Kč,"146,53 Kč / 1 l",,,True,Clubcard,109.9,-45% Clubcard dnes končí,2026-10-06,https://www.kupi.cz/letak/tesco-hypermarket-letak-369?page=20&map=215338482,https://img.kupi.cz/kupi/thumbs/vina-vina-tarapaca_170_340.jpg,2026-10-06T17:47:38+02:00
Tesco,Alkohol,50736,Sekty Mucha 0.75 l,sekty_mucha,99.9,188.49,Kč,"133,20 Kč / 1 l",,,True,Clubcard,99.9,-47% Clubcard st 7. 10. – út 13. 10.,2026-10-07 - 2026-10-13,https://www.kupi.cz/letak/tesco-hypermarket-letak-370?page=10&map=216580110,https://img.kupi.cz/kupi/thumbs/sekty-mucha_170_340.jpg,2026-10-06T17:47:38+02:00
Tesco,Alkohol,562,Vodka Pražská 0.5 l,vodka_prazska,139.9,237.12,Kč,"279,80 Kč / 1 l",,,True,Clubcard,139.9,-41% Clubcard st 7. 10. – út 13. 10.,2026-10-07 - 2026-10-13,https://www.kupi.cz/letak/tesco-supermarket-letak-416?page=14&map=216253914,https://img.kupi.cz/kupi/thumbs/vodka-prazska_170_340.jpg,2026-10-06T17:47:38+02:00
Tesco,Alkohol,1365,Pivo světlý ležák 12° Staropramen 0.5 l,pivo_svetly_lezak_staropramen,15.9,26.5,Kč,"31,80 Kč / 1 l",,,True,Clubcard,15.9,-40% Clubcard platí do neděle 25. 10.,2026-10-06 - 2026-10-25,https://www.kupi.cz/letaky/tesco,https://img.kupi.cz/kupi/thumbs/pivo-svetly-lezak-12-staropramen-1_170_340.jpg,2026-10-06T17:47:38+02:00
Tesco,Alkohol,19658,Pivo světlý ležák Heineken - soudek 5 l,pivo_svetly_lezak_heineken_soudek,359.9,545.3,Kč,"71,98 Kč / 1 l",,,True,Clubcard,359.9,-34% Clubcard st 7. 10. – út 20. 10.,2026-10-07 - 2026-10-20,https://www.kupi.cz/letak/tesco-hypermarket-letak-370?page=7&map=216579267,https://img.kupi.cz/kupi/thumbs/pivo-svetly-lezak-heineken-soudek_170_340.png,2026-10-06T17:47:40+02:00
Tesco,Alkohol,37265,Šumivé nápoje Avanti 0.75 l,sumive_napoje_avanti,54.9,69.49,Kč,"73,20 Kč / 1 l",,,True,Clubcard,54.9,-21% Clubcard platí do úterý 27. 10.,2026-10-06 - 2026-10-27,https://www.kupi.cz/letak/tesco-supermarket-letak-415?page=14&map=215324973,https://img.kupi.cz/kupi/thumbs/sekty-avanti_170_340.jpg,2026-10-06T17:47:40+02:00
Tesco,Alkohol,10780,Vína Habánské sklepy 0.75 l,vina_habanske_sklepy,89.9,119.87,Kč,"119,87 Kč / 1 l",,,True,Clubcard,89.9,-25% Clubcard st 7. 10. – út 20. 10.,2026-10-07 - 2026-10-20,https://www.kupi.cz/letak/tesco-hypermarket-letak-370?page=23&map=216580818,https://img.kupi.cz/kupi/thumbs/vino-habanske-sklepy_170_340.jpg,2026-10-06T17:47:40+02:00
Tesco,Alkohol,10780,Vína Habánské sklepy 0.75 l,vina_habanske_sklepy,89.9,119.87,Kč,"119,87 Kč / 1 l",,,True,Clubcard,89.9,-25% Clubcard dnes končí,2026-10-06,https://www.kupi.cz/letaky/tesco,https://img.kupi.cz/kupi/thumbs/vino-habanske-sklepy_170_340.jpg,2026-10-06T17:47:40+02:00
Tesco,Alkohol,69660,Pivo světlý ležák Budweiser Budvar 0.5 l,pivo_svetly_lezak_budweiser_budvar,19.9,31.59,Kč,"39,80 Kč / 1 l",,,True,Clubcard,19.9,-37% Clubcard dnes končí,2026-10-06,https://www.kupi.cz/letaky/tesco,https://img.kupi.cz/kupi/thumbs/pivo-svetly-lezak-budweiser-budvar-2_170_340.png,2026-10-06T17:47:40+02:00
Tesco,Alkohol,14616,Nealkoholické pivo Staropramen 0.5 l,nealkoholicke_pivo_staropramen,14.9,19.87,Kč,"29,80 Kč / 1 l",,,True,Clubcard,14.9,-25% Clubcard dnes končí,2026-10-06,https://www.kupi.cz/letaky/tesco,https://img.kupi.cz/kupi/thumbs/nealkoholicke-pivo-staropramen_170_340.jpg,2026-10-06T17:47:40+02:00
Tesco,Alkohol,28669,Nealkoholické pivo ochucené Litovel 0.5 l,nealkoholicke_pivo_ochucene_litovel,17.9,21.83,Kč,"35,80 Kč / 1 l",,,True,Clubcard,17.9,-18% Clubcard platí do úterý 27. 10.,2026-10-06 - 2026-10-27,https://www.kupi.cz/letak/tesco-hypermarket-znacky-ktere-mate-radi-2?page=23&map=215328075,https://img.kupi.cz/kupi/thumbs/nealkoholicke-pivo-ochucene-litovel_170_340.jpg,2026-10-06T17:47:40+02:00
Tesco,Alkohol,107556,Prosecco Mionetto 0.75 l,prosecco_mionetto,199.9,229.77,Kč,"266,53 Kč / 1 l",,,True,Clubcard,199.9,-13% Clubcard platí do středy 28. 10.,2026-10-06 - 2026-10-28,https://www.kupi.cz/letak/tesco-supermarket-letak-416?page=14&map=216253902,https://img.kupi.cz/kupi/thumbs/sekt-prosecco-mionetto_170_340.jpg,2026-10-06T17:47:40+02:00
Tesco,Alkohol,107556,Prosecco Mionetto 0.75 l,prosecco_mionetto,199.9,229.77,Kč,"266,53 Kč / 1 l",,,True,Clubcard,199.9,-13% Clubcard platí do úterý 27. 10.,2026-10-06 - 2026-10-27,https://www.kupi.cz/letak/tesco-hypermarket-letak-370?page=21&map=216580644,https://img.kupi.cz/kupi/thumbs/sekt-prosecco-mionetto_170_340.jpg,2026-10-06T17:47:40+02:00
Tesco,Alkohol,5023,Víno Původní Sklepmistr ČVZ 1 l,vino_puvodni_sklepmistr_cvz,54.9,87.14,Kč,"54,90 Kč / 1 l",,,True,Clubcard,54.9,-37% Clubcard platí do úterý 13. 10.,2026-10-06 - 2026-10-13,https://www.kupi.cz/letak/tesco-supermarket-letak-415?page=14&map=215324991,https://img.kupi.cz/kupi/thumbs/vino-puvodni-sklepmistr-cvz-1_170_340.jpg,2026-10-06T17:47:40+02:00
Tesco,Alkohol,213183,Pivo světlé výčepní Originál Královská 10° Krušovice 0.5 l,pivo_svetle_vycepni_original_kralovska_krusovice,10.9,15.8,Kč,"21,80 Kč / 1 l",,,True,Clubcard,10.9,-31% Clubcard platí do úterý 27. 10.,2026-10-06 - 2026-10-27,https://www.kupi.cz/letak/tesco-hypermarket-znacky-ktere-mate-radi-2?page=23&map=215328084,https://img.kupi.cz/kupi/thumbs/pivo-svetle-vycepni-original-kralovska-10-krusovice-3_170_340.png,2026-10-06T17:47:40+02:00
Tesco,Alkohol,213183,Pivo světlé výčepní Originál Královská 10° Krušovice 0.5 l,pivo_svetle_vycepni_original_kralovska_krusovice,14.9,21.59,Kč,"29,80 Kč / 1 l",,,True,Clubcard,14.9,-31% Clubcard platí do úterý 13. 10.,2026-10-06 - 2026-10-13,https://www.kupi.cz/letak/tesco-supermarket-letak-415?page=9&map=215324757,https://img.kupi.cz/kupi/thumbs/pivo-svetle-vycepni-original-kralovska-10-krusovice-3_170_340.png,2026-10-06T17:47:40+02:00
Tesco,Alkohol,354025,Pivo nealkoholické Královsky hořké Krušovice 0.5 l,pivo_nealkoholicke_kralovsky_horke_krusovice,11.9,16.3,Kč,"23,80 Kč / 1 l",,,True,Clubcard,11.9,-27% Clubcard platí do úterý 27. 10.,2026-10-06 - 2026-10-27,https://www.kupi.cz/letak/tesco-hypermarket-znacky-ktere-mate-radi-2?page=23&map=215328087,https://img.kupi.cz/kupi/thumbs/pivo-nealkoholicke-kralovsky-horke-krusovice_170_340.png,2026-10-06T17:47:40+02:00
Tesco,Alkohol,354025,Pivo nealkoholické Královsky hořké Krušovice 0.5 l,pivo_nealkoholicke_kralovsky_horke_krusovice,14.9,22.58,Kč,"29,80 Kč / 1 l",,,True,Clubcard,14.9,-34% Clubcard platí do úterý 13. 10.,2026-10-06 - 2026-10-13,https://www.kupi.cz/letak/tesco-supermarket-letak-415?page=9&map=215324751,https://img.kupi.cz/kupi/thumbs/pivo-nealkoholicke-kralovsky-horke-krusovice_170_340.png,2026-10-06T17:47:40+02:00
Tesco,Alkohol,4623,Pivo světlé výčepní Moravan Litovel 0.5 l,pivo_svetle_vycepni_moravan_litovel,15.9,21.78,Kč,"31,80 Kč / 1 l",,,True,Clubcard,15.9,-27% Clubcard platí do úterý 27. 10.,2026-10-06 - 2026-10-27,https://www.kupi.cz/letak/tesco-hypermarket-znacky-ktere-mate-radi-2?page=23&map=215328072,https://img.kupi.cz/kupi/thumbs/pivo-svetle-vycepni-moravan-litovel_170_340.jpg,2026-10-06T17:47:40+02:00
Tesco,Alkohol,90322,Prosecco Frizzante Bella Cucina 0.75 l,prosecco_frizzante_bella_cucina,64.9,108.17,Kč,"86,53 Kč / 1 l",,,True,Clubcard,64.9,-40% Clubcard platí do úterý 13. 10.,2026-10-06 - 2026-10-13,https://www.kupi.cz/letak/tesco-supermarket-letak-416?page=14&map=216253893,https://img.kupi.cz/kupi/thumbs/sekt-prosecco-frizzante-bella-cucina_170_340.jpg,2026-10-06T17:47:40+02:00
Tesco,Alkohol,73796,Rum 23 YO Centenario Ron Zacapa 0.7 l,rum_yo_centenario_ron_zacapa,999.0,1816.36,Kč,"1427,14 Kč / 1 l",,,True,Clubcard,999.0,-45% Clubcard platí do úterý 13. 10.,2026-10-06 - 2026-10-13,https://www.kupi.cz/letak/tesco-hypermarket-znacky-ktere-mate-radi-2?page=2&map=215325891,https://img.kupi.cz/kupi/thumbs/rum-23-yo-centenario-ron-zacapa_170_340.jpg,2026-10-06T17:47:40+02:00
Tesco,Alkohol,394666,Nealkoholické pivo ochucené Birgo 0.5 l,nealkoholicke_pivo_ochucene_birgo,15.9,24.84,Kč,"31,80 Kč / 1 l",,,True,Clubcard,15.9,-36% Clubcard platí do úterý 13. 10.,2026-10-06 - 2026-10-13,https://www.kupi.cz/letak/tesco-supermarket-letak-415?page=13&map=215324958,https://img.kupi.cz/kupi/thumbs/nealkoholicke-pivo-ochucene-birgo_170_340.jpg,2026-10-06T17:47:40+02:00
Tesco,Alkohol,377608,Rumy Heffron Panama 0.5 l,rumy_heffron_panama,219.9,318.7,Kč,"439,80 Kč / 1 l",,,True,Clubcard,219.9,-31% Clubcard st 7. 10. – út 20. 10.,2026-10-07 - 2026-10-20,https://www.kupi.cz/letak/tesco-supermarket-letak-416?page=14&map=216253920,https://img.kupi.cz/kupi/thumbs/rumy-heffron-panama_170_340.jpg,2026-10-06T17:47:40+02:00
Tesco,Alkohol,468251,Pivo světlý ležák Proud 0.33 l,pivo_svetly_lezak_proud,18.9,25.89,Kč,"57,27 Kč / 1 l",,,True,Clubcard,18.9,-27% Clubcard dnes končí,2026-10-06,https://www.kupi.cz/letaky/tesco,https://img.kupi.cz/kupi/thumbs/pivo-svetly-lezak-proud_170_340.png,2026-10-06T17:47:40+02:00
Tesco,Alkohol,65247,Prosecco DOC Treviso Mionetto 0.75 l,prosecco_doc_treviso_mionetto,139.9,229.34,Kč,"186,53 Kč / 1 l",,,True,Clubcard,139.9,-39% Clubcard platí do úterý 27. 10.,2026-10-06 - 2026-10-27,https://www.kupi.cz/letak/tesco-hypermarket-letak-369?page=20&map=215338494,https://img.kupi.cz/kupi/thumbs/sekt-prosecco-doc-mionetto_170_340.jpg,2026-10-06T17:47:40+02:00
Tesco,Alkohol,72885,Vodka ochucená B42V Eccentric 0.5 l,vodka_ochucena_b42v_eccentric,169.9,212.38,Kč,"339,80 Kč / 1 l",,,True,Clubcard,169.9,-20% Clubcard platí do úterý 13. 10.,2026-10-06 - 2026-10-13,https://www.kupi.cz/letak/tesco-supermarket-letak-415?page=9&map=215324769,https://img.kupi.cz/kupi/thumbs/vodka-ochucena-b42v-eccentric_170_340.png,2026-10-06T17:47:40+02:00
Tesco,Alkohol,396859,Pivo světlý ležák Mustang 11° Ostravar 0.5 l,pivo_svetly_lezak_mustang_ostravar,16.9,24.85,Kč,"33,80 Kč / 1 l",,,True,Clubcard,16.9,-32% Clubcard platí do úterý 13. 10.,2026-10-06 - 2026-10-13,https://www.kupi.cz/letak/tesco-hypermarket-letak-369?page=22&map=215338614,https://img.kupi.cz/kupi/thumbs/pivo-svetly-lezak-mustang-11-ostravar_170_340.png,2026-10-06T17:47:42+02:00
Tesco,Alkohol,379963,Rum Baroko Don Papa 0.7 l,rum_baroko_don_papa,799.0,1288.71,Kč,"1141,43 Kč / 1 l",,,True,Clubcard,799.0,-38% Clubcard platí do úterý 13. 10.,2026-10-06 - 2026-10-13,https://www.kupi.cz/letak/tesco-hypermarket-znacky-ktere-mate-radi-2?page=2&map=215325894,https://img.kupi.cz/kupi/thumbs/rum-baroko-don-papa_170_340.jpg,2026-10-06T17:47:42+02:00
Tesco,Alkohol,75440,Whiskey Gentleman Jack Jack Daniel's 0.7 l,whiskey_gentleman_jack_jack_daniel_s,699.0,1092.19,Kč,"998,57 Kč / 1 l",,,True,Clubcard,699.0,-36% Clubcard platí do úterý 13. 10.,2026-10-06 - 2026-10-13,https://www.kupi.cz/letak/tesco-hypermarket-letak-369?page=22&map=215338635,https://img.kupi.cz/kupi/thumbs/whisky-gentleman-jack-jack-daniel-s_170_340.jpg,2026-10-06T17:47:42+02:00
Tesco,Alkohol,103960,Míchané nápoje Le Coq 0.33 l,michane_napoje_le_coq,29.9,44.63,Kč,"90,61 Kč / 1 l",,,True,Clubcard,29.9,-33% Clubcard platí do neděle 25. 10.,2026-10-06 - 2026-10-25,https://www.kupi.cz/letaky/tesco,https://img.kupi.cz/kupi/thumbs/michane-napoje-le-coq_170_340.png,2026-10-06T17:47:42+02:00
Tesco,Alkohol,557277,Pivo světlý ležák 12° Velkopopovický Kozel 0.5 l,pivo_svetly_lezak_velkopopovicky_kozel,18.9,26.62,Kč,"37,80 Kč / 1 l",,,True,Clubcard,18.9,-29% Clubcard dnes končí,2026-10-06,https://www.kupi.cz/letak/tesco-supermarket-letak-415?page=13&map=215324961,https://img.kupi.cz/kupi/thumbs/pivo-svetly-lezak-12-velkopopovicky-kozel_170_340.jpg,2026-10-06T17:47:42+02:00
Tesco,Alkohol,13141,Pálenky Moravská řada Rudolf Jelínek 0.5 l,palenky_moravska_rada_rudolf_jelinek,139.9,211.97,Kč,"279,80 Kč / 1 l",,,True,Clubcard,139.9,-34% Clubcard dnes končí,2026-10-06,https://www.kupi.cz/letaky/tesco,https://img.kupi.cz/kupi/thumbs/moravska-lihovina-rudolf-jelinek_170_340.jpg,2026-10-06T17:47:42+02:00
Tesco,Alkohol,1564,Vína Motýl Víno Mikulov 0.75 l,vina_motyl_vino_mikulov,79.9,119.25,Kč,"106,53 Kč / 1 l",,,True,Clubcard,79.9,-33% Clubcard platí do úterý 27. 10.,2026-10-06 - 2026-10-27,https://www.kupi.cz/letak/tesco-supermarket-letak-415?page=14&map=215324979,https://img.kupi.cz/kupi/thumbs/vina-motyl-vino-mikulov-1_170_340.jpg,2026-10-06T17:47:42+02:00
Tesco,Alkohol,515283,Bohemia Sekt mini 0.25 l,bohemia_sekt_mini,29.9,39.87,Kč,"119,60 Kč / 1 l",,,True,Clubcard,29.9,-25% Clubcard platí do neděle 25. 10.,2026-10-06 - 2026-10-25,https://www.kupi.cz/letaky/tesco,https://img.kupi.cz/kupi/thumbs/bohemia-sekt-mini-1_170_340.png,2026-10-06T17:47:42+02:00
Tesco,Alkohol,19126,Pálenka Slivovice zlatá Rudolf Jelínek 0.5 l,palenka_slivovice_zlata_rudolf_jelinek,299.9,416.53,Kč,"599,80 Kč / 1 l",,,True,Clubcard,299.9,-28% Clubcard dnes končí,2026-10-06,https://www.kupi.cz/letaky/tesco,https://img.kupi.cz/kupi/thumbs/slivovice-gold-rudolf-jelinek_170_340.jpg,2026-10-06T17:47:42+02:00
Tesco,Alkohol,252177,Amundsen Fusion 0.5 l,amundsen_fusion,139.9,179.36,Kč,"279,80 Kč / 1 l",,,True,Clubcard,139.9,-22% Clubcard platí do úterý 13. 10.,2026-10-06 - 2026-10-13,https://www.kupi.cz/letak/tesco-hypermarket-letak-369?page=22&map=215338617,https://img.kupi.cz/kupi/thumbs/amundsen-fusion_170_340.png,2026-10-06T17:47:42+02:00
Tesco,Alkohol,393940,Míchaný nápoj Aperol Spritz 0.2 l,michany_napoj_aperol_spritz,199.9,259.61,Kč,"333,17 Kč / 1 l",,,True,Clubcard,199.9,-23% Clubcard platí do úterý 27. 10.,2026-10-06 - 2026-10-27,https://www.kupi.cz/letak/tesco-hypermarket-letak-370?page=21&map=216580665,https://img.kupi.cz/kupi/thumbs/michany-napoj-aperol-spritz_170_340.png,2026-10-06T17:47:42+02:00
Tesco,Alkohol,226962,Nealkoholické pivo Heineken 0.5 l,nealkoholicke_pivo_heineken,20.0,23.81,Kč,"40,00 Kč / 1 l",,,True,Clubcard,20.0,-16% Clubcard dnes končí,2026-10-06,https://www.kupi.cz/letaky/tesco,https://img.kupi.cz/kupi/thumbs/nealkoholicke-pivo-heineken_170_340.png,2026-10-06T17:47:42+02:00
Tesco,Alkohol,514989,Pivo světlý ležák Mustang Hořký 12° Ostravar 0.5 l,pivo_svetly_lezak_mustang_horky_ostravar,16.9,24.85,Kč,"33,80 Kč / 1 l",,,True,Clubcard,16.9,-32% Clubcard platí do úterý 13. 10.,2026-10-06 - 2026-10-13,https://www.kupi.cz/letak/tesco-supermarket-letak-416?page=14&map=216253884,https://img.kupi.cz/kupi/thumbs/pivo-svetly-lezak-mustang-horky-12-ostravar_170_340.jpg,2026-10-06T17:47:42+02:00
Tesco,Alkohol,343117,Božkov Republica 0.5 l,bozkov_republica,199.9,317.3,Kč,"399,80 Kč / 1 l",,,True,Clubcard,199.9,-37% Clubcard platí do úterý 13. 10.,2026-10-06 - 2026-10-13,https://www.kupi.cz/letak/tesco-hypermarket-letak-369?page=10&map=215327439,https://img.kupi.cz/kupi/thumbs/bozkov-republica_170_340.jpg,2026-10-06T17:47:42+02:00
Tesco,Alkohol,7978,Vína Cellarium Bisencii Zámecké vinařství Bzenec 0.75 l,vina_cellarium_bisencii_zamecke_vinarstvi_bzenec,69.9,99.86,Kč,"93,20 Kč / 1 l",,,True,Clubcard,69.9,-30% Clubcard st 7. 10. – út 20. 10.,2026-10-07 - 2026-10-20,https://www.kupi.cz/letak/tesco-hypermarket-letak-370?page=10&map=216580107,https://img.kupi.cz/kupi/thumbs/vina-cellarium-bisencii-zamecke-vinarstvi-bzenec-1_170_340.jpg,2026-10-06T17:47:42+02:00
Tesco,Alkohol,172852,Piva Staropramen 0.5 l,piva_staropramen,14.9,21.59,Kč,"29,80 Kč / 1 l",,,True,Clubcard,14.9,-31% Clubcard dnes končí,2026-10-06,https://www.kupi.cz/letaky/tesco,https://img.kupi.cz/kupi/thumbs/piva-staropramen_170_340.png,2026-10-06T17:47:42+02:00
Tesco,Alkohol,514047,Pivo světlý ležák 11° Krušovice 0.5 l,pivo_svetly_lezak_krusovice,12.9,18.7,Kč,"25,80 Kč / 1 l",,,True,Clubcard,12.9,-31% Clubcard platí do úterý 27. 10.,2026-10-06 - 2026-10-27,https://www.kupi.cz/letak/tesco-hypermarket-znacky-ktere-mate-radi-2?page=23&map=215328081,https://img.kupi.cz/kupi/thumbs/pivo-svetly-lezak-11-krusovice-1_170_340.png,2026-10-06T17:47:42+02:00
Tesco,Alkohol,443238,Gin ochucený Beefeater 0.7 l,gin_ochuceny_beefeater,369.9,499.86,Kč,"528,43 Kč / 1 l",,,True,Clubcard,369.9,-26% Clubcard dnes končí,2026-10-06,https://www.kupi.cz/letaky/tesco,https://img.kupi.cz/kupi/thumbs/gin-ochuceny-beefeater_170_340.png,2026-10-06T17:47:42+02:00
Tesco,Alkohol,23110,Vína Kazayak 0.75 l,vina_kazayak,74.9,99.87,Kč,"99,87 Kč / 1 l",,,True,Clubcard,74.9,-25% Clubcard platí do úterý 27. 10.,2026-10-06 - 2026-10-27,https://www.kupi.cz/letak/tesco-supermarket-letak-415?page=14&map=215324994,https://img.kupi.cz/kupi/thumbs/vino-kazayak-rezerva_170_340.jpg,2026-10-06T17:47:43+02:00
Tesco,Alkohol,107559,Vodka Pure Star 0.5 l,vodka_pure_star,119.9,139.42,Kč,"239,80 Kč / 1 l",,,True,Clubcard,119.9,-14% Clubcard dnes končí,2026-10-06,https://www.kupi.cz/letaky/tesco,https://img.kupi.cz/kupi/thumbs/vodka-pure-star_170_340.jpg,2026-10-06T17:47:43+02:00
Tesco,Alkohol,42118,Gin Gibson's 0.7 l,gin_gibson_s,279.9,368.29,Kč,"399,86 Kč / 1 l",,,True,Clubcard,279.9,-24% Clubcard platí do úterý 13. 10.,2026-10-06 - 2026-10-13,https://www.kupi.cz/letak/tesco-hypermarket-letak-369?page=22&map=215338629,https://img.kupi.cz/kupi/thumbs/gin-gibson-s_170_340.jpg,2026-10-06T17:47:43+02:00
Tesco,Alkohol,105568,Pivo Krušovice 0.5 l,pivo_krusovice,11.9,16.3,Kč,"23,80 Kč / 1 l",,,True,Clubcard,11.9,-27% Clubcard dnes končí,2026-10-06,https://www.kupi.cz/letaky/tesco,https://img.kupi.cz/kupi/thumbs/pivo-krusovice_170_340.png,2026-10-06T17:47:43+02:00
Tesco,Alkohol,105568,Pivo Krušovice 0.5 l,pivo_krusovice,14.9,21.59,Kč,"29,80 Kč / 1 l",,,True,Clubcard,14.9,-31% Clubcard platí do úterý 13. 10.,2026-10-06 - 2026-10-13,https://www.kupi.cz/letak/tesco-hypermarket-letak-369?page=9&map=215327427,https://img.kupi.cz/kupi/thumbs/pivo-krusovice_170_340.png,2026-10-06T17:47:43+02:00
Tesco,Alkohol,5598,Vína Vinný sklep Sovín 0.75 l,vina_vinny_sklep_sovin,59.9,99.83,Kč,"79,87 Kč / 1 l",,,True,Clubcard,59.9,-40% Clubcard dnes končí,2026-10-06,https://www.kupi.cz/letak/tesco-supermarket-letak-415?page=4&map=215308491,https://img.kupi.cz/kupi/thumbs/vino-sovin_170_340.gif,2026-10-06T17:47:43+02:00
Tesco,Alkohol,5598,Vína Vinný sklep Sovín 0.75 l,vina_vinny_sklep_sovin,69.9,99.86,Kč,"93,20 Kč / 1 l",,,True,Clubcard,69.9,-30% Clubcard platí do úterý 13. 10.,2026-10-06 - 2026-10-13,https://www.kupi.cz/letak/tesco-supermarket-letak-415?page=4&map=215308494,https://img.kupi.cz/kupi/thumbs/vino-sovin_170_340.gif,2026-10-06T17:47:43+02:00
Tesco,Alkohol,49193,Sekt nealkoholický dětský Party Drink 0.75 l,sekt_nealkoholicky_detsky_party_drink,59.9,76.79,Kč,"79,87 Kč / 1 l",,,True,Clubcard,59.9,-22% Clubcard dnes končí,2026-10-06,https://www.kupi.cz/letaky/tesco,https://img.kupi.cz/kupi/thumbs/sekt-nealkoholicky-detsky-party-drink_170_340.jpg,2026-10-06T17:47:43+02:00
Tesco,Alkohol,479913,Prosecco Frizzante Mionetto 0.75 l,prosecco_frizzante_mionetto,139.9,,Kč,"186,53 Kč / 1 l",,,True,Clubcard,139.9,Clubcard platí do úterý 27. 10.,2026-10-06 - 2026-10-27,https://www.kupi.cz/letak/tesco-supermarket-letak-415?page=14&map=215324982,https://img.kupi.cz/kupi/thumbs/frizzante-prosecco-mionetto_170_340.png,2026-10-06T17:47:43+02:00
Tesco,Alkohol,362869,Sekty Královský sekt 0.75 l,sekty_kralovsky_sekt,109.9,154.79,Kč,"146,53 Kč / 1 l",,,True,Clubcard,109.9,-29% Clubcard platí do úterý 13. 10.,2026-10-06 - 2026-10-13,https://www.kupi.cz/letak/tesco-supermarket-letak-415?page=14&map=215324988,https://img.kupi.cz/kupi/thumbs/sekt-kralovsky_170_340.jpg,2026-10-06T17:47:43+02:00
Tesco,Alkohol,521325,Aperitivo Limonce 0.7 l,aperitivo_limonce,199.9,277.64,Kč,"285,57 Kč / 1 l",,,True,Clubcard,199.9,-28% Clubcard platí do úterý 13. 10.,2026-10-06 - 2026-10-13,https://www.kupi.cz/letak/tesco-hypermarket-znacky-ktere-mate-radi-2?page=2&map=215325897,https://img.kupi.cz/kupi/thumbs/aperitivo-limonce_170_340.png,2026-10-06T17:47:43+02:00
Tesco,Alkohol,181648,Prosecco Tesco Finest 0.75 l,prosecco_finest,169.9,249.85,Kč,"226,53 Kč / 1 l",,,True,Clubcard,169.9,-32% Clubcard platí do úterý 13. 10.,2026-10-06 - 2026-10-13,https://www.kupi.cz/letak/tesco-supermarket-letak-415?page=9&map=215324763,https://img.kupi.cz/kupi/thumbs/prosecco-tesco-finest_170_340.jpg,2026-10-06T17:47:43+02:00
Tesco,Alkohol,469764,Pivo Starobrno 0.5 l,pivo_starobrno,15.9,22.71,Kč,"31,80 Kč / 1 l",,,True,Clubcard,15.9,-30% Clubcard platí do neděle 25. 10.,2026-10-06 - 2026-10-25,https://www.kupi.cz/letaky/tesco,https://img.kupi.cz/kupi/thumbs/pivo-starobrno_170_340.png,2026-10-06T17:47:43+02:00
Tesco,Alkohol,106700,Vína Zlomek&Vávra 0.75 l,vina_zlomek_vavra,169.9,229.59,Kč,"226,53 Kč / 1 l",,,True,Clubcard,169.9,-26% Clubcard dnes končí,2026-10-06,https://www.kupi.cz/letaky/tesco,https://img.kupi.cz/kupi/thumbs/vina-zlomek-vavra_170_340.png,2026-10-06T17:47:43+02:00
Tesco,Alkohol,80282,Víno Riesling Mosel Tesco Finest 0.75 l,vino_riesling_mosel_finest,119.9,168.87,Kč,"159,87 Kč / 1 l",,,True,Clubcard,119.9,-29% Clubcard platí do úterý 27. 10.,2026-10-06 - 2026-10-27,https://www.kupi.cz/letak/tesco-supermarket-letak-415?page=14&map=215324985,https://www.kupi.cz/img/no_img/no_discounts.png,2026-10-06T17:47:43+02:00
Tesco,Alkohol,556527,Prosecco Campanile 0.75 l,prosecco_campanile,99.9,138.75,Kč,"133,20 Kč / 1 l",,,True,Clubcard,99.9,-28% Clubcard dnes končí,2026-10-06,https://www.kupi.cz/letaky/tesco,https://www.kupi.cz/img/no_img/no_discounts.png,2026-10-06T17:47:43+02:00
Tesco,Alkohol,358165,Vína Frizzante Vinium Velké Pavlovice 0.25 l,vina_frizzante_vinium_velke_pavlovice,36.9,49.86,Kč,"147,60 Kč / 1 l",,,True,Clubcard,36.9,-26% Clubcard platí do neděle 25. 10.,2026-10-06 - 2026-10-25,https://www.kupi.cz/letaky/tesco,https://img.kupi.cz/kupi/thumbs/vina-frizzante-vinium-velke-pavlovice_170_340.jpg,2026-10-06T17:47:43+02:00
Tesco,Alkohol,433773,Vodka ochucená Pure Star 0.5 l,vodka_ochucena_pure_star,119.9,139.42,Kč,"239,80 Kč / 1 l",,,False,,,-14% dnes končí,2026-10-06,https://www.kupi.cz/letaky/tesco,https://img.kupi.cz/kupi/thumbs/vodka-ochucena-pure-star_170_340.jpg,2026-10-06T17:47:43+02:00
Tesco,Alkohol,488640,Víno Primitivo Terre di Chienti Tesco Finest 0.75 l,vino_primitivo_terre_di_chienti_finest,139.9,179.36,Kč,"186,53 Kč / 1 l",,,True,Clubcard,139.9,-22% Clubcard platí do úterý 27. 10.,2026-10-06 - 2026-10-27,https://www.kupi.cz/letak/tesco-supermarket-letak-415?page=14&map=215324976,https://img.kupi.cz/kupi/thumbs/vino-primitivo-terre-di-chienti-tesco-finest_170_340.jpg,2026-10-06T17:47:43+02:00
Tesco,Alkohol,343108,Vína Caleo 0.75 l,vina_caleo,129.9,149.31,Kč,"173,20 Kč / 1 l",,,True,Clubcard,129.9,-13% Clubcard platí do úterý 27. 10.,2026-10-06 - 2026-10-27,https://www.kupi.cz/letak/tesco-hypermarket-letak-369?page=20&map=215338467,https://www.kupi.cz/img/no_img/no_discounts.png,2026-10-06T17:47:43+02:00
Tesco,Alkohol,39925,Víno Vinium 0.75 l,vino_vinium,99.9,169.32,Kč,"133,20 Kč / 1 l",,,True,Clubcard,99.9,-41% Clubcard platí do neděle 25. 10.,2026-10-06 - 2026-10-25,https://www.kupi.cz/letaky/tesco,https://img.kupi.cz/kupi/thumbs/vino-vinium-1_170_340.jpg,2026-10-06T17:47:44+02:00
Tesco,Alkohol,567318,Víno perlivé z Moravy Znovín 0.25 l,vino_perlive_z_moravy_znovin,29.9,39.87,Kč,"119,60 Kč / 1 l",,,True,Clubcard,29.9,-25% Clubcard platí do neděle 25. 10.,2026-10-06 - 2026-10-25,https://www.kupi.cz/letaky/tesco,https://img.kupi.cz/kupi/thumbs/vino-perlive-z-moravy-znovin_170_340.png,2026-10-06T17:47:44+02:00
Tesco,Alkohol,584859,Víno Frizzante Vineyards 0.2 l,vino_frizzante_vineyards,19.9,29.7,Kč,"99,50 Kč / 1 l",,,True,Clubcard,19.9,-33% Clubcard platí do neděle 25. 10.,2026-10-06 - 2026-10-25,https://www.kupi.cz/letaky/tesco,https://img.kupi.cz/kupi/thumbs/vino-frizzante-vineyards_170_340.jpg,2026-10-06T17:47:44+02:00
Tesco,Alkohol,550371,Vína Casa Maña 0.75 l,vina_casa_mana,59.9,78.82,Kč,"79,87 Kč / 1 l",,,True,Clubcard,59.9,-24% Clubcard dnes končí,2026-10-06,https://www.kupi.cz/letaky/tesco,https://www.kupi.cz/img/no_img/no_discounts.png,2026-10-06T17:47:44+02:00
Tesco,Alkohol,561882,Sekt Campanile 0.75 l,sekt_campanile,139.9,174.88,Kč,"186,53 Kč / 1 l",,,True,Clubcard,139.9,-20% Clubcard dnes končí,2026-10-06,https://www.kupi.cz/letaky/tesco,https://www.kupi.cz/img/no_img/no_discounts.png,2026-10-06T17:47:44+02:00
Tesco,Alkohol,578016,Vinný nápoj Hugo Lafi 0.75 l,vinny_napoj_hugo_lafi,64.9,79.15,Kč,"86,53 Kč / 1 l",,,True,Clubcard,64.9,-18% Clubcard platí do úterý 27. 10.,2026-10-06 - 2026-10-27,https://www.kupi.cz/letak/tesco-supermarket-letak-415?page=14&map=215324997,https://www.kupi.cz/img/no_img/no_discounts.png,2026-10-06T17:47:44+02:00
Tesco,Alkohol,379171,Víno Ryzlink vlašský Tesco Finest 0.75 l,vino_ryzlink_vlassky_finest,149.9,199.87,Kč,"199,87 Kč / 1 l",,,True,Clubcard,149.9,-25% Clubcard platí do úterý 27. 10.,2026-10-06 - 2026-10-27,https://www.kupi.cz/letak/tesco-supermarket-letak-415?page=14&map=215325000,https://img.kupi.cz/kupi/thumbs/vino-ryzlink-vlassky-tesco-finest_170_340.jpg,2026-10-06T17:47:44+02:00
Tesco,Alkohol,483759,Vína Valley Taparoo 0.75 l,vina_valley_taparoo,64.9,79.15,Kč,"86,53 Kč / 1 l",,,True,Clubcard,64.9,-18% Clubcard platí do úterý 27. 10.,2026-10-06 - 2026-10-27,https://www.kupi.cz/letak/tesco-supermarket-letak-415?page=14&map=215325003,https://img.kupi.cz/kupi/thumbs/vina-valley-taparoo_170_340.jpg,2026-10-06T17:47:44+02:00
Tesco,Alkohol,583173,Víno Grillo Tesco Finest 0.75 l,vino_grillo_finest,149.9,199.87,Kč,"199,87 Kč / 1 l",,,True,Clubcard,149.9,-25% Clubcard platí do úterý 27. 10.,2026-10-06 - 2026-10-27,https://www.kupi.cz/letak/tesco-hypermarket-letak-369?page=20&map=215338506,https://www.kupi.cz/img/no_img/no_discounts.png,2026-10-06T17:47:44+02:00
Tesco,Alkohol,587829,Nealkoholické pivo ochucené Birell extra 0.33 l,nealkoholicke_pivo_ochucene_birell_extra,21.9,26.71,Kč,"66,36 Kč / 1 l",,,True,Clubcard,21.9,-18% Clubcard st 7. 10. – út 20. 10.,2026-10-07 - 2026-10-20,https://www.kupi.cz/letak/tesco-hypermarket-letak-370?page=23&map=216580806,https://www.kupi.cz/img/no_img/no_discounts.png,2026-10-06T17:47:44+02:00
